CVE_ID,Package,Version,CVSSv3,Rating,Severity,Vector,Summary,Published,Link,OS
CVE-2017-8794,file,5.47,10.0,CRITICAL,CRITICAL,,"An issue was discovered on Accellion FTA devices before FTA_9_12_180. Because a regular expression (intended to match local https URLs) lacks an initial ^ character, courier/web/1000@/wmProgressval.ht",2017-05-05T18:29:00.447,https://nvd.nist.gov/vuln/detail/CVE-2017-8794,all
CVE-2020-25213,file,5.47,10.0,CRITICAL,CRITICAL,CVSS:3.1/AV:N/AC:L/PR:N/UI:N/S:C/C:H/I:H/A:H,The File Manager (wp-file-manager) plugin before 6.9 for WordPress allows remote attackers to upload and execute arbitrary PHP code because it renames an unsafe example elFinder connector file to have,2020-09-09T16:15:12.127,https://nvd.nist.gov/vuln/detail/CVE-2020-25213,all
CVE-2023-6825,file,5.47,9.9,CRITICAL,CRITICAL,CVSS:3.1/AV:N/AC:L/PR:L/UI:N/S:C/C:H/I:H/A:H,"The File Manager and File Manager Pro plugins for WordPress are vulnerable to Directory Traversal in versions up to, and including version 7.2.1 (free version) and 8.3.4 (Pro version) via the target p",2024-03-13T16:15:08.850,https://nvd.nist.gov/vuln/detail/CVE-2023-6825,all
CVE-2014-6271,bash-completion,2.17.0,9.8,CRITICAL,CRITICAL,CVSS:3.1/AV:N/AC:L/PR:N/UI:N/S:U/C:H/I:H/A:H,"GNU Bash through 4.3 processes trailing strings after function definitions in the values of environment variables, which allows remote attackers to execute arbitrary code via a crafted environment, as",2014-09-24T18:48:04.477,https://nvd.nist.gov/vuln/detail/CVE-2014-6271,all
CVE-2014-7169,bash-completion,2.17.0,9.8,CRITICAL,CRITICAL,CVSS:3.1/AV:N/AC:L/PR:N/UI:N/S:U/C:H/I:H/A:H,"GNU Bash through 4.3 bash43-025 processes trailing strings after certain malformed function definitions in the values of environment variables, which allows remote attackers to write to files or possi",2014-09-25T01:55:04.367,https://nvd.nist.gov/vuln/detail/CVE-2014-7169,all
CVE-2015-2857,file,5.47,9.8,CRITICAL,CRITICAL,CVSS:3.1/AV:N/AC:L/PR:N/UI:N/S:U/C:H/I:H/A:H,Accellion File Transfer Appliance before FTA_9_11_210 allows remote attackers to execute arbitrary code via shell metacharacters in the oauth_token parameter.,2017-08-22T15:29:00.210,https://nvd.nist.gov/vuln/detail/CVE-2015-2857,all
CVE-2016-2351,file,5.47,9.8,CRITICAL,CRITICAL,,SQL injection vulnerability in home/seos/courier/security_key2.api on the Accellion File Transfer Appliance (FTA) before FTA_9_12_40 allows remote attackers to execute arbitrary SQL commands via the c,2016-05-07T14:59:04.790,https://nvd.nist.gov/vuln/detail/CVE-2016-2351,all
CVE-2017-8303,file,5.47,9.8,CRITICAL,CRITICAL,CVSS:3.1/AV:N/AC:L/PR:N/UI:N/S:U/C:H/I:H/A:H,An issue was discovered on Accellion FTA devices before FTA_9_12_180. seos/1000/find.api allows Remote Code Execution with shell metacharacters in the method parameter.,2017-05-05T18:29:00.167,https://nvd.nist.gov/vuln/detail/CVE-2017-8303,all
CVE-2017-8790,file,5.47,9.8,CRITICAL,CRITICAL,,"An issue was discovered on Accellion FTA devices before FTA_9_12_180. The home/seos/courier/ldaptest.html POST parameter ""filter"" can be used for LDAP Injection.",2017-05-05T18:29:00.340,https://nvd.nist.gov/vuln/detail/CVE-2017-8790,all
CVE-2017-8789,file,5.47,9.8,CRITICAL,CRITICAL,,An issue was discovered on Accellion FTA devices before FTA_9_12_180. A report_error.php?year='payload SQL injection vector exists.,2017-05-05T18:29:00.307,https://nvd.nist.gov/vuln/detail/CVE-2017-8789,all
CVE-2017-8796,file,5.47,9.8,CRITICAL,CRITICAL,,"An issue was discovered on Accellion FTA devices before FTA_9_12_180. Because mysql_real_escape_string is misused, seos/courier/communication_p2p.php allows SQL injection with the app_id parameter.",2017-05-05T18:29:00.510,https://nvd.nist.gov/vuln/detail/CVE-2017-8796,all
CVE-2015-8389,perl,5.42.0,9.8,CRITICAL,CRITICAL,CVSS:3.1/AV:N/AC:L/PR:N/UI:N/S:U/C:H/I:H/A:H,"PCRE before 8.38 mishandles the /(?:|a|){100}x/ pattern and related patterns, which allows remote attackers to cause a denial of service (infinite recursion) or possibly have unspecified other impact ",2015-12-02T01:59:13.417,https://nvd.nist.gov/vuln/detail/CVE-2015-8389,all
CVE-2015-8386,perl,5.42.0,9.8,CRITICAL,CRITICAL,CVSS:3.1/AV:N/AC:L/PR:N/UI:N/S:U/C:H/I:H/A:H,"PCRE before 8.38 mishandles the interaction of lookbehind assertions and mutually recursive subpatterns, which allows remote attackers to cause a denial of service (buffer overflow) or possibly have u",2015-12-02T01:59:10.400,https://nvd.nist.gov/vuln/detail/CVE-2015-8386,all
CVE-2015-8383,perl,5.42.0,9.8,CRITICAL,CRITICAL,CVSS:3.1/AV:N/AC:L/PR:N/UI:N/S:U/C:H/I:H/A:H,"PCRE before 8.38 mishandles certain repeated conditional groups, which allows remote attackers to cause a denial of service (buffer overflow) or possibly have unspecified other impact via a crafted re",2015-12-02T01:59:07.117,https://nvd.nist.gov/vuln/detail/CVE-2015-8383,all
CVE-2015-8390,perl,5.42.0,9.8,CRITICAL,CRITICAL,CVSS:3.1/AV:N/AC:L/PR:N/UI:N/S:U/C:H/I:H/A:H,"PCRE before 8.38 mishandles the [: and \\ substrings in character classes, which allows remote attackers to cause a denial of service (uninitialized memory read) or possibly have unspecified other imp",2015-12-02T01:59:14.370,https://nvd.nist.gov/vuln/detail/CVE-2015-8390,all
CVE-2015-8394,perl,5.42.0,9.8,CRITICAL,CRITICAL,CVSS:3.1/AV:N/AC:L/PR:N/UI:N/S:U/C:H/I:H/A:H,"PCRE before 8.38 mishandles the (?(<digits>) and (?(R<digits>) conditions, which allows remote attackers to cause a denial of service (integer overflow) or possibly have unspecified other impact via a",2015-12-02T01:59:18.667,https://nvd.nist.gov/vuln/detail/CVE-2015-8394,all
CVE-2026-8376,perl,5.42.0,9.8,CRITICAL,CRITICAL,CVSS:3.1/AV:N/AC:L/PR:N/UI:N/S:U/C:H/I:H/A:H,"Perl versions through 5.43.10 have a heap buffer overflow when compiling regular expressions with a repeated fixed string on 32-bit builds.

Perl_study_chunk in regcomp_study.c checked the size of the",2026-05-26T00:16:57.150,https://nvd.nist.gov/vuln/detail/CVE-2026-8376,all
CVE-2026-4176,perl,5.42.0,9.8,CRITICAL,CRITICAL,CVSS:3.1/AV:N/AC:L/PR:N/UI:N/S:U/C:H/I:H/A:H,"Perl versions from 5.9.4 before 5.40.4-RC1, from 5.41.0 before 5.42.2-RC1, from 5.43.0 before 5.43.9 contain a vulnerable version of Compress::Raw::Zlib.

Compress::Raw::Zlib is included in the Perl p",2026-03-29T21:16:15.717,https://nvd.nist.gov/vuln/detail/CVE-2026-4176,all
CVE-2026-7210,python3,3.14.4,9.8,CRITICAL,CRITICAL,CVSS:3.1/AV:N/AC:L/PR:N/UI:N/S:U/C:H/I:H/A:H,"`xml.parsers.expat` and `xml.etree.ElementTree` use insufficient entropy for Expat hash-flooding protection, which allows a crafted XML document to trigger hash flooding.\r\n\r\nFully mitigating this ",2026-05-11T18:16:42.413,https://nvd.nist.gov/vuln/detail/CVE-2026-7210,all
CVE-2007-4559,python3-dbus,1.4.0,9.8,CRITICAL,CRITICAL,CVSS:3.1/AV:N/AC:L/PR:N/UI:N/S:U/C:H/I:H/A:H,Directory traversal vulnerability in the (1) extract and (2) extractall functions in the tarfile module in Python allows user-assisted remote attackers to overwrite arbitrary files via a .. (dot dot) ,2007-08-28T01:17:00.000,https://nvd.nist.gov/vuln/detail/CVE-2007-4559,all
CVE-2016-5636,python3-dbus,1.4.0,9.8,CRITICAL,CRITICAL,,"Integer overflow in the get_data function in zipimport.c in CPython (aka Python) before 2.7.12, 3.x before 3.4.5, and 3.5.x before 3.5.2 allows remote attackers to have unspecified impact via a negati",2016-09-02T14:59:06.003,https://nvd.nist.gov/vuln/detail/CVE-2016-5636,all
CVE-2017-1000158,python3-dbus,1.4.0,9.8,CRITICAL,CRITICAL,CVSS:3.1/AV:N/AC:L/PR:N/UI:N/S:U/C:H/I:H/A:H,"CPython (aka Python) up to 2.7.13 is vulnerable to an integer overflow in the PyString_DecodeEscape function in stringobject.c, resulting in heap-based buffer overflow (and possible arbitrary code exe",2017-11-17T05:29:00.280,https://nvd.nist.gov/vuln/detail/CVE-2017-1000158,all
CVE-2022-48565,python3-dbus,1.4.0,9.8,CRITICAL,CRITICAL,CVSS:3.1/AV:N/AC:L/PR:N/UI:N/S:U/C:H/I:H/A:H,An XML External Entity (XXE) issue was discovered in Python through 3.9.1. The plistlib module no longer accepts entity declarations in XML plist files to avoid XML vulnerabilities.,2023-08-22T19:16:32.007,https://nvd.nist.gov/vuln/detail/CVE-2022-48565,all
CVE-2026-7210,python3-dbus,1.4.0,9.8,CRITICAL,CRITICAL,CVSS:3.1/AV:N/AC:L/PR:N/UI:N/S:U/C:H/I:H/A:H,"`xml.parsers.expat` and `xml.etree.ElementTree` use insufficient entropy for Expat hash-flooding protection, which allows a crafted XML document to trigger hash flooding.\r\n\r\nFully mitigating this ",2026-05-11T18:16:42.413,https://nvd.nist.gov/vuln/detail/CVE-2026-7210,all
CVE-2024-8695,desktop-file-utils,0.28,9.8,CRITICAL,CRITICAL,CVSS:3.1/AV:N/AC:L/PR:N/UI:N/S:U/C:H/I:H/A:H,A remote code execution (RCE) vulnerability via crafted extension description/changelog could be abused by a malicious extension in Docker Desktop before 4.34.2.,2024-09-12T18:15:11.333,https://nvd.nist.gov/vuln/detail/CVE-2024-8695,all
CVE-2024-8696,desktop-file-utils,0.28,9.8,CRITICAL,CRITICAL,CVSS:3.1/AV:N/AC:L/PR:N/UI:N/S:U/C:H/I:H/A:H,A remote code execution (RCE) vulnerability via crafted extension publisher-url/additional-urls could be abused by a malicious extension in Docker Desktop before 4.34.2.,2024-09-12T18:15:11.490,https://nvd.nist.gov/vuln/detail/CVE-2024-8696,all
CVE-2024-52533,glib-networking,2.80.1,9.8,CRITICAL,CRITICAL,CVSS:3.1/AV:N/AC:L/PR:N/UI:N/S:U/C:H/I:H/A:H,gio/gsocks4aproxy.c in GNOME GLib before 2.82.1 has an off-by-one error and resultant buffer overflow because SOCKS4_CONN_MSG_LEN is not sufficient for a trailing '\0' character.,2024-11-11T23:15:05.967,https://nvd.nist.gov/vuln/detail/CVE-2024-52533,all
CVE-2026-5450,glibc-gconv,2.43+git,9.8,CRITICAL,CRITICAL,CVSS:3.1/AV:N/AC:L/PR:N/UI:N/S:U/C:H/I:H/A:H,Calling the scanf family of functions with a %mc (malloc'd character match) in the GNU C Library version 2.7 to version 2.43 with a format width specifier with an explicit width greater than 1024 coul,2026-04-20T21:16:36.850,https://nvd.nist.gov/vuln/detail/CVE-2026-5450,all
CVE-2026-5450,glibc-gconv-iso8859-1,2.43+git,9.8,CRITICAL,CRITICAL,CVSS:3.1/AV:N/AC:L/PR:N/UI:N/S:U/C:H/I:H/A:H,Calling the scanf family of functions with a %mc (malloc'd character match) in the GNU C Library version 2.7 to version 2.43 with a format width specifier with an explicit width greater than 1024 coul,2026-04-20T21:16:36.850,https://nvd.nist.gov/vuln/detail/CVE-2026-5450,all
CVE-2015-7853,ntp,4.2.8p18,9.8,CRITICAL,CRITICAL,CVSS:3.1/AV:N/AC:L/PR:N/UI:N/S:U/C:H/I:H/A:H,"The datalen parameter in the refclock driver in NTP 4.2.x before 4.2.8p4, and 4.3.x before 4.3.77 allows remote attackers to execute arbitrary code or cause a denial of service (crash) via a negative ",2017-08-07T20:29:00.887,https://nvd.nist.gov/vuln/detail/CVE-2015-7853,all
CVE-2015-7705,ntp,4.2.8p18,9.8,CRITICAL,CRITICAL,CVSS:3.1/AV:N/AC:L/PR:N/UI:N/S:U/C:H/I:H/A:H,The rate limiting feature in NTP 4.x before 4.2.8p4 and 4.3.x before 4.3.77 allows remote attackers to have unspecified impact via a large number of crafted requests.,2017-08-07T20:29:00.730,https://nvd.nist.gov/vuln/detail/CVE-2015-7705,all
CVE-2015-7853,ntp-tickadj,4.2.8p18,9.8,CRITICAL,CRITICAL,CVSS:3.1/AV:N/AC:L/PR:N/UI:N/S:U/C:H/I:H/A:H,"The datalen parameter in the refclock driver in NTP 4.2.x before 4.2.8p4, and 4.3.x before 4.3.77 allows remote attackers to execute arbitrary code or cause a denial of service (crash) via a negative ",2017-08-07T20:29:00.887,https://nvd.nist.gov/vuln/detail/CVE-2015-7853,all
CVE-2015-7705,ntp-tickadj,4.2.8p18,9.8,CRITICAL,CRITICAL,CVSS:3.1/AV:N/AC:L/PR:N/UI:N/S:U/C:H/I:H/A:H,The rate limiting feature in NTP 4.x before 4.2.8p4 and 4.3.x before 4.3.77 allows remote attackers to have unspecified impact via a large number of crafted requests.,2017-08-07T20:29:00.730,https://nvd.nist.gov/vuln/detail/CVE-2015-7705,all
CVE-2026-7210,python3-codecs,3.14.4,9.8,CRITICAL,CRITICAL,CVSS:3.1/AV:N/AC:L/PR:N/UI:N/S:U/C:H/I:H/A:H,"`xml.parsers.expat` and `xml.etree.ElementTree` use insufficient entropy for Expat hash-flooding protection, which allows a crafted XML document to trigger hash flooding.\r\n\r\nFully mitigating this ",2026-05-11T18:16:42.413,https://nvd.nist.gov/vuln/detail/CVE-2026-7210,all
CVE-2026-7210,python3-compression,3.14.4,9.8,CRITICAL,CRITICAL,CVSS:3.1/AV:N/AC:L/PR:N/UI:N/S:U/C:H/I:H/A:H,"`xml.parsers.expat` and `xml.etree.ElementTree` use insufficient entropy for Expat hash-flooding protection, which allows a crafted XML document to trigger hash flooding.\r\n\r\nFully mitigating this ",2026-05-11T18:16:42.413,https://nvd.nist.gov/vuln/detail/CVE-2026-7210,all
CVE-2026-7210,python3-core,3.14.4,9.8,CRITICAL,CRITICAL,CVSS:3.1/AV:N/AC:L/PR:N/UI:N/S:U/C:H/I:H/A:H,"`xml.parsers.expat` and `xml.etree.ElementTree` use insufficient entropy for Expat hash-flooding protection, which allows a crafted XML document to trigger hash flooding.\r\n\r\nFully mitigating this ",2026-05-11T18:16:42.413,https://nvd.nist.gov/vuln/detail/CVE-2026-7210,all
CVE-2021-20651,file,5.47,9.1,CRITICAL,CRITICAL,CVSS:3.1/AV:N/AC:L/PR:N/UI:N/S:U/C:N/I:H/A:H,Directory traversal vulnerability in ELECOM File Manager all versions allows remote attackers to create an arbitrary file or overwrite an existing file in a directory which can be accessed with the ap,2021-02-12T07:15:15.497,https://nvd.nist.gov/vuln/detail/CVE-2021-20651,all
CVE-2016-2352,file,5.47,8.8,HIGH,HIGH,,The Accellion File Transfer Appliance (FTA) before FTA_9_12_40 allows remote authenticated users to execute arbitrary commands by leveraging the YUM_CLIENT restricted-user role.,2016-05-07T14:59:06.103,https://nvd.nist.gov/vuln/detail/CVE-2016-2352,all
CVE-2017-8793,file,5.47,8.8,HIGH,HIGH,,"An issue was discovered on Accellion FTA devices before FTA_9_12_180. By sending a POST request to home/seos/courier/web/wmProgressstat.html.php with an attacker domain in the acallow parameter, the d",2017-05-05T18:29:00.417,https://nvd.nist.gov/vuln/detail/CVE-2017-8793,all
CVE-2023-32986,file,5.47,8.8,HIGH,HIGH,CVSS:3.1/AV:N/AC:L/PR:L/UI:N/S:U/C:H/I:H/A:H,"Jenkins File Parameter Plugin 285.v757c5b_67a_c25 and earlier does not restrict the name (and resulting uploaded file name) of Stashed File Parameters, allowing attackers with Item/Configure permissio",2023-05-16T16:15:11.147,https://nvd.nist.gov/vuln/detail/CVE-2023-32986,all
CVE-2023-6846,file,5.47,8.8,HIGH,HIGH,CVSS:3.1/AV:N/AC:L/PR:L/UI:N/S:U/C:H/I:H/A:H,"The File Manager Pro plugin for WordPress is vulnerable to Arbitrary File Upload in all versions up to, and including, 8.3.4 via the mk_check_filemanager_php_syntax AJAX function. This makes it possib",2024-02-05T22:15:56.887,https://nvd.nist.gov/vuln/detail/CVE-2023-6846,all
CVE-2024-7559,file,5.47,8.8,HIGH,HIGH,CVSS:3.1/AV:N/AC:L/PR:L/UI:N/S:U/C:H/I:H/A:H,The File Manager Pro plugin for WordPress is vulnerable to arbitrary file uploads due to missing file type validation and capability checks in the mk_file_folder_manager AJAX action in all versions up,2024-08-23T03:15:04.060,https://nvd.nist.gov/vuln/detail/CVE-2024-7559,all
CVE-2024-8507,file,5.47,8.8,HIGH,HIGH,CVSS:3.1/AV:N/AC:L/PR:N/UI:R/S:U/C:H/I:H/A:H,"The File Manager Pro plugin for WordPress is vulnerable to Cross-Site Request Forgery in all versions up to, and including, 8.3.9. This is due to missing or incorrect nonce validation on the 'mk_file_",2024-10-16T07:15:16.277,https://nvd.nist.gov/vuln/detail/CVE-2024-8507,all
CVE-2024-1538,file,5.47,8.8,HIGH,HIGH,CVSS:3.1/AV:N/AC:L/PR:N/UI:R/S:U/C:H/I:H/A:H,"The File Manager plugin for WordPress is vulnerable to Cross-Site Request Forgery in all versions up to, and including, 7.2.4. This is due to missing or incorrect nonce validation on the wp_file_manag",2024-03-21T04:15:09.117,https://nvd.nist.gov/vuln/detail/CVE-2024-1538,all
CVE-2024-7770,file,5.47,8.8,HIGH,HIGH,CVSS:3.1/AV:N/AC:L/PR:L/UI:N/S:U/C:H/I:H/A:H,The Bit File Manager – 100% Free & Open Source File Manager and Code Editor for WordPress plugin for WordPress is vulnerable to arbitrary file uploads due to missing file type validation in the 'uploa,2024-09-10T11:15:10.780,https://nvd.nist.gov/vuln/detail/CVE-2024-7770,all
CVE-2026-35093,libinput-bin,1.30.2,8.8,HIGH,HIGH,CVSS:3.1/AV:L/AC:L/PR:L/UI:N/S:C/C:H/I:H/A:H,A flaw was found in libinput. A local attacker who can place a specially crafted Lua bytecode file in certain system or user configuration directories can bypass security restrictions. This allows the,2026-04-01T14:16:57.443,https://nvd.nist.gov/vuln/detail/CVE-2026-35093,all
CVE-2020-1171,python3,3.14.4,8.8,HIGH,HIGH,CVSS:3.1/AV:N/AC:L/PR:N/UI:R/S:U/C:H/I:H/A:H,"A remote code execution vulnerability exists in Visual Studio Code when the Python extension loads configuration files after opening a project, aka 'Visual Studio Code Python Extension Remote Code Exe",2020-05-21T23:15:17.897,https://nvd.nist.gov/vuln/detail/CVE-2020-1171,all
CVE-2024-49050,python3,3.14.4,8.8,HIGH,HIGH,CVSS:3.1/AV:N/AC:L/PR:N/UI:R/S:U/C:H/I:H/A:H,Visual Studio Code Python Extension Remote Code Execution Vulnerability,2024-11-12T18:15:45.810,https://nvd.nist.gov/vuln/detail/CVE-2024-49050,all
CVE-2017-17522,python3-dbus,1.4.0,8.8,HIGH,HIGH,,"Lib/webbrowser.py in Python through 3.6.3 does not validate strings before launching the program specified by the BROWSER environment variable, which might allow remote attackers to conduct argument-i",2017-12-14T16:29:00.713,https://nvd.nist.gov/vuln/detail/CVE-2017-17522,all
CVE-2019-13611,python3-dbus,1.4.0,8.8,HIGH,HIGH,,An issue was discovered in python-engineio through 3.8.2. There is a Cross-Site WebSocket Hijacking (CSWSH) vulnerability that allows attackers to make WebSocket connections to a server by using a vic,2019-07-16T00:15:10.837,https://nvd.nist.gov/vuln/detail/CVE-2019-13611,all
CVE-2020-1171,python3-dbus,1.4.0,8.8,HIGH,HIGH,CVSS:3.1/AV:N/AC:L/PR:N/UI:R/S:U/C:H/I:H/A:H,"A remote code execution vulnerability exists in Visual Studio Code when the Python extension loads configuration files after opening a project, aka 'Visual Studio Code Python Extension Remote Code Exe",2020-05-21T23:15:17.897,https://nvd.nist.gov/vuln/detail/CVE-2020-1171,all
CVE-2024-49050,python3-dbus,1.4.0,8.8,HIGH,HIGH,CVSS:3.1/AV:N/AC:L/PR:N/UI:R/S:U/C:H/I:H/A:H,Visual Studio Code Python Extension Remote Code Execution Vulnerability,2024-11-12T18:15:45.810,https://nvd.nist.gov/vuln/detail/CVE-2024-49050,all
CVE-2025-27607,python3-dbus,1.4.0,8.8,HIGH,HIGH,CVSS:3.1/AV:N/AC:L/PR:N/UI:R/S:U/C:H/I:H/A:H,Python JSON Logger is a JSON Formatter for Python Logging. Between 30 December 2024 and 4 March 2025 Python JSON Logger was vulnerable to RCE through a missing dependency. This occurred because msgspe,2025-03-07T17:15:22.433,https://nvd.nist.gov/vuln/detail/CVE-2025-27607,all
CVE-2020-1171,python3-packaging,26.0,8.8,HIGH,HIGH,CVSS:3.1/AV:N/AC:L/PR:N/UI:R/S:U/C:H/I:H/A:H,"A remote code execution vulnerability exists in Visual Studio Code when the Python extension loads configuration files after opening a project, aka 'Visual Studio Code Python Extension Remote Code Exe",2020-05-21T23:15:17.897,https://nvd.nist.gov/vuln/detail/CVE-2020-1171,all
CVE-2024-49050,python3-packaging,26.0,8.8,HIGH,HIGH,CVSS:3.1/AV:N/AC:L/PR:N/UI:R/S:U/C:H/I:H/A:H,Visual Studio Code Python Extension Remote Code Execution Vulnerability,2024-11-12T18:15:45.810,https://nvd.nist.gov/vuln/detail/CVE-2024-49050,all
CVE-2021-22879,desktop-file-utils,0.28,8.8,HIGH,HIGH,CVSS:3.1/AV:N/AC:L/PR:N/UI:R/S:U/C:H/I:H/A:H,"Nextcloud Desktop Client prior to 3.1.3 is vulnerable to resource injection by way of missing validation of URLs, allowing a malicious server to execute remote commands. User interaction is needed for",2021-04-14T13:15:13.040,https://nvd.nist.gov/vuln/detail/CVE-2021-22879,all
CVE-2020-12511,io,1.0,8.8,HIGH,HIGH,CVSS:3.1/AV:N/AC:L/PR:N/UI:R/S:U/C:H/I:H/A:H,Pepperl+Fuchs Comtrol IO-Link Master in Version 1.5.48 and below is prone to a Cross-Site Request Forgery (CSRF) in the web interface.,2021-01-22T19:15:11.880,https://nvd.nist.gov/vuln/detail/CVE-2020-12511,all
CVE-2015-7854,ntp,4.2.8p18,8.8,HIGH,HIGH,CVSS:3.1/AV:N/AC:L/PR:L/UI:N/S:U/C:H/I:H/A:H,"Buffer overflow in the password management functionality in NTP 4.2.x before 4.2.8p4, and 4.3.x before 4.3.77 allows remote authenticated users to cause a denial of service (daemon crash) or possibly ",2017-08-07T20:29:00.917,https://nvd.nist.gov/vuln/detail/CVE-2015-7854,all
CVE-2015-7849,ntp,4.2.8p18,8.8,HIGH,HIGH,CVSS:3.1/AV:N/AC:L/PR:L/UI:N/S:U/C:H/I:H/A:H,"Use-after-free vulnerability in ntpd in NTP 4.2.x before 4.2.8p4, and 4.3.x before 4.3.77 allows remote authenticated users to possibly execute arbitrary code or cause a denial of service (crash) via ",2017-08-07T20:29:00.777,https://nvd.nist.gov/vuln/detail/CVE-2015-7849,all
CVE-2017-6458,ntp,4.2.8p18,8.8,HIGH,HIGH,CVSS:3.1/AV:N/AC:L/PR:L/UI:N/S:U/C:H/I:H/A:H,Multiple buffer overflows in the ctl_put* functions in NTP before 4.2.8p10 and 4.3.x before 4.3.94 allow remote authenticated users to have unspecified impact via a long variable.,2017-03-27T17:59:00.633,https://nvd.nist.gov/vuln/detail/CVE-2017-6458,all
CVE-2015-7854,ntp-tickadj,4.2.8p18,8.8,HIGH,HIGH,CVSS:3.1/AV:N/AC:L/PR:L/UI:N/S:U/C:H/I:H/A:H,"Buffer overflow in the password management functionality in NTP 4.2.x before 4.2.8p4, and 4.3.x before 4.3.77 allows remote authenticated users to cause a denial of service (daemon crash) or possibly ",2017-08-07T20:29:00.917,https://nvd.nist.gov/vuln/detail/CVE-2015-7854,all
CVE-2015-7849,ntp-tickadj,4.2.8p18,8.8,HIGH,HIGH,CVSS:3.1/AV:N/AC:L/PR:L/UI:N/S:U/C:H/I:H/A:H,"Use-after-free vulnerability in ntpd in NTP 4.2.x before 4.2.8p4, and 4.3.x before 4.3.77 allows remote authenticated users to possibly execute arbitrary code or cause a denial of service (crash) via ",2017-08-07T20:29:00.777,https://nvd.nist.gov/vuln/detail/CVE-2015-7849,all
CVE-2017-6458,ntp-tickadj,4.2.8p18,8.8,HIGH,HIGH,CVSS:3.1/AV:N/AC:L/PR:L/UI:N/S:U/C:H/I:H/A:H,Multiple buffer overflows in the ctl_put* functions in NTP before 4.2.8p10 and 4.3.x before 4.3.94 allow remote authenticated users to have unspecified impact via a long variable.,2017-03-27T17:59:00.633,https://nvd.nist.gov/vuln/detail/CVE-2017-6458,all
CVE-2020-1171,python3-codecs,3.14.4,8.8,HIGH,HIGH,CVSS:3.1/AV:N/AC:L/PR:N/UI:R/S:U/C:H/I:H/A:H,"A remote code execution vulnerability exists in Visual Studio Code when the Python extension loads configuration files after opening a project, aka 'Visual Studio Code Python Extension Remote Code Exe",2020-05-21T23:15:17.897,https://nvd.nist.gov/vuln/detail/CVE-2020-1171,all
CVE-2024-49050,python3-codecs,3.14.4,8.8,HIGH,HIGH,CVSS:3.1/AV:N/AC:L/PR:N/UI:R/S:U/C:H/I:H/A:H,Visual Studio Code Python Extension Remote Code Execution Vulnerability,2024-11-12T18:15:45.810,https://nvd.nist.gov/vuln/detail/CVE-2024-49050,all
CVE-2020-1171,python3-compression,3.14.4,8.8,HIGH,HIGH,CVSS:3.1/AV:N/AC:L/PR:N/UI:R/S:U/C:H/I:H/A:H,"A remote code execution vulnerability exists in Visual Studio Code when the Python extension loads configuration files after opening a project, aka 'Visual Studio Code Python Extension Remote Code Exe",2020-05-21T23:15:17.897,https://nvd.nist.gov/vuln/detail/CVE-2020-1171,all
CVE-2024-49050,python3-compression,3.14.4,8.8,HIGH,HIGH,CVSS:3.1/AV:N/AC:L/PR:N/UI:R/S:U/C:H/I:H/A:H,Visual Studio Code Python Extension Remote Code Execution Vulnerability,2024-11-12T18:15:45.810,https://nvd.nist.gov/vuln/detail/CVE-2024-49050,all
CVE-2020-1171,python3-core,3.14.4,8.8,HIGH,HIGH,CVSS:3.1/AV:N/AC:L/PR:N/UI:R/S:U/C:H/I:H/A:H,"A remote code execution vulnerability exists in Visual Studio Code when the Python extension loads configuration files after opening a project, aka 'Visual Studio Code Python Extension Remote Code Exe",2020-05-21T23:15:17.897,https://nvd.nist.gov/vuln/detail/CVE-2020-1171,all
CVE-2024-49050,python3-core,3.14.4,8.8,HIGH,HIGH,CVSS:3.1/AV:N/AC:L/PR:N/UI:R/S:U/C:H/I:H/A:H,Visual Studio Code Python Extension Remote Code Execution Vulnerability,2024-11-12T18:15:45.810,https://nvd.nist.gov/vuln/detail/CVE-2024-49050,all
CVE-2016-7543,bash-completion,2.17.0,8.4,HIGH,HIGH,,Bash before 4.4 allows local users to execute arbitrary commands with root privileges via crafted SHELLOPTS and PS4 environment variables.,2017-01-19T20:59:00.470,https://nvd.nist.gov/vuln/detail/CVE-2016-7543,all
CVE-2022-23597,desktop-file-utils,0.28,8.3,HIGH,HIGH,CVSS:3.1/AV:N/AC:H/PR:N/UI:R/S:C/C:H/I:H/A:H,Element Desktop is a Matrix client for desktop platforms with Element Web at its core. Element Desktop before 1.9.7 is vulnerable to a remote program execution bug with user interaction. The exploit i,2022-02-01T12:15:08.317,https://nvd.nist.gov/vuln/detail/CVE-2022-23597,all
CVE-2024-0761,file,5.47,8.1,HIGH,HIGH,CVSS:3.1/AV:N/AC:H/PR:N/UI:N/S:U/C:H/I:H/A:H,"The File Manager plugin for WordPress is vulnerable to Sensitive Information Exposure in all versions up to, and including, 7.2.1 due to insufficient randomness in the backup filenames, which use a ti",2024-02-05T22:16:04.733,https://nvd.nist.gov/vuln/detail/CVE-2024-0761,all
CVE-2016-3989,ntp,4.2.8p18,8.1,HIGH,HIGH,,"The NTP time-server interface on Meinberg IMS-LANTIME M3000, IMS-LANTIME M1000, IMS-LANTIME M500, LANTIME M900, LANTIME M600, LANTIME M400, LANTIME M300, LANTIME M200, LANTIME M100, SyncFire 1100, and",2016-07-03T14:59:05.523,https://nvd.nist.gov/vuln/detail/CVE-2016-3989,all
CVE-2019-18276,bash-completion,2.17.0,7.8,HIGH,HIGH,CVSS:3.1/AV:L/AC:L/PR:L/UI:N/S:U/C:H/I:H/A:H,"An issue was discovered in disable_priv_mode in shell.c in GNU Bash through 5.0 patch 11. By default, if Bash is run with its effective UID not equal to its real UID, it will drop privileges by settin",2019-11-28T01:15:10.603,https://nvd.nist.gov/vuln/detail/CVE-2019-18276,all
CVE-2019-9924,bash-completion,2.17.0,7.8,HIGH,HIGH,CVSS:3.1/AV:L/AC:L/PR:L/UI:N/S:U/C:H/I:H/A:H,"rbash in Bash before 4.4-beta2 did not prevent the shell user from modifying BASH_CMDS, thus allowing the user to execute any command with the permissions of the shell.",2019-03-22T08:29:00.467,https://nvd.nist.gov/vuln/detail/CVE-2019-9924,all
CVE-2016-2353,file,5.47,7.8,HIGH,HIGH,,"The Accellion File Transfer Appliance (FTA) before FTA_9_12_40 allows local users to add an SSH key to an arbitrary group, and consequently gain privileges, via unspecified vectors.",2016-05-07T14:59:07.197,https://nvd.nist.gov/vuln/detail/CVE-2016-2353,all
CVE-2017-2252,file,5.47,7.8,HIGH,HIGH,,"Untrusted search path vulnerability in self-extracting archive files created by File Compact Ver.5 version 5.10 and earlier, Ver.6 version 6.02 and earlier, Ver.7 version 7.02 and earlier allows an at",2017-07-17T13:18:23.297,https://nvd.nist.gov/vuln/detail/CVE-2017-2252,all
CVE-2020-7851,file,5.47,7.8,HIGH,HIGH,CVSS:3.1/AV:L/AC:L/PR:N/UI:R/S:U/C:H/I:H/A:H,Innorix Web-Based File Transfer Solution versuibs prior to and including 9.2.18.385 contains a vulnerability that could allow remote files to be downloaded and executed by setting the arguments to the,2021-04-19T13:15:14.980,https://nvd.nist.gov/vuln/detail/CVE-2020-7851,all
CVE-2024-0353,file,5.47,7.8,HIGH,HIGH,CVSS:3.1/AV:L/AC:L/PR:L/UI:N/S:U/C:H/I:H/A:H,Local privilege escalation vulnerability potentially allowed an attacker to misuse ESET’s file operations to delete files without having proper permission.,2024-02-15T08:15:46.023,https://nvd.nist.gov/vuln/detail/CVE-2024-0353,all
CVE-2020-17163,python3,3.14.4,7.8,HIGH,HIGH,CVSS:3.1/AV:L/AC:L/PR:N/UI:R/S:U/C:H/I:H/A:H,Visual Studio Code Python Extension Remote Code Execution Vulnerability,2023-12-29T17:15:49.710,https://nvd.nist.gov/vuln/detail/CVE-2020-17163,all
CVE-2020-1192,python3,3.14.4,7.8,HIGH,HIGH,CVSS:3.1/AV:L/AC:L/PR:N/UI:R/S:U/C:H/I:H/A:H,"A remote code execution vulnerability exists in Visual Studio Code when the Python extension loads workspace settings from a notebook file, aka 'Visual Studio Code Python Extension Remote Code Executi",2020-05-21T23:15:18.837,https://nvd.nist.gov/vuln/detail/CVE-2020-1192,all
CVE-2025-49714,python3,3.14.4,7.8,HIGH,HIGH,CVSS:3.1/AV:L/AC:L/PR:N/UI:R/S:U/C:H/I:H/A:H,Trust boundary violation in Visual Studio Code - Python extension allows an unauthorized attacker to execute code locally.,2025-07-08T17:15:58.687,https://nvd.nist.gov/vuln/detail/CVE-2025-49714,all
CVE-2019-13404,python3-dbus,1.4.0,7.8,HIGH,HIGH,,"The MSI installer for Python through 2.7.16 on Windows defaults to the C:\Python27 directory, which makes it easier for local users to deploy Trojan horse code. (This also affects old 3.x releases bef",2019-07-08T01:15:10.247,https://nvd.nist.gov/vuln/detail/CVE-2019-13404,all
CVE-2020-17163,python3-dbus,1.4.0,7.8,HIGH,HIGH,CVSS:3.1/AV:L/AC:L/PR:N/UI:R/S:U/C:H/I:H/A:H,Visual Studio Code Python Extension Remote Code Execution Vulnerability,2023-12-29T17:15:49.710,https://nvd.nist.gov/vuln/detail/CVE-2020-17163,all
CVE-2020-1192,python3-dbus,1.4.0,7.8,HIGH,HIGH,CVSS:3.1/AV:L/AC:L/PR:N/UI:R/S:U/C:H/I:H/A:H,"A remote code execution vulnerability exists in Visual Studio Code when the Python extension loads workspace settings from a notebook file, aka 'Visual Studio Code Python Extension Remote Code Executi",2020-05-21T23:15:18.837,https://nvd.nist.gov/vuln/detail/CVE-2020-1192,all
CVE-2024-9287,python3-dbus,1.4.0,7.8,HIGH,HIGH,CVSS:3.1/AV:L/AC:L/PR:L/UI:N/S:U/C:H/I:H/A:H,"A vulnerability has been found in the CPython `venv` module and CLI where path names provided when creating a virtual environment were not quoted properly, allowing the creator to inject commands into",2024-10-22T17:15:06.697,https://nvd.nist.gov/vuln/detail/CVE-2024-9287,all
CVE-2025-49714,python3-dbus,1.4.0,7.8,HIGH,HIGH,CVSS:3.1/AV:L/AC:L/PR:N/UI:R/S:U/C:H/I:H/A:H,Trust boundary violation in Visual Studio Code - Python extension allows an unauthorized attacker to execute code locally.,2025-07-08T17:15:58.687,https://nvd.nist.gov/vuln/detail/CVE-2025-49714,all
CVE-2020-17163,python3-packaging,26.0,7.8,HIGH,HIGH,CVSS:3.1/AV:L/AC:L/PR:N/UI:R/S:U/C:H/I:H/A:H,Visual Studio Code Python Extension Remote Code Execution Vulnerability,2023-12-29T17:15:49.710,https://nvd.nist.gov/vuln/detail/CVE-2020-17163,all
CVE-2020-1192,python3-packaging,26.0,7.8,HIGH,HIGH,CVSS:3.1/AV:L/AC:L/PR:N/UI:R/S:U/C:H/I:H/A:H,"A remote code execution vulnerability exists in Visual Studio Code when the Python extension loads workspace settings from a notebook file, aka 'Visual Studio Code Python Extension Remote Code Executi",2020-05-21T23:15:18.837,https://nvd.nist.gov/vuln/detail/CVE-2020-1192,all
CVE-2025-49714,python3-packaging,26.0,7.8,HIGH,HIGH,CVSS:3.1/AV:L/AC:L/PR:N/UI:R/S:U/C:H/I:H/A:H,Trust boundary violation in Visual Studio Code - Python extension allows an unauthorized attacker to execute code locally.,2025-07-08T17:15:58.687,https://nvd.nist.gov/vuln/detail/CVE-2025-49714,all
CVE-2020-1885,desktop-file-utils,0.28,7.8,HIGH,HIGH,CVSS:3.1/AV:L/AC:L/PR:L/UI:N/S:U/C:H/I:H/A:H,Writing to an unprivileged file from a privileged OVRRedir.exe process in Oculus Desktop before 1.44.0.32849 on Windows allows local users to write to arbitrary files and consequently gain privileges ,2020-04-08T20:15:14.590,https://nvd.nist.gov/vuln/detail/CVE-2020-1885,all
CVE-2020-8224,desktop-file-utils,0.28,7.8,HIGH,HIGH,CVSS:3.1/AV:L/AC:L/PR:L/UI:N/S:U/C:H/I:H/A:H,A code injection in Nextcloud Desktop Client 2.6.4 allowed to load arbitrary code when placing a malicious OpenSSL config into a fixed directory.,2020-08-10T14:15:13.267,https://nvd.nist.gov/vuln/detail/CVE-2020-8224,all
CVE-2021-37841,desktop-file-utils,0.28,7.8,HIGH,HIGH,CVSS:3.1/AV:L/AC:L/PR:L/UI:N/S:U/C:H/I:H/A:H,"Docker Desktop before 3.6.0 suffers from incorrect access control. If a low-privileged account is able to access the server running the Windows containers, it can lead to a full container compromise i",2021-08-12T14:15:07.010,https://nvd.nist.gov/vuln/detail/CVE-2021-37841,all
CVE-2022-35257,desktop-file-utils,0.28,7.8,HIGH,HIGH,CVSS:3.1/AV:L/AC:L/PR:L/UI:N/S:U/C:H/I:H/A:H,A local privilege escalation vulnerability in UI Desktop for Windows (Version 0.55.1.2 and earlier) allows a malicious actor with local access to a Windows device with UI Desktop to run arbitrary comm,2022-09-23T14:15:12.430,https://nvd.nist.gov/vuln/detail/CVE-2022-35257,all
CVE-2022-37326,desktop-file-utils,0.28,7.8,HIGH,HIGH,CVSS:3.1/AV:L/AC:L/PR:L/UI:N/S:U/C:H/I:H/A:H,Docker Desktop for Windows before 4.6.0 allows attackers to delete (or create) any file through the dockerBackendV2 windowscontainers/start API by controlling the pidfile field inside the DaemonJSON f,2023-04-27T20:15:40.113,https://nvd.nist.gov/vuln/detail/CVE-2022-37326,all
CVE-2023-28122,desktop-file-utils,0.28,7.8,HIGH,HIGH,CVSS:3.1/AV:L/AC:L/PR:L/UI:N/S:U/C:H/I:H/A:H,A local privilege escalation (LPE) vulnerability in UI Desktop for Windows (Version 0.59.1.71 and earlier) allows a malicious actor with local access to a Windows device running said application to su,2023-04-19T20:15:12.143,https://nvd.nist.gov/vuln/detail/CVE-2023-28122,all
CVE-2025-3224,desktop-file-utils,0.28,7.8,HIGH,HIGH,CVSS:3.1/AV:L/AC:L/PR:L/UI:N/S:U/C:H/I:H/A:H,"A vulnerability in the update process of Docker Desktop for Windows versions prior to 4.41.0 could allow a local, low-privileged attacker to escalate privileges to SYSTEM. During an update, Docker Des",2025-04-28T20:15:21.127,https://nvd.nist.gov/vuln/detail/CVE-2025-3224,all
CVE-2026-2664,desktop-file-utils,0.28,7.8,HIGH,HIGH,CVSS:3.1/AV:L/AC:L/PR:L/UI:N/S:U/C:H/I:H/A:H,"An out of bounds read vulnerability in the grpcfuse kernel module present in the Linux VM in Docker Desktop for Windows, Linux and macOS up to version 4.61.0 could allow a local attacker to cause an u",2026-02-24T10:16:03.090,https://nvd.nist.gov/vuln/detail/CVE-2026-2664,all
CVE-2023-2603,libcap-ng,0.9.1,7.8,HIGH,HIGH,CVSS:3.1/AV:L/AC:L/PR:L/UI:N/S:U/C:H/I:H/A:H,A vulnerability was found in libcap. This issue occurs in the _libcap_strdup() function and can lead to an integer overflow if the input string is close to 4GiB.,2023-06-06T20:15:13.187,https://nvd.nist.gov/vuln/detail/CVE-2023-2603,all
CVE-2020-17163,python3-codecs,3.14.4,7.8,HIGH,HIGH,CVSS:3.1/AV:L/AC:L/PR:N/UI:R/S:U/C:H/I:H/A:H,Visual Studio Code Python Extension Remote Code Execution Vulnerability,2023-12-29T17:15:49.710,https://nvd.nist.gov/vuln/detail/CVE-2020-17163,all
CVE-2020-1192,python3-codecs,3.14.4,7.8,HIGH,HIGH,CVSS:3.1/AV:L/AC:L/PR:N/UI:R/S:U/C:H/I:H/A:H,"A remote code execution vulnerability exists in Visual Studio Code when the Python extension loads workspace settings from a notebook file, aka 'Visual Studio Code Python Extension Remote Code Executi",2020-05-21T23:15:18.837,https://nvd.nist.gov/vuln/detail/CVE-2020-1192,all
CVE-2025-49714,python3-codecs,3.14.4,7.8,HIGH,HIGH,CVSS:3.1/AV:L/AC:L/PR:N/UI:R/S:U/C:H/I:H/A:H,Trust boundary violation in Visual Studio Code - Python extension allows an unauthorized attacker to execute code locally.,2025-07-08T17:15:58.687,https://nvd.nist.gov/vuln/detail/CVE-2025-49714,all
CVE-2020-17163,python3-compression,3.14.4,7.8,HIGH,HIGH,CVSS:3.1/AV:L/AC:L/PR:N/UI:R/S:U/C:H/I:H/A:H,Visual Studio Code Python Extension Remote Code Execution Vulnerability,2023-12-29T17:15:49.710,https://nvd.nist.gov/vuln/detail/CVE-2020-17163,all
CVE-2020-1192,python3-compression,3.14.4,7.8,HIGH,HIGH,CVSS:3.1/AV:L/AC:L/PR:N/UI:R/S:U/C:H/I:H/A:H,"A remote code execution vulnerability exists in Visual Studio Code when the Python extension loads workspace settings from a notebook file, aka 'Visual Studio Code Python Extension Remote Code Executi",2020-05-21T23:15:18.837,https://nvd.nist.gov/vuln/detail/CVE-2020-1192,all
CVE-2025-49714,python3-compression,3.14.4,7.8,HIGH,HIGH,CVSS:3.1/AV:L/AC:L/PR:N/UI:R/S:U/C:H/I:H/A:H,Trust boundary violation in Visual Studio Code - Python extension allows an unauthorized attacker to execute code locally.,2025-07-08T17:15:58.687,https://nvd.nist.gov/vuln/detail/CVE-2025-49714,all
CVE-2020-17163,python3-core,3.14.4,7.8,HIGH,HIGH,CVSS:3.1/AV:L/AC:L/PR:N/UI:R/S:U/C:H/I:H/A:H,Visual Studio Code Python Extension Remote Code Execution Vulnerability,2023-12-29T17:15:49.710,https://nvd.nist.gov/vuln/detail/CVE-2020-17163,all
CVE-2020-1192,python3-core,3.14.4,7.8,HIGH,HIGH,CVSS:3.1/AV:L/AC:L/PR:N/UI:R/S:U/C:H/I:H/A:H,"A remote code execution vulnerability exists in Visual Studio Code when the Python extension loads workspace settings from a notebook file, aka 'Visual Studio Code Python Extension Remote Code Executi",2020-05-21T23:15:18.837,https://nvd.nist.gov/vuln/detail/CVE-2020-1192,all
CVE-2025-49714,python3-core,3.14.4,7.8,HIGH,HIGH,CVSS:3.1/AV:L/AC:L/PR:N/UI:R/S:U/C:H/I:H/A:H,Trust boundary violation in Visual Studio Code - Python extension allows an unauthorized attacker to execute code locally.,2025-07-08T17:15:58.687,https://nvd.nist.gov/vuln/detail/CVE-2025-49714,all
CVE-2022-34382,update-alternatives-opkg,0.7.0,7.8,HIGH,HIGH,CVSS:3.1/AV:L/AC:L/PR:L/UI:N/S:U/C:H/I:H/A:H,"Dell Command Update, Dell Update and Alienware Update versions prior to 4.6.0 contains a Local Privilege Escalation Vulnerability in the custom catalog configuration. A local malicious user may potent",2022-09-02T18:15:12.093,https://nvd.nist.gov/vuln/detail/CVE-2022-34382,all
CVE-2022-34384,update-alternatives-opkg,0.7.0,7.8,HIGH,HIGH,CVSS:3.1/AV:L/AC:L/PR:L/UI:N/S:U/C:H/I:H/A:H,"
Dell SupportAssist Client Consumer (version 3.11.1 and prior), SupportAssist Client Commercial (version 3.2 and prior), Dell Command | Update, Dell Update, and Alienware Update versions before 4.5 co",2023-02-11T01:23:23.793,https://nvd.nist.gov/vuln/detail/CVE-2022-34384,all
CVE-2022-34459,update-alternatives-opkg,0.7.0,7.8,HIGH,HIGH,CVSS:3.1/AV:L/AC:L/PR:L/UI:N/S:U/C:H/I:H/A:H,"
Dell Command | Update, Dell Update, and Alienware Update versions prior to 4.7 contain a improper verification of cryptographic signature in get applicable driver component. A local malicious user co",2023-02-01T05:15:12.513,https://nvd.nist.gov/vuln/detail/CVE-2022-34459,all
CVE-2022-34382,update-rc.d,0.8+git,7.8,HIGH,HIGH,CVSS:3.1/AV:L/AC:L/PR:L/UI:N/S:U/C:H/I:H/A:H,"Dell Command Update, Dell Update and Alienware Update versions prior to 4.6.0 contains a Local Privilege Escalation Vulnerability in the custom catalog configuration. A local malicious user may potent",2022-09-02T18:15:12.093,https://nvd.nist.gov/vuln/detail/CVE-2022-34382,all
CVE-2022-34384,update-rc.d,0.8+git,7.8,HIGH,HIGH,CVSS:3.1/AV:L/AC:L/PR:L/UI:N/S:U/C:H/I:H/A:H,"
Dell SupportAssist Client Consumer (version 3.11.1 and prior), SupportAssist Client Commercial (version 3.2 and prior), Dell Command | Update, Dell Update, and Alienware Update versions before 4.5 co",2023-02-11T01:23:23.793,https://nvd.nist.gov/vuln/detail/CVE-2022-34384,all
CVE-2022-34459,update-rc.d,0.8+git,7.8,HIGH,HIGH,CVSS:3.1/AV:L/AC:L/PR:L/UI:N/S:U/C:H/I:H/A:H,"
Dell Command | Update, Dell Update, and Alienware Update versions prior to 4.7 contain a improper verification of cryptographic signature in get applicable driver component. A local malicious user co",2023-02-01T05:15:12.513,https://nvd.nist.gov/vuln/detail/CVE-2022-34459,all
CVE-2025-13601,glib-networking,2.80.1,7.7,HIGH,HIGH,CVSS:3.1/AV:L/AC:L/PR:N/UI:N/S:U/C:N/I:H/A:H,A heap-based buffer overflow problem was found in glib through an incorrect calculation of buffer size in the g_escape_uri_string() function. If the string to escape contains a very large number of un,2025-11-26T15:15:51.723,https://nvd.nist.gov/vuln/detail/CVE-2025-13601,all
CVE-2015-7974,ntp,4.2.8p18,7.7,HIGH,HIGH,CVSS:3.1/AV:N/AC:L/PR:L/UI:N/S:C/C:N/I:H/A:N,"NTP 4.x before 4.2.8p6 and 4.3.x before 4.3.90 do not verify peer associations of symmetric keys when authenticating packets, which might allow remote attackers to conduct impersonation attacks via an",2016-01-26T19:59:00.107,https://nvd.nist.gov/vuln/detail/CVE-2015-7974,all
CVE-2015-7974,ntp-tickadj,4.2.8p18,7.7,HIGH,HIGH,CVSS:3.1/AV:N/AC:L/PR:L/UI:N/S:C/C:N/I:H/A:N,"NTP 4.x before 4.2.8p6 and 4.3.x before 4.3.90 do not verify peer associations of symmetric keys when authenticating packets, which might allow remote attackers to conduct impersonation attacks via an",2016-01-26T19:59:00.107,https://nvd.nist.gov/vuln/detail/CVE-2015-7974,all
CVE-2026-5773,curl,8.19.0,7.5,HIGH,HIGH,CVSS:3.1/AV:N/AC:L/PR:N/UI:N/S:U/C:H/I:N/A:N,"libcurl might in some circumstances reuse the wrong connection for SMB(S)
transfers.

libcurl features a pool of recent connections so that subsequent requests can
reuse an existing connection to avoi",2026-05-13T13:01:56.307,https://nvd.nist.gov/vuln/detail/CVE-2026-5773,all
CVE-2026-6276,curl,8.19.0,7.5,HIGH,HIGH,CVSS:3.1/AV:N/AC:L/PR:N/UI:N/S:U/C:N/I:N/A:H,"Using libcurl, when a custom `Host:` header is first set for an HTTP request
and a second request is subsequently done using the same *easy handle* but
without the custom `Host:` header set, the secon",2026-05-13T13:01:56.800,https://nvd.nist.gov/vuln/detail/CVE-2026-6276,all
CVE-2022-31212,dbus,1.16.2,7.5,HIGH,HIGH,CVSS:3.1/AV:N/AC:L/PR:N/UI:N/S:U/C:N/I:N/A:H,An issue was discovered in dbus-broker before 31. It depends on c-uitl/c-shquote to parse the DBus service's Exec line. c-shquote contains a stack-based buffer over-read if a malicious Exec line is su,2022-07-17T23:15:08.977,https://nvd.nist.gov/vuln/detail/CVE-2022-31212,all
CVE-2022-31213,dbus,1.16.2,7.5,HIGH,HIGH,CVSS:3.1/AV:N/AC:L/PR:N/UI:N/S:U/C:N/I:N/A:H,An issue was discovered in dbus-broker before 31. Multiple NULL pointer dereferences can be found when supplying a malformed XML config file.,2022-07-17T23:15:09.020,https://nvd.nist.gov/vuln/detail/CVE-2022-31213,all
CVE-2020-24312,file,5.47,7.5,HIGH,HIGH,CVSS:3.1/AV:N/AC:L/PR:N/UI:N/S:U/C:H/I:N/A:N,mndpsingh287 WP File Manager v6.4 and lower fails to restrict external access to the fm_backups directory with a .htaccess file. This results in the ability for unauthenticated users to browse and dow,2020-08-26T13:15:10.860,https://nvd.nist.gov/vuln/detail/CVE-2020-24312,all
CVE-2024-13276,file,5.47,7.5,HIGH,HIGH,CVSS:3.1/AV:N/AC:L/PR:N/UI:N/S:U/C:H/I:N/A:N,Insertion of Sensitive Information Into Sent Data vulnerability in Drupal File Entity (fieldable files) allows Forceful Browsing.This issue affects File Entity (fieldable files): from 7.X-* before 7.X,2025-01-09T20:15:36.487,https://nvd.nist.gov/vuln/detail/CVE-2024-13276,all
CVE-2024-8746,file,5.47,7.5,HIGH,HIGH,CVSS:3.1/AV:N/AC:H/PR:N/UI:R/S:U/C:H/I:H/A:H,The File Manager Pro plugin for WordPress is vulnerable to arbitrary backup file downloads and uploads due to missing file type validation via the 'mk_file_folder_manager_shortcode' ajax action in all,2024-10-16T07:15:16.537,https://nvd.nist.gov/vuln/detail/CVE-2024-8746,all
CVE-2015-8393,perl,5.42.0,7.5,HIGH,HIGH,CVSS:3.1/AV:N/AC:L/PR:N/UI:N/S:U/C:H/I:N/A:N,"pcregrep in PCRE before 8.38 mishandles the -q option for binary files, which might allow remote attackers to obtain sensitive information via a crafted file, as demonstrated by a CGI script that send",2015-12-02T01:59:17.527,https://nvd.nist.gov/vuln/detail/CVE-2015-8393,all
CVE-2020-13757,python3,3.14.4,7.5,HIGH,HIGH,CVSS:3.1/AV:N/AC:L/PR:N/UI:N/S:U/C:H/I:N/A:N,"Python-RSA before 4.1 ignores leading '\0' bytes during decryption of ciphertext. This could conceivably have a security-relevant impact, e.g., by helping an attacker to infer that an application uses",2020-06-01T19:15:10.067,https://nvd.nist.gov/vuln/detail/CVE-2020-13757,all
CVE-2020-25658,python3,3.14.4,7.5,HIGH,HIGH,CVSS:3.1/AV:N/AC:L/PR:N/UI:N/S:U/C:H/I:N/A:N,It was found that python-rsa is vulnerable to Bleichenbacher timing attacks. An attacker can use this flaw via the RSA decryption API to decrypt parts of the cipher text encrypted with RSA.,2020-11-12T14:15:22.877,https://nvd.nist.gov/vuln/detail/CVE-2020-25658,all
CVE-2026-3087,python3,3.14.4,7.5,HIGH,HIGH,CVSS:3.1/AV:N/AC:L/PR:N/UI:N/S:U/C:N/I:H/A:N,If `shutil.unpack_archive()` is given a ZIP archive with an absolute Windows path containing a drive (`C:\\...`) then the archive will be extracted outside the target directory which is different than,2026-04-27T21:16:42.480,https://nvd.nist.gov/vuln/detail/CVE-2026-3087,all
CVE-2019-16056,python3-dbus,1.4.0,7.5,HIGH,HIGH,CVSS:3.1/AV:N/AC:L/PR:N/UI:N/S:U/C:H/I:N/A:N,"An issue was discovered in Python through 2.7.16, 3.x through 3.5.7, 3.6.x through 3.6.9, and 3.7.x through 3.7.4. The email module wrongly parses email addresses that contain multiple @ characters. A",2019-09-06T18:15:15.443,https://nvd.nist.gov/vuln/detail/CVE-2019-16056,all
CVE-2020-13757,python3-dbus,1.4.0,7.5,HIGH,HIGH,CVSS:3.1/AV:N/AC:L/PR:N/UI:N/S:U/C:H/I:N/A:N,"Python-RSA before 4.1 ignores leading '\0' bytes during decryption of ciphertext. This could conceivably have a security-relevant impact, e.g., by helping an attacker to infer that an application uses",2020-06-01T19:15:10.067,https://nvd.nist.gov/vuln/detail/CVE-2020-13757,all
CVE-2022-45061,python3-dbus,1.4.0,7.5,HIGH,HIGH,CVSS:3.1/AV:N/AC:L/PR:N/UI:N/S:U/C:N/I:N/A:H,"An issue was discovered in Python before 3.11.1. An unnecessary quadratic algorithm exists in one path when processing some inputs to the IDNA (RFC 3490) decoder, such that a crafted, unreasonably lon",2022-11-09T07:15:09.887,https://nvd.nist.gov/vuln/detail/CVE-2022-45061,all
CVE-2022-0391,python3-dbus,1.4.0,7.5,HIGH,HIGH,CVSS:3.1/AV:N/AC:L/PR:N/UI:N/S:U/C:N/I:H/A:N,"A flaw was found in Python, specifically within the urllib.parse module. This module helps break Uniform Resource Locator (URL) strings into components. The issue involves how the urlparse method does",2022-02-09T23:15:16.580,https://nvd.nist.gov/vuln/detail/CVE-2022-0391,all
CVE-2022-48560,python3-dbus,1.4.0,7.5,HIGH,HIGH,CVSS:3.1/AV:N/AC:L/PR:N/UI:N/S:U/C:N/I:N/A:H,A use-after-free exists in Python through 3.9 via heappushpop in heapq.,2023-08-22T19:16:31.827,https://nvd.nist.gov/vuln/detail/CVE-2022-48560,all
CVE-2023-24329,python3-dbus,1.4.0,7.5,HIGH,HIGH,CVSS:3.1/AV:N/AC:L/PR:N/UI:N/S:U/C:N/I:H/A:N,An issue in the urllib.parse component of Python before 3.11.4 allows attackers to bypass blocklisting methods by supplying a URL that starts with blank characters.,2023-02-17T15:15:12.243,https://nvd.nist.gov/vuln/detail/CVE-2023-24329,all
CVE-2023-36632,python3-dbus,1.4.0,7.5,HIGH,HIGH,CVSS:3.1/AV:N/AC:L/PR:N/UI:N/S:U/C:N/I:N/A:H,"The legacy email.utils.parseaddr function in Python through 3.11.4 allows attackers to trigger ""RecursionError: maximum recursion depth exceeded while calling a Python object"" via a crafted argument. ",2023-06-25T18:15:09.313,https://nvd.nist.gov/vuln/detail/CVE-2023-36632,all
CVE-2024-6232,python3-dbus,1.4.0,7.5,HIGH,HIGH,CVSS:3.1/AV:N/AC:L/PR:N/UI:N/S:U/C:N/I:N/A:H,"There is a MEDIUM severity vulnerability affecting CPython.





Regular expressions that allowed excessive backtracking during tarfile.TarFile header parsing are vulnerable to ReDoS via specifically-",2024-09-03T13:15:05.363,https://nvd.nist.gov/vuln/detail/CVE-2024-6232,all
CVE-2024-7592,python3-dbus,1.4.0,7.5,HIGH,HIGH,CVSS:3.1/AV:N/AC:L/PR:N/UI:N/S:U/C:N/I:N/A:H,"There is a LOW severity vulnerability affecting CPython, specifically the
'http.cookies' standard library module.


When parsing cookies that contained backslashes for quoted characters in
the cookie ",2024-08-19T19:15:08.180,https://nvd.nist.gov/vuln/detail/CVE-2024-7592,all
CVE-2025-13836,python3-dbus,1.4.0,7.5,HIGH,HIGH,CVSS:3.1/AV:N/AC:L/PR:N/UI:N/S:U/C:N/I:N/A:H,"When reading an HTTP response from a server, if no read amount is specified, the default behavior will be to use Content-Length. This allows a malicious server to cause the client to read large amount",2025-12-01T18:16:04.200,https://nvd.nist.gov/vuln/detail/CVE-2025-13836,all
CVE-2026-45017,python3-dbus,1.4.0,7.5,HIGH,HIGH,CVSS:3.1/AV:N/AC:L/PR:N/UI:N/S:U/C:H/I:N/A:N,"Python Liquid is a Python engine for the Liquid template language. Prior to 2.2.0, the built-in FileSystemLoader and CachingFileSystemLoader do not guard against reading files outside their search pat",2026-05-28T16:16:25.883,https://nvd.nist.gov/vuln/detail/CVE-2026-45017,all
CVE-2026-3087,python3-dbus,1.4.0,7.5,HIGH,HIGH,CVSS:3.1/AV:N/AC:L/PR:N/UI:N/S:U/C:N/I:H/A:N,If `shutil.unpack_archive()` is given a ZIP archive with an absolute Windows path containing a drive (`C:\\...`) then the archive will be extracted outside the target directory which is different than,2026-04-27T21:16:42.480,https://nvd.nist.gov/vuln/detail/CVE-2026-3087,all
CVE-2026-4224,python3-dbus,1.4.0,7.5,HIGH,HIGH,CVSS:3.1/AV:N/AC:L/PR:N/UI:N/S:U/C:N/I:N/A:H,"When an Expat parser with a registered ElementDeclHandler parses an inline
document type definition containing a deeply nested content model a C stack
overflow occurs.",2026-03-16T18:16:10.070,https://nvd.nist.gov/vuln/detail/CVE-2026-4224,all
CVE-2026-3644,python3-dbus,1.4.0,7.5,HIGH,HIGH,CVSS:3.1/AV:N/AC:L/PR:N/UI:N/S:U/C:N/I:H/A:N,"The fix for CVE-2026-0672, which rejected control characters in http.cookies.Morsel, was incomplete. The Morsel.update(), |= operator, and unpickling paths were not patched, allowing control character",2026-03-16T18:16:09.907,https://nvd.nist.gov/vuln/detail/CVE-2026-3644,all
CVE-2022-31212,dbus-1,1.16.2,7.5,HIGH,HIGH,CVSS:3.1/AV:N/AC:L/PR:N/UI:N/S:U/C:N/I:N/A:H,An issue was discovered in dbus-broker before 31. It depends on c-uitl/c-shquote to parse the DBus service's Exec line. c-shquote contains a stack-based buffer over-read if a malicious Exec line is su,2022-07-17T23:15:08.977,https://nvd.nist.gov/vuln/detail/CVE-2022-31212,all
CVE-2022-31213,dbus-1,1.16.2,7.5,HIGH,HIGH,CVSS:3.1/AV:N/AC:L/PR:N/UI:N/S:U/C:N/I:N/A:H,An issue was discovered in dbus-broker before 31. Multiple NULL pointer dereferences can be found when supplying a malformed XML config file.,2022-07-17T23:15:09.020,https://nvd.nist.gov/vuln/detail/CVE-2022-31213,all
CVE-2022-31212,dbus-common,1.16.2,7.5,HIGH,HIGH,CVSS:3.1/AV:N/AC:L/PR:N/UI:N/S:U/C:N/I:N/A:H,An issue was discovered in dbus-broker before 31. It depends on c-uitl/c-shquote to parse the DBus service's Exec line. c-shquote contains a stack-based buffer over-read if a malicious Exec line is su,2022-07-17T23:15:08.977,https://nvd.nist.gov/vuln/detail/CVE-2022-31212,all
CVE-2022-31213,dbus-common,1.16.2,7.5,HIGH,HIGH,CVSS:3.1/AV:N/AC:L/PR:N/UI:N/S:U/C:N/I:N/A:H,An issue was discovered in dbus-broker before 31. Multiple NULL pointer dereferences can be found when supplying a malformed XML config file.,2022-07-17T23:15:09.020,https://nvd.nist.gov/vuln/detail/CVE-2022-31213,all
CVE-2022-31212,dbus-tools,1.16.2,7.5,HIGH,HIGH,CVSS:3.1/AV:N/AC:L/PR:N/UI:N/S:U/C:N/I:N/A:H,An issue was discovered in dbus-broker before 31. It depends on c-uitl/c-shquote to parse the DBus service's Exec line. c-shquote contains a stack-based buffer over-read if a malicious Exec line is su,2022-07-17T23:15:08.977,https://nvd.nist.gov/vuln/detail/CVE-2022-31212,all
CVE-2022-31213,dbus-tools,1.16.2,7.5,HIGH,HIGH,CVSS:3.1/AV:N/AC:L/PR:N/UI:N/S:U/C:N/I:N/A:H,An issue was discovered in dbus-broker before 31. Multiple NULL pointer dereferences can be found when supplying a malformed XML config file.,2022-07-17T23:15:09.020,https://nvd.nist.gov/vuln/detail/CVE-2022-31213,all
CVE-2020-8225,desktop-file-utils,0.28,7.5,HIGH,HIGH,CVSS:3.1/AV:N/AC:L/PR:N/UI:N/S:U/C:H/I:N/A:N,A cleartext storage of sensitive information in Nextcloud Desktop Client 2.6.4 gave away information about used proxies and their authentication credentials.,2020-09-18T21:15:13.013,https://nvd.nist.gov/vuln/detail/CVE-2020-8225,all
CVE-2025-4056,glib-networking,2.80.1,7.5,HIGH,HIGH,CVSS:3.1/AV:N/AC:L/PR:N/UI:N/S:U/C:N/I:N/A:H,A flaw was found in GLib. A denial of service on Windows platforms may occur if an application attempts to spawn a program using long command lines.,2025-07-28T13:15:30.177,https://nvd.nist.gov/vuln/detail/CVE-2025-4056,all
CVE-2026-4437,glibc-gconv,2.43+git,7.5,HIGH,HIGH,CVSS:3.1/AV:N/AC:L/PR:N/UI:N/S:U/C:N/I:N/A:H,"Calling gethostbyaddr or gethostbyaddr_r with a configured nsswitch.conf that specifies the library's DNS backend in the GNU C Library version 2.34 to version 2.43 could, with a crafted response from ",2026-03-20T20:16:49.477,https://nvd.nist.gov/vuln/detail/CVE-2026-4437,all
CVE-2026-5928,glibc-gconv,2.43+git,7.5,HIGH,HIGH,CVSS:3.1/AV:N/AC:L/PR:N/UI:N/S:U/C:N/I:N/A:H,"Calling the ungetwc function on a FILE stream with wide characters encoded in a character set that has overlaps between its single byte and multi-byte character encodings, in the GNU C Library version",2026-04-20T21:16:36.963,https://nvd.nist.gov/vuln/detail/CVE-2026-5928,all
CVE-2026-4046,glibc-gconv,2.43+git,7.5,HIGH,HIGH,CVSS:3.1/AV:N/AC:L/PR:N/UI:N/S:U/C:N/I:N/A:H,"The iconv() function in the GNU C Library versions 2.43 and earlier may crash due to an assertion failure when converting inputs from the IBM1390 or IBM1399 character sets, which may be used to remote",2026-03-30T18:16:19.573,https://nvd.nist.gov/vuln/detail/CVE-2026-4046,all
CVE-2026-4437,glibc-gconv-iso8859-1,2.43+git,7.5,HIGH,HIGH,CVSS:3.1/AV:N/AC:L/PR:N/UI:N/S:U/C:N/I:N/A:H,"Calling gethostbyaddr or gethostbyaddr_r with a configured nsswitch.conf that specifies the library's DNS backend in the GNU C Library version 2.34 to version 2.43 could, with a crafted response from ",2026-03-20T20:16:49.477,https://nvd.nist.gov/vuln/detail/CVE-2026-4437,all
CVE-2026-5928,glibc-gconv-iso8859-1,2.43+git,7.5,HIGH,HIGH,CVSS:3.1/AV:N/AC:L/PR:N/UI:N/S:U/C:N/I:N/A:H,"Calling the ungetwc function on a FILE stream with wide characters encoded in a character set that has overlaps between its single byte and multi-byte character encodings, in the GNU C Library version",2026-04-20T21:16:36.963,https://nvd.nist.gov/vuln/detail/CVE-2026-5928,all
CVE-2026-4046,glibc-gconv-iso8859-1,2.43+git,7.5,HIGH,HIGH,CVSS:3.1/AV:N/AC:L/PR:N/UI:N/S:U/C:N/I:N/A:H,"The iconv() function in the GNU C Library versions 2.43 and earlier may crash due to an assertion failure when converting inputs from the IBM1390 or IBM1399 character sets, which may be used to remote",2026-03-30T18:16:19.573,https://nvd.nist.gov/vuln/detail/CVE-2026-4046,all
CVE-2020-12513,io,1.0,7.5,HIGH,HIGH,CVSS:3.1/AV:N/AC:H/PR:L/UI:N/S:U/C:H/I:H/A:H,Pepperl+Fuchs Comtrol IO-Link Master in Version 1.5.48 and below is prone to an authenticated blind OS Command Injection.,2021-01-22T19:15:12.240,https://nvd.nist.gov/vuln/detail/CVE-2020-12513,all
CVE-2020-12512,io,1.0,7.5,HIGH,HIGH,CVSS:3.1/AV:N/AC:H/PR:L/UI:N/S:U/C:H/I:H/A:H,Pepperl+Fuchs Comtrol IO-Link Master in Version 1.5.48 and below is prone to an authenticated reflected POST Cross-Site Scripting,2021-01-22T19:15:12.097,https://nvd.nist.gov/vuln/detail/CVE-2020-12512,all
CVE-2015-7848,ntp,4.2.8p18,7.5,HIGH,HIGH,CVSS:3.1/AV:N/AC:L/PR:N/UI:N/S:U/C:N/I:N/A:H,An integer overflow can occur in NTP-dev.4.3.70 leading to an out-of-bounds memory copy operation when processing a specially crafted private mode packet. The crafted packet needs to have the correct ,2017-01-06T21:59:00.243,https://nvd.nist.gov/vuln/detail/CVE-2015-7848,all
CVE-2015-5219,ntp,4.2.8p18,7.5,HIGH,HIGH,CVSS:3.1/AV:N/AC:L/PR:N/UI:N/S:U/C:N/I:N/A:H,"The ULOGTOD function in ntp.d in SNTP before 4.2.7p366 does not properly perform type conversions from a precision value to a double, which allows remote attackers to cause a denial of service (infini",2017-07-21T14:29:00.867,https://nvd.nist.gov/vuln/detail/CVE-2015-5219,all
CVE-2015-7978,ntp,4.2.8p18,7.5,HIGH,HIGH,,"NTP before 4.2.8p6 and 4.3.0 before 4.3.90 allows a remote attackers to cause a denial of service (stack exhaustion) via an ntpdc relist command, which triggers recursive traversal of the restriction ",2017-01-30T21:59:00.520,https://nvd.nist.gov/vuln/detail/CVE-2015-7978,all
CVE-2015-7979,ntp,4.2.8p18,7.5,HIGH,HIGH,,NTP before 4.2.8p6 and 4.3.x before 4.3.90 allows remote attackers to cause a denial of service (client-server association tear down) by sending broadcast packets with invalid authentication to a broa,2017-01-30T21:59:00.613,https://nvd.nist.gov/vuln/detail/CVE-2015-7979,all
CVE-2015-7701,ntp,4.2.8p18,7.5,HIGH,HIGH,CVSS:3.1/AV:N/AC:L/PR:N/UI:N/S:U/C:N/I:N/A:H,"Memory leak in the CRYPTO_ASSOC function in ntpd in NTP 4.2.x before 4.2.8p4, and 4.3.x before 4.3.77 allows remote attackers to cause a denial of service (memory consumption).",2017-08-07T20:29:00.620,https://nvd.nist.gov/vuln/detail/CVE-2015-7701,all
CVE-2015-7704,ntp,4.2.8p18,7.5,HIGH,HIGH,CVSS:3.1/AV:N/AC:L/PR:N/UI:N/S:U/C:N/I:N/A:H,"The ntpd client in NTP 4.x before 4.2.8p4 and 4.3.x before 4.3.77 allows remote attackers to cause a denial of service via a number of crafted ""KOD"" messages.",2017-08-07T20:29:00.683,https://nvd.nist.gov/vuln/detail/CVE-2015-7704,all
CVE-2015-7703,ntp,4.2.8p18,7.5,HIGH,HIGH,CVSS:3.1/AV:N/AC:L/PR:N/UI:N/S:U/C:N/I:H/A:N,"The ""pidfile"" or ""driftfile"" directives in NTP ntpd 4.2.x before 4.2.8p4, and 4.3.x before 4.3.77, when ntpd is configured to allow remote configuration, allows remote attackers with an IP address tha",2017-07-24T14:29:00.223,https://nvd.nist.gov/vuln/detail/CVE-2015-7703,all
CVE-2015-5194,ntp,4.2.8p18,7.5,HIGH,HIGH,,The log_config_command function in ntp_parser.y in ntpd in NTP before 4.2.7p42 allows remote attackers to cause a denial of service (ntpd crash) via crafted logconfig commands.,2017-07-21T14:29:00.757,https://nvd.nist.gov/vuln/detail/CVE-2015-5194,all
CVE-2015-5195,ntp,4.2.8p18,7.5,HIGH,HIGH,,ntp_openssl.m4 in ntpd in NTP before 4.2.7p112 allows remote attackers to cause a denial of service (segmentation fault) via a crafted statistics or filegen configuration command that is not enabled d,2017-07-21T14:29:00.820,https://nvd.nist.gov/vuln/detail/CVE-2015-5195,all
CVE-2015-7692,ntp,4.2.8p18,7.5,HIGH,HIGH,CVSS:3.1/AV:N/AC:L/PR:N/UI:N/S:U/C:N/I:N/A:H,"The crypto_xmit function in ntpd in NTP 4.2.x before 4.2.8p4, and 4.3.x before 4.3.77 allows remote attackers to cause a denial of service (crash).  NOTE: This vulnerability exists due to an incomplet",2017-08-07T20:29:00.573,https://nvd.nist.gov/vuln/detail/CVE-2015-7692,all
CVE-2015-7691,ntp,4.2.8p18,7.5,HIGH,HIGH,CVSS:3.1/AV:N/AC:L/PR:N/UI:N/S:U/C:N/I:N/A:H,"The crypto_xmit function in ntpd in NTP 4.2.x before 4.2.8p4, and 4.3.x before 4.3.77 allows remote attackers to cause a denial of service (crash) via crafted packets containing particular autokey ope",2017-08-07T20:29:00.543,https://nvd.nist.gov/vuln/detail/CVE-2015-7691,all
CVE-2015-5300,ntp,4.2.8p18,7.5,HIGH,HIGH,,"The panic_gate check in NTP before 4.2.8p5 is only re-enabled after the first change to the system clock that was greater than 128 milliseconds by default, which allows remote attackers to set NTP to ",2017-07-21T14:29:00.927,https://nvd.nist.gov/vuln/detail/CVE-2015-5300,all
CVE-2016-9312,ntp,4.2.8p18,7.5,HIGH,HIGH,,"ntpd in NTP before 4.2.8p9, when running on Windows, allows remote attackers to cause a denial of service via a large UDP packet.",2017-01-13T16:59:00.933,https://nvd.nist.gov/vuln/detail/CVE-2016-9312,all
CVE-2016-4953,ntp,4.2.8p18,7.5,HIGH,HIGH,CVSS:3.1/AV:N/AC:L/PR:N/UI:N/S:U/C:N/I:N/A:H,ntpd in NTP 4.x before 4.2.8p8 allows remote attackers to cause a denial of service (ephemeral-association demobilization) by sending a spoofed crypto-NAK packet with incorrect authentication data at ,2016-07-05T01:59:00.143,https://nvd.nist.gov/vuln/detail/CVE-2016-4953,all
CVE-2016-4954,ntp,4.2.8p18,7.5,HIGH,HIGH,CVSS:3.1/AV:N/AC:L/PR:N/UI:N/S:U/C:N/I:N/A:H,The process_packet function in ntp_proto.c in ntpd in NTP 4.x before 4.2.8p8 allows remote attackers to cause a denial of service (peer-variable modification) by sending spoofed packets from many sour,2016-07-05T01:59:01.267,https://nvd.nist.gov/vuln/detail/CVE-2016-4954,all
CVE-2019-8936,ntp,4.2.8p18,7.5,HIGH,HIGH,CVSS:3.1/AV:N/AC:L/PR:N/UI:N/S:U/C:N/I:N/A:H,NTP through 4.2.8p12 has a NULL Pointer Dereference.,2019-05-15T16:29:01.223,https://nvd.nist.gov/vuln/detail/CVE-2019-8936,all
CVE-2020-11868,ntp,4.2.8p18,7.5,HIGH,HIGH,CVSS:3.1/AV:N/AC:L/PR:N/UI:N/S:U/C:N/I:N/A:H,"ntpd in ntp before 4.2.8p14 and 4.3.x before 4.3.100 allows an off-path attacker to block unauthenticated synchronization via a server mode packet with a spoofed source IP address, because transmissio",2020-04-17T04:15:10.987,https://nvd.nist.gov/vuln/detail/CVE-2020-11868,all
CVE-2015-7848,ntp-tickadj,4.2.8p18,7.5,HIGH,HIGH,CVSS:3.1/AV:N/AC:L/PR:N/UI:N/S:U/C:N/I:N/A:H,An integer overflow can occur in NTP-dev.4.3.70 leading to an out-of-bounds memory copy operation when processing a specially crafted private mode packet. The crafted packet needs to have the correct ,2017-01-06T21:59:00.243,https://nvd.nist.gov/vuln/detail/CVE-2015-7848,all
CVE-2015-5219,ntp-tickadj,4.2.8p18,7.5,HIGH,HIGH,CVSS:3.1/AV:N/AC:L/PR:N/UI:N/S:U/C:N/I:N/A:H,"The ULOGTOD function in ntp.d in SNTP before 4.2.7p366 does not properly perform type conversions from a precision value to a double, which allows remote attackers to cause a denial of service (infini",2017-07-21T14:29:00.867,https://nvd.nist.gov/vuln/detail/CVE-2015-5219,all
CVE-2015-7978,ntp-tickadj,4.2.8p18,7.5,HIGH,HIGH,,"NTP before 4.2.8p6 and 4.3.0 before 4.3.90 allows a remote attackers to cause a denial of service (stack exhaustion) via an ntpdc relist command, which triggers recursive traversal of the restriction ",2017-01-30T21:59:00.520,https://nvd.nist.gov/vuln/detail/CVE-2015-7978,all
CVE-2015-7979,ntp-tickadj,4.2.8p18,7.5,HIGH,HIGH,,NTP before 4.2.8p6 and 4.3.x before 4.3.90 allows remote attackers to cause a denial of service (client-server association tear down) by sending broadcast packets with invalid authentication to a broa,2017-01-30T21:59:00.613,https://nvd.nist.gov/vuln/detail/CVE-2015-7979,all
CVE-2015-7701,ntp-tickadj,4.2.8p18,7.5,HIGH,HIGH,CVSS:3.1/AV:N/AC:L/PR:N/UI:N/S:U/C:N/I:N/A:H,"Memory leak in the CRYPTO_ASSOC function in ntpd in NTP 4.2.x before 4.2.8p4, and 4.3.x before 4.3.77 allows remote attackers to cause a denial of service (memory consumption).",2017-08-07T20:29:00.620,https://nvd.nist.gov/vuln/detail/CVE-2015-7701,all
CVE-2015-7704,ntp-tickadj,4.2.8p18,7.5,HIGH,HIGH,CVSS:3.1/AV:N/AC:L/PR:N/UI:N/S:U/C:N/I:N/A:H,"The ntpd client in NTP 4.x before 4.2.8p4 and 4.3.x before 4.3.77 allows remote attackers to cause a denial of service via a number of crafted ""KOD"" messages.",2017-08-07T20:29:00.683,https://nvd.nist.gov/vuln/detail/CVE-2015-7704,all
CVE-2015-7703,ntp-tickadj,4.2.8p18,7.5,HIGH,HIGH,CVSS:3.1/AV:N/AC:L/PR:N/UI:N/S:U/C:N/I:H/A:N,"The ""pidfile"" or ""driftfile"" directives in NTP ntpd 4.2.x before 4.2.8p4, and 4.3.x before 4.3.77, when ntpd is configured to allow remote configuration, allows remote attackers with an IP address tha",2017-07-24T14:29:00.223,https://nvd.nist.gov/vuln/detail/CVE-2015-7703,all
CVE-2015-5194,ntp-tickadj,4.2.8p18,7.5,HIGH,HIGH,,The log_config_command function in ntp_parser.y in ntpd in NTP before 4.2.7p42 allows remote attackers to cause a denial of service (ntpd crash) via crafted logconfig commands.,2017-07-21T14:29:00.757,https://nvd.nist.gov/vuln/detail/CVE-2015-5194,all
CVE-2015-5195,ntp-tickadj,4.2.8p18,7.5,HIGH,HIGH,,ntp_openssl.m4 in ntpd in NTP before 4.2.7p112 allows remote attackers to cause a denial of service (segmentation fault) via a crafted statistics or filegen configuration command that is not enabled d,2017-07-21T14:29:00.820,https://nvd.nist.gov/vuln/detail/CVE-2015-5195,all
CVE-2015-7692,ntp-tickadj,4.2.8p18,7.5,HIGH,HIGH,CVSS:3.1/AV:N/AC:L/PR:N/UI:N/S:U/C:N/I:N/A:H,"The crypto_xmit function in ntpd in NTP 4.2.x before 4.2.8p4, and 4.3.x before 4.3.77 allows remote attackers to cause a denial of service (crash).  NOTE: This vulnerability exists due to an incomplet",2017-08-07T20:29:00.573,https://nvd.nist.gov/vuln/detail/CVE-2015-7692,all
CVE-2015-7691,ntp-tickadj,4.2.8p18,7.5,HIGH,HIGH,CVSS:3.1/AV:N/AC:L/PR:N/UI:N/S:U/C:N/I:N/A:H,"The crypto_xmit function in ntpd in NTP 4.2.x before 4.2.8p4, and 4.3.x before 4.3.77 allows remote attackers to cause a denial of service (crash) via crafted packets containing particular autokey ope",2017-08-07T20:29:00.543,https://nvd.nist.gov/vuln/detail/CVE-2015-7691,all
CVE-2015-5300,ntp-tickadj,4.2.8p18,7.5,HIGH,HIGH,,"The panic_gate check in NTP before 4.2.8p5 is only re-enabled after the first change to the system clock that was greater than 128 milliseconds by default, which allows remote attackers to set NTP to ",2017-07-21T14:29:00.927,https://nvd.nist.gov/vuln/detail/CVE-2015-5300,all
CVE-2016-9312,ntp-tickadj,4.2.8p18,7.5,HIGH,HIGH,,"ntpd in NTP before 4.2.8p9, when running on Windows, allows remote attackers to cause a denial of service via a large UDP packet.",2017-01-13T16:59:00.933,https://nvd.nist.gov/vuln/detail/CVE-2016-9312,all
CVE-2016-4953,ntp-tickadj,4.2.8p18,7.5,HIGH,HIGH,CVSS:3.1/AV:N/AC:L/PR:N/UI:N/S:U/C:N/I:N/A:H,ntpd in NTP 4.x before 4.2.8p8 allows remote attackers to cause a denial of service (ephemeral-association demobilization) by sending a spoofed crypto-NAK packet with incorrect authentication data at ,2016-07-05T01:59:00.143,https://nvd.nist.gov/vuln/detail/CVE-2016-4953,all
CVE-2016-4954,ntp-tickadj,4.2.8p18,7.5,HIGH,HIGH,CVSS:3.1/AV:N/AC:L/PR:N/UI:N/S:U/C:N/I:N/A:H,The process_packet function in ntp_proto.c in ntpd in NTP 4.x before 4.2.8p8 allows remote attackers to cause a denial of service (peer-variable modification) by sending spoofed packets from many sour,2016-07-05T01:59:01.267,https://nvd.nist.gov/vuln/detail/CVE-2016-4954,all
CVE-2019-8936,ntp-tickadj,4.2.8p18,7.5,HIGH,HIGH,CVSS:3.1/AV:N/AC:L/PR:N/UI:N/S:U/C:N/I:N/A:H,NTP through 4.2.8p12 has a NULL Pointer Dereference.,2019-05-15T16:29:01.223,https://nvd.nist.gov/vuln/detail/CVE-2019-8936,all
CVE-2020-11868,ntp-tickadj,4.2.8p18,7.5,HIGH,HIGH,CVSS:3.1/AV:N/AC:L/PR:N/UI:N/S:U/C:N/I:N/A:H,"ntpd in ntp before 4.2.8p14 and 4.3.x before 4.3.100 allows an off-path attacker to block unauthenticated synchronization via a server mode packet with a spoofed source IP address, because transmissio",2020-04-17T04:15:10.987,https://nvd.nist.gov/vuln/detail/CVE-2020-11868,all
CVE-2026-35385,openssh,10.3p1,7.5,HIGH,HIGH,CVSS:3.1/AV:N/AC:H/PR:N/UI:R/S:U/C:H/I:H/A:H,"In OpenSSH before 10.3, a file downloaded by scp may be installed setuid or setgid, an outcome contrary to some users' expectations, if the download is performed as root with -O (legacy scp protocol) ",2026-04-02T17:16:27.450,https://nvd.nist.gov/vuln/detail/CVE-2026-35385,all
CVE-2026-35385,openssh-keygen,10.3p1,7.5,HIGH,HIGH,CVSS:3.1/AV:N/AC:H/PR:N/UI:R/S:U/C:H/I:H/A:H,"In OpenSSH before 10.3, a file downloaded by scp may be installed setuid or setgid, an outcome contrary to some users' expectations, if the download is performed as root with -O (legacy scp protocol) ",2026-04-02T17:16:27.450,https://nvd.nist.gov/vuln/detail/CVE-2026-35385,all
CVE-2026-35385,openssh-scp,10.3p1,7.5,HIGH,HIGH,CVSS:3.1/AV:N/AC:H/PR:N/UI:R/S:U/C:H/I:H/A:H,"In OpenSSH before 10.3, a file downloaded by scp may be installed setuid or setgid, an outcome contrary to some users' expectations, if the download is performed as root with -O (legacy scp protocol) ",2026-04-02T17:16:27.450,https://nvd.nist.gov/vuln/detail/CVE-2026-35385,all
CVE-2026-35385,openssh-sftp-server,10.3p1,7.5,HIGH,HIGH,CVSS:3.1/AV:N/AC:H/PR:N/UI:R/S:U/C:H/I:H/A:H,"In OpenSSH before 10.3, a file downloaded by scp may be installed setuid or setgid, an outcome contrary to some users' expectations, if the download is performed as root with -O (legacy scp protocol) ",2026-04-02T17:16:27.450,https://nvd.nist.gov/vuln/detail/CVE-2026-35385,all
CVE-2026-35385,openssh-ssh,10.3p1,7.5,HIGH,HIGH,CVSS:3.1/AV:N/AC:H/PR:N/UI:R/S:U/C:H/I:H/A:H,"In OpenSSH before 10.3, a file downloaded by scp may be installed setuid or setgid, an outcome contrary to some users' expectations, if the download is performed as root with -O (legacy scp protocol) ",2026-04-02T17:16:27.450,https://nvd.nist.gov/vuln/detail/CVE-2026-35385,all
CVE-2026-35385,openssh-sshd,10.3p1,7.5,HIGH,HIGH,CVSS:3.1/AV:N/AC:H/PR:N/UI:R/S:U/C:H/I:H/A:H,"In OpenSSH before 10.3, a file downloaded by scp may be installed setuid or setgid, an outcome contrary to some users' expectations, if the download is performed as root with -O (legacy scp protocol) ",2026-04-02T17:16:27.450,https://nvd.nist.gov/vuln/detail/CVE-2026-35385,all
CVE-2020-13757,python3-codecs,3.14.4,7.5,HIGH,HIGH,CVSS:3.1/AV:N/AC:L/PR:N/UI:N/S:U/C:H/I:N/A:N,"Python-RSA before 4.1 ignores leading '\0' bytes during decryption of ciphertext. This could conceivably have a security-relevant impact, e.g., by helping an attacker to infer that an application uses",2020-06-01T19:15:10.067,https://nvd.nist.gov/vuln/detail/CVE-2020-13757,all
CVE-2020-25658,python3-codecs,3.14.4,7.5,HIGH,HIGH,CVSS:3.1/AV:N/AC:L/PR:N/UI:N/S:U/C:H/I:N/A:N,It was found that python-rsa is vulnerable to Bleichenbacher timing attacks. An attacker can use this flaw via the RSA decryption API to decrypt parts of the cipher text encrypted with RSA.,2020-11-12T14:15:22.877,https://nvd.nist.gov/vuln/detail/CVE-2020-25658,all
CVE-2026-3087,python3-codecs,3.14.4,7.5,HIGH,HIGH,CVSS:3.1/AV:N/AC:L/PR:N/UI:N/S:U/C:N/I:H/A:N,If `shutil.unpack_archive()` is given a ZIP archive with an absolute Windows path containing a drive (`C:\\...`) then the archive will be extracted outside the target directory which is different than,2026-04-27T21:16:42.480,https://nvd.nist.gov/vuln/detail/CVE-2026-3087,all
CVE-2020-13757,python3-compression,3.14.4,7.5,HIGH,HIGH,CVSS:3.1/AV:N/AC:L/PR:N/UI:N/S:U/C:H/I:N/A:N,"Python-RSA before 4.1 ignores leading '\0' bytes during decryption of ciphertext. This could conceivably have a security-relevant impact, e.g., by helping an attacker to infer that an application uses",2020-06-01T19:15:10.067,https://nvd.nist.gov/vuln/detail/CVE-2020-13757,all
CVE-2020-25658,python3-compression,3.14.4,7.5,HIGH,HIGH,CVSS:3.1/AV:N/AC:L/PR:N/UI:N/S:U/C:H/I:N/A:N,It was found that python-rsa is vulnerable to Bleichenbacher timing attacks. An attacker can use this flaw via the RSA decryption API to decrypt parts of the cipher text encrypted with RSA.,2020-11-12T14:15:22.877,https://nvd.nist.gov/vuln/detail/CVE-2020-25658,all
CVE-2026-3087,python3-compression,3.14.4,7.5,HIGH,HIGH,CVSS:3.1/AV:N/AC:L/PR:N/UI:N/S:U/C:N/I:H/A:N,If `shutil.unpack_archive()` is given a ZIP archive with an absolute Windows path containing a drive (`C:\\...`) then the archive will be extracted outside the target directory which is different than,2026-04-27T21:16:42.480,https://nvd.nist.gov/vuln/detail/CVE-2026-3087,all
CVE-2020-13757,python3-core,3.14.4,7.5,HIGH,HIGH,CVSS:3.1/AV:N/AC:L/PR:N/UI:N/S:U/C:H/I:N/A:N,"Python-RSA before 4.1 ignores leading '\0' bytes during decryption of ciphertext. This could conceivably have a security-relevant impact, e.g., by helping an attacker to infer that an application uses",2020-06-01T19:15:10.067,https://nvd.nist.gov/vuln/detail/CVE-2020-13757,all
CVE-2020-25658,python3-core,3.14.4,7.5,HIGH,HIGH,CVSS:3.1/AV:N/AC:L/PR:N/UI:N/S:U/C:H/I:N/A:N,It was found that python-rsa is vulnerable to Bleichenbacher timing attacks. An attacker can use this flaw via the RSA decryption API to decrypt parts of the cipher text encrypted with RSA.,2020-11-12T14:15:22.877,https://nvd.nist.gov/vuln/detail/CVE-2020-25658,all
CVE-2026-3087,python3-core,3.14.4,7.5,HIGH,HIGH,CVSS:3.1/AV:N/AC:L/PR:N/UI:N/S:U/C:N/I:H/A:N,If `shutil.unpack_archive()` is given a ZIP archive with an absolute Windows path containing a drive (`C:\\...`) then the archive will be extracted outside the target directory which is different than,2026-04-27T21:16:42.480,https://nvd.nist.gov/vuln/detail/CVE-2026-3087,all
CVE-2024-8918,file,5.47,7.4,HIGH,HIGH,CVSS:3.1/AV:N/AC:H/PR:N/UI:N/S:U/C:H/I:H/A:N,"The File Manager Pro plugin for WordPress is vulnerable to Limited JavaScript File Upload in all versions up to, and including, 8.3.9. This is due to a lack of proper checks on allowed file types. Thi",2024-10-16T07:15:16.777,https://nvd.nist.gov/vuln/detail/CVE-2024-8918,all
CVE-2026-50292,libinput-bin,1.30.2,7.4,HIGH,HIGH,CVSS:3.1/AV:L/AC:H/PR:N/UI:N/S:U/C:H/I:H/A:H,"In libinput before 1.30.4 and 1.31.x before 1.31.3, libinput-device-group unescaped phys output can inject udev properties leading to arbitrary root code execution",2026-06-04T18:16:32.530,https://nvd.nist.gov/vuln/detail/CVE-2026-50292,all
CVE-2020-13817,ntp,4.2.8p18,7.4,HIGH,HIGH,CVSS:3.1/AV:N/AC:H/PR:N/UI:N/S:U/C:N/I:H/A:H,ntpd in ntp before 4.2.8p14 and 4.3.x before 4.3.100 allows remote attackers to cause a denial of service (daemon exit or system time change) by predicting transmit timestamps for use in spoofed packe,2020-06-04T13:15:11.053,https://nvd.nist.gov/vuln/detail/CVE-2020-13817,all
CVE-2020-13817,ntp-tickadj,4.2.8p18,7.4,HIGH,HIGH,CVSS:3.1/AV:N/AC:H/PR:N/UI:N/S:U/C:N/I:H/A:H,ntpd in ntp before 4.2.8p14 and 4.3.x before 4.3.100 allows remote attackers to cause a denial of service (daemon exit or system time change) by predicting transmit timestamps for use in spoofed packe,2020-06-04T13:15:11.053,https://nvd.nist.gov/vuln/detail/CVE-2020-13817,all
CVE-2015-8387,perl,5.42.0,7.3,HIGH,HIGH,CVSS:3.1/AV:N/AC:L/PR:N/UI:N/S:U/C:L/I:L/A:L,"PCRE before 8.38 mishandles (?123) subroutine calls and related subroutine calls, which allows remote attackers to cause a denial of service (integer overflow) or possibly have unspecified other impac",2015-12-02T01:59:11.417,https://nvd.nist.gov/vuln/detail/CVE-2015-8387,all
CVE-2022-40725,desktop-file-utils,0.28,7.3,HIGH,HIGH,CVSS:3.1/AV:L/AC:L/PR:L/UI:N/S:U/C:H/I:L/A:H,PingID Desktop prior to the latest released version 1.7.4 contains a vulnerability that can be exploited to bypass the maximum PIN attempts permitted before the time-based lockout is activated.,2023-04-25T19:15:10.447,https://nvd.nist.gov/vuln/detail/CVE-2022-40725,all
CVE-2026-5435,glibc-gconv,2.43+git,7.3,HIGH,HIGH,CVSS:3.1/AV:N/AC:L/PR:N/UI:N/S:U/C:L/I:L/A:L,"The deprecated functions ns_printrrf, ns_printrr and fp_nquery in the GNU C Library version 2.2 and newer fail to enforce the caller-supplied buffer length, and can result in an out-of-bounds write wh",2026-04-28T13:19:22.290,https://nvd.nist.gov/vuln/detail/CVE-2026-5435,all
CVE-2026-5435,glibc-gconv-iso8859-1,2.43+git,7.3,HIGH,HIGH,CVSS:3.1/AV:N/AC:L/PR:N/UI:N/S:U/C:L/I:L/A:L,"The deprecated functions ns_printrrf, ns_printrr and fp_nquery in the GNU C Library version 2.2 and newer fail to enforce the caller-supplied buffer length, and can result in an out-of-bounds write wh",2026-04-28T13:19:22.290,https://nvd.nist.gov/vuln/detail/CVE-2026-5435,all
CVE-2020-12525,io,1.0,7.3,HIGH,HIGH,CVSS:3.1/AV:L/AC:L/PR:L/UI:R/S:U/C:H/I:H/A:H,M&M Software fdtCONTAINER Component in versions below 3.5.20304.x and between 3.6 and 3.6.20304.x is vulnerable to deserialization of untrusted data in its project storage.,2021-01-22T19:15:12.443,https://nvd.nist.gov/vuln/detail/CVE-2020-12525,all
CVE-2016-3988,ntp,4.2.8p18,7.3,HIGH,HIGH,,"Multiple stack-based buffer overflows in the NTP time-server interface on Meinberg IMS-LANTIME M3000, IMS-LANTIME M1000, IMS-LANTIME M500, LANTIME M900, LANTIME M600, LANTIME M400, LANTIME M300, LANTI",2016-07-03T14:59:04.523,https://nvd.nist.gov/vuln/detail/CVE-2016-3988,all
CVE-2016-3962,ntp,4.2.8p18,7.3,HIGH,HIGH,,"Stack-based buffer overflow in the NTP time-server interface on Meinberg IMS-LANTIME M3000, IMS-LANTIME M1000, IMS-LANTIME M500, LANTIME M900, LANTIME M600, LANTIME M400, LANTIME M300, LANTIME M200, L",2016-07-03T14:59:03.477,https://nvd.nist.gov/vuln/detail/CVE-2016-3962,all
CVE-2022-31647,desktop-file-utils,0.28,7.1,HIGH,HIGH,CVSS:3.1/AV:L/AC:L/PR:L/UI:N/S:U/C:N/I:H/A:H,"Docker Desktop before 4.6.0 on Windows allows attackers to delete any file through the hyperv/destroy dockerBackendV2 API via a symlink in the DataFolder parameter, a different vulnerability than CVE-",2023-04-27T20:15:39.930,https://nvd.nist.gov/vuln/detail/CVE-2022-31647,all
CVE-2022-34292,desktop-file-utils,0.28,7.1,HIGH,HIGH,CVSS:3.1/AV:L/AC:L/PR:L/UI:N/S:U/C:N/I:H/A:H,Docker Desktop for Windows before 4.6.0 allows attackers to overwrite any file through a symlink attack on the hyperv/create dockerBackendV2 API by controlling the DataFolder parameter for DockerDeskt,2023-04-27T20:15:40.070,https://nvd.nist.gov/vuln/detail/CVE-2022-34292,all
CVE-2022-26488,python3-dbus,1.4.0,7.0,HIGH,HIGH,CVSS:3.1/AV:L/AC:H/PR:L/UI:N/S:U/C:H/I:H/A:H,"In Python before 3.10.3 on Windows, local users can gain privileges because the search path is inadequately secured. The installer may allow a local attacker to add user-writable directories to the sy",2022-03-10T17:47:45.383,https://nvd.nist.gov/vuln/detail/CVE-2022-26488,all
CVE-2024-6222,desktop-file-utils,0.28,7.0,HIGH,HIGH,CVSS:3.1/AV:L/AC:H/PR:L/UI:N/S:U/C:H/I:H/A:H,"In Docker Desktop before v4.29.0, an attacker who has gained access to the Docker Desktop VM through a container breakout can further escape to the host by passing extensions and dashboard related IPC",2024-07-09T18:15:12.510,https://nvd.nist.gov/vuln/detail/CVE-2024-6222,all
CVE-2023-51767,openssh,10.3p1,7.0,HIGH,HIGH,CVSS:3.1/AV:L/AC:H/PR:L/UI:N/S:U/C:H/I:H/A:H,"OpenSSH through 10.0, when common types of DRAM are used, might allow row hammer attacks (for authentication bypass) because the integer value of authenticated in mm_answer_authpassword does not resis",2023-12-24T07:15:07.410,https://nvd.nist.gov/vuln/detail/CVE-2023-51767,all
CVE-2023-51767,openssh-keygen,10.3p1,7.0,HIGH,HIGH,CVSS:3.1/AV:L/AC:H/PR:L/UI:N/S:U/C:H/I:H/A:H,"OpenSSH through 10.0, when common types of DRAM are used, might allow row hammer attacks (for authentication bypass) because the integer value of authenticated in mm_answer_authpassword does not resis",2023-12-24T07:15:07.410,https://nvd.nist.gov/vuln/detail/CVE-2023-51767,all
CVE-2023-51767,openssh-scp,10.3p1,7.0,HIGH,HIGH,CVSS:3.1/AV:L/AC:H/PR:L/UI:N/S:U/C:H/I:H/A:H,"OpenSSH through 10.0, when common types of DRAM are used, might allow row hammer attacks (for authentication bypass) because the integer value of authenticated in mm_answer_authpassword does not resis",2023-12-24T07:15:07.410,https://nvd.nist.gov/vuln/detail/CVE-2023-51767,all
CVE-2023-51767,openssh-sftp-server,10.3p1,7.0,HIGH,HIGH,CVSS:3.1/AV:L/AC:H/PR:L/UI:N/S:U/C:H/I:H/A:H,"OpenSSH through 10.0, when common types of DRAM are used, might allow row hammer attacks (for authentication bypass) because the integer value of authenticated in mm_answer_authpassword does not resis",2023-12-24T07:15:07.410,https://nvd.nist.gov/vuln/detail/CVE-2023-51767,all
CVE-2023-51767,openssh-ssh,10.3p1,7.0,HIGH,HIGH,CVSS:3.1/AV:L/AC:H/PR:L/UI:N/S:U/C:H/I:H/A:H,"OpenSSH through 10.0, when common types of DRAM are used, might allow row hammer attacks (for authentication bypass) because the integer value of authenticated in mm_answer_authpassword does not resis",2023-12-24T07:15:07.410,https://nvd.nist.gov/vuln/detail/CVE-2023-51767,all
CVE-2023-51767,openssh-sshd,10.3p1,7.0,HIGH,HIGH,CVSS:3.1/AV:L/AC:H/PR:L/UI:N/S:U/C:H/I:H/A:H,"OpenSSH through 10.0, when common types of DRAM are used, might allow row hammer attacks (for authentication bypass) because the integer value of authenticated in mm_answer_authpassword does not resis",2023-12-24T07:15:07.410,https://nvd.nist.gov/vuln/detail/CVE-2023-51767,all
CVE-2024-2654,file,5.47,6.8,MEDIUM,MEDIUM,CVSS:3.1/AV:N/AC:L/PR:H/UI:N/S:C/C:H/I:N/A:N,"The File Manager plugin for WordPress is vulnerable to Directory Traversal in all versions up to, and including, 7.2.5 via the fm_download_backup function. This makes it possible for authenticated att",2024-04-09T19:15:35.947,https://nvd.nist.gov/vuln/detail/CVE-2024-2654,all
CVE-2020-8227,desktop-file-utils,0.28,6.8,MEDIUM,MEDIUM,CVSS:3.1/AV:N/AC:L/PR:H/UI:R/S:U/C:H/I:H/A:H,Missing sanitization of a server response in Nextcloud Desktop Client 2.6.4 for Linux allowed a malicious Nextcloud Server to store files outside of the dedicated sync directory.,2020-08-21T21:15:11.967,https://nvd.nist.gov/vuln/detail/CVE-2020-8227,all
CVE-2020-10665,desktop-file-utils,0.28,6.7,MEDIUM,MEDIUM,CVSS:3.1/AV:L/AC:L/PR:H/UI:N/S:U/C:H/I:H/A:H,"Docker Desktop allows local privilege escalation to NT AUTHORITY\SYSTEM because it mishandles the collection of diagnostics with Administrator privileges, leading to arbitrary DACL permissions overwri",2020-03-18T19:15:18.387,https://nvd.nist.gov/vuln/detail/CVE-2020-10665,all
CVE-2020-8140,desktop-file-utils,0.28,6.7,MEDIUM,MEDIUM,CVSS:3.1/AV:L/AC:L/PR:H/UI:N/S:U/C:H/I:H/A:H,A code injection in Nextcloud Desktop Client 2.6.2 for macOS allowed to load arbitrary code when starting the client with DYLD_INSERT_LIBRARIES set in the environment.,2020-03-20T21:15:17.737,https://nvd.nist.gov/vuln/detail/CVE-2020-8140,all
CVE-2023-28065,update-alternatives-opkg,0.7.0,6.7,MEDIUM,MEDIUM,CVSS:3.1/AV:L/AC:H/PR:L/UI:R/S:U/C:H/I:H/A:H,"
Dell Command | Update, Dell Update, and Alienware Update versions 4.8.0 and prior contain an Insecure Operation on Windows Junction / Mount Point vulnerability. A local malicious user could potential",2023-06-23T12:15:09.340,https://nvd.nist.gov/vuln/detail/CVE-2023-28065,all
CVE-2023-28065,update-rc.d,0.8+git,6.7,MEDIUM,MEDIUM,CVSS:3.1/AV:L/AC:H/PR:L/UI:R/S:U/C:H/I:H/A:H,"
Dell Command | Update, Dell Update, and Alienware Update versions 4.8.0 and prior contain an Insecure Operation on Windows Junction / Mount Point vulnerability. A local malicious user could potential",2023-06-23T12:15:09.340,https://nvd.nist.gov/vuln/detail/CVE-2023-28065,all
CVE-2020-12514,io,1.0,6.6,MEDIUM,MEDIUM,CVSS:3.1/AV:N/AC:H/PR:H/UI:N/S:U/C:H/I:H/A:H,Pepperl+Fuchs Comtrol IO-Link Master in Version 1.5.48 and below is prone to a NULL Pointer Dereference that leads to a DoS in discoveryd,2021-01-22T19:15:12.300,https://nvd.nist.gov/vuln/detail/CVE-2020-12514,all
CVE-2022-34458,update-alternatives-opkg,0.7.0,6.6,MEDIUM,MEDIUM,CVSS:3.1/AV:L/AC:L/PR:L/UI:N/S:U/C:H/I:L/A:L,"
Dell Command | Update, Dell Update, and Alienware Update versions prior to 4.7 contain a Exposure of Sensitive System Information to an Unauthorized Control Sphere vulnerability in download operation",2023-02-01T05:15:12.417,https://nvd.nist.gov/vuln/detail/CVE-2022-34458,all
CVE-2022-34458,update-rc.d,0.8+git,6.6,MEDIUM,MEDIUM,CVSS:3.1/AV:L/AC:L/PR:L/UI:N/S:U/C:H/I:L/A:L,"
Dell Command | Update, Dell Update, and Alienware Update versions prior to 4.7 contain a Exposure of Sensitive System Information to an Unauthorized Control Sphere vulnerability in download operation",2023-02-01T05:15:12.417,https://nvd.nist.gov/vuln/detail/CVE-2022-34458,all
CVE-2026-5545,curl,8.19.0,6.5,MEDIUM,MEDIUM,CVSS:3.1/AV:N/AC:H/PR:N/UI:N/S:U/C:L/I:H/A:N,"libcurl might in some circumstances reuse the wrong connection when asked to
do an authenticated HTTP(S) request after a Negotiate-authenticated one, when
both use the same host.

libcurl features a p",2026-05-13T13:01:56.190,https://nvd.nist.gov/vuln/detail/CVE-2026-5545,all
CVE-2023-5907,file,5.47,6.5,MEDIUM,MEDIUM,CVSS:3.1/AV:N/AC:L/PR:H/UI:N/S:U/C:H/I:H/A:N,"The File Manager WordPress plugin before 6.3 does not restrict the file managers root directory, allowing an administrator to set a root outside of the WordPress root directory, giving access to syste",2023-12-11T20:15:07.263,https://nvd.nist.gov/vuln/detail/CVE-2023-5907,all
CVE-2026-6732,libxml2-utils,2.15.2,6.5,MEDIUM,MEDIUM,CVSS:3.1/AV:A/AC:L/PR:N/UI:N/S:U/C:N/I:N/A:H,A flaw was found in libxml2. This vulnerability occurs when the library processes a specially crafted XML Schema Definition (XSD) validated document that includes an internal entity reference. An atta,2026-04-23T23:16:16.443,https://nvd.nist.gov/vuln/detail/CVE-2026-6732,all
CVE-2016-0772,python3-dbus,1.4.0,6.5,MEDIUM,MEDIUM,,"The smtplib library in CPython (aka Python) before 2.7.12, 3.x before 3.4.5, and 3.5.x before 3.5.2 does not return an error when StartTLS fails, which might allow man-in-the-middle attackers to bypas",2016-09-02T14:59:00.127,https://nvd.nist.gov/vuln/detail/CVE-2016-0772,all
CVE-2017-18207,python3-dbus,1.4.0,6.5,MEDIUM,MEDIUM,,"The Wave_read._read_fmt_chunk function in Lib/wave.py in Python through 3.6.4 does not ensure a nonzero channel value, which allows attackers to cause a denial of service (divide-by-zero and exception",2018-03-01T05:29:00.227,https://nvd.nist.gov/vuln/detail/CVE-2017-18207,all
CVE-2018-1061,python3-dbus,1.4.0,6.5,MEDIUM,MEDIUM,,"python before versions 2.7.15, 3.4.9, 3.5.6rc1, 3.6.5rc1 and 3.7.0 is vulnerable to catastrophic backtracking in the difflib.IS_LINE_JUNK method.  An attacker could use this flaw to cause denial of se",2018-06-19T12:29:00.220,https://nvd.nist.gov/vuln/detail/CVE-2018-1061,all
CVE-2021-46823,python3-dbus,1.4.0,6.5,MEDIUM,MEDIUM,CVSS:3.1/AV:N/AC:L/PR:L/UI:N/S:U/C:N/I:N/A:H,"python-ldap before 3.4.0 is vulnerable to a denial of service when ldap.schema is used for untrusted schema definitions, because of a regular expression denial of service (ReDoS) flaw in the LDAP sche",2022-06-18T16:15:08.173,https://nvd.nist.gov/vuln/detail/CVE-2021-46823,all
CVE-2021-3733,python3-dbus,1.4.0,6.5,MEDIUM,MEDIUM,CVSS:3.1/AV:N/AC:L/PR:L/UI:N/S:U/C:N/I:N/A:H,"There's a flaw in urllib's AbstractBasicAuthHandler class. An attacker who controls a malicious HTTP server that an HTTP client (such as web browser) connects to, could trigger a Regular Expression De",2022-03-10T17:42:59.623,https://nvd.nist.gov/vuln/detail/CVE-2021-3733,all
CVE-2022-48564,python3-dbus,1.4.0,6.5,MEDIUM,MEDIUM,CVSS:3.1/AV:N/AC:L/PR:N/UI:R/S:U/C:N/I:N/A:H,read_ints in plistlib.py in Python through 3.9.1 is vulnerable to a potential DoS attack via CPU and RAM exhaustion when processing malformed Apple Property List files in binary format.,2023-08-22T19:16:31.927,https://nvd.nist.gov/vuln/detail/CVE-2022-48564,all
CVE-2024-33663,python3-dbus,1.4.0,6.5,MEDIUM,MEDIUM,CVSS:3.1/AV:N/AC:L/PR:N/UI:N/S:U/C:L/I:L/A:N,python-jose through 3.3.0 has algorithm confusion with OpenSSH ECDSA keys and other key formats. This is similar to CVE-2022-29217.,2024-04-26T00:15:09.010,https://nvd.nist.gov/vuln/detail/CVE-2024-33663,all
CVE-2025-61911,python3-dbus,1.4.0,6.5,MEDIUM,MEDIUM,CVSS:3.1/AV:N/AC:L/PR:N/UI:N/S:U/C:L/I:L/A:N,"python-ldap is a lightweight directory access protocol (LDAP) client API for Python. In versions prior to 3.4.5, the sanitization method `ldap.filter.escape_filter_chars` can be tricked to skip escapi",2025-10-10T22:15:37.470,https://nvd.nist.gov/vuln/detail/CVE-2025-61911,all
CVE-2025-60876,busybox,1.37.0,6.5,MEDIUM,MEDIUM,CVSS:3.1/AV:N/AC:L/PR:N/UI:N/S:U/C:L/I:L/A:N,"BusyBox wget thru 1.3.7 accepted raw CR (0x0D)/LF (0x0A) and other C0 control bytes in the HTTP request-target (path/query), allowing the request line to be split and attacker-controlled headers to be",2025-11-10T20:15:48.683,https://nvd.nist.gov/vuln/detail/CVE-2025-60876,all
CVE-2025-60876,busybox-hwclock,1.37.0,6.5,MEDIUM,MEDIUM,CVSS:3.1/AV:N/AC:L/PR:N/UI:N/S:U/C:L/I:L/A:N,"BusyBox wget thru 1.3.7 accepted raw CR (0x0D)/LF (0x0A) and other C0 control bytes in the HTTP request-target (path/query), allowing the request line to be split and attacker-controlled headers to be",2025-11-10T20:15:48.683,https://nvd.nist.gov/vuln/detail/CVE-2025-60876,all
CVE-2025-60876,busybox-syslog,1.37.0,6.5,MEDIUM,MEDIUM,CVSS:3.1/AV:N/AC:L/PR:N/UI:N/S:U/C:L/I:L/A:N,"BusyBox wget thru 1.3.7 accepted raw CR (0x0D)/LF (0x0A) and other C0 control bytes in the HTTP request-target (path/query), allowing the request line to be split and attacker-controlled headers to be",2025-11-10T20:15:48.683,https://nvd.nist.gov/vuln/detail/CVE-2025-60876,all
CVE-2025-60876,busybox-udhcpc,1.37.0,6.5,MEDIUM,MEDIUM,CVSS:3.1/AV:N/AC:L/PR:N/UI:N/S:U/C:L/I:L/A:N,"BusyBox wget thru 1.3.7 accepted raw CR (0x0D)/LF (0x0A) and other C0 control bytes in the HTTP request-target (path/query), allowing the request line to be split and attacker-controlled headers to be",2025-11-10T20:15:48.683,https://nvd.nist.gov/vuln/detail/CVE-2025-60876,all
CVE-2021-32728,desktop-file-utils,0.28,6.5,MEDIUM,MEDIUM,CVSS:3.1/AV:N/AC:L/PR:L/UI:N/S:U/C:H/I:N/A:N,The Nextcloud Desktop Client is a tool to synchronize files from Nextcloud Server with a computer. Clients using the Nextcloud end-to-end encryption feature download the public and private key via an ,2021-08-18T16:15:07.293,https://nvd.nist.gov/vuln/detail/CVE-2021-32728,all
CVE-2022-26877,desktop-file-utils,0.28,6.5,MEDIUM,MEDIUM,CVSS:3.1/AV:N/AC:L/PR:N/UI:R/S:U/C:H/I:N/A:N,Asana Desktop before 1.6.0 allows remote attackers to exfiltrate local files if they can trick the Asana desktop app into loading a malicious web page.,2022-04-09T01:15:17.077,https://nvd.nist.gov/vuln/detail/CVE-2022-26877,all
CVE-2025-14512,glib-networking,2.80.1,6.5,MEDIUM,MEDIUM,CVSS:3.1/AV:N/AC:L/PR:N/UI:R/S:U/C:N/I:N/A:H,A flaw was found in glib. This vulnerability allows a heap buffer overflow and denial-of-service (DoS) via an integer overflow in GLib's GIO (GLib Input/Output) escape_byte_string() function when proc,2025-12-11T07:16:00.463,https://nvd.nist.gov/vuln/detail/CVE-2025-14512,all
CVE-2026-6238,glibc-gconv,2.43+git,6.5,MEDIUM,MEDIUM,CVSS:3.1/AV:N/AC:L/PR:N/UI:N/S:U/C:L/I:N/A:L,"The deprecated functions ns_printrrf, ns_printrr and fp_nquery in the GNU C Library version 2.2 and newer fail to validate the RDATA content against the RDATA length in a DNS response when processing ",2026-04-28T19:37:47.523,https://nvd.nist.gov/vuln/detail/CVE-2026-6238,all
CVE-2026-6238,glibc-gconv-iso8859-1,2.43+git,6.5,MEDIUM,MEDIUM,CVSS:3.1/AV:N/AC:L/PR:N/UI:N/S:U/C:L/I:N/A:L,"The deprecated functions ns_printrrf, ns_printrr and fp_nquery in the GNU C Library version 2.2 and newer fail to validate the RDATA content against the RDATA length in a DNS response when processing ",2026-04-28T19:37:47.523,https://nvd.nist.gov/vuln/detail/CVE-2026-6238,all
CVE-2026-6732,libxml2,2.15.2,6.5,MEDIUM,MEDIUM,CVSS:3.1/AV:A/AC:L/PR:N/UI:N/S:U/C:N/I:N/A:H,A flaw was found in libxml2. This vulnerability occurs when the library processes a specially crafted XML Schema Definition (XSD) validated document that includes an internal entity reference. An atta,2026-04-23T23:16:16.443,https://nvd.nist.gov/vuln/detail/CVE-2026-6732,all
CVE-2015-7850,ntp,4.2.8p18,6.5,MEDIUM,MEDIUM,CVSS:3.1/AV:N/AC:L/PR:L/UI:N/S:U/C:N/I:N/A:H,"ntpd in NTP 4.2.x before 4.2.8p4, and 4.3.x before 4.3.77 allows remote authenticated users to cause a denial of service (infinite loop or crash) by pointing the key file at the log file.",2017-08-07T20:29:00.823,https://nvd.nist.gov/vuln/detail/CVE-2015-7850,all
CVE-2015-7855,ntp,4.2.8p18,6.5,MEDIUM,MEDIUM,CVSS:3.1/AV:N/AC:L/PR:L/UI:N/S:U/C:N/I:N/A:H,"The decodenetnum function in ntpd in NTP 4.2.x before 4.2.8p4, and 4.3.x before 4.3.77 allows remote attackers to cause a denial of service (assertion failure) via a 6 or mode 7 packet containing a lo",2017-08-07T20:29:00.950,https://nvd.nist.gov/vuln/detail/CVE-2015-7855,all
CVE-2015-7851,ntp,4.2.8p18,6.5,MEDIUM,MEDIUM,CVSS:3.1/AV:N/AC:L/PR:L/UI:N/S:U/C:N/I:H/A:N,"Directory traversal vulnerability in the save_config function in ntpd in ntp_control.c in NTP before 4.2.8p4, when used on systems that do not use '\' or '/' characters for directory separation such a",2020-01-28T17:15:12.053,https://nvd.nist.gov/vuln/detail/CVE-2015-7851,all
CVE-2015-7973,ntp,4.2.8p18,6.5,MEDIUM,MEDIUM,CVSS:3.1/AV:N/AC:H/PR:N/UI:N/S:U/C:N/I:L/A:H,"NTP before 4.2.8p6 and 4.3.x before 4.3.90, when configured in broadcast mode, allows man-in-the-middle attackers to conduct replay attacks by sniffing the network.",2017-01-30T21:59:00.143,https://nvd.nist.gov/vuln/detail/CVE-2015-7973,all
CVE-2015-7702,ntp,4.2.8p18,6.5,MEDIUM,MEDIUM,CVSS:3.1/AV:N/AC:L/PR:L/UI:N/S:U/C:N/I:N/A:H,"The crypto_xmit function in ntpd in NTP 4.2.x before 4.2.8p4, and 4.3.x before 4.3.77 allows remote attackers to cause a denial of service (crash).  NOTE: This vulnerability exists due to an incomplet",2017-08-07T20:29:00.653,https://nvd.nist.gov/vuln/detail/CVE-2015-7702,all
CVE-2016-9310,ntp,4.2.8p18,6.5,MEDIUM,MEDIUM,,The control mode (mode 6) functionality in ntpd in NTP before 4.2.8p9 allows remote attackers to set or unset traps via a crafted control mode packet.,2017-01-13T16:59:00.857,https://nvd.nist.gov/vuln/detail/CVE-2016-9310,all
CVE-2015-7850,ntp-tickadj,4.2.8p18,6.5,MEDIUM,MEDIUM,CVSS:3.1/AV:N/AC:L/PR:L/UI:N/S:U/C:N/I:N/A:H,"ntpd in NTP 4.2.x before 4.2.8p4, and 4.3.x before 4.3.77 allows remote authenticated users to cause a denial of service (infinite loop or crash) by pointing the key file at the log file.",2017-08-07T20:29:00.823,https://nvd.nist.gov/vuln/detail/CVE-2015-7850,all
CVE-2015-7855,ntp-tickadj,4.2.8p18,6.5,MEDIUM,MEDIUM,CVSS:3.1/AV:N/AC:L/PR:L/UI:N/S:U/C:N/I:N/A:H,"The decodenetnum function in ntpd in NTP 4.2.x before 4.2.8p4, and 4.3.x before 4.3.77 allows remote attackers to cause a denial of service (assertion failure) via a 6 or mode 7 packet containing a lo",2017-08-07T20:29:00.950,https://nvd.nist.gov/vuln/detail/CVE-2015-7855,all
CVE-2015-7851,ntp-tickadj,4.2.8p18,6.5,MEDIUM,MEDIUM,CVSS:3.1/AV:N/AC:L/PR:L/UI:N/S:U/C:N/I:H/A:N,"Directory traversal vulnerability in the save_config function in ntpd in ntp_control.c in NTP before 4.2.8p4, when used on systems that do not use '\' or '/' characters for directory separation such a",2020-01-28T17:15:12.053,https://nvd.nist.gov/vuln/detail/CVE-2015-7851,all
CVE-2015-7973,ntp-tickadj,4.2.8p18,6.5,MEDIUM,MEDIUM,CVSS:3.1/AV:N/AC:H/PR:N/UI:N/S:U/C:N/I:L/A:H,"NTP before 4.2.8p6 and 4.3.x before 4.3.90, when configured in broadcast mode, allows man-in-the-middle attackers to conduct replay attacks by sniffing the network.",2017-01-30T21:59:00.143,https://nvd.nist.gov/vuln/detail/CVE-2015-7973,all
CVE-2015-7702,ntp-tickadj,4.2.8p18,6.5,MEDIUM,MEDIUM,CVSS:3.1/AV:N/AC:L/PR:L/UI:N/S:U/C:N/I:N/A:H,"The crypto_xmit function in ntpd in NTP 4.2.x before 4.2.8p4, and 4.3.x before 4.3.77 allows remote attackers to cause a denial of service (crash).  NOTE: This vulnerability exists due to an incomplet",2017-08-07T20:29:00.653,https://nvd.nist.gov/vuln/detail/CVE-2015-7702,all
CVE-2016-9310,ntp-tickadj,4.2.8p18,6.5,MEDIUM,MEDIUM,,The control mode (mode 6) functionality in ntpd in NTP before 4.2.8p9 allows remote attackers to set or unset traps via a crafted control mode packet.,2017-01-13T16:59:00.857,https://nvd.nist.gov/vuln/detail/CVE-2016-9310,all
CVE-2024-28962,update-alternatives-opkg,0.7.0,6.5,MEDIUM,MEDIUM,CVSS:3.1/AV:N/AC:L/PR:N/UI:N/S:U/C:N/I:L/A:L,"Dell Command | Update, Dell Update, and Alienware Update UWP, versions prior to 5.4, contain an Exposed Dangerous Method or Function vulnerability. An unauthenticated attacker with remote access could",2024-08-06T04:16:45.810,https://nvd.nist.gov/vuln/detail/CVE-2024-28962,all
CVE-2024-28962,update-rc.d,0.8+git,6.5,MEDIUM,MEDIUM,CVSS:3.1/AV:N/AC:L/PR:N/UI:N/S:U/C:N/I:L/A:L,"Dell Command | Update, Dell Update, and Alienware Update UWP, versions prior to 5.4, contain an Exposed Dangerous Method or Function vulnerability. An unauthenticated attacker with remote access could",2024-08-06T04:16:45.810,https://nvd.nist.gov/vuln/detail/CVE-2024-28962,all
CVE-2022-38730,desktop-file-utils,0.28,6.3,MEDIUM,MEDIUM,CVSS:3.1/AV:L/AC:H/PR:L/UI:N/S:U/C:N/I:H/A:H,Docker Desktop for Windows before 4.6 allows attackers to overwrite any file through the windowscontainers/start dockerBackendV2 API by controlling the data-root field inside the DaemonJSON field in t,2023-04-27T20:15:40.153,https://nvd.nist.gov/vuln/detail/CVE-2022-38730,all
CVE-2023-28071,update-alternatives-opkg,0.7.0,6.3,MEDIUM,MEDIUM,CVSS:3.1/AV:L/AC:H/PR:L/UI:N/S:U/C:N/I:H/A:H,"
Dell Command | Update, Dell Update, and Alienware Update versions 4.9.0, A01 and prior contain an Insecure Operation on Windows Junction / Mount Point vulnerability. A local malicious user could pote",2023-06-23T11:15:09.790,https://nvd.nist.gov/vuln/detail/CVE-2023-28071,all
CVE-2023-28071,update-rc.d,0.8+git,6.3,MEDIUM,MEDIUM,CVSS:3.1/AV:L/AC:H/PR:L/UI:N/S:U/C:N/I:H/A:H,"
Dell Command | Update, Dell Update, and Alienware Update versions 4.9.0, A01 and prior contain an Insecure Operation on Windows Junction / Mount Point vulnerability. A local malicious user could pote",2023-06-23T11:15:09.790,https://nvd.nist.gov/vuln/detail/CVE-2023-28071,all
CVE-2026-23679,libusb-1.0-0,1.0.29,6.2,MEDIUM,MEDIUM,CVSS:3.1/AV:L/AC:L/PR:N/UI:N/S:U/C:N/I:N/A:H,libusb before version 1.0.30 contains a NULL pointer dereference vulnerability that allows attackers to crash applications by supplying a malformed USB configuration descriptor where an interface clai,2026-05-27T14:16:44.170,https://nvd.nist.gov/vuln/detail/CVE-2026-23679,all
CVE-2015-7975,ntp,4.2.8p18,6.2,MEDIUM,MEDIUM,,"The nextvar function in NTP before 4.2.8p6 and 4.3.x before 4.3.90 does not properly validate the length of its input, which allows an attacker to cause a denial of service (application crash).",2017-01-30T21:59:00.253,https://nvd.nist.gov/vuln/detail/CVE-2015-7975,all
CVE-2015-7975,ntp-tickadj,4.2.8p18,6.2,MEDIUM,MEDIUM,,"The nextvar function in NTP before 4.2.8p6 and 4.3.x before 4.3.90 does not properly validate the length of its input, which allows an attacker to cause a denial of service (application crash).",2017-01-30T21:59:00.253,https://nvd.nist.gov/vuln/detail/CVE-2015-7975,all
CVE-2016-2350,file,5.47,6.1,MEDIUM,MEDIUM,,Multiple cross-site scripting (XSS) vulnerabilities on the Accellion File Transfer Appliance (FTA) before FTA_9_12_40 allow remote attackers to inject arbitrary web script or HTML via unspecified inpu,2016-05-07T14:59:03.617,https://nvd.nist.gov/vuln/detail/CVE-2016-2350,all
CVE-2017-8304,file,5.47,6.1,MEDIUM,MEDIUM,,An issue was discovered on Accellion FTA devices before FTA_9_12_180. courier/1000@/oauth/playground/callback.html allows XSS with a crafted URI.,2017-05-05T18:29:00.197,https://nvd.nist.gov/vuln/detail/CVE-2017-8304,all
CVE-2017-8791,file,5.47,6.1,MEDIUM,MEDIUM,,An issue was discovered on Accellion FTA devices before FTA_9_12_180. There is a home/seos/courier/login.html auth_params CRLF attack vector.,2017-05-05T18:29:00.370,https://nvd.nist.gov/vuln/detail/CVE-2017-8791,all
CVE-2017-8788,file,5.47,6.1,MEDIUM,MEDIUM,,An issue was discovered on Accellion FTA devices before FTA_9_12_180. There is a CRLF vulnerability in settings_global_text_edit.php allowing ?display=x%0Dnewline attacks.,2017-05-05T18:29:00.277,https://nvd.nist.gov/vuln/detail/CVE-2017-8788,all
CVE-2017-8792,file,5.47,6.1,MEDIUM,MEDIUM,,An issue was discovered on Accellion FTA devices before FTA_9_12_180. There is XSS in home/seos/courier/user_add.html with the param parameter.,2017-05-05T18:29:00.387,https://nvd.nist.gov/vuln/detail/CVE-2017-8792,all
CVE-2017-8760,file,5.47,6.1,MEDIUM,MEDIUM,,An issue was discovered on Accellion FTA devices before FTA_9_12_180. There is XSS in courier/1000@/index.html with the auth_params parameter. The device tries to use internal WAF filters to stop spec,2017-05-05T18:29:00.230,https://nvd.nist.gov/vuln/detail/CVE-2017-8760,all
CVE-2017-8795,file,5.47,6.1,MEDIUM,MEDIUM,,An issue was discovered on Accellion FTA devices before FTA_9_12_180. There is XSS in home/seos/courier/smtpg_add.html with the param parameter.,2017-05-05T18:29:00.480,https://nvd.nist.gov/vuln/detail/CVE-2017-8795,all
CVE-2023-7015,file,5.47,6.1,MEDIUM,MEDIUM,CVSS:3.1/AV:N/AC:L/PR:N/UI:R/S:C/C:L/I:L/A:N,"The File Manager Pro plugin for WordPress is vulnerable to Reflected Cross-Site Scripting via the 'tb' parameter in all versions up to, and including, 8.3.4 due to insufficient input sanitization and ",2024-03-13T16:15:09.900,https://nvd.nist.gov/vuln/detail/CVE-2023-7015,all
CVE-2026-6019,python3,3.14.4,6.1,MEDIUM,MEDIUM,CVSS:3.1/AV:N/AC:L/PR:N/UI:R/S:C/C:L/I:L/A:N,"http.cookies.Morsel.js_output() returns an inline <script> snippet and only escapes "" for JavaScript string context. It does not neutralize the HTML parser-sensitive sequence </script> inside the gene",2026-04-22T20:16:42.617,https://nvd.nist.gov/vuln/detail/CVE-2026-6019,all
CVE-2016-5699,python3-dbus,1.4.0,6.1,MEDIUM,MEDIUM,,CRLF injection vulnerability in the HTTPConnection.putheader function in urllib2 and urllib in CPython (aka Python) before 2.7.10 and 3.x before 3.4.4 allows remote attackers to inject arbitrary HTTP ,2016-09-02T14:59:07.003,https://nvd.nist.gov/vuln/detail/CVE-2016-5699,all
CVE-2018-5773,python3-dbus,1.4.0,6.1,MEDIUM,MEDIUM,,"An issue was discovered in markdown2 (aka python-markdown2) through 2.3.5. The safe_mode feature, which is supposed to sanitize user input against XSS, is flawed and does not escape the input properly",2018-01-18T21:29:00.267,https://nvd.nist.gov/vuln/detail/CVE-2018-5773,all
CVE-2020-11888,python3-dbus,1.4.0,6.1,MEDIUM,MEDIUM,CVSS:3.1/AV:N/AC:L/PR:N/UI:R/S:C/C:L/I:L/A:N,"python-markdown2 through 2.3.8 allows XSS because element names are mishandled unless a \w+ match succeeds. For example, an attack might use elementname@ or elementname- with an onclick attribute.",2020-04-20T16:15:14.430,https://nvd.nist.gov/vuln/detail/CVE-2020-11888,all
CVE-2026-6019,python3-dbus,1.4.0,6.1,MEDIUM,MEDIUM,CVSS:3.1/AV:N/AC:L/PR:N/UI:R/S:C/C:L/I:L/A:N,"http.cookies.Morsel.js_output() returns an inline <script> snippet and only escapes "" for JavaScript string context. It does not neutralize the HTML parser-sensitive sequence </script> inside the gene",2026-04-22T20:16:42.617,https://nvd.nist.gov/vuln/detail/CVE-2026-6019,all
CVE-2015-6021,desktop-file-utils,0.28,6.1,MEDIUM,MEDIUM,,Spiceworks Desktop before 2015-12-01 has XSS via an SNMP response.,2017-04-10T03:59:00.497,https://nvd.nist.gov/vuln/detail/CVE-2015-6021,all
CVE-2024-5652,desktop-file-utils,0.28,6.1,MEDIUM,MEDIUM,CVSS:3.1/AV:L/AC:L/PR:L/UI:N/S:U/C:N/I:L/A:H,In Docker Desktop on Windows before v4.31.0 allows a user in the docker-users group to cause a Windows Denial-of-Service through the exec-path Docker daemon config option in Windows containers mode.,2024-07-09T17:15:48.770,https://nvd.nist.gov/vuln/detail/CVE-2024-5652,all
CVE-2026-6019,python3-codecs,3.14.4,6.1,MEDIUM,MEDIUM,CVSS:3.1/AV:N/AC:L/PR:N/UI:R/S:C/C:L/I:L/A:N,"http.cookies.Morsel.js_output() returns an inline <script> snippet and only escapes "" for JavaScript string context. It does not neutralize the HTML parser-sensitive sequence </script> inside the gene",2026-04-22T20:16:42.617,https://nvd.nist.gov/vuln/detail/CVE-2026-6019,all
CVE-2026-6019,python3-compression,3.14.4,6.1,MEDIUM,MEDIUM,CVSS:3.1/AV:N/AC:L/PR:N/UI:R/S:C/C:L/I:L/A:N,"http.cookies.Morsel.js_output() returns an inline <script> snippet and only escapes "" for JavaScript string context. It does not neutralize the HTML parser-sensitive sequence </script> inside the gene",2026-04-22T20:16:42.617,https://nvd.nist.gov/vuln/detail/CVE-2026-6019,all
CVE-2026-6019,python3-core,3.14.4,6.1,MEDIUM,MEDIUM,CVSS:3.1/AV:N/AC:L/PR:N/UI:R/S:C/C:L/I:L/A:N,"http.cookies.Morsel.js_output() returns an inline <script> snippet and only escapes "" for JavaScript string context. It does not neutralize the HTML parser-sensitive sequence </script> inside the gene",2026-04-22T20:16:42.617,https://nvd.nist.gov/vuln/detail/CVE-2026-6019,all
CVE-2026-4873,curl,8.19.0,5.9,MEDIUM,MEDIUM,CVSS:3.1/AV:N/AC:H/PR:N/UI:N/S:U/C:H/I:N/A:N,"A vulnerability exists where a connection requiring TLS incorrectly reuses an
existing unencrypted connection from the same connection pool. If an initial
transfer is made in clear-text (via IMAP, SMT",2026-05-13T13:01:55.893,https://nvd.nist.gov/vuln/detail/CVE-2026-4873,all
CVE-2026-6253,curl,8.19.0,5.9,MEDIUM,MEDIUM,CVSS:3.1/AV:N/AC:H/PR:N/UI:N/S:U/C:N/I:N/A:H,"curl might erroneously pass on credentials for a first proxy to a second
proxy.

This can happen when the following conditions are true:

1. curl is setup to use specific different proxies for differe",2026-05-13T13:01:56.570,https://nvd.nist.gov/vuln/detail/CVE-2026-6253,all
CVE-2013-7440,python3-dbus,1.4.0,5.9,MEDIUM,MEDIUM,,"The ssl.match_hostname function in CPython (aka Python) before 2.7.9 and 3.x before 3.3.3 does not properly handle wildcards in hostnames, which might allow man-in-the-middle attackers to spoof server",2016-06-07T18:59:00.120,https://nvd.nist.gov/vuln/detail/CVE-2013-7440,all
CVE-2021-23336,python3-dbus,1.4.0,5.9,MEDIUM,MEDIUM,CVSS:3.1/AV:N/AC:H/PR:N/UI:R/S:U/C:N/I:L/A:H,"The package python/cpython from 0 and before 3.6.13, from 3.7.0 and before 3.7.10, from 3.8.0 and before 3.8.8, from 3.9.0 and before 3.9.2 are vulnerable to Web Cache Poisoning via urllib.parse.parse",2021-02-15T13:15:12.433,https://nvd.nist.gov/vuln/detail/CVE-2021-23336,all
CVE-2022-48566,python3-dbus,1.4.0,5.9,MEDIUM,MEDIUM,CVSS:3.1/AV:N/AC:H/PR:N/UI:N/S:U/C:H/I:N/A:N,An issue was discovered in compare_digest in Lib/hmac.py in Python through 3.9.1. Constant-time-defeating optimisations were possible in the accumulator variable in hmac.compare_digest.,2023-08-22T19:16:32.087,https://nvd.nist.gov/vuln/detail/CVE-2022-48566,all
CVE-2021-22895,desktop-file-utils,0.28,5.9,MEDIUM,MEDIUM,CVSS:3.1/AV:N/AC:H/PR:N/UI:N/S:U/C:N/I:H/A:N,"Nextcloud Desktop Client before 3.3.1 is vulnerable to improper certificate validation due to lack of SSL certificate verification when using the ""Register with a Provider"" flow.",2021-06-11T16:15:10.797,https://nvd.nist.gov/vuln/detail/CVE-2021-22895,all
CVE-2015-7852,ntp,4.2.8p18,5.9,MEDIUM,MEDIUM,CVSS:3.1/AV:N/AC:H/PR:N/UI:N/S:U/C:N/I:N/A:H,"ntpq in NTP 4.2.x before 4.2.8p4, and 4.3.x before 4.3.77 allows remote attackers to cause a denial of service (crash) via crafted mode 6 response packets.",2017-08-07T20:29:00.857,https://nvd.nist.gov/vuln/detail/CVE-2015-7852,all
CVE-2015-7977,ntp,4.2.8p18,5.9,MEDIUM,MEDIUM,CVSS:3.1/AV:N/AC:H/PR:N/UI:N/S:U/C:N/I:N/A:H,ntpd in NTP before 4.2.8p6 and 4.3.x before 4.3.90 allows remote attackers to cause a denial of service (NULL pointer dereference) via a ntpdc reslist command.,2017-01-30T21:59:00.410,https://nvd.nist.gov/vuln/detail/CVE-2015-7977,all
CVE-2015-8158,ntp,4.2.8p18,5.9,MEDIUM,MEDIUM,,The getresponse function in ntpq in NTP versions before 4.2.8p9 and 4.3.x before 4.3.90 allows remote attackers to cause a denial of service (infinite loop) via crafted packets with incorrect values.,2017-01-30T21:59:00.973,https://nvd.nist.gov/vuln/detail/CVE-2015-8158,all
CVE-2016-9311,ntp,4.2.8p18,5.9,MEDIUM,MEDIUM,,"ntpd in NTP before 4.2.8p9, when the trap service is enabled, allows remote attackers to cause a denial of service (NULL pointer dereference and crash) via a crafted packet.",2017-01-13T16:59:00.903,https://nvd.nist.gov/vuln/detail/CVE-2016-9311,all
CVE-2016-4955,ntp,4.2.8p18,5.9,MEDIUM,MEDIUM,CVSS:3.1/AV:N/AC:H/PR:N/UI:N/S:U/C:N/I:N/A:H,"ntpd in NTP 4.x before 4.2.8p8, when autokey is enabled, allows remote attackers to cause a denial of service (peer-variable clearing and association outage) by sending (1) a spoofed crypto-NAK packet",2016-07-05T01:59:02.267,https://nvd.nist.gov/vuln/detail/CVE-2016-4955,all
CVE-2016-2519,ntp,4.2.8p18,5.9,MEDIUM,MEDIUM,,"ntpd in NTP before 4.2.8p7 and 4.3.x before 4.3.92 allows remote attackers to cause a denial of service (ntpd abort) by a large request data value, which triggers the ctl_getitem function to return a ",2017-01-30T21:59:01.113,https://nvd.nist.gov/vuln/detail/CVE-2016-2519,all
CVE-2015-7852,ntp-tickadj,4.2.8p18,5.9,MEDIUM,MEDIUM,CVSS:3.1/AV:N/AC:H/PR:N/UI:N/S:U/C:N/I:N/A:H,"ntpq in NTP 4.2.x before 4.2.8p4, and 4.3.x before 4.3.77 allows remote attackers to cause a denial of service (crash) via crafted mode 6 response packets.",2017-08-07T20:29:00.857,https://nvd.nist.gov/vuln/detail/CVE-2015-7852,all
CVE-2015-7977,ntp-tickadj,4.2.8p18,5.9,MEDIUM,MEDIUM,CVSS:3.1/AV:N/AC:H/PR:N/UI:N/S:U/C:N/I:N/A:H,ntpd in NTP before 4.2.8p6 and 4.3.x before 4.3.90 allows remote attackers to cause a denial of service (NULL pointer dereference) via a ntpdc reslist command.,2017-01-30T21:59:00.410,https://nvd.nist.gov/vuln/detail/CVE-2015-7977,all
CVE-2015-8158,ntp-tickadj,4.2.8p18,5.9,MEDIUM,MEDIUM,,The getresponse function in ntpq in NTP versions before 4.2.8p9 and 4.3.x before 4.3.90 allows remote attackers to cause a denial of service (infinite loop) via crafted packets with incorrect values.,2017-01-30T21:59:00.973,https://nvd.nist.gov/vuln/detail/CVE-2015-8158,all
CVE-2016-9311,ntp-tickadj,4.2.8p18,5.9,MEDIUM,MEDIUM,,"ntpd in NTP before 4.2.8p9, when the trap service is enabled, allows remote attackers to cause a denial of service (NULL pointer dereference and crash) via a crafted packet.",2017-01-13T16:59:00.903,https://nvd.nist.gov/vuln/detail/CVE-2016-9311,all
CVE-2016-4955,ntp-tickadj,4.2.8p18,5.9,MEDIUM,MEDIUM,CVSS:3.1/AV:N/AC:H/PR:N/UI:N/S:U/C:N/I:N/A:H,"ntpd in NTP 4.x before 4.2.8p8, when autokey is enabled, allows remote attackers to cause a denial of service (peer-variable clearing and association outage) by sending (1) a spoofed crypto-NAK packet",2016-07-05T01:59:02.267,https://nvd.nist.gov/vuln/detail/CVE-2016-4955,all
CVE-2016-2519,ntp-tickadj,4.2.8p18,5.9,MEDIUM,MEDIUM,,"ntpd in NTP before 4.2.8p7 and 4.3.x before 4.3.92 allows remote attackers to cause a denial of service (ntpd abort) by a large request data value, which triggers the ctl_getitem function to return a ",2017-01-30T21:59:01.113,https://nvd.nist.gov/vuln/detail/CVE-2016-2519,all
CVE-2022-28541,update-alternatives-opkg,0.7.0,5.9,MEDIUM,MEDIUM,CVSS:3.1/AV:L/AC:L/PR:N/UI:N/S:U/C:L/I:L/A:L,Uncontrolled search path element vulnerability in Samsung Update prior to version 3.0.77.0 allows attackers to execute arbitrary code as Samsung Update permission.,2022-04-11T20:15:23.467,https://nvd.nist.gov/vuln/detail/CVE-2022-28541,all
CVE-2022-28541,update-rc.d,0.8+git,5.9,MEDIUM,MEDIUM,CVSS:3.1/AV:L/AC:L/PR:N/UI:N/S:U/C:L/I:L/A:L,Uncontrolled search path element vulnerability in Samsung Update prior to version 3.0.77.0 allows attackers to execute arbitrary code as Samsung Update permission.,2022-04-11T20:15:23.467,https://nvd.nist.gov/vuln/detail/CVE-2022-28541,all
CVE-2021-3426,python3-dbus,1.4.0,5.7,MEDIUM,MEDIUM,CVSS:3.1/AV:A/AC:L/PR:L/UI:N/S:U/C:H/I:N/A:N,There's a flaw in Python 3's pydoc. A local or adjacent attacker who discovers or is able to convince another local or adjacent user to start a pydoc server could access the server and use it to discl,2021-05-20T13:15:07.753,https://nvd.nist.gov/vuln/detail/CVE-2021-3426,all
CVE-2025-14087,glib-networking,2.80.1,5.6,MEDIUM,MEDIUM,CVSS:3.1/AV:N/AC:H/PR:N/UI:N/S:U/C:L/I:L/A:L,"A flaw was found in GLib (Gnome Lib). This vulnerability allows a remote attacker to cause heap corruption, leading to a denial of service or potential code execution via a buffer-underflow in the GVa",2025-12-10T09:15:47.053,https://nvd.nist.gov/vuln/detail/CVE-2025-14087,all
CVE-2016-9401,bash-completion,2.17.0,5.5,MEDIUM,MEDIUM,CVSS:3.1/AV:L/AC:L/PR:L/UI:N/S:U/C:N/I:N/A:H,popd in bash might allow local users to bypass the restricted shell and cause a use-after-free via a crafted address.,2017-01-23T21:59:02.987,https://nvd.nist.gov/vuln/detail/CVE-2016-9401,all
CVE-2016-4025,file,5.47,5.5,MEDIUM,MEDIUM,,"Avast Internet Security v11.x.x, Pro Antivirus v11.x.x, Premier v11.x.x, Free Antivirus v11.x.x, Business Security v11.x.x, Endpoint Protection v8.x.x, Endpoint Protection Plus v8.x.x, Endpoint Protec",2016-11-03T10:59:02.557,https://nvd.nist.gov/vuln/detail/CVE-2016-4025,all
CVE-2020-26941,file,5.47,5.5,MEDIUM,MEDIUM,CVSS:3.1/AV:L/AC:L/PR:L/UI:N/S:U/C:N/I:H/A:N,"A local (authenticated) low-privileged user can exploit a behavior in an ESET installer to achieve arbitrary file overwrite (deletion) of any file via a symlink, due to insecure permissions. The possi",2021-01-26T18:15:45.613,https://nvd.nist.gov/vuln/detail/CVE-2020-26941,all
CVE-2022-47599,file,5.47,5.5,MEDIUM,MEDIUM,CVSS:3.1/AV:N/AC:H/PR:H/UI:N/S:C/C:L/I:L/A:L,Deserialization of Untrusted Data vulnerability in File Manager by Bit Form Team File Manager – 100% Free & Open Source File Manager Plugin for WordPress | Bit File Manager.This issue affects File Man,2023-12-20T18:15:11.417,https://nvd.nist.gov/vuln/detail/CVE-2022-47599,all
CVE-2022-36313,file,5.47,5.5,MEDIUM,MEDIUM,CVSS:3.1/AV:L/AC:L/PR:N/UI:R/S:U/C:N/I:N/A:H,An issue was discovered in the file-type package before 16.5.4 and 17.x before 17.1.3 for Node.js. A malformed MKV file could cause the file type detector to get caught in an infinite loop. This would,2022-07-21T16:15:09.297,https://nvd.nist.gov/vuln/detail/CVE-2022-36313,all
CVE-1999-1386,perl,5.42.0,5.5,MEDIUM,MEDIUM,CVSS:3.1/AV:L/AC:L/PR:L/UI:N/S:U/C:N/I:H/A:N,"Perl 5.004_04 and earlier follows symbolic links when running with the -e option, which allows local users to overwrite arbitrary files via a symlink attack on the /tmp/perl-eaXXXXX file.",1999-12-31T05:00:00.000,https://nvd.nist.gov/vuln/detail/CVE-1999-1386,all
CVE-2025-13837,python3-dbus,1.4.0,5.5,MEDIUM,MEDIUM,CVSS:3.1/AV:L/AC:L/PR:N/UI:R/S:U/C:N/I:N/A:H,"When loading a plist file, the plistlib module reads data in size specified by the file itself, meaning a malicious file can cause OOM and DoS issues",2025-12-01T18:16:04.380,https://nvd.nist.gov/vuln/detail/CVE-2025-13837,all
CVE-2025-6075,python3-dbus,1.4.0,5.5,MEDIUM,MEDIUM,CVSS:3.1/AV:L/AC:L/PR:L/UI:N/S:U/C:N/I:N/A:H,"If the value passed to os.path.expandvars() is user-controlled a 
performance degradation is possible when expanding environment 
variables.",2025-10-31T17:15:48.693,https://nvd.nist.gov/vuln/detail/CVE-2025-6075,all
CVE-2020-8230,desktop-file-utils,0.28,5.5,MEDIUM,MEDIUM,CVSS:3.1/AV:L/AC:L/PR:L/UI:N/S:U/C:N/I:N/A:H,A memory corruption vulnerability exists in NextCloud Desktop Client v2.6.4 where missing ASLR and DEP protections in for windows allowed to corrupt memory.,2020-08-17T16:15:13.700,https://nvd.nist.gov/vuln/detail/CVE-2020-8230,all
CVE-2020-8229,desktop-file-utils,0.28,5.5,MEDIUM,MEDIUM,CVSS:3.1/AV:L/AC:L/PR:L/UI:N/S:U/C:N/I:N/A:H,A memory leak in the OCUtil.dll library used by Nextcloud Desktop Client 2.6.4 can lead to a DoS against the host system.,2020-08-10T14:15:13.360,https://nvd.nist.gov/vuln/detail/CVE-2020-8229,all
CVE-2023-28123,desktop-file-utils,0.28,5.5,MEDIUM,MEDIUM,CVSS:3.1/AV:L/AC:L/PR:L/UI:N/S:U/C:H/I:N/A:N,A permission misconfiguration in UI Desktop for Windows (Version 0.59.1.71 and earlier) could allow an user to hijack VPN credentials while UID VPN is starting.This vulnerability is fixed in Version 0,2023-04-19T20:15:12.193,https://nvd.nist.gov/vuln/detail/CVE-2023-28123,all
CVE-2023-28124,desktop-file-utils,0.28,5.5,MEDIUM,MEDIUM,CVSS:3.1/AV:L/AC:L/PR:L/UI:N/S:U/C:H/I:N/A:N,Improper usage of symmetric encryption in UI Desktop for Windows (Version 0.59.1.71 and earlier) could allow users with access to UI Desktop configuration files to decrypt their content.This vulnerabi,2023-04-19T20:15:12.247,https://nvd.nist.gov/vuln/detail/CVE-2023-28124,all
CVE-2021-24177,file,5.47,5.4,MEDIUM,MEDIUM,CVSS:3.1/AV:N/AC:L/PR:L/UI:R/S:C/C:L/I:L/A:N,"In the default configuration of the File Manager WordPress plugin before 7.1, a Reflected XSS can occur on the endpoint /wp-admin/admin.php?page=wp_file_manager_properties when a payload is submitted ",2021-04-05T19:15:16.247,https://nvd.nist.gov/vuln/detail/CVE-2021-24177,all
CVE-2020-8189,desktop-file-utils,0.28,5.4,MEDIUM,MEDIUM,CVSS:3.1/AV:N/AC:L/PR:L/UI:R/S:C/C:L/I:L/A:N,A cross-site scripting error in Nextcloud Desktop client 2.6.4 allowed to present any html (including local links) when responding with invalid data on the login attempt.,2020-08-21T21:15:11.887,https://nvd.nist.gov/vuln/detail/CVE-2020-8189,all
CVE-2023-23942,desktop-file-utils,0.28,5.4,MEDIUM,MEDIUM,CVSS:3.1/AV:N/AC:L/PR:L/UI:R/S:C/C:L/I:L/A:N,The Nextcloud Desktop Client is a tool to synchronize files from a Nextcloud Server with your computer. Versions prior to 3.6.3 are missing sanitisation on qml labels which are used for basic HTML ele,2023-02-06T21:15:09.727,https://nvd.nist.gov/vuln/detail/CVE-2023-23942,all
CVE-2026-4438,glibc-gconv,2.43+git,5.4,MEDIUM,MEDIUM,CVSS:3.1/AV:A/AC:L/PR:N/UI:N/S:U/C:L/I:L/A:N,Calling gethostbyaddr or gethostbyaddr_r with a configured nsswitch.conf that specifies the library's DNS backend in the GNU C library version 2.34 to version 2.43 could result in an invalid DNS hostn,2026-03-20T20:16:49.623,https://nvd.nist.gov/vuln/detail/CVE-2026-4438,all
CVE-2026-4438,glibc-gconv-iso8859-1,2.43+git,5.4,MEDIUM,MEDIUM,CVSS:3.1/AV:A/AC:L/PR:N/UI:N/S:U/C:L/I:L/A:N,Calling gethostbyaddr or gethostbyaddr_r with a configured nsswitch.conf that specifies the library's DNS backend in the GNU C library version 2.34 to version 2.43 could result in an invalid DNS hostn,2026-03-20T20:16:49.623,https://nvd.nist.gov/vuln/detail/CVE-2026-4438,all
CVE-2026-7009,curl,8.19.0,5.3,MEDIUM,MEDIUM,CVSS:3.1/AV:N/AC:L/PR:N/UI:N/S:U/C:L/I:N/A:N,"When curl is told to use the Certificate Status Request TLS extension, often
referred to as *OCSP stapling*, to verify that the server certificate is
valid, it fails to detect OCSP problems and instea",2026-05-13T13:01:57.100,https://nvd.nist.gov/vuln/detail/CVE-2026-7009,all
CVE-2026-7168,curl,8.19.0,5.3,MEDIUM,MEDIUM,CVSS:3.1/AV:N/AC:L/PR:N/UI:N/S:U/C:L/I:N/A:N,"Successfully using libcurl to do a transfer over a specific HTTP proxy
(`proxyA`) with **Digest** authentication and then changing the proxy host to
a second one (`proxyB`) for a second transfer, reus",2026-05-13T13:01:57.200,https://nvd.nist.gov/vuln/detail/CVE-2026-7168,all
CVE-2026-6429,curl,8.19.0,5.3,MEDIUM,MEDIUM,CVSS:3.1/AV:N/AC:H/PR:L/UI:N/S:U/C:H/I:N/A:N,"When asked to both use a `.netrc` file for credentials and to follow HTTP
redirects, libcurl could leak the password used for the first host to the
followed-to host under certain circumstances.",2026-05-13T13:01:56.930,https://nvd.nist.gov/vuln/detail/CVE-2026-6429,all
CVE-2026-3526,file,5.47,5.3,MEDIUM,MEDIUM,CVSS:3.1/AV:N/AC:L/PR:N/UI:N/S:U/C:L/I:N/A:N,Incorrect Authorization vulnerability in Drupal File Access Fix (deprecated) allows Forceful Browsing.This issue affects File Access Fix (deprecated): from 0.0.0 before 1.2.0.,2026-03-26T21:17:08.600,https://nvd.nist.gov/vuln/detail/CVE-2026-3526,all
CVE-2026-3525,file,5.47,5.3,MEDIUM,MEDIUM,CVSS:3.1/AV:N/AC:L/PR:N/UI:N/S:U/C:L/I:N/A:N,Incorrect Authorization vulnerability in Drupal File Access Fix (deprecated) allows Forceful Browsing.This issue affects File Access Fix (deprecated): from 0.0.0 before 1.2.0.,2026-03-26T21:17:08.437,https://nvd.nist.gov/vuln/detail/CVE-2026-3525,all
CVE-2023-27043,python3-dbus,1.4.0,5.3,MEDIUM,MEDIUM,CVSS:3.1/AV:N/AC:L/PR:N/UI:N/S:U/C:N/I:L/A:N,The email module of Python through 3.11.3 incorrectly parses e-mail addresses that contain a special character. The wrong portion of an RFC2822 header is identified as the value of the addr-spec. In s,2023-04-19T00:15:07.973,https://nvd.nist.gov/vuln/detail/CVE-2023-27043,all
CVE-2023-40217,python3-dbus,1.4.0,5.3,MEDIUM,MEDIUM,CVSS:3.1/AV:N/AC:L/PR:N/UI:N/S:U/C:L/I:N/A:N,"An issue was discovered in Python before 3.8.18, 3.9.x before 3.9.18, 3.10.x before 3.10.13, and 3.11.x before 3.11.5. It primarily affects servers (such as HTTP servers) that use TLS client authentic",2023-08-25T01:15:09.017,https://nvd.nist.gov/vuln/detail/CVE-2023-40217,all
CVE-2024-33664,python3-dbus,1.4.0,5.3,MEDIUM,MEDIUM,CVSS:3.1/AV:N/AC:L/PR:N/UI:N/S:U/C:N/I:N/A:L,"python-jose through 3.3.0 allows attackers to cause a denial of service (resource consumption) during a decode via a crafted JSON Web Encryption (JWE) token with a high compression ratio, aka a ""JWT b",2024-04-26T00:15:09.060,https://nvd.nist.gov/vuln/detail/CVE-2024-33664,all
CVE-2025-12084,python3-dbus,1.4.0,5.3,MEDIUM,MEDIUM,CVSS:3.1/AV:N/AC:L/PR:N/UI:N/S:U/C:N/I:N/A:L,When building nested elements using xml.dom.minidom methods such as appendChild() that have a dependency on _clear_id_cache() the algorithm is quadratic. Availability can be impacted when building exc,2025-12-03T19:15:55.050,https://nvd.nist.gov/vuln/detail/CVE-2025-12084,all
CVE-2025-12781,python3-dbus,1.4.0,5.3,MEDIUM,MEDIUM,CVSS:3.1/AV:N/AC:L/PR:N/UI:N/S:U/C:N/I:L/A:N,"When passing data to the b64decode(), standard_b64decode(), and urlsafe_b64decode() functions in the ""base64"" module the characters ""+/"" will always be accepted, regardless of the value of ""altchars"" ",2026-01-21T20:16:04.423,https://nvd.nist.gov/vuln/detail/CVE-2025-12781,all
CVE-2025-61912,python3-dbus,1.4.0,5.3,MEDIUM,MEDIUM,CVSS:3.1/AV:N/AC:L/PR:N/UI:N/S:U/C:N/I:N/A:L,"python-ldap is a lightweight directory access protocol (LDAP) client API for Python. In versions prior to 3.4.5, ldap.dn.escape_dn_chars() escapes \x00 incorrectly by emitting a backslash followed by ",2025-10-10T22:15:37.637,https://nvd.nist.gov/vuln/detail/CVE-2025-61912,all
CVE-2015-5146,ntp,4.2.8p18,5.3,MEDIUM,MEDIUM,,ntpd in ntp before 4.2.8p3 with remote configuration enabled allows remote authenticated users with knowledge of the configuration password and access to a computer entrusted to perform remote configu,2017-08-24T20:29:00.313,https://nvd.nist.gov/vuln/detail/CVE-2015-5146,all
CVE-2015-8138,ntp,4.2.8p18,5.3,MEDIUM,MEDIUM,,NTP before 4.2.8p6 and 4.3.x before 4.3.90 allows remote attackers to bypass the origin timestamp validation via a packet with an origin timestamp set to zero.,2017-01-30T21:59:00.723,https://nvd.nist.gov/vuln/detail/CVE-2015-8138,all
CVE-2015-8139,ntp,4.2.8p18,5.3,MEDIUM,MEDIUM,,ntpq in NTP before 4.2.8p7 allows remote attackers to obtain origin timestamps and then impersonate peers via unspecified vectors.,2017-01-30T21:59:00.830,https://nvd.nist.gov/vuln/detail/CVE-2015-8139,all
CVE-2016-7433,ntp,4.2.8p18,5.3,MEDIUM,MEDIUM,,"NTP before 4.2.8p9 does not properly perform the initial sync calculations, which allows remote attackers to unspecified impact via unknown vectors, related to a ""root distance that did not include th",2017-01-13T16:59:00.510,https://nvd.nist.gov/vuln/detail/CVE-2016-7433,all
CVE-2016-1547,ntp,4.2.8p18,5.3,MEDIUM,MEDIUM,,An off-path attacker can cause a preemptible client association to be demobilized in NTP 4.2.8p4 and earlier and NTPSec a5fb34b9cc89b92a8fef2f459004865c93bb7f92 by sending a crypto NAK packet to a vic,2017-01-06T21:59:00.320,https://nvd.nist.gov/vuln/detail/CVE-2016-1547,all
CVE-2016-4956,ntp,4.2.8p18,5.3,MEDIUM,MEDIUM,CVSS:3.1/AV:N/AC:L/PR:N/UI:N/S:U/C:N/I:N/A:L,ntpd in NTP 4.x before 4.2.8p8 allows remote attackers to cause a denial of service (interleaved-mode transition and time change) via a spoofed broadcast packet.  NOTE: this vulnerability exists becau,2016-07-05T01:59:03.283,https://nvd.nist.gov/vuln/detail/CVE-2016-4956,all
CVE-2016-2516,ntp,4.2.8p18,5.3,MEDIUM,MEDIUM,,"NTP before 4.2.8p7 and 4.3.x before 4.3.92, when mode7 is enabled, allows remote attackers to cause a denial of service (ntpd abort) by using the same IP address multiple times in an unconfig directiv",2017-01-30T21:59:01.003,https://nvd.nist.gov/vuln/detail/CVE-2016-2516,all
CVE-2016-2517,ntp,4.2.8p18,5.3,MEDIUM,MEDIUM,,NTP before 4.2.8p7 and 4.3.x before 4.3.92 allows remote attackers to cause a denial of service (prevent subsequent authentication) by leveraging knowledge of the controlkey or requestkey and sending ,2017-01-30T21:59:01.033,https://nvd.nist.gov/vuln/detail/CVE-2016-2517,all
CVE-2016-2518,ntp,4.2.8p18,5.3,MEDIUM,MEDIUM,CVSS:3.1/AV:N/AC:L/PR:N/UI:N/S:U/C:N/I:N/A:L,The MATCH_ASSOC function in NTP before version 4.2.8p9 and 4.3.x before 4.3.92 allows remote attackers to cause an out-of-bounds reference via an addpeer request with a large hmode value.,2017-01-30T21:59:01.080,https://nvd.nist.gov/vuln/detail/CVE-2016-2518,all
CVE-2018-7170,ntp,4.2.8p18,5.3,MEDIUM,MEDIUM,CVSS:3.1/AV:N/AC:H/PR:L/UI:N/S:U/C:N/I:H/A:N,ntpd in ntp 4.2.x before 4.2.8p7 and 4.3.x before 4.3.92 allows authenticated users that know the private symmetric key to create arbitrarily-many ephemeral associations in order to win the clock sele,2018-03-06T20:29:01.297,https://nvd.nist.gov/vuln/detail/CVE-2018-7170,all
CVE-2015-5146,ntp-tickadj,4.2.8p18,5.3,MEDIUM,MEDIUM,,ntpd in ntp before 4.2.8p3 with remote configuration enabled allows remote authenticated users with knowledge of the configuration password and access to a computer entrusted to perform remote configu,2017-08-24T20:29:00.313,https://nvd.nist.gov/vuln/detail/CVE-2015-5146,all
CVE-2015-8138,ntp-tickadj,4.2.8p18,5.3,MEDIUM,MEDIUM,,NTP before 4.2.8p6 and 4.3.x before 4.3.90 allows remote attackers to bypass the origin timestamp validation via a packet with an origin timestamp set to zero.,2017-01-30T21:59:00.723,https://nvd.nist.gov/vuln/detail/CVE-2015-8138,all
CVE-2015-8139,ntp-tickadj,4.2.8p18,5.3,MEDIUM,MEDIUM,,ntpq in NTP before 4.2.8p7 allows remote attackers to obtain origin timestamps and then impersonate peers via unspecified vectors.,2017-01-30T21:59:00.830,https://nvd.nist.gov/vuln/detail/CVE-2015-8139,all
CVE-2016-7433,ntp-tickadj,4.2.8p18,5.3,MEDIUM,MEDIUM,,"NTP before 4.2.8p9 does not properly perform the initial sync calculations, which allows remote attackers to unspecified impact via unknown vectors, related to a ""root distance that did not include th",2017-01-13T16:59:00.510,https://nvd.nist.gov/vuln/detail/CVE-2016-7433,all
CVE-2016-1547,ntp-tickadj,4.2.8p18,5.3,MEDIUM,MEDIUM,,An off-path attacker can cause a preemptible client association to be demobilized in NTP 4.2.8p4 and earlier and NTPSec a5fb34b9cc89b92a8fef2f459004865c93bb7f92 by sending a crypto NAK packet to a vic,2017-01-06T21:59:00.320,https://nvd.nist.gov/vuln/detail/CVE-2016-1547,all
CVE-2016-4956,ntp-tickadj,4.2.8p18,5.3,MEDIUM,MEDIUM,CVSS:3.1/AV:N/AC:L/PR:N/UI:N/S:U/C:N/I:N/A:L,ntpd in NTP 4.x before 4.2.8p8 allows remote attackers to cause a denial of service (interleaved-mode transition and time change) via a spoofed broadcast packet.  NOTE: this vulnerability exists becau,2016-07-05T01:59:03.283,https://nvd.nist.gov/vuln/detail/CVE-2016-4956,all
CVE-2016-2516,ntp-tickadj,4.2.8p18,5.3,MEDIUM,MEDIUM,,"NTP before 4.2.8p7 and 4.3.x before 4.3.92, when mode7 is enabled, allows remote attackers to cause a denial of service (ntpd abort) by using the same IP address multiple times in an unconfig directiv",2017-01-30T21:59:01.003,https://nvd.nist.gov/vuln/detail/CVE-2016-2516,all
CVE-2016-2517,ntp-tickadj,4.2.8p18,5.3,MEDIUM,MEDIUM,,NTP before 4.2.8p7 and 4.3.x before 4.3.92 allows remote attackers to cause a denial of service (prevent subsequent authentication) by leveraging knowledge of the controlkey or requestkey and sending ,2017-01-30T21:59:01.033,https://nvd.nist.gov/vuln/detail/CVE-2016-2517,all
CVE-2016-2518,ntp-tickadj,4.2.8p18,5.3,MEDIUM,MEDIUM,CVSS:3.1/AV:N/AC:L/PR:N/UI:N/S:U/C:N/I:N/A:L,The MATCH_ASSOC function in NTP before version 4.2.8p9 and 4.3.x before 4.3.92 allows remote attackers to cause an out-of-bounds reference via an addpeer request with a large hmode value.,2017-01-30T21:59:01.080,https://nvd.nist.gov/vuln/detail/CVE-2016-2518,all
CVE-2018-7170,ntp-tickadj,4.2.8p18,5.3,MEDIUM,MEDIUM,CVSS:3.1/AV:N/AC:H/PR:L/UI:N/S:U/C:N/I:H/A:N,ntpd in ntp 4.2.x before 4.2.8p7 and 4.3.x before 4.3.92 allows authenticated users that know the private symmetric key to create arbitrarily-many ephemeral associations in order to win the clock sele,2018-03-06T20:29:01.297,https://nvd.nist.gov/vuln/detail/CVE-2018-7170,all
CVE-2025-47792,desktop-file-utils,0.28,5.0,MEDIUM,MEDIUM,CVSS:3.1/AV:L/AC:H/PR:L/UI:R/S:U/C:H/I:L/A:N,"Nextcloud Desktop is the desktop sync client for Nextcloud. In versions of Nextcloud Desktop prior to 3.15, 3rdparty applications already installed on a user machine can create link shares for almost ",2025-05-16T15:15:47.923,https://nvd.nist.gov/vuln/detail/CVE-2025-47792,all
CVE-2015-8140,ntp,4.2.8p18,4.8,MEDIUM,MEDIUM,,The ntpq protocol in NTP before 4.2.8p7 allows remote attackers to conduct replay attacks by sniffing the network.,2017-01-30T21:59:00.910,https://nvd.nist.gov/vuln/detail/CVE-2015-8140,all
CVE-2015-8140,ntp-tickadj,4.2.8p18,4.8,MEDIUM,MEDIUM,,The ntpq protocol in NTP before 4.2.8p7 allows remote attackers to conduct replay attacks by sniffing the network.,2017-01-30T21:59:00.910,https://nvd.nist.gov/vuln/detail/CVE-2015-8140,all
CVE-2019-15795,python3-dbus,1.4.0,4.7,MEDIUM,MEDIUM,CVSS:3.1/AV:N/AC:H/PR:N/UI:R/S:C/C:L/I:L/A:N,python-apt only checks the MD5 sums of downloaded files in `Version.fetch_binary()` and `Version.fetch_source()` of apt/package.py in version 1.9.0ubuntu1 and earlier. This allows a man-in-the-middle ,2020-03-26T13:15:12.750,https://nvd.nist.gov/vuln/detail/CVE-2019-15795,all
CVE-2019-15796,python3-dbus,1.4.0,4.7,MEDIUM,MEDIUM,CVSS:3.1/AV:N/AC:H/PR:N/UI:R/S:C/C:L/I:L/A:N,Python-apt doesn't check if hashes are signed in `Version.fetch_binary()` and `Version.fetch_source()` of apt/package.py or in `_fetch_archives()` of apt/cache.py in version 1.9.3ubuntu2 and earlier. ,2020-03-26T13:15:12.843,https://nvd.nist.gov/vuln/detail/CVE-2019-15796,all
CVE-2026-27456,util-linux,2.41.3,4.7,MEDIUM,MEDIUM,CVSS:3.1/AV:L/AC:H/PR:L/UI:N/S:U/C:H/I:N/A:N,"util-linux is a random collection of Linux utilities. Prior to version 2.41.4, a TOCTOU (Time-of-Check-Time-of-Use) vulnerability has been identified in the SUID binary /usr/bin/mount from util-linux.",2026-04-03T22:16:25.400,https://nvd.nist.gov/vuln/detail/CVE-2026-27456,all
CVE-2026-27456,util-linux-addpart,2.41.3,4.7,MEDIUM,MEDIUM,CVSS:3.1/AV:L/AC:H/PR:L/UI:N/S:U/C:H/I:N/A:N,"util-linux is a random collection of Linux utilities. Prior to version 2.41.4, a TOCTOU (Time-of-Check-Time-of-Use) vulnerability has been identified in the SUID binary /usr/bin/mount from util-linux.",2026-04-03T22:16:25.400,https://nvd.nist.gov/vuln/detail/CVE-2026-27456,all
CVE-2026-27456,util-linux-agetty,2.41.3,4.7,MEDIUM,MEDIUM,CVSS:3.1/AV:L/AC:H/PR:L/UI:N/S:U/C:H/I:N/A:N,"util-linux is a random collection of Linux utilities. Prior to version 2.41.4, a TOCTOU (Time-of-Check-Time-of-Use) vulnerability has been identified in the SUID binary /usr/bin/mount from util-linux.",2026-04-03T22:16:25.400,https://nvd.nist.gov/vuln/detail/CVE-2026-27456,all
CVE-2026-27456,util-linux-bits,2.41.3,4.7,MEDIUM,MEDIUM,CVSS:3.1/AV:L/AC:H/PR:L/UI:N/S:U/C:H/I:N/A:N,"util-linux is a random collection of Linux utilities. Prior to version 2.41.4, a TOCTOU (Time-of-Check-Time-of-Use) vulnerability has been identified in the SUID binary /usr/bin/mount from util-linux.",2026-04-03T22:16:25.400,https://nvd.nist.gov/vuln/detail/CVE-2026-27456,all
CVE-2026-27456,util-linux-blkdiscard,2.41.3,4.7,MEDIUM,MEDIUM,CVSS:3.1/AV:L/AC:H/PR:L/UI:N/S:U/C:H/I:N/A:N,"util-linux is a random collection of Linux utilities. Prior to version 2.41.4, a TOCTOU (Time-of-Check-Time-of-Use) vulnerability has been identified in the SUID binary /usr/bin/mount from util-linux.",2026-04-03T22:16:25.400,https://nvd.nist.gov/vuln/detail/CVE-2026-27456,all
CVE-2026-27456,util-linux-blkid,2.41.3,4.7,MEDIUM,MEDIUM,CVSS:3.1/AV:L/AC:H/PR:L/UI:N/S:U/C:H/I:N/A:N,"util-linux is a random collection of Linux utilities. Prior to version 2.41.4, a TOCTOU (Time-of-Check-Time-of-Use) vulnerability has been identified in the SUID binary /usr/bin/mount from util-linux.",2026-04-03T22:16:25.400,https://nvd.nist.gov/vuln/detail/CVE-2026-27456,all
CVE-2026-27456,util-linux-blkpr,2.41.3,4.7,MEDIUM,MEDIUM,CVSS:3.1/AV:L/AC:H/PR:L/UI:N/S:U/C:H/I:N/A:N,"util-linux is a random collection of Linux utilities. Prior to version 2.41.4, a TOCTOU (Time-of-Check-Time-of-Use) vulnerability has been identified in the SUID binary /usr/bin/mount from util-linux.",2026-04-03T22:16:25.400,https://nvd.nist.gov/vuln/detail/CVE-2026-27456,all
CVE-2026-27456,util-linux-blkzone,2.41.3,4.7,MEDIUM,MEDIUM,CVSS:3.1/AV:L/AC:H/PR:L/UI:N/S:U/C:H/I:N/A:N,"util-linux is a random collection of Linux utilities. Prior to version 2.41.4, a TOCTOU (Time-of-Check-Time-of-Use) vulnerability has been identified in the SUID binary /usr/bin/mount from util-linux.",2026-04-03T22:16:25.400,https://nvd.nist.gov/vuln/detail/CVE-2026-27456,all
CVE-2026-27456,util-linux-blockdev,2.41.3,4.7,MEDIUM,MEDIUM,CVSS:3.1/AV:L/AC:H/PR:L/UI:N/S:U/C:H/I:N/A:N,"util-linux is a random collection of Linux utilities. Prior to version 2.41.4, a TOCTOU (Time-of-Check-Time-of-Use) vulnerability has been identified in the SUID binary /usr/bin/mount from util-linux.",2026-04-03T22:16:25.400,https://nvd.nist.gov/vuln/detail/CVE-2026-27456,all
CVE-2026-27456,util-linux-cal,2.41.3,4.7,MEDIUM,MEDIUM,CVSS:3.1/AV:L/AC:H/PR:L/UI:N/S:U/C:H/I:N/A:N,"util-linux is a random collection of Linux utilities. Prior to version 2.41.4, a TOCTOU (Time-of-Check-Time-of-Use) vulnerability has been identified in the SUID binary /usr/bin/mount from util-linux.",2026-04-03T22:16:25.400,https://nvd.nist.gov/vuln/detail/CVE-2026-27456,all
CVE-2026-27456,util-linux-cfdisk,2.41.3,4.7,MEDIUM,MEDIUM,CVSS:3.1/AV:L/AC:H/PR:L/UI:N/S:U/C:H/I:N/A:N,"util-linux is a random collection of Linux utilities. Prior to version 2.41.4, a TOCTOU (Time-of-Check-Time-of-Use) vulnerability has been identified in the SUID binary /usr/bin/mount from util-linux.",2026-04-03T22:16:25.400,https://nvd.nist.gov/vuln/detail/CVE-2026-27456,all
CVE-2026-27456,util-linux-chcpu,2.41.3,4.7,MEDIUM,MEDIUM,CVSS:3.1/AV:L/AC:H/PR:L/UI:N/S:U/C:H/I:N/A:N,"util-linux is a random collection of Linux utilities. Prior to version 2.41.4, a TOCTOU (Time-of-Check-Time-of-Use) vulnerability has been identified in the SUID binary /usr/bin/mount from util-linux.",2026-04-03T22:16:25.400,https://nvd.nist.gov/vuln/detail/CVE-2026-27456,all
CVE-2026-27456,util-linux-chmem,2.41.3,4.7,MEDIUM,MEDIUM,CVSS:3.1/AV:L/AC:H/PR:L/UI:N/S:U/C:H/I:N/A:N,"util-linux is a random collection of Linux utilities. Prior to version 2.41.4, a TOCTOU (Time-of-Check-Time-of-Use) vulnerability has been identified in the SUID binary /usr/bin/mount from util-linux.",2026-04-03T22:16:25.400,https://nvd.nist.gov/vuln/detail/CVE-2026-27456,all
CVE-2026-27456,util-linux-choom,2.41.3,4.7,MEDIUM,MEDIUM,CVSS:3.1/AV:L/AC:H/PR:L/UI:N/S:U/C:H/I:N/A:N,"util-linux is a random collection of Linux utilities. Prior to version 2.41.4, a TOCTOU (Time-of-Check-Time-of-Use) vulnerability has been identified in the SUID binary /usr/bin/mount from util-linux.",2026-04-03T22:16:25.400,https://nvd.nist.gov/vuln/detail/CVE-2026-27456,all
CVE-2026-27456,util-linux-chrt,2.41.3,4.7,MEDIUM,MEDIUM,CVSS:3.1/AV:L/AC:H/PR:L/UI:N/S:U/C:H/I:N/A:N,"util-linux is a random collection of Linux utilities. Prior to version 2.41.4, a TOCTOU (Time-of-Check-Time-of-Use) vulnerability has been identified in the SUID binary /usr/bin/mount from util-linux.",2026-04-03T22:16:25.400,https://nvd.nist.gov/vuln/detail/CVE-2026-27456,all
CVE-2026-27456,util-linux-col,2.41.3,4.7,MEDIUM,MEDIUM,CVSS:3.1/AV:L/AC:H/PR:L/UI:N/S:U/C:H/I:N/A:N,"util-linux is a random collection of Linux utilities. Prior to version 2.41.4, a TOCTOU (Time-of-Check-Time-of-Use) vulnerability has been identified in the SUID binary /usr/bin/mount from util-linux.",2026-04-03T22:16:25.400,https://nvd.nist.gov/vuln/detail/CVE-2026-27456,all
CVE-2026-27456,util-linux-colcrt,2.41.3,4.7,MEDIUM,MEDIUM,CVSS:3.1/AV:L/AC:H/PR:L/UI:N/S:U/C:H/I:N/A:N,"util-linux is a random collection of Linux utilities. Prior to version 2.41.4, a TOCTOU (Time-of-Check-Time-of-Use) vulnerability has been identified in the SUID binary /usr/bin/mount from util-linux.",2026-04-03T22:16:25.400,https://nvd.nist.gov/vuln/detail/CVE-2026-27456,all
CVE-2026-27456,util-linux-colrm,2.41.3,4.7,MEDIUM,MEDIUM,CVSS:3.1/AV:L/AC:H/PR:L/UI:N/S:U/C:H/I:N/A:N,"util-linux is a random collection of Linux utilities. Prior to version 2.41.4, a TOCTOU (Time-of-Check-Time-of-Use) vulnerability has been identified in the SUID binary /usr/bin/mount from util-linux.",2026-04-03T22:16:25.400,https://nvd.nist.gov/vuln/detail/CVE-2026-27456,all
CVE-2026-27456,util-linux-column,2.41.3,4.7,MEDIUM,MEDIUM,CVSS:3.1/AV:L/AC:H/PR:L/UI:N/S:U/C:H/I:N/A:N,"util-linux is a random collection of Linux utilities. Prior to version 2.41.4, a TOCTOU (Time-of-Check-Time-of-Use) vulnerability has been identified in the SUID binary /usr/bin/mount from util-linux.",2026-04-03T22:16:25.400,https://nvd.nist.gov/vuln/detail/CVE-2026-27456,all
CVE-2026-27456,util-linux-coresched,2.41.3,4.7,MEDIUM,MEDIUM,CVSS:3.1/AV:L/AC:H/PR:L/UI:N/S:U/C:H/I:N/A:N,"util-linux is a random collection of Linux utilities. Prior to version 2.41.4, a TOCTOU (Time-of-Check-Time-of-Use) vulnerability has been identified in the SUID binary /usr/bin/mount from util-linux.",2026-04-03T22:16:25.400,https://nvd.nist.gov/vuln/detail/CVE-2026-27456,all
CVE-2026-27456,util-linux-ctrlaltdel,2.41.3,4.7,MEDIUM,MEDIUM,CVSS:3.1/AV:L/AC:H/PR:L/UI:N/S:U/C:H/I:N/A:N,"util-linux is a random collection of Linux utilities. Prior to version 2.41.4, a TOCTOU (Time-of-Check-Time-of-Use) vulnerability has been identified in the SUID binary /usr/bin/mount from util-linux.",2026-04-03T22:16:25.400,https://nvd.nist.gov/vuln/detail/CVE-2026-27456,all
CVE-2026-27456,util-linux-delpart,2.41.3,4.7,MEDIUM,MEDIUM,CVSS:3.1/AV:L/AC:H/PR:L/UI:N/S:U/C:H/I:N/A:N,"util-linux is a random collection of Linux utilities. Prior to version 2.41.4, a TOCTOU (Time-of-Check-Time-of-Use) vulnerability has been identified in the SUID binary /usr/bin/mount from util-linux.",2026-04-03T22:16:25.400,https://nvd.nist.gov/vuln/detail/CVE-2026-27456,all
CVE-2026-27456,util-linux-dmesg,2.41.3,4.7,MEDIUM,MEDIUM,CVSS:3.1/AV:L/AC:H/PR:L/UI:N/S:U/C:H/I:N/A:N,"util-linux is a random collection of Linux utilities. Prior to version 2.41.4, a TOCTOU (Time-of-Check-Time-of-Use) vulnerability has been identified in the SUID binary /usr/bin/mount from util-linux.",2026-04-03T22:16:25.400,https://nvd.nist.gov/vuln/detail/CVE-2026-27456,all
CVE-2026-27456,util-linux-eject,2.41.3,4.7,MEDIUM,MEDIUM,CVSS:3.1/AV:L/AC:H/PR:L/UI:N/S:U/C:H/I:N/A:N,"util-linux is a random collection of Linux utilities. Prior to version 2.41.4, a TOCTOU (Time-of-Check-Time-of-Use) vulnerability has been identified in the SUID binary /usr/bin/mount from util-linux.",2026-04-03T22:16:25.400,https://nvd.nist.gov/vuln/detail/CVE-2026-27456,all
CVE-2026-27456,util-linux-enosys,2.41.3,4.7,MEDIUM,MEDIUM,CVSS:3.1/AV:L/AC:H/PR:L/UI:N/S:U/C:H/I:N/A:N,"util-linux is a random collection of Linux utilities. Prior to version 2.41.4, a TOCTOU (Time-of-Check-Time-of-Use) vulnerability has been identified in the SUID binary /usr/bin/mount from util-linux.",2026-04-03T22:16:25.400,https://nvd.nist.gov/vuln/detail/CVE-2026-27456,all
CVE-2026-27456,util-linux-exch,2.41.3,4.7,MEDIUM,MEDIUM,CVSS:3.1/AV:L/AC:H/PR:L/UI:N/S:U/C:H/I:N/A:N,"util-linux is a random collection of Linux utilities. Prior to version 2.41.4, a TOCTOU (Time-of-Check-Time-of-Use) vulnerability has been identified in the SUID binary /usr/bin/mount from util-linux.",2026-04-03T22:16:25.400,https://nvd.nist.gov/vuln/detail/CVE-2026-27456,all
CVE-2026-27456,util-linux-fadvise,2.41.3,4.7,MEDIUM,MEDIUM,CVSS:3.1/AV:L/AC:H/PR:L/UI:N/S:U/C:H/I:N/A:N,"util-linux is a random collection of Linux utilities. Prior to version 2.41.4, a TOCTOU (Time-of-Check-Time-of-Use) vulnerability has been identified in the SUID binary /usr/bin/mount from util-linux.",2026-04-03T22:16:25.400,https://nvd.nist.gov/vuln/detail/CVE-2026-27456,all
CVE-2026-27456,util-linux-fallocate,2.41.3,4.7,MEDIUM,MEDIUM,CVSS:3.1/AV:L/AC:H/PR:L/UI:N/S:U/C:H/I:N/A:N,"util-linux is a random collection of Linux utilities. Prior to version 2.41.4, a TOCTOU (Time-of-Check-Time-of-Use) vulnerability has been identified in the SUID binary /usr/bin/mount from util-linux.",2026-04-03T22:16:25.400,https://nvd.nist.gov/vuln/detail/CVE-2026-27456,all
CVE-2026-27456,util-linux-fdisk,2.41.3,4.7,MEDIUM,MEDIUM,CVSS:3.1/AV:L/AC:H/PR:L/UI:N/S:U/C:H/I:N/A:N,"util-linux is a random collection of Linux utilities. Prior to version 2.41.4, a TOCTOU (Time-of-Check-Time-of-Use) vulnerability has been identified in the SUID binary /usr/bin/mount from util-linux.",2026-04-03T22:16:25.400,https://nvd.nist.gov/vuln/detail/CVE-2026-27456,all
CVE-2026-27456,util-linux-fincore,2.41.3,4.7,MEDIUM,MEDIUM,CVSS:3.1/AV:L/AC:H/PR:L/UI:N/S:U/C:H/I:N/A:N,"util-linux is a random collection of Linux utilities. Prior to version 2.41.4, a TOCTOU (Time-of-Check-Time-of-Use) vulnerability has been identified in the SUID binary /usr/bin/mount from util-linux.",2026-04-03T22:16:25.400,https://nvd.nist.gov/vuln/detail/CVE-2026-27456,all
CVE-2026-27456,util-linux-findfs,2.41.3,4.7,MEDIUM,MEDIUM,CVSS:3.1/AV:L/AC:H/PR:L/UI:N/S:U/C:H/I:N/A:N,"util-linux is a random collection of Linux utilities. Prior to version 2.41.4, a TOCTOU (Time-of-Check-Time-of-Use) vulnerability has been identified in the SUID binary /usr/bin/mount from util-linux.",2026-04-03T22:16:25.400,https://nvd.nist.gov/vuln/detail/CVE-2026-27456,all
CVE-2026-27456,util-linux-findmnt,2.41.3,4.7,MEDIUM,MEDIUM,CVSS:3.1/AV:L/AC:H/PR:L/UI:N/S:U/C:H/I:N/A:N,"util-linux is a random collection of Linux utilities. Prior to version 2.41.4, a TOCTOU (Time-of-Check-Time-of-Use) vulnerability has been identified in the SUID binary /usr/bin/mount from util-linux.",2026-04-03T22:16:25.400,https://nvd.nist.gov/vuln/detail/CVE-2026-27456,all
CVE-2026-27456,util-linux-flock,2.41.3,4.7,MEDIUM,MEDIUM,CVSS:3.1/AV:L/AC:H/PR:L/UI:N/S:U/C:H/I:N/A:N,"util-linux is a random collection of Linux utilities. Prior to version 2.41.4, a TOCTOU (Time-of-Check-Time-of-Use) vulnerability has been identified in the SUID binary /usr/bin/mount from util-linux.",2026-04-03T22:16:25.400,https://nvd.nist.gov/vuln/detail/CVE-2026-27456,all
CVE-2026-27456,util-linux-fsck,2.41.3,4.7,MEDIUM,MEDIUM,CVSS:3.1/AV:L/AC:H/PR:L/UI:N/S:U/C:H/I:N/A:N,"util-linux is a random collection of Linux utilities. Prior to version 2.41.4, a TOCTOU (Time-of-Check-Time-of-Use) vulnerability has been identified in the SUID binary /usr/bin/mount from util-linux.",2026-04-03T22:16:25.400,https://nvd.nist.gov/vuln/detail/CVE-2026-27456,all
CVE-2026-27456,util-linux-fsck.cramfs,2.41.3,4.7,MEDIUM,MEDIUM,CVSS:3.1/AV:L/AC:H/PR:L/UI:N/S:U/C:H/I:N/A:N,"util-linux is a random collection of Linux utilities. Prior to version 2.41.4, a TOCTOU (Time-of-Check-Time-of-Use) vulnerability has been identified in the SUID binary /usr/bin/mount from util-linux.",2026-04-03T22:16:25.400,https://nvd.nist.gov/vuln/detail/CVE-2026-27456,all
CVE-2026-27456,util-linux-fsfreeze,2.41.3,4.7,MEDIUM,MEDIUM,CVSS:3.1/AV:L/AC:H/PR:L/UI:N/S:U/C:H/I:N/A:N,"util-linux is a random collection of Linux utilities. Prior to version 2.41.4, a TOCTOU (Time-of-Check-Time-of-Use) vulnerability has been identified in the SUID binary /usr/bin/mount from util-linux.",2026-04-03T22:16:25.400,https://nvd.nist.gov/vuln/detail/CVE-2026-27456,all
CVE-2026-27456,util-linux-fstrim,2.41.3,4.7,MEDIUM,MEDIUM,CVSS:3.1/AV:L/AC:H/PR:L/UI:N/S:U/C:H/I:N/A:N,"util-linux is a random collection of Linux utilities. Prior to version 2.41.4, a TOCTOU (Time-of-Check-Time-of-Use) vulnerability has been identified in the SUID binary /usr/bin/mount from util-linux.",2026-04-03T22:16:25.400,https://nvd.nist.gov/vuln/detail/CVE-2026-27456,all
CVE-2026-27456,util-linux-getopt,2.41.3,4.7,MEDIUM,MEDIUM,CVSS:3.1/AV:L/AC:H/PR:L/UI:N/S:U/C:H/I:N/A:N,"util-linux is a random collection of Linux utilities. Prior to version 2.41.4, a TOCTOU (Time-of-Check-Time-of-Use) vulnerability has been identified in the SUID binary /usr/bin/mount from util-linux.",2026-04-03T22:16:25.400,https://nvd.nist.gov/vuln/detail/CVE-2026-27456,all
CVE-2026-27456,util-linux-hardlink,2.41.3,4.7,MEDIUM,MEDIUM,CVSS:3.1/AV:L/AC:H/PR:L/UI:N/S:U/C:H/I:N/A:N,"util-linux is a random collection of Linux utilities. Prior to version 2.41.4, a TOCTOU (Time-of-Check-Time-of-Use) vulnerability has been identified in the SUID binary /usr/bin/mount from util-linux.",2026-04-03T22:16:25.400,https://nvd.nist.gov/vuln/detail/CVE-2026-27456,all
CVE-2026-27456,util-linux-hexdump,2.41.3,4.7,MEDIUM,MEDIUM,CVSS:3.1/AV:L/AC:H/PR:L/UI:N/S:U/C:H/I:N/A:N,"util-linux is a random collection of Linux utilities. Prior to version 2.41.4, a TOCTOU (Time-of-Check-Time-of-Use) vulnerability has been identified in the SUID binary /usr/bin/mount from util-linux.",2026-04-03T22:16:25.400,https://nvd.nist.gov/vuln/detail/CVE-2026-27456,all
CVE-2026-27456,util-linux-hwclock,2.41.3,4.7,MEDIUM,MEDIUM,CVSS:3.1/AV:L/AC:H/PR:L/UI:N/S:U/C:H/I:N/A:N,"util-linux is a random collection of Linux utilities. Prior to version 2.41.4, a TOCTOU (Time-of-Check-Time-of-Use) vulnerability has been identified in the SUID binary /usr/bin/mount from util-linux.",2026-04-03T22:16:25.400,https://nvd.nist.gov/vuln/detail/CVE-2026-27456,all
CVE-2026-27456,util-linux-ionice,2.41.3,4.7,MEDIUM,MEDIUM,CVSS:3.1/AV:L/AC:H/PR:L/UI:N/S:U/C:H/I:N/A:N,"util-linux is a random collection of Linux utilities. Prior to version 2.41.4, a TOCTOU (Time-of-Check-Time-of-Use) vulnerability has been identified in the SUID binary /usr/bin/mount from util-linux.",2026-04-03T22:16:25.400,https://nvd.nist.gov/vuln/detail/CVE-2026-27456,all
CVE-2026-27456,util-linux-ipcmk,2.41.3,4.7,MEDIUM,MEDIUM,CVSS:3.1/AV:L/AC:H/PR:L/UI:N/S:U/C:H/I:N/A:N,"util-linux is a random collection of Linux utilities. Prior to version 2.41.4, a TOCTOU (Time-of-Check-Time-of-Use) vulnerability has been identified in the SUID binary /usr/bin/mount from util-linux.",2026-04-03T22:16:25.400,https://nvd.nist.gov/vuln/detail/CVE-2026-27456,all
CVE-2026-27456,util-linux-ipcrm,2.41.3,4.7,MEDIUM,MEDIUM,CVSS:3.1/AV:L/AC:H/PR:L/UI:N/S:U/C:H/I:N/A:N,"util-linux is a random collection of Linux utilities. Prior to version 2.41.4, a TOCTOU (Time-of-Check-Time-of-Use) vulnerability has been identified in the SUID binary /usr/bin/mount from util-linux.",2026-04-03T22:16:25.400,https://nvd.nist.gov/vuln/detail/CVE-2026-27456,all
CVE-2026-27456,util-linux-ipcs,2.41.3,4.7,MEDIUM,MEDIUM,CVSS:3.1/AV:L/AC:H/PR:L/UI:N/S:U/C:H/I:N/A:N,"util-linux is a random collection of Linux utilities. Prior to version 2.41.4, a TOCTOU (Time-of-Check-Time-of-Use) vulnerability has been identified in the SUID binary /usr/bin/mount from util-linux.",2026-04-03T22:16:25.400,https://nvd.nist.gov/vuln/detail/CVE-2026-27456,all
CVE-2026-27456,util-linux-irqtop,2.41.3,4.7,MEDIUM,MEDIUM,CVSS:3.1/AV:L/AC:H/PR:L/UI:N/S:U/C:H/I:N/A:N,"util-linux is a random collection of Linux utilities. Prior to version 2.41.4, a TOCTOU (Time-of-Check-Time-of-Use) vulnerability has been identified in the SUID binary /usr/bin/mount from util-linux.",2026-04-03T22:16:25.400,https://nvd.nist.gov/vuln/detail/CVE-2026-27456,all
CVE-2026-27456,util-linux-isosize,2.41.3,4.7,MEDIUM,MEDIUM,CVSS:3.1/AV:L/AC:H/PR:L/UI:N/S:U/C:H/I:N/A:N,"util-linux is a random collection of Linux utilities. Prior to version 2.41.4, a TOCTOU (Time-of-Check-Time-of-Use) vulnerability has been identified in the SUID binary /usr/bin/mount from util-linux.",2026-04-03T22:16:25.400,https://nvd.nist.gov/vuln/detail/CVE-2026-27456,all
CVE-2026-27456,util-linux-kill,2.41.3,4.7,MEDIUM,MEDIUM,CVSS:3.1/AV:L/AC:H/PR:L/UI:N/S:U/C:H/I:N/A:N,"util-linux is a random collection of Linux utilities. Prior to version 2.41.4, a TOCTOU (Time-of-Check-Time-of-Use) vulnerability has been identified in the SUID binary /usr/bin/mount from util-linux.",2026-04-03T22:16:25.400,https://nvd.nist.gov/vuln/detail/CVE-2026-27456,all
CVE-2026-27456,util-linux-last,2.41.3,4.7,MEDIUM,MEDIUM,CVSS:3.1/AV:L/AC:H/PR:L/UI:N/S:U/C:H/I:N/A:N,"util-linux is a random collection of Linux utilities. Prior to version 2.41.4, a TOCTOU (Time-of-Check-Time-of-Use) vulnerability has been identified in the SUID binary /usr/bin/mount from util-linux.",2026-04-03T22:16:25.400,https://nvd.nist.gov/vuln/detail/CVE-2026-27456,all
CVE-2026-27456,util-linux-ldattach,2.41.3,4.7,MEDIUM,MEDIUM,CVSS:3.1/AV:L/AC:H/PR:L/UI:N/S:U/C:H/I:N/A:N,"util-linux is a random collection of Linux utilities. Prior to version 2.41.4, a TOCTOU (Time-of-Check-Time-of-Use) vulnerability has been identified in the SUID binary /usr/bin/mount from util-linux.",2026-04-03T22:16:25.400,https://nvd.nist.gov/vuln/detail/CVE-2026-27456,all
CVE-2026-27456,util-linux-logger,2.41.3,4.7,MEDIUM,MEDIUM,CVSS:3.1/AV:L/AC:H/PR:L/UI:N/S:U/C:H/I:N/A:N,"util-linux is a random collection of Linux utilities. Prior to version 2.41.4, a TOCTOU (Time-of-Check-Time-of-Use) vulnerability has been identified in the SUID binary /usr/bin/mount from util-linux.",2026-04-03T22:16:25.400,https://nvd.nist.gov/vuln/detail/CVE-2026-27456,all
CVE-2026-27456,util-linux-look,2.41.3,4.7,MEDIUM,MEDIUM,CVSS:3.1/AV:L/AC:H/PR:L/UI:N/S:U/C:H/I:N/A:N,"util-linux is a random collection of Linux utilities. Prior to version 2.41.4, a TOCTOU (Time-of-Check-Time-of-Use) vulnerability has been identified in the SUID binary /usr/bin/mount from util-linux.",2026-04-03T22:16:25.400,https://nvd.nist.gov/vuln/detail/CVE-2026-27456,all
CVE-2026-27456,util-linux-losetup,2.41.3,4.7,MEDIUM,MEDIUM,CVSS:3.1/AV:L/AC:H/PR:L/UI:N/S:U/C:H/I:N/A:N,"util-linux is a random collection of Linux utilities. Prior to version 2.41.4, a TOCTOU (Time-of-Check-Time-of-Use) vulnerability has been identified in the SUID binary /usr/bin/mount from util-linux.",2026-04-03T22:16:25.400,https://nvd.nist.gov/vuln/detail/CVE-2026-27456,all
CVE-2026-27456,util-linux-lsblk,2.41.3,4.7,MEDIUM,MEDIUM,CVSS:3.1/AV:L/AC:H/PR:L/UI:N/S:U/C:H/I:N/A:N,"util-linux is a random collection of Linux utilities. Prior to version 2.41.4, a TOCTOU (Time-of-Check-Time-of-Use) vulnerability has been identified in the SUID binary /usr/bin/mount from util-linux.",2026-04-03T22:16:25.400,https://nvd.nist.gov/vuln/detail/CVE-2026-27456,all
CVE-2026-27456,util-linux-lsclocks,2.41.3,4.7,MEDIUM,MEDIUM,CVSS:3.1/AV:L/AC:H/PR:L/UI:N/S:U/C:H/I:N/A:N,"util-linux is a random collection of Linux utilities. Prior to version 2.41.4, a TOCTOU (Time-of-Check-Time-of-Use) vulnerability has been identified in the SUID binary /usr/bin/mount from util-linux.",2026-04-03T22:16:25.400,https://nvd.nist.gov/vuln/detail/CVE-2026-27456,all
CVE-2026-27456,util-linux-lscpu,2.41.3,4.7,MEDIUM,MEDIUM,CVSS:3.1/AV:L/AC:H/PR:L/UI:N/S:U/C:H/I:N/A:N,"util-linux is a random collection of Linux utilities. Prior to version 2.41.4, a TOCTOU (Time-of-Check-Time-of-Use) vulnerability has been identified in the SUID binary /usr/bin/mount from util-linux.",2026-04-03T22:16:25.400,https://nvd.nist.gov/vuln/detail/CVE-2026-27456,all
CVE-2026-27456,util-linux-lsfd,2.41.3,4.7,MEDIUM,MEDIUM,CVSS:3.1/AV:L/AC:H/PR:L/UI:N/S:U/C:H/I:N/A:N,"util-linux is a random collection of Linux utilities. Prior to version 2.41.4, a TOCTOU (Time-of-Check-Time-of-Use) vulnerability has been identified in the SUID binary /usr/bin/mount from util-linux.",2026-04-03T22:16:25.400,https://nvd.nist.gov/vuln/detail/CVE-2026-27456,all
CVE-2026-27456,util-linux-lsipc,2.41.3,4.7,MEDIUM,MEDIUM,CVSS:3.1/AV:L/AC:H/PR:L/UI:N/S:U/C:H/I:N/A:N,"util-linux is a random collection of Linux utilities. Prior to version 2.41.4, a TOCTOU (Time-of-Check-Time-of-Use) vulnerability has been identified in the SUID binary /usr/bin/mount from util-linux.",2026-04-03T22:16:25.400,https://nvd.nist.gov/vuln/detail/CVE-2026-27456,all
CVE-2026-27456,util-linux-lsirq,2.41.3,4.7,MEDIUM,MEDIUM,CVSS:3.1/AV:L/AC:H/PR:L/UI:N/S:U/C:H/I:N/A:N,"util-linux is a random collection of Linux utilities. Prior to version 2.41.4, a TOCTOU (Time-of-Check-Time-of-Use) vulnerability has been identified in the SUID binary /usr/bin/mount from util-linux.",2026-04-03T22:16:25.400,https://nvd.nist.gov/vuln/detail/CVE-2026-27456,all
CVE-2026-27456,util-linux-lslocks,2.41.3,4.7,MEDIUM,MEDIUM,CVSS:3.1/AV:L/AC:H/PR:L/UI:N/S:U/C:H/I:N/A:N,"util-linux is a random collection of Linux utilities. Prior to version 2.41.4, a TOCTOU (Time-of-Check-Time-of-Use) vulnerability has been identified in the SUID binary /usr/bin/mount from util-linux.",2026-04-03T22:16:25.400,https://nvd.nist.gov/vuln/detail/CVE-2026-27456,all
CVE-2026-27456,util-linux-lslogins,2.41.3,4.7,MEDIUM,MEDIUM,CVSS:3.1/AV:L/AC:H/PR:L/UI:N/S:U/C:H/I:N/A:N,"util-linux is a random collection of Linux utilities. Prior to version 2.41.4, a TOCTOU (Time-of-Check-Time-of-Use) vulnerability has been identified in the SUID binary /usr/bin/mount from util-linux.",2026-04-03T22:16:25.400,https://nvd.nist.gov/vuln/detail/CVE-2026-27456,all
CVE-2026-27456,util-linux-lsmem,2.41.3,4.7,MEDIUM,MEDIUM,CVSS:3.1/AV:L/AC:H/PR:L/UI:N/S:U/C:H/I:N/A:N,"util-linux is a random collection of Linux utilities. Prior to version 2.41.4, a TOCTOU (Time-of-Check-Time-of-Use) vulnerability has been identified in the SUID binary /usr/bin/mount from util-linux.",2026-04-03T22:16:25.400,https://nvd.nist.gov/vuln/detail/CVE-2026-27456,all
CVE-2026-27456,util-linux-lsns,2.41.3,4.7,MEDIUM,MEDIUM,CVSS:3.1/AV:L/AC:H/PR:L/UI:N/S:U/C:H/I:N/A:N,"util-linux is a random collection of Linux utilities. Prior to version 2.41.4, a TOCTOU (Time-of-Check-Time-of-Use) vulnerability has been identified in the SUID binary /usr/bin/mount from util-linux.",2026-04-03T22:16:25.400,https://nvd.nist.gov/vuln/detail/CVE-2026-27456,all
CVE-2026-27456,util-linux-mcookie,2.41.3,4.7,MEDIUM,MEDIUM,CVSS:3.1/AV:L/AC:H/PR:L/UI:N/S:U/C:H/I:N/A:N,"util-linux is a random collection of Linux utilities. Prior to version 2.41.4, a TOCTOU (Time-of-Check-Time-of-Use) vulnerability has been identified in the SUID binary /usr/bin/mount from util-linux.",2026-04-03T22:16:25.400,https://nvd.nist.gov/vuln/detail/CVE-2026-27456,all
CVE-2026-27456,util-linux-mesg,2.41.3,4.7,MEDIUM,MEDIUM,CVSS:3.1/AV:L/AC:H/PR:L/UI:N/S:U/C:H/I:N/A:N,"util-linux is a random collection of Linux utilities. Prior to version 2.41.4, a TOCTOU (Time-of-Check-Time-of-Use) vulnerability has been identified in the SUID binary /usr/bin/mount from util-linux.",2026-04-03T22:16:25.400,https://nvd.nist.gov/vuln/detail/CVE-2026-27456,all
CVE-2026-27456,util-linux-mkfs,2.41.3,4.7,MEDIUM,MEDIUM,CVSS:3.1/AV:L/AC:H/PR:L/UI:N/S:U/C:H/I:N/A:N,"util-linux is a random collection of Linux utilities. Prior to version 2.41.4, a TOCTOU (Time-of-Check-Time-of-Use) vulnerability has been identified in the SUID binary /usr/bin/mount from util-linux.",2026-04-03T22:16:25.400,https://nvd.nist.gov/vuln/detail/CVE-2026-27456,all
CVE-2026-27456,util-linux-mkfs.cramfs,2.41.3,4.7,MEDIUM,MEDIUM,CVSS:3.1/AV:L/AC:H/PR:L/UI:N/S:U/C:H/I:N/A:N,"util-linux is a random collection of Linux utilities. Prior to version 2.41.4, a TOCTOU (Time-of-Check-Time-of-Use) vulnerability has been identified in the SUID binary /usr/bin/mount from util-linux.",2026-04-03T22:16:25.400,https://nvd.nist.gov/vuln/detail/CVE-2026-27456,all
CVE-2026-27456,util-linux-mkswap,2.41.3,4.7,MEDIUM,MEDIUM,CVSS:3.1/AV:L/AC:H/PR:L/UI:N/S:U/C:H/I:N/A:N,"util-linux is a random collection of Linux utilities. Prior to version 2.41.4, a TOCTOU (Time-of-Check-Time-of-Use) vulnerability has been identified in the SUID binary /usr/bin/mount from util-linux.",2026-04-03T22:16:25.400,https://nvd.nist.gov/vuln/detail/CVE-2026-27456,all
CVE-2026-27456,util-linux-more,2.41.3,4.7,MEDIUM,MEDIUM,CVSS:3.1/AV:L/AC:H/PR:L/UI:N/S:U/C:H/I:N/A:N,"util-linux is a random collection of Linux utilities. Prior to version 2.41.4, a TOCTOU (Time-of-Check-Time-of-Use) vulnerability has been identified in the SUID binary /usr/bin/mount from util-linux.",2026-04-03T22:16:25.400,https://nvd.nist.gov/vuln/detail/CVE-2026-27456,all
CVE-2026-27456,util-linux-mount,2.41.3,4.7,MEDIUM,MEDIUM,CVSS:3.1/AV:L/AC:H/PR:L/UI:N/S:U/C:H/I:N/A:N,"util-linux is a random collection of Linux utilities. Prior to version 2.41.4, a TOCTOU (Time-of-Check-Time-of-Use) vulnerability has been identified in the SUID binary /usr/bin/mount from util-linux.",2026-04-03T22:16:25.400,https://nvd.nist.gov/vuln/detail/CVE-2026-27456,all
CVE-2026-27456,util-linux-mountpoint,2.41.3,4.7,MEDIUM,MEDIUM,CVSS:3.1/AV:L/AC:H/PR:L/UI:N/S:U/C:H/I:N/A:N,"util-linux is a random collection of Linux utilities. Prior to version 2.41.4, a TOCTOU (Time-of-Check-Time-of-Use) vulnerability has been identified in the SUID binary /usr/bin/mount from util-linux.",2026-04-03T22:16:25.400,https://nvd.nist.gov/vuln/detail/CVE-2026-27456,all
CVE-2026-27456,util-linux-namei,2.41.3,4.7,MEDIUM,MEDIUM,CVSS:3.1/AV:L/AC:H/PR:L/UI:N/S:U/C:H/I:N/A:N,"util-linux is a random collection of Linux utilities. Prior to version 2.41.4, a TOCTOU (Time-of-Check-Time-of-Use) vulnerability has been identified in the SUID binary /usr/bin/mount from util-linux.",2026-04-03T22:16:25.400,https://nvd.nist.gov/vuln/detail/CVE-2026-27456,all
CVE-2026-27456,util-linux-nologin,2.41.3,4.7,MEDIUM,MEDIUM,CVSS:3.1/AV:L/AC:H/PR:L/UI:N/S:U/C:H/I:N/A:N,"util-linux is a random collection of Linux utilities. Prior to version 2.41.4, a TOCTOU (Time-of-Check-Time-of-Use) vulnerability has been identified in the SUID binary /usr/bin/mount from util-linux.",2026-04-03T22:16:25.400,https://nvd.nist.gov/vuln/detail/CVE-2026-27456,all
CVE-2026-27456,util-linux-nsenter,2.41.3,4.7,MEDIUM,MEDIUM,CVSS:3.1/AV:L/AC:H/PR:L/UI:N/S:U/C:H/I:N/A:N,"util-linux is a random collection of Linux utilities. Prior to version 2.41.4, a TOCTOU (Time-of-Check-Time-of-Use) vulnerability has been identified in the SUID binary /usr/bin/mount from util-linux.",2026-04-03T22:16:25.400,https://nvd.nist.gov/vuln/detail/CVE-2026-27456,all
CVE-2026-27456,util-linux-partx,2.41.3,4.7,MEDIUM,MEDIUM,CVSS:3.1/AV:L/AC:H/PR:L/UI:N/S:U/C:H/I:N/A:N,"util-linux is a random collection of Linux utilities. Prior to version 2.41.4, a TOCTOU (Time-of-Check-Time-of-Use) vulnerability has been identified in the SUID binary /usr/bin/mount from util-linux.",2026-04-03T22:16:25.400,https://nvd.nist.gov/vuln/detail/CVE-2026-27456,all
CVE-2026-27456,util-linux-pipesz,2.41.3,4.7,MEDIUM,MEDIUM,CVSS:3.1/AV:L/AC:H/PR:L/UI:N/S:U/C:H/I:N/A:N,"util-linux is a random collection of Linux utilities. Prior to version 2.41.4, a TOCTOU (Time-of-Check-Time-of-Use) vulnerability has been identified in the SUID binary /usr/bin/mount from util-linux.",2026-04-03T22:16:25.400,https://nvd.nist.gov/vuln/detail/CVE-2026-27456,all
CVE-2026-27456,util-linux-pivot-root,2.41.3,4.7,MEDIUM,MEDIUM,CVSS:3.1/AV:L/AC:H/PR:L/UI:N/S:U/C:H/I:N/A:N,"util-linux is a random collection of Linux utilities. Prior to version 2.41.4, a TOCTOU (Time-of-Check-Time-of-Use) vulnerability has been identified in the SUID binary /usr/bin/mount from util-linux.",2026-04-03T22:16:25.400,https://nvd.nist.gov/vuln/detail/CVE-2026-27456,all
CVE-2026-27456,util-linux-prlimit,2.41.3,4.7,MEDIUM,MEDIUM,CVSS:3.1/AV:L/AC:H/PR:L/UI:N/S:U/C:H/I:N/A:N,"util-linux is a random collection of Linux utilities. Prior to version 2.41.4, a TOCTOU (Time-of-Check-Time-of-Use) vulnerability has been identified in the SUID binary /usr/bin/mount from util-linux.",2026-04-03T22:16:25.400,https://nvd.nist.gov/vuln/detail/CVE-2026-27456,all
CVE-2026-27456,util-linux-readprofile,2.41.3,4.7,MEDIUM,MEDIUM,CVSS:3.1/AV:L/AC:H/PR:L/UI:N/S:U/C:H/I:N/A:N,"util-linux is a random collection of Linux utilities. Prior to version 2.41.4, a TOCTOU (Time-of-Check-Time-of-Use) vulnerability has been identified in the SUID binary /usr/bin/mount from util-linux.",2026-04-03T22:16:25.400,https://nvd.nist.gov/vuln/detail/CVE-2026-27456,all
CVE-2026-27456,util-linux-rename,2.41.3,4.7,MEDIUM,MEDIUM,CVSS:3.1/AV:L/AC:H/PR:L/UI:N/S:U/C:H/I:N/A:N,"util-linux is a random collection of Linux utilities. Prior to version 2.41.4, a TOCTOU (Time-of-Check-Time-of-Use) vulnerability has been identified in the SUID binary /usr/bin/mount from util-linux.",2026-04-03T22:16:25.400,https://nvd.nist.gov/vuln/detail/CVE-2026-27456,all
CVE-2026-27456,util-linux-renice,2.41.3,4.7,MEDIUM,MEDIUM,CVSS:3.1/AV:L/AC:H/PR:L/UI:N/S:U/C:H/I:N/A:N,"util-linux is a random collection of Linux utilities. Prior to version 2.41.4, a TOCTOU (Time-of-Check-Time-of-Use) vulnerability has been identified in the SUID binary /usr/bin/mount from util-linux.",2026-04-03T22:16:25.400,https://nvd.nist.gov/vuln/detail/CVE-2026-27456,all
CVE-2026-27456,util-linux-resizepart,2.41.3,4.7,MEDIUM,MEDIUM,CVSS:3.1/AV:L/AC:H/PR:L/UI:N/S:U/C:H/I:N/A:N,"util-linux is a random collection of Linux utilities. Prior to version 2.41.4, a TOCTOU (Time-of-Check-Time-of-Use) vulnerability has been identified in the SUID binary /usr/bin/mount from util-linux.",2026-04-03T22:16:25.400,https://nvd.nist.gov/vuln/detail/CVE-2026-27456,all
CVE-2026-27456,util-linux-rev,2.41.3,4.7,MEDIUM,MEDIUM,CVSS:3.1/AV:L/AC:H/PR:L/UI:N/S:U/C:H/I:N/A:N,"util-linux is a random collection of Linux utilities. Prior to version 2.41.4, a TOCTOU (Time-of-Check-Time-of-Use) vulnerability has been identified in the SUID binary /usr/bin/mount from util-linux.",2026-04-03T22:16:25.400,https://nvd.nist.gov/vuln/detail/CVE-2026-27456,all
CVE-2026-27456,util-linux-rfkill,2.41.3,4.7,MEDIUM,MEDIUM,CVSS:3.1/AV:L/AC:H/PR:L/UI:N/S:U/C:H/I:N/A:N,"util-linux is a random collection of Linux utilities. Prior to version 2.41.4, a TOCTOU (Time-of-Check-Time-of-Use) vulnerability has been identified in the SUID binary /usr/bin/mount from util-linux.",2026-04-03T22:16:25.400,https://nvd.nist.gov/vuln/detail/CVE-2026-27456,all
CVE-2026-27456,util-linux-rtcwake,2.41.3,4.7,MEDIUM,MEDIUM,CVSS:3.1/AV:L/AC:H/PR:L/UI:N/S:U/C:H/I:N/A:N,"util-linux is a random collection of Linux utilities. Prior to version 2.41.4, a TOCTOU (Time-of-Check-Time-of-Use) vulnerability has been identified in the SUID binary /usr/bin/mount from util-linux.",2026-04-03T22:16:25.400,https://nvd.nist.gov/vuln/detail/CVE-2026-27456,all
CVE-2026-27456,util-linux-script,2.41.3,4.7,MEDIUM,MEDIUM,CVSS:3.1/AV:L/AC:H/PR:L/UI:N/S:U/C:H/I:N/A:N,"util-linux is a random collection of Linux utilities. Prior to version 2.41.4, a TOCTOU (Time-of-Check-Time-of-Use) vulnerability has been identified in the SUID binary /usr/bin/mount from util-linux.",2026-04-03T22:16:25.400,https://nvd.nist.gov/vuln/detail/CVE-2026-27456,all
CVE-2026-27456,util-linux-scriptlive,2.41.3,4.7,MEDIUM,MEDIUM,CVSS:3.1/AV:L/AC:H/PR:L/UI:N/S:U/C:H/I:N/A:N,"util-linux is a random collection of Linux utilities. Prior to version 2.41.4, a TOCTOU (Time-of-Check-Time-of-Use) vulnerability has been identified in the SUID binary /usr/bin/mount from util-linux.",2026-04-03T22:16:25.400,https://nvd.nist.gov/vuln/detail/CVE-2026-27456,all
CVE-2026-27456,util-linux-scriptreplay,2.41.3,4.7,MEDIUM,MEDIUM,CVSS:3.1/AV:L/AC:H/PR:L/UI:N/S:U/C:H/I:N/A:N,"util-linux is a random collection of Linux utilities. Prior to version 2.41.4, a TOCTOU (Time-of-Check-Time-of-Use) vulnerability has been identified in the SUID binary /usr/bin/mount from util-linux.",2026-04-03T22:16:25.400,https://nvd.nist.gov/vuln/detail/CVE-2026-27456,all
CVE-2026-27456,util-linux-setarch,2.41.3,4.7,MEDIUM,MEDIUM,CVSS:3.1/AV:L/AC:H/PR:L/UI:N/S:U/C:H/I:N/A:N,"util-linux is a random collection of Linux utilities. Prior to version 2.41.4, a TOCTOU (Time-of-Check-Time-of-Use) vulnerability has been identified in the SUID binary /usr/bin/mount from util-linux.",2026-04-03T22:16:25.400,https://nvd.nist.gov/vuln/detail/CVE-2026-27456,all
CVE-2026-27456,util-linux-setpgid,2.41.3,4.7,MEDIUM,MEDIUM,CVSS:3.1/AV:L/AC:H/PR:L/UI:N/S:U/C:H/I:N/A:N,"util-linux is a random collection of Linux utilities. Prior to version 2.41.4, a TOCTOU (Time-of-Check-Time-of-Use) vulnerability has been identified in the SUID binary /usr/bin/mount from util-linux.",2026-04-03T22:16:25.400,https://nvd.nist.gov/vuln/detail/CVE-2026-27456,all
CVE-2026-27456,util-linux-setpriv,2.41.3,4.7,MEDIUM,MEDIUM,CVSS:3.1/AV:L/AC:H/PR:L/UI:N/S:U/C:H/I:N/A:N,"util-linux is a random collection of Linux utilities. Prior to version 2.41.4, a TOCTOU (Time-of-Check-Time-of-Use) vulnerability has been identified in the SUID binary /usr/bin/mount from util-linux.",2026-04-03T22:16:25.400,https://nvd.nist.gov/vuln/detail/CVE-2026-27456,all
CVE-2026-27456,util-linux-setsid,2.41.3,4.7,MEDIUM,MEDIUM,CVSS:3.1/AV:L/AC:H/PR:L/UI:N/S:U/C:H/I:N/A:N,"util-linux is a random collection of Linux utilities. Prior to version 2.41.4, a TOCTOU (Time-of-Check-Time-of-Use) vulnerability has been identified in the SUID binary /usr/bin/mount from util-linux.",2026-04-03T22:16:25.400,https://nvd.nist.gov/vuln/detail/CVE-2026-27456,all
CVE-2026-27456,util-linux-setterm,2.41.3,4.7,MEDIUM,MEDIUM,CVSS:3.1/AV:L/AC:H/PR:L/UI:N/S:U/C:H/I:N/A:N,"util-linux is a random collection of Linux utilities. Prior to version 2.41.4, a TOCTOU (Time-of-Check-Time-of-Use) vulnerability has been identified in the SUID binary /usr/bin/mount from util-linux.",2026-04-03T22:16:25.400,https://nvd.nist.gov/vuln/detail/CVE-2026-27456,all
CVE-2026-27456,util-linux-sfdisk,2.41.3,4.7,MEDIUM,MEDIUM,CVSS:3.1/AV:L/AC:H/PR:L/UI:N/S:U/C:H/I:N/A:N,"util-linux is a random collection of Linux utilities. Prior to version 2.41.4, a TOCTOU (Time-of-Check-Time-of-Use) vulnerability has been identified in the SUID binary /usr/bin/mount from util-linux.",2026-04-03T22:16:25.400,https://nvd.nist.gov/vuln/detail/CVE-2026-27456,all
CVE-2026-27456,util-linux-sulogin,2.41.3,4.7,MEDIUM,MEDIUM,CVSS:3.1/AV:L/AC:H/PR:L/UI:N/S:U/C:H/I:N/A:N,"util-linux is a random collection of Linux utilities. Prior to version 2.41.4, a TOCTOU (Time-of-Check-Time-of-Use) vulnerability has been identified in the SUID binary /usr/bin/mount from util-linux.",2026-04-03T22:16:25.400,https://nvd.nist.gov/vuln/detail/CVE-2026-27456,all
CVE-2026-27456,util-linux-swaplabel,2.41.3,4.7,MEDIUM,MEDIUM,CVSS:3.1/AV:L/AC:H/PR:L/UI:N/S:U/C:H/I:N/A:N,"util-linux is a random collection of Linux utilities. Prior to version 2.41.4, a TOCTOU (Time-of-Check-Time-of-Use) vulnerability has been identified in the SUID binary /usr/bin/mount from util-linux.",2026-04-03T22:16:25.400,https://nvd.nist.gov/vuln/detail/CVE-2026-27456,all
CVE-2026-27456,util-linux-swapoff,2.41.3,4.7,MEDIUM,MEDIUM,CVSS:3.1/AV:L/AC:H/PR:L/UI:N/S:U/C:H/I:N/A:N,"util-linux is a random collection of Linux utilities. Prior to version 2.41.4, a TOCTOU (Time-of-Check-Time-of-Use) vulnerability has been identified in the SUID binary /usr/bin/mount from util-linux.",2026-04-03T22:16:25.400,https://nvd.nist.gov/vuln/detail/CVE-2026-27456,all
CVE-2026-27456,util-linux-swapon,2.41.3,4.7,MEDIUM,MEDIUM,CVSS:3.1/AV:L/AC:H/PR:L/UI:N/S:U/C:H/I:N/A:N,"util-linux is a random collection of Linux utilities. Prior to version 2.41.4, a TOCTOU (Time-of-Check-Time-of-Use) vulnerability has been identified in the SUID binary /usr/bin/mount from util-linux.",2026-04-03T22:16:25.400,https://nvd.nist.gov/vuln/detail/CVE-2026-27456,all
CVE-2026-27456,util-linux-switch-root,2.41.3,4.7,MEDIUM,MEDIUM,CVSS:3.1/AV:L/AC:H/PR:L/UI:N/S:U/C:H/I:N/A:N,"util-linux is a random collection of Linux utilities. Prior to version 2.41.4, a TOCTOU (Time-of-Check-Time-of-Use) vulnerability has been identified in the SUID binary /usr/bin/mount from util-linux.",2026-04-03T22:16:25.400,https://nvd.nist.gov/vuln/detail/CVE-2026-27456,all
CVE-2026-27456,util-linux-taskset,2.41.3,4.7,MEDIUM,MEDIUM,CVSS:3.1/AV:L/AC:H/PR:L/UI:N/S:U/C:H/I:N/A:N,"util-linux is a random collection of Linux utilities. Prior to version 2.41.4, a TOCTOU (Time-of-Check-Time-of-Use) vulnerability has been identified in the SUID binary /usr/bin/mount from util-linux.",2026-04-03T22:16:25.400,https://nvd.nist.gov/vuln/detail/CVE-2026-27456,all
CVE-2026-27456,util-linux-uclampset,2.41.3,4.7,MEDIUM,MEDIUM,CVSS:3.1/AV:L/AC:H/PR:L/UI:N/S:U/C:H/I:N/A:N,"util-linux is a random collection of Linux utilities. Prior to version 2.41.4, a TOCTOU (Time-of-Check-Time-of-Use) vulnerability has been identified in the SUID binary /usr/bin/mount from util-linux.",2026-04-03T22:16:25.400,https://nvd.nist.gov/vuln/detail/CVE-2026-27456,all
CVE-2026-27456,util-linux-ul,2.41.3,4.7,MEDIUM,MEDIUM,CVSS:3.1/AV:L/AC:H/PR:L/UI:N/S:U/C:H/I:N/A:N,"util-linux is a random collection of Linux utilities. Prior to version 2.41.4, a TOCTOU (Time-of-Check-Time-of-Use) vulnerability has been identified in the SUID binary /usr/bin/mount from util-linux.",2026-04-03T22:16:25.400,https://nvd.nist.gov/vuln/detail/CVE-2026-27456,all
CVE-2026-27456,util-linux-umount,2.41.3,4.7,MEDIUM,MEDIUM,CVSS:3.1/AV:L/AC:H/PR:L/UI:N/S:U/C:H/I:N/A:N,"util-linux is a random collection of Linux utilities. Prior to version 2.41.4, a TOCTOU (Time-of-Check-Time-of-Use) vulnerability has been identified in the SUID binary /usr/bin/mount from util-linux.",2026-04-03T22:16:25.400,https://nvd.nist.gov/vuln/detail/CVE-2026-27456,all
CVE-2026-27456,util-linux-unshare,2.41.3,4.7,MEDIUM,MEDIUM,CVSS:3.1/AV:L/AC:H/PR:L/UI:N/S:U/C:H/I:N/A:N,"util-linux is a random collection of Linux utilities. Prior to version 2.41.4, a TOCTOU (Time-of-Check-Time-of-Use) vulnerability has been identified in the SUID binary /usr/bin/mount from util-linux.",2026-04-03T22:16:25.400,https://nvd.nist.gov/vuln/detail/CVE-2026-27456,all
CVE-2026-27456,util-linux-utmpdump,2.41.3,4.7,MEDIUM,MEDIUM,CVSS:3.1/AV:L/AC:H/PR:L/UI:N/S:U/C:H/I:N/A:N,"util-linux is a random collection of Linux utilities. Prior to version 2.41.4, a TOCTOU (Time-of-Check-Time-of-Use) vulnerability has been identified in the SUID binary /usr/bin/mount from util-linux.",2026-04-03T22:16:25.400,https://nvd.nist.gov/vuln/detail/CVE-2026-27456,all
CVE-2026-27456,util-linux-uuidd,2.41.3,4.7,MEDIUM,MEDIUM,CVSS:3.1/AV:L/AC:H/PR:L/UI:N/S:U/C:H/I:N/A:N,"util-linux is a random collection of Linux utilities. Prior to version 2.41.4, a TOCTOU (Time-of-Check-Time-of-Use) vulnerability has been identified in the SUID binary /usr/bin/mount from util-linux.",2026-04-03T22:16:25.400,https://nvd.nist.gov/vuln/detail/CVE-2026-27456,all
CVE-2026-27456,util-linux-uuidgen,2.41.3,4.7,MEDIUM,MEDIUM,CVSS:3.1/AV:L/AC:H/PR:L/UI:N/S:U/C:H/I:N/A:N,"util-linux is a random collection of Linux utilities. Prior to version 2.41.4, a TOCTOU (Time-of-Check-Time-of-Use) vulnerability has been identified in the SUID binary /usr/bin/mount from util-linux.",2026-04-03T22:16:25.400,https://nvd.nist.gov/vuln/detail/CVE-2026-27456,all
CVE-2026-27456,util-linux-uuidparse,2.41.3,4.7,MEDIUM,MEDIUM,CVSS:3.1/AV:L/AC:H/PR:L/UI:N/S:U/C:H/I:N/A:N,"util-linux is a random collection of Linux utilities. Prior to version 2.41.4, a TOCTOU (Time-of-Check-Time-of-Use) vulnerability has been identified in the SUID binary /usr/bin/mount from util-linux.",2026-04-03T22:16:25.400,https://nvd.nist.gov/vuln/detail/CVE-2026-27456,all
CVE-2026-27456,util-linux-waitpid,2.41.3,4.7,MEDIUM,MEDIUM,CVSS:3.1/AV:L/AC:H/PR:L/UI:N/S:U/C:H/I:N/A:N,"util-linux is a random collection of Linux utilities. Prior to version 2.41.4, a TOCTOU (Time-of-Check-Time-of-Use) vulnerability has been identified in the SUID binary /usr/bin/mount from util-linux.",2026-04-03T22:16:25.400,https://nvd.nist.gov/vuln/detail/CVE-2026-27456,all
CVE-2026-27456,util-linux-wall,2.41.3,4.7,MEDIUM,MEDIUM,CVSS:3.1/AV:L/AC:H/PR:L/UI:N/S:U/C:H/I:N/A:N,"util-linux is a random collection of Linux utilities. Prior to version 2.41.4, a TOCTOU (Time-of-Check-Time-of-Use) vulnerability has been identified in the SUID binary /usr/bin/mount from util-linux.",2026-04-03T22:16:25.400,https://nvd.nist.gov/vuln/detail/CVE-2026-27456,all
CVE-2026-27456,util-linux-wdctl,2.41.3,4.7,MEDIUM,MEDIUM,CVSS:3.1/AV:L/AC:H/PR:L/UI:N/S:U/C:H/I:N/A:N,"util-linux is a random collection of Linux utilities. Prior to version 2.41.4, a TOCTOU (Time-of-Check-Time-of-Use) vulnerability has been identified in the SUID binary /usr/bin/mount from util-linux.",2026-04-03T22:16:25.400,https://nvd.nist.gov/vuln/detail/CVE-2026-27456,all
CVE-2026-27456,util-linux-whereis,2.41.3,4.7,MEDIUM,MEDIUM,CVSS:3.1/AV:L/AC:H/PR:L/UI:N/S:U/C:H/I:N/A:N,"util-linux is a random collection of Linux utilities. Prior to version 2.41.4, a TOCTOU (Time-of-Check-Time-of-Use) vulnerability has been identified in the SUID binary /usr/bin/mount from util-linux.",2026-04-03T22:16:25.400,https://nvd.nist.gov/vuln/detail/CVE-2026-27456,all
CVE-2026-27456,util-linux-wipefs,2.41.3,4.7,MEDIUM,MEDIUM,CVSS:3.1/AV:L/AC:H/PR:L/UI:N/S:U/C:H/I:N/A:N,"util-linux is a random collection of Linux utilities. Prior to version 2.41.4, a TOCTOU (Time-of-Check-Time-of-Use) vulnerability has been identified in the SUID binary /usr/bin/mount from util-linux.",2026-04-03T22:16:25.400,https://nvd.nist.gov/vuln/detail/CVE-2026-27456,all
CVE-2026-27456,util-linux-write,2.41.3,4.7,MEDIUM,MEDIUM,CVSS:3.1/AV:L/AC:H/PR:L/UI:N/S:U/C:H/I:N/A:N,"util-linux is a random collection of Linux utilities. Prior to version 2.41.4, a TOCTOU (Time-of-Check-Time-of-Use) vulnerability has been identified in the SUID binary /usr/bin/mount from util-linux.",2026-04-03T22:16:25.400,https://nvd.nist.gov/vuln/detail/CVE-2026-27456,all
CVE-2026-27456,util-linux-zramctl,2.41.3,4.7,MEDIUM,MEDIUM,CVSS:3.1/AV:L/AC:H/PR:L/UI:N/S:U/C:H/I:N/A:N,"util-linux is a random collection of Linux utilities. Prior to version 2.41.4, a TOCTOU (Time-of-Check-Time-of-Use) vulnerability has been identified in the SUID binary /usr/bin/mount from util-linux.",2026-04-03T22:16:25.400,https://nvd.nist.gov/vuln/detail/CVE-2026-27456,all
CVE-2022-39332,desktop-file-utils,0.28,4.6,MEDIUM,MEDIUM,CVSS:3.1/AV:N/AC:L/PR:L/UI:R/S:U/C:L/I:L/A:N,Nexcloud desktop is the Desktop sync client for Nextcloud. An attacker can inject arbitrary HyperText Markup Language into the Desktop Client application via user status and information. It is recomme,2022-11-25T20:15:10.843,https://nvd.nist.gov/vuln/detail/CVE-2022-39332,all
CVE-2022-39331,desktop-file-utils,0.28,4.6,MEDIUM,MEDIUM,CVSS:3.1/AV:N/AC:L/PR:L/UI:R/S:U/C:L/I:L/A:N,Nexcloud desktop is the Desktop sync client for Nextcloud. An attacker can inject arbitrary HyperText Markup Language into the Desktop Client application in the notifications. It is recommended that t,2022-11-25T19:15:11.250,https://nvd.nist.gov/vuln/detail/CVE-2022-39331,all
CVE-2022-39333,desktop-file-utils,0.28,4.6,MEDIUM,MEDIUM,CVSS:3.1/AV:N/AC:L/PR:L/UI:R/S:U/C:L/I:L/A:N,Nexcloud desktop is the Desktop sync client for Nextcloud. An attacker can inject arbitrary HyperText Markup Language into the Desktop Client application. It is recommended that the Nextcloud Desktop ,2022-11-25T20:15:10.923,https://nvd.nist.gov/vuln/detail/CVE-2022-39333,all
CVE-2022-36840,update-alternatives-opkg,0.7.0,4.5,MEDIUM,MEDIUM,CVSS:3.1/AV:L/AC:H/PR:L/UI:N/S:U/C:L/I:L/A:L,DLL hijacking vulnerability in Samsung Update Setup prior to version 2.2.9.50 allows attackers to execute arbitrary code.,2022-08-05T16:15:15.603,https://nvd.nist.gov/vuln/detail/CVE-2022-36840,all
CVE-2022-36840,update-rc.d,0.8+git,4.5,MEDIUM,MEDIUM,CVSS:3.1/AV:L/AC:H/PR:L/UI:N/S:U/C:L/I:L/A:L,DLL hijacking vulnerability in Samsung Update Setup prior to version 2.2.9.50 allows attackers to execute arbitrary code.,2022-08-05T16:15:15.603,https://nvd.nist.gov/vuln/detail/CVE-2022-36840,all
CVE-2015-7976,ntp,4.2.8p18,4.3,MEDIUM,MEDIUM,,"The ntpq saveconfig command in NTP 4.1.2, 4.2.x before 4.2.8p6, 4.3, 4.3.25, 4.3.70, and 4.3.77 does not properly filter special characters, which allows attackers to cause unspecified impact via a cr",2017-01-30T21:59:00.330,https://nvd.nist.gov/vuln/detail/CVE-2015-7976,all
CVE-2015-7976,ntp-tickadj,4.2.8p18,4.3,MEDIUM,MEDIUM,,"The ntpq saveconfig command in NTP 4.1.2, 4.2.x before 4.2.8p6, 4.3, 4.3.25, 4.3.70, and 4.3.77 does not properly filter special characters, which allows attackers to cause unspecified impact via a cr",2017-01-30T21:59:00.330,https://nvd.nist.gov/vuln/detail/CVE-2015-7976,all
CVE-2026-35414,openssh,10.3p1,4.2,MEDIUM,MEDIUM,CVSS:3.1/AV:N/AC:H/PR:L/UI:N/S:U/C:L/I:L/A:N,OpenSSH before 10.3 mishandles the authorized_keys principals option in uncommon scenarios involving a principals list in conjunction with a Certificate Authority that makes certain use of comma chara,2026-04-02T18:16:34.690,https://nvd.nist.gov/vuln/detail/CVE-2026-35414,all
CVE-2026-35414,openssh-keygen,10.3p1,4.2,MEDIUM,MEDIUM,CVSS:3.1/AV:N/AC:H/PR:L/UI:N/S:U/C:L/I:L/A:N,OpenSSH before 10.3 mishandles the authorized_keys principals option in uncommon scenarios involving a principals list in conjunction with a Certificate Authority that makes certain use of comma chara,2026-04-02T18:16:34.690,https://nvd.nist.gov/vuln/detail/CVE-2026-35414,all
CVE-2026-35414,openssh-scp,10.3p1,4.2,MEDIUM,MEDIUM,CVSS:3.1/AV:N/AC:H/PR:L/UI:N/S:U/C:L/I:L/A:N,OpenSSH before 10.3 mishandles the authorized_keys principals option in uncommon scenarios involving a principals list in conjunction with a Certificate Authority that makes certain use of comma chara,2026-04-02T18:16:34.690,https://nvd.nist.gov/vuln/detail/CVE-2026-35414,all
CVE-2026-35414,openssh-sftp-server,10.3p1,4.2,MEDIUM,MEDIUM,CVSS:3.1/AV:N/AC:H/PR:L/UI:N/S:U/C:L/I:L/A:N,OpenSSH before 10.3 mishandles the authorized_keys principals option in uncommon scenarios involving a principals list in conjunction with a Certificate Authority that makes certain use of comma chara,2026-04-02T18:16:34.690,https://nvd.nist.gov/vuln/detail/CVE-2026-35414,all
CVE-2026-35414,openssh-ssh,10.3p1,4.2,MEDIUM,MEDIUM,CVSS:3.1/AV:N/AC:H/PR:L/UI:N/S:U/C:L/I:L/A:N,OpenSSH before 10.3 mishandles the authorized_keys principals option in uncommon scenarios involving a principals list in conjunction with a Certificate Authority that makes certain use of comma chara,2026-04-02T18:16:34.690,https://nvd.nist.gov/vuln/detail/CVE-2026-35414,all
CVE-2026-35414,openssh-sshd,10.3p1,4.2,MEDIUM,MEDIUM,CVSS:3.1/AV:N/AC:H/PR:L/UI:N/S:U/C:L/I:L/A:N,OpenSSH before 10.3 mishandles the authorized_keys principals option in uncommon scenarios involving a principals list in conjunction with a Certificate Authority that makes certain use of comma chara,2026-04-02T18:16:34.690,https://nvd.nist.gov/vuln/detail/CVE-2026-35414,all
CVE-2026-47104,libusb-1.0-0,1.0.29,4.0,MEDIUM,MEDIUM,CVSS:3.1/AV:L/AC:L/PR:N/UI:N/S:U/C:N/I:N/A:L,libusb before version 1.0.30 contains a one-byte out-of-bounds read vulnerability in parse_iad_array() in descriptor.c that allows attackers to trigger a denial of service by supplying a malformed USB,2026-05-27T14:17:32.590,https://nvd.nist.gov/vuln/detail/CVE-2026-47104,all
CVE-2023-41329,python3-dbus,1.4.0,3.9,LOW,LOW,CVSS:3.1/AV:A/AC:H/PR:H/UI:N/S:U/C:L/I:L/A:L,"WireMock is a tool for mocking HTTP services. The proxy mode of WireMock, can be protected by the network restrictions configuration, as documented in Preventing proxying to and recording from specifi",2023-09-06T21:15:14.517,https://nvd.nist.gov/vuln/detail/CVE-2023-41329,all
CVE-2022-39334,desktop-file-utils,0.28,3.9,LOW,LOW,CVSS:3.1/AV:L/AC:L/PR:L/UI:R/S:U/C:L/I:L/A:N,Nextcloud also ships a CLI utility called nextcloudcmd which is sometimes used for automated scripting and headless servers. Versions of nextcloudcmd prior to 3.6.1 would incorrectly trust invalid TLS,2022-11-25T19:15:11.350,https://nvd.nist.gov/vuln/detail/CVE-2022-39334,all
CVE-2024-37885,desktop-file-utils,0.28,3.8,LOW,LOW,CVSS:3.1/AV:L/AC:H/PR:H/UI:R/S:U/C:L/I:L/A:L,The Nextcloud Desktop Client is a tool to synchronize files from Nextcloud Server with your computer. A code injection in Nextcloud Desktop Client for macOS allowed to load arbitrary code when startin,2024-06-14T16:15:13.570,https://nvd.nist.gov/vuln/detail/CVE-2024-37885,all
CVE-2025-6052,glib-networking,2.80.1,3.7,LOW,LOW,CVSS:3.1/AV:N/AC:H/PR:N/UI:N/S:U/C:N/I:N/A:L,"A flaw was found in how GLib’s GString manages memory when adding data to strings. If a string is already very large, combining it with more input can cause a hidden overflow in the size calculation. ",2025-06-13T16:15:28.230,https://nvd.nist.gov/vuln/detail/CVE-2025-6052,all
CVE-2016-7429,ntp,4.2.8p18,3.7,LOW,LOW,,"NTP before 4.2.8p9 changes the peer structure to the interface it receives the response from a source, which allows remote attackers to cause a denial of service (prevent communication with a source) ",2017-01-13T16:59:00.433,https://nvd.nist.gov/vuln/detail/CVE-2016-7429,all
CVE-2016-7429,ntp-tickadj,4.2.8p18,3.7,LOW,LOW,,"NTP before 4.2.8p9 changes the peer structure to the interface it receives the response from a source, which allows remote attackers to cause a denial of service (prevent communication with a source) ",2017-01-13T16:59:00.433,https://nvd.nist.gov/vuln/detail/CVE-2016-7429,all
CVE-2018-1000030,python3-dbus,1.4.0,3.6,LOW,LOW,CVSS:3.1/AV:L/AC:H/PR:L/UI:N/S:U/C:L/I:N/A:L,Python 2.7.14 is vulnerable to a Heap-Buffer-Overflow as well as a Heap-Use-After-Free. Python versions prior to 2.7.14 may also be vulnerable and it appears that Python 2.7.17 and prior may also be v,2018-02-08T17:29:00.177,https://nvd.nist.gov/vuln/detail/CVE-2018-1000030,all
CVE-2026-35386,openssh,10.3p1,3.6,LOW,LOW,CVSS:3.1/AV:L/AC:H/PR:L/UI:N/S:U/C:L/I:L/A:N,"In OpenSSH before 10.3, command execution can occur via shell metacharacters in a username within a command line. This requires a scenario where the username on the command line is untrusted, and also",2026-04-02T17:16:27.623,https://nvd.nist.gov/vuln/detail/CVE-2026-35386,all
CVE-2026-35386,openssh-keygen,10.3p1,3.6,LOW,LOW,CVSS:3.1/AV:L/AC:H/PR:L/UI:N/S:U/C:L/I:L/A:N,"In OpenSSH before 10.3, command execution can occur via shell metacharacters in a username within a command line. This requires a scenario where the username on the command line is untrusted, and also",2026-04-02T17:16:27.623,https://nvd.nist.gov/vuln/detail/CVE-2026-35386,all
CVE-2026-35386,openssh-scp,10.3p1,3.6,LOW,LOW,CVSS:3.1/AV:L/AC:H/PR:L/UI:N/S:U/C:L/I:L/A:N,"In OpenSSH before 10.3, command execution can occur via shell metacharacters in a username within a command line. This requires a scenario where the username on the command line is untrusted, and also",2026-04-02T17:16:27.623,https://nvd.nist.gov/vuln/detail/CVE-2026-35386,all
CVE-2026-35386,openssh-sftp-server,10.3p1,3.6,LOW,LOW,CVSS:3.1/AV:L/AC:H/PR:L/UI:N/S:U/C:L/I:L/A:N,"In OpenSSH before 10.3, command execution can occur via shell metacharacters in a username within a command line. This requires a scenario where the username on the command line is untrusted, and also",2026-04-02T17:16:27.623,https://nvd.nist.gov/vuln/detail/CVE-2026-35386,all
CVE-2026-35386,openssh-ssh,10.3p1,3.6,LOW,LOW,CVSS:3.1/AV:L/AC:H/PR:L/UI:N/S:U/C:L/I:L/A:N,"In OpenSSH before 10.3, command execution can occur via shell metacharacters in a username within a command line. This requires a scenario where the username on the command line is untrusted, and also",2026-04-02T17:16:27.623,https://nvd.nist.gov/vuln/detail/CVE-2026-35386,all
CVE-2026-35386,openssh-sshd,10.3p1,3.6,LOW,LOW,CVSS:3.1/AV:L/AC:H/PR:L/UI:N/S:U/C:L/I:L/A:N,"In OpenSSH before 10.3, command execution can occur via shell metacharacters in a username within a command line. This requires a scenario where the username on the command line is untrusted, and also",2026-04-02T17:16:27.623,https://nvd.nist.gov/vuln/detail/CVE-2026-35386,all
CVE-2025-13462,python3-dbus,1.4.0,3.3,LOW,LOW,CVSS:3.1/AV:L/AC:L/PR:L/UI:N/S:U/C:N/I:L/A:N,"The ""tarfile"" module would still apply normalization of AREGTYPE (\x00) blocks to DIRTYPE, even while processing a multi-block member such as GNUTYPE_LONGNAME or GNUTYPE_LONGLINK. This could result in",2026-03-12T18:16:21.397,https://nvd.nist.gov/vuln/detail/CVE-2025-13462,all
CVE-2026-4519,python3-dbus,1.4.0,3.3,LOW,LOW,CVSS:3.1/AV:L/AC:L/PR:N/UI:R/S:U/C:N/I:L/A:N,"The webbrowser.open() API would accept leading dashes in the URL which 
could be handled as command line options for certain web browsers. New 
behavior rejects leading dashes. Users are recommended t",2026-03-20T15:16:24.057,https://nvd.nist.gov/vuln/detail/CVE-2026-4519,all
CVE-2025-46394,busybox,1.37.0,3.2,LOW,LOW,CVSS:3.1/AV:L/AC:H/PR:N/UI:N/S:C/C:N/I:L/A:N,"In tar in BusyBox through 1.37.0, a TAR archive can have filenames hidden from a listing through the use of terminal escape sequences.",2025-04-23T16:15:48.713,https://nvd.nist.gov/vuln/detail/CVE-2025-46394,all
CVE-2025-46394,busybox-hwclock,1.37.0,3.2,LOW,LOW,CVSS:3.1/AV:L/AC:H/PR:N/UI:N/S:C/C:N/I:L/A:N,"In tar in BusyBox through 1.37.0, a TAR archive can have filenames hidden from a listing through the use of terminal escape sequences.",2025-04-23T16:15:48.713,https://nvd.nist.gov/vuln/detail/CVE-2025-46394,all
CVE-2025-46394,busybox-syslog,1.37.0,3.2,LOW,LOW,CVSS:3.1/AV:L/AC:H/PR:N/UI:N/S:C/C:N/I:L/A:N,"In tar in BusyBox through 1.37.0, a TAR archive can have filenames hidden from a listing through the use of terminal escape sequences.",2025-04-23T16:15:48.713,https://nvd.nist.gov/vuln/detail/CVE-2025-46394,all
CVE-2025-46394,busybox-udhcpc,1.37.0,3.2,LOW,LOW,CVSS:3.1/AV:L/AC:H/PR:N/UI:N/S:C/C:N/I:L/A:N,"In tar in BusyBox through 1.37.0, a TAR archive can have filenames hidden from a listing through the use of terminal escape sequences.",2025-04-23T16:15:48.713,https://nvd.nist.gov/vuln/detail/CVE-2025-46394,all
CVE-2026-35387,openssh,10.3p1,3.1,LOW,LOW,CVSS:3.1/AV:N/AC:H/PR:L/UI:N/S:U/C:N/I:L/A:N,OpenSSH before 10.3 can use unintended ECDSA algorithms. Listing of any ECDSA algorithm in PubkeyAcceptedAlgorithms or HostbasedAcceptedAlgorithms is misinterpreted to mean all ECDSA algorithms.,2026-04-02T17:16:27.790,https://nvd.nist.gov/vuln/detail/CVE-2026-35387,all
CVE-2026-35387,openssh-keygen,10.3p1,3.1,LOW,LOW,CVSS:3.1/AV:N/AC:H/PR:L/UI:N/S:U/C:N/I:L/A:N,OpenSSH before 10.3 can use unintended ECDSA algorithms. Listing of any ECDSA algorithm in PubkeyAcceptedAlgorithms or HostbasedAcceptedAlgorithms is misinterpreted to mean all ECDSA algorithms.,2026-04-02T17:16:27.790,https://nvd.nist.gov/vuln/detail/CVE-2026-35387,all
CVE-2026-35387,openssh-scp,10.3p1,3.1,LOW,LOW,CVSS:3.1/AV:N/AC:H/PR:L/UI:N/S:U/C:N/I:L/A:N,OpenSSH before 10.3 can use unintended ECDSA algorithms. Listing of any ECDSA algorithm in PubkeyAcceptedAlgorithms or HostbasedAcceptedAlgorithms is misinterpreted to mean all ECDSA algorithms.,2026-04-02T17:16:27.790,https://nvd.nist.gov/vuln/detail/CVE-2026-35387,all
CVE-2026-35387,openssh-sftp-server,10.3p1,3.1,LOW,LOW,CVSS:3.1/AV:N/AC:H/PR:L/UI:N/S:U/C:N/I:L/A:N,OpenSSH before 10.3 can use unintended ECDSA algorithms. Listing of any ECDSA algorithm in PubkeyAcceptedAlgorithms or HostbasedAcceptedAlgorithms is misinterpreted to mean all ECDSA algorithms.,2026-04-02T17:16:27.790,https://nvd.nist.gov/vuln/detail/CVE-2026-35387,all
CVE-2026-35387,openssh-ssh,10.3p1,3.1,LOW,LOW,CVSS:3.1/AV:N/AC:H/PR:L/UI:N/S:U/C:N/I:L/A:N,OpenSSH before 10.3 can use unintended ECDSA algorithms. Listing of any ECDSA algorithm in PubkeyAcceptedAlgorithms or HostbasedAcceptedAlgorithms is misinterpreted to mean all ECDSA algorithms.,2026-04-02T17:16:27.790,https://nvd.nist.gov/vuln/detail/CVE-2026-35387,all
CVE-2026-35387,openssh-sshd,10.3p1,3.1,LOW,LOW,CVSS:3.1/AV:N/AC:H/PR:L/UI:N/S:U/C:N/I:L/A:N,OpenSSH before 10.3 can use unintended ECDSA algorithms. Listing of any ECDSA algorithm in PubkeyAcceptedAlgorithms or HostbasedAcceptedAlgorithms is misinterpreted to mean all ECDSA algorithms.,2026-04-02T17:16:27.790,https://nvd.nist.gov/vuln/detail/CVE-2026-35387,all
CVE-2026-35388,openssh,10.3p1,2.5,LOW,LOW,CVSS:3.1/AV:L/AC:H/PR:N/UI:R/S:U/C:N/I:L/A:N,OpenSSH before 10.3 omits connection multiplexing confirmation for proxy-mode multiplexing sessions.,2026-04-02T17:16:27.947,https://nvd.nist.gov/vuln/detail/CVE-2026-35388,all
CVE-2026-35388,openssh-keygen,10.3p1,2.5,LOW,LOW,CVSS:3.1/AV:L/AC:H/PR:N/UI:R/S:U/C:N/I:L/A:N,OpenSSH before 10.3 omits connection multiplexing confirmation for proxy-mode multiplexing sessions.,2026-04-02T17:16:27.947,https://nvd.nist.gov/vuln/detail/CVE-2026-35388,all
CVE-2026-35388,openssh-scp,10.3p1,2.5,LOW,LOW,CVSS:3.1/AV:L/AC:H/PR:N/UI:R/S:U/C:N/I:L/A:N,OpenSSH before 10.3 omits connection multiplexing confirmation for proxy-mode multiplexing sessions.,2026-04-02T17:16:27.947,https://nvd.nist.gov/vuln/detail/CVE-2026-35388,all
CVE-2026-35388,openssh-sftp-server,10.3p1,2.5,LOW,LOW,CVSS:3.1/AV:L/AC:H/PR:N/UI:R/S:U/C:N/I:L/A:N,OpenSSH before 10.3 omits connection multiplexing confirmation for proxy-mode multiplexing sessions.,2026-04-02T17:16:27.947,https://nvd.nist.gov/vuln/detail/CVE-2026-35388,all
CVE-2026-35388,openssh-ssh,10.3p1,2.5,LOW,LOW,CVSS:3.1/AV:L/AC:H/PR:N/UI:R/S:U/C:N/I:L/A:N,OpenSSH before 10.3 omits connection multiplexing confirmation for proxy-mode multiplexing sessions.,2026-04-02T17:16:27.947,https://nvd.nist.gov/vuln/detail/CVE-2026-35388,all
CVE-2026-35388,openssh-sshd,10.3p1,2.5,LOW,LOW,CVSS:3.1/AV:L/AC:H/PR:N/UI:R/S:U/C:N/I:L/A:N,OpenSSH before 10.3 omits connection multiplexing confirmation for proxy-mode multiplexing sessions.,2026-04-02T17:16:27.947,https://nvd.nist.gov/vuln/detail/CVE-2026-35388,all
CVE-2002-0978,file,5.47,0.0,NONE,UNKNOWN,,Microsoft File Transfer Manager (FTM) ActiveX control before 4.0 allows remote attackers to upload or download arbitrary files to arbitrary locations via a man-in-the-middle attack with modified TGT a,2002-09-24T04:00:00.000,https://nvd.nist.gov/vuln/detail/CVE-2002-0978,all
CVE-2002-0977,file,5.47,0.0,NONE,UNKNOWN,,Buffer overflow in Microsoft File Transfer Manager (FTM) ActiveX control before 4.0 allows remote attackers to execute arbitrary code via a long TS value.,2002-09-24T04:00:00.000,https://nvd.nist.gov/vuln/detail/CVE-2002-0977,all
CVE-2005-1956,file,5.47,0.0,NONE,UNKNOWN,,"File Upload Manager allows remote attackers to upload arbitrary files by modifying the test variable to contain a value of '~~~~~~' (six tildes), which bypasses the file extension checks.",2005-06-12T04:00:00.000,https://nvd.nist.gov/vuln/detail/CVE-2005-1956,all
CVE-2005-1957,file,5.47,0.0,NONE,UNKNOWN,,"mtnpeak.net File Upload Manager does not properly check user authentication for certain actions, which allows remote attackers to provide a modified base64-encoded file parameter and (1) read arbitrar",2005-06-12T04:00:00.000,https://nvd.nist.gov/vuln/detail/CVE-2005-1957,all
CVE-2011-2220,file,5.47,0.0,NONE,UNKNOWN,,"Stack-based buffer overflow in NFREngine.exe in Novell File Reporter Engine before 1.0.2.53, as used in Novell File Reporter and other products, allows remote attackers to execute arbitrary code via a",2011-07-14T23:55:02.317,https://nvd.nist.gov/vuln/detail/CVE-2011-2220,all
CVE-2007-1661,perl,5.42.0,0.0,NONE,UNKNOWN,,"Perl-Compatible Regular Expression (PCRE) library before 7.3 backtracks too far when matching certain input bytes against some regex patterns in non-UTF-8 mode, which allows context-dependent attacker",2007-11-07T23:46:00.000,https://nvd.nist.gov/vuln/detail/CVE-2007-1661,all
CVE-2008-0522,perl,5.42.0,0.0,NONE,UNKNOWN,,Cross-site scripting (XSS) vulnerability in multiple Hal Networks shopping-cart products allows remote attackers to inject arbitrary web script or HTML via unspecified vectors.,2008-01-31T20:00:00.000,https://nvd.nist.gov/vuln/detail/CVE-2008-0522,all
CVE-2015-2327,perl,5.42.0,0.0,NONE,UNKNOWN,,"PCRE before 8.36 mishandles the /(((a\2)|(a*)\g<-1>))*/ pattern and related patterns with certain internal recursive back references, which allows remote attackers to cause a denial of service (segmen",2015-12-02T01:59:00.113,https://nvd.nist.gov/vuln/detail/CVE-2015-2327,all
CVE-2015-8392,perl,5.42.0,0.0,NONE,UNKNOWN,,"PCRE before 8.38 mishandles certain instances of the (?| substring, which allows remote attackers to cause a denial of service (unintended recursion and buffer overflow) or possibly have unspecified o",2015-12-02T01:59:16.230,https://nvd.nist.gov/vuln/detail/CVE-2015-8392,all
CVE-2015-8395,perl,5.42.0,0.0,NONE,UNKNOWN,,"PCRE before 8.38 mishandles certain references, which allows remote attackers to cause a denial of service or possibly have unspecified other impact via a crafted regular expression, as demonstrated b",2015-12-02T01:59:19.607,https://nvd.nist.gov/vuln/detail/CVE-2015-8395,all
CVE-2015-8385,perl,5.42.0,0.0,NONE,UNKNOWN,,"PCRE before 8.38 mishandles the /(?|(\k'Pm')|(?'Pm'))/ pattern and related patterns with certain forward references, which allows remote attackers to cause a denial of service (buffer overflow) or pos",2015-12-02T01:59:09.447,https://nvd.nist.gov/vuln/detail/CVE-2015-8385,all
CVE-2015-8384,perl,5.42.0,0.0,NONE,UNKNOWN,,"PCRE before 8.38 mishandles the /(?J)(?'d'(?'d'\g{d}))/ pattern and related patterns with certain recursive back references, which allows remote attackers to cause a denial of service (buffer overflow",2015-12-02T01:59:08.350,https://nvd.nist.gov/vuln/detail/CVE-2015-8384,all
CVE-2015-8388,perl,5.42.0,0.0,NONE,UNKNOWN,,"PCRE before 8.38 mishandles the /(?=di(?<=(?1))|(?=(.))))/ pattern and related patterns with an unmatched closing parenthesis, which allows remote attackers to cause a denial of service (buffer overfl",2015-12-02T01:59:12.367,https://nvd.nist.gov/vuln/detail/CVE-2015-8388,all
CVE-2015-8381,perl,5.42.0,0.0,NONE,UNKNOWN,,The compile_regex function in pcre_compile.c in PCRE before 8.38 and pcre2_compile.c in PCRE2 before 10.2x mishandles the /(?J:(?|(:(?|(?'R')(\k'R')|((?'R')))H'Rk'Rf)|s(?'R'))))/ and /(?J:(?|(:(?|(?'R,2015-12-02T01:59:04.520,https://nvd.nist.gov/vuln/detail/CVE-2015-8381,all
CVE-2015-8380,perl,5.42.0,0.0,NONE,UNKNOWN,,"The pcre_exec function in pcre_exec.c in PCRE before 8.38 mishandles a // pattern with a \01 string, which allows remote attackers to cause a denial of service (heap-based buffer overflow) or possibly",2015-12-02T01:59:03.347,https://nvd.nist.gov/vuln/detail/CVE-2015-8380,all
CVE-2002-1119,python3-dbus,1.4.0,0.0,NONE,UNKNOWN,,"os._execvpe from os.py in Python 2.2.1 and earlier creates temporary files with predictable names, which could allow local users to execute arbitrary code via a symlink attack.",2002-10-04T04:00:00.000,https://nvd.nist.gov/vuln/detail/CVE-2002-1119,all
CVE-2005-0089,python3-dbus,1.4.0,0.0,NONE,UNKNOWN,,"The SimpleXMLRPCServer library module in Python 2.2, 2.3 before 2.3.5, and 2.4, when used by XML-RPC servers that use the register_instance method to register an object without a _dispatch method, all",2005-05-02T04:00:00.000,https://nvd.nist.gov/vuln/detail/CVE-2005-0089,all
CVE-2006-1542,python3-dbus,1.4.0,0.0,NONE,UNKNOWN,,"Stack-based buffer overflow in Python 2.4.2 and earlier, running on Linux 2.6.12.5 under gcc 4.0.3 with libc 2.3.5, allows local users to cause a ""stack overflow,"" and possibly gain privileges, by run",2006-03-30T11:02:00.000,https://nvd.nist.gov/vuln/detail/CVE-2006-1542,all
CVE-2006-4980,python3-dbus,1.4.0,0.0,NONE,UNKNOWN,,Buffer overflow in the repr function in Python 2.3 through 2.6 before 20060822 allows context-dependent attackers to cause a denial of service and possibly execute arbitrary code via crafted wide char,2006-10-10T04:06:00.000,https://nvd.nist.gov/vuln/detail/CVE-2006-4980,all
CVE-2007-4965,python3-dbus,1.4.0,0.0,NONE,UNKNOWN,,Multiple integer overflows in the imageop module in Python 2.5.1 and earlier allow context-dependent attackers to cause a denial of service (application crash) and possibly obtain sensitive informatio,2007-09-18T22:17:00.000,https://nvd.nist.gov/vuln/detail/CVE-2007-4965,all
CVE-2008-5983,python3-dbus,1.4.0,0.0,NONE,UNKNOWN,,"Untrusted search path vulnerability in the PySys_SetArgv API function in Python 2.6 and earlier, and possibly later versions, prepends an empty string to sys.path when the argv[0] argument does not co",2009-01-28T02:30:00.233,https://nvd.nist.gov/vuln/detail/CVE-2008-5983,all
CVE-2008-4099,python3-dbus,1.4.0,0.0,NONE,UNKNOWN,,"PyDNS (aka python-dns) before 2.3.1-4 in Debian GNU/Linux does not use random source ports or transaction IDs for DNS requests, which makes it easier for remote attackers to spoof DNS responses, a dif",2008-09-18T17:59:32.827,https://nvd.nist.gov/vuln/detail/CVE-2008-4099,all
CVE-2008-4126,python3-dbus,1.4.0,0.0,NONE,UNKNOWN,,"PyDNS (aka python-dns) before 2.3.1-5 in Debian GNU/Linux does not use random source ports for DNS requests and does not use random transaction IDs for DNS retries, which makes it easier for remote at",2008-09-18T17:59:33.140,https://nvd.nist.gov/vuln/detail/CVE-2008-4126,all
CVE-2008-3144,python3-dbus,1.4.0,0.0,NONE,UNKNOWN,,Multiple integer overflows in the PyOS_vsnprintf function in Python/mysnprintf.c in Python 2.5.2 and earlier allow context-dependent attackers to cause a denial of service (memory corruption) or have ,2008-08-01T14:41:00.000,https://nvd.nist.gov/vuln/detail/CVE-2008-3144,all
CVE-2008-3142,python3-dbus,1.4.0,0.0,NONE,UNKNOWN,,Multiple buffer overflows in Python 2.5.2 and earlier on 32bit platforms allow context-dependent attackers to cause a denial of service (crash) or have unspecified other impact via a long string that ,2008-08-01T14:41:00.000,https://nvd.nist.gov/vuln/detail/CVE-2008-3142,all
CVE-2008-3143,python3-dbus,1.4.0,0.0,NONE,UNKNOWN,,"Multiple integer overflows in Python before 2.5.2 might allow context-dependent attackers to have an unknown impact via vectors related to (1) Include/pymem.h; (2) _csv.c, (3) _struct.c, (4) arraymodu",2008-08-01T14:41:00.000,https://nvd.nist.gov/vuln/detail/CVE-2008-3143,all
CVE-2008-2316,python3-dbus,1.4.0,0.0,NONE,UNKNOWN,,"Integer overflow in _hashopenssl.c in the hashlib module in Python 2.5.2 and earlier might allow context-dependent attackers to defeat cryptographic digests, related to ""partial hashlib hashing of dat",2008-08-01T14:41:00.000,https://nvd.nist.gov/vuln/detail/CVE-2008-2316,all
CVE-2008-2315,python3-dbus,1.4.0,0.0,NONE,UNKNOWN,,"Multiple integer overflows in Python 2.5.2 and earlier allow context-dependent attackers to have an unknown impact via vectors related to the (1) stringobject, (2) unicodeobject, (3) bufferobject, (4)",2008-08-01T14:41:00.000,https://nvd.nist.gov/vuln/detail/CVE-2008-2315,all
CVE-2008-1887,python3-dbus,1.4.0,0.0,NONE,UNKNOWN,,"Python 2.5.2 and earlier allows context-dependent attackers to execute arbitrary code via multiple vectors that cause a negative size value to be provided to the PyString_FromStringAndSize function, w",2008-04-18T17:05:00.000,https://nvd.nist.gov/vuln/detail/CVE-2008-1887,all
CVE-2008-1679,python3-dbus,1.4.0,0.0,NONE,UNKNOWN,,Multiple integer overflows in imageop.c in Python before 2.5.3 allow context-dependent attackers to cause a denial of service (crash) and possibly execute arbitrary code via crafted images that trigge,2008-04-22T04:41:00.000,https://nvd.nist.gov/vuln/detail/CVE-2008-1679,all
CVE-2010-3492,python3-dbus,1.4.0,0.0,NONE,UNKNOWN,,"The asyncore module in Python before 3.2 does not properly handle unsuccessful calls to the accept function, and does not have accompanying documentation describing how daemon applications should hand",2010-10-19T20:00:04.237,https://nvd.nist.gov/vuln/detail/CVE-2010-3492,all
CVE-2011-4940,python3-dbus,1.4.0,0.0,NONE,UNKNOWN,,"The list_directory function in Lib/SimpleHTTPServer.py in SimpleHTTPServer in Python before 2.5.6c1, 2.6.x before 2.6.7 rc2, and 2.7.x before 2.7.2 does not place a charset parameter in the Content-Ty",2012-06-27T10:18:36.433,https://nvd.nist.gov/vuln/detail/CVE-2011-4940,all
CVE-2012-0845,python3-dbus,1.4.0,0.0,NONE,UNKNOWN,,"SimpleXMLRPCServer.py in SimpleXMLRPCServer in Python before 2.6.8, 2.7.x before 2.7.3, 3.x before 3.1.5, and 3.2.x before 3.2.3 allows remote attackers to cause a denial of service (infinite loop and",2012-10-05T21:55:01.037,https://nvd.nist.gov/vuln/detail/CVE-2012-0845,all
CVE-2012-1150,python3-dbus,1.4.0,0.0,NONE,UNKNOWN,,"Python before 2.6.8, 2.7.x before 2.7.3, 3.x before 3.1.5, and 3.2.x before 3.2.3 computes hash values without restricting the ability to trigger hash collisions predictably, which allows context-depe",2012-10-05T21:55:01.113,https://nvd.nist.gov/vuln/detail/CVE-2012-1150,all
CVE-2014-7185,python3-dbus,1.4.0,0.0,NONE,UNKNOWN,,"Integer overflow in bufferobject.c in Python before 2.7.8 allows context-dependent attackers to obtain sensitive information from process memory via a large size and offset in a ""buffer"" function.",2014-10-08T17:55:05.187,https://nvd.nist.gov/vuln/detail/CVE-2014-7185,all
CVE-2015-5652,python3-dbus,1.4.0,0.0,NONE,UNKNOWN,,Untrusted search path vulnerability in python.exe in Python through 3.5.0 on Windows allows local users to gain privileges via a Trojan horse readline.pyd file in the current working directory.  NOTE:,2015-10-06T01:59:27.250,https://nvd.nist.gov/vuln/detail/CVE-2015-5652,all
CVE-2005-4151,desktop-file-utils,0.28,0.0,NONE,UNKNOWN,,"The Wipe Free Space utility in PGP Desktop Home 8.0 and Desktop Professional 9.0.3 Build 2932 and earlier does not clear file slack space in the last cluster for the file, which allows local users to ",2005-12-10T11:03:00.000,https://nvd.nist.gov/vuln/detail/CVE-2005-4151,all
CVE-2007-3150,desktop-file-utils,0.28,0.0,NONE,UNKNOWN,,"Google Desktop allows user-assisted remote attackers to execute arbitrary programs via a man-in-the-middle attack that injects JavaScript, a www.google.com search IFRAME, and a META HTTP-EQUIV=""refres",2007-06-11T19:30:00.000,https://nvd.nist.gov/vuln/detail/CVE-2007-3150,all
CVE-2007-1085,desktop-file-utils,0.28,0.0,NONE,UNKNOWN,,"Cross-site scripting (XSS) vulnerability in Google Desktop allows remote attackers to bypass protection schemes and inject arbitrary web script or HTML, and possibly gain full access to the system, by",2007-02-23T03:28:00.000,https://nvd.nist.gov/vuln/detail/CVE-2007-1085,all
CVE-2009-0681,desktop-file-utils,0.28,0.0,NONE,UNKNOWN,,"PGP Desktop before 9.10 allows local users to (1) cause a denial of service (crash) via a crafted IOCTL request to pgpdisk.sys, and (2) cause a denial of service (crash) and execute arbitrary code via",2009-04-15T10:30:00.280,https://nvd.nist.gov/vuln/detail/CVE-2009-0681,all
CVE-2014-2544,desktop-file-utils,0.28,0.0,NONE,UNKNOWN,,"Unspecified vulnerability in Spotfire Web Player Engine, Spotfire Desktop, and Spotfire Server Authentication Module in TIBCO Spotfire Server 3.3.x before 3.3.4, 4.5.x before 4.5.1, 5.0.x before 5.0.2",2014-04-10T00:55:09.937,https://nvd.nist.gov/vuln/detail/CVE-2014-2544,all
CVE-2010-4756,glibc-gconv,2.43+git,0.0,NONE,UNKNOWN,,The glob implementation in the GNU C Library (aka glibc or libc6) allows remote authenticated users to cause a denial of service (CPU and memory consumption) via crafted glob expressions that do not m,2011-03-02T20:00:01.037,https://nvd.nist.gov/vuln/detail/CVE-2010-4756,all
CVE-2010-4756,glibc-gconv-iso8859-1,2.43+git,0.0,NONE,UNKNOWN,,The glob implementation in the GNU C Library (aka glibc or libc6) allows remote authenticated users to cause a denial of service (CPU and memory consumption) via crafted glob expressions that do not m,2011-03-02T20:00:01.037,https://nvd.nist.gov/vuln/detail/CVE-2010-4756,all
CVE-2003-0700,kernel-modules,1.0,0.0,NONE,UNKNOWN,,"The C-Media PCI sound driver in Linux before 2.4.22 does not use the get_user function to access userspace in certain conditions, which crosses security boundaries and may facilitate the exploitation ",2004-02-17T05:00:00.000,https://nvd.nist.gov/vuln/detail/CVE-2003-0700,all
CVE-2010-0309,kernel-modules,1.0,0.0,NONE,UNKNOWN,,"The pit_ioport_read function in the Programmable Interval Timer (PIT) emulation in i8254.c in KVM 83 does not properly use the pit_state data structure, which allows guest OS users to cause a denial o",2010-02-12T19:30:00.627,https://nvd.nist.gov/vuln/detail/CVE-2010-0309,all
CVE-2011-4099,libcap-ng,0.9.1,0.0,NONE,UNKNOWN,,"The capsh program in libcap before 2.22 does not change the current working directory when the --chroot option is specified, which allows local users to bypass the chroot restrictions via unspecified ",2014-02-08T00:55:05.863,https://nvd.nist.gov/vuln/detail/CVE-2011-4099,all
CVE-2002-0825,nss,3.122,0.0,NONE,UNKNOWN,,Buffer overflow in the DNS SRV code for nss_ldap before nss_ldap-198 allows remote attackers to cause a denial of service and possibly execute arbitrary code.,2002-08-12T04:00:00.000,https://nvd.nist.gov/vuln/detail/CVE-2002-0825,all
CVE-2006-5201,nss,3.122,0.0,NONE,UNKNOWN,,"Multiple packages on Sun Solaris, including (1) NSS; (2) Java JDK and JRE 5.0 Update 8 and earlier, SDK and JRE 1.4.x up to 1.4.2_12, and SDK and JRE 1.3.x up to 1.3.1_19; (3) JSSE 1.0.3_03 and earlie",2006-10-10T04:06:00.000,https://nvd.nist.gov/vuln/detail/CVE-2006-5201,all
CVE-2007-5794,nss,3.122,0.0,NONE,UNKNOWN,,"Race condition in nss_ldap, when used in applications that are linked against the pthread library and fork after a call to nss_ldap, might send user data to the wrong process because of improper handl",2007-11-13T23:46:00.000,https://nvd.nist.gov/vuln/detail/CVE-2007-5794,all
CVE-2009-0021,ntp,4.2.8p18,0.0,NONE,UNKNOWN,,"NTP 4.2.4 before 4.2.4p5 and 4.2.5 before 4.2.5p150 does not properly check the return value from the OpenSSL EVP_VerifyFinal function, which allows remote attackers to bypass validation of the certif",2009-01-07T17:30:00.360,https://nvd.nist.gov/vuln/detail/CVE-2009-0021,all
CVE-2009-0159,ntp,4.2.8p18,0.0,NONE,UNKNOWN,,Stack-based buffer overflow in the cookedprint function in ntpq/ntpq.c in ntpq in NTP before 4.2.4p7-RC2 allows remote NTP servers to execute arbitrary code via a crafted response.,2009-04-14T15:30:00.517,https://nvd.nist.gov/vuln/detail/CVE-2009-0159,all
CVE-2009-3563,ntp,4.2.8p18,0.0,NONE,UNKNOWN,,"ntp_request.c in ntpd in NTP before 4.2.4p8, and 4.2.5, allows remote attackers to cause a denial of service (CPU and bandwidth consumption) by using MODE_PRIVATE to send a spoofed (1) request or (2) ",2009-12-09T18:30:00.390,https://nvd.nist.gov/vuln/detail/CVE-2009-3563,all
CVE-2013-5211,ntp,4.2.8p18,0.0,NONE,UNKNOWN,,The monlist feature in ntp_request.c in ntpd in NTP before 4.2.7p26 allows remote attackers to cause a denial of service (traffic amplification) via forged (1) REQ_MON_GETLIST or (2) REQ_MON_GETLIST_1,2014-01-02T14:59:03.470,https://nvd.nist.gov/vuln/detail/CVE-2013-5211,all
CVE-2014-9750,ntp,4.2.8p18,0.0,NONE,UNKNOWN,,"ntp_crypto.c in ntpd in NTP 4.x before 4.2.8p1, when Autokey Authentication is enabled, allows remote attackers to obtain sensitive information from process memory or cause a denial of service (daemon",2015-10-06T01:59:00.283,https://nvd.nist.gov/vuln/detail/CVE-2014-9750,all
CVE-2014-9751,ntp,4.2.8p18,0.0,NONE,UNKNOWN,,"The read_network_packet function in ntp_io.c in ntpd in NTP 4.x before 4.2.8p1 on Linux and OS X does not properly determine whether a source IP address is an IPv6 loopback address, which makes it eas",2015-10-06T01:59:02.610,https://nvd.nist.gov/vuln/detail/CVE-2014-9751,all
CVE-2014-9294,ntp,4.2.8p18,0.0,NONE,UNKNOWN,,"util/ntp-keygen.c in ntp-keygen in NTP before 4.2.7p230 uses a weak RNG seed, which makes it easier for remote attackers to defeat cryptographic protection mechanisms via a brute-force attack.",2014-12-20T02:59:01.587,https://nvd.nist.gov/vuln/detail/CVE-2014-9294,all
CVE-2014-9296,ntp,4.2.8p18,0.0,NONE,UNKNOWN,,"The receive function in ntp_proto.c in ntpd in NTP before 4.2.8 continues to execute after detecting a certain authentication error, which might allow remote attackers to trigger an unintended associa",2014-12-20T02:59:03.837,https://nvd.nist.gov/vuln/detail/CVE-2014-9296,all
CVE-2014-9293,ntp,4.2.8p18,0.0,NONE,UNKNOWN,,"The config_auth function in ntpd in NTP before 4.2.7p11, when an auth key is not configured, improperly generates a key, which makes it easier for remote attackers to defeat cryptographic protection m",2014-12-20T02:59:00.053,https://nvd.nist.gov/vuln/detail/CVE-2014-9293,all
CVE-2014-9295,ntp,4.2.8p18,0.0,NONE,UNKNOWN,,"Multiple stack-based buffer overflows in ntpd in NTP before 4.2.8 allow remote attackers to execute arbitrary code via a crafted packet, related to (1) the crypto_recv function when the Autokey Authen",2014-12-20T02:59:02.693,https://nvd.nist.gov/vuln/detail/CVE-2014-9295,all
CVE-2015-1798,ntp,4.2.8p18,0.0,NONE,UNKNOWN,,"The symmetric-key feature in the receive function in ntp_proto.c in ntpd in NTP 4.x before 4.2.8p2 requires a correct MAC only if the MAC field has a nonzero length, which makes it easier for man-in-t",2015-04-08T10:59:04.610,https://nvd.nist.gov/vuln/detail/CVE-2015-1798,all
CVE-2015-1799,ntp,4.2.8p18,0.0,NONE,UNKNOWN,,"The symmetric-key feature in the receive function in ntp_proto.c in ntpd in NTP 3.x and 4.x before 4.2.8p2 performs state-variable updates upon receiving certain invalid packets, which makes it easier",2015-04-08T10:59:05.717,https://nvd.nist.gov/vuln/detail/CVE-2015-1799,all
CVE-2009-0021,ntp-tickadj,4.2.8p18,0.0,NONE,UNKNOWN,,"NTP 4.2.4 before 4.2.4p5 and 4.2.5 before 4.2.5p150 does not properly check the return value from the OpenSSL EVP_VerifyFinal function, which allows remote attackers to bypass validation of the certif",2009-01-07T17:30:00.360,https://nvd.nist.gov/vuln/detail/CVE-2009-0021,all
CVE-2009-0159,ntp-tickadj,4.2.8p18,0.0,NONE,UNKNOWN,,Stack-based buffer overflow in the cookedprint function in ntpq/ntpq.c in ntpq in NTP before 4.2.4p7-RC2 allows remote NTP servers to execute arbitrary code via a crafted response.,2009-04-14T15:30:00.517,https://nvd.nist.gov/vuln/detail/CVE-2009-0159,all
CVE-2009-3563,ntp-tickadj,4.2.8p18,0.0,NONE,UNKNOWN,,"ntp_request.c in ntpd in NTP before 4.2.4p8, and 4.2.5, allows remote attackers to cause a denial of service (CPU and bandwidth consumption) by using MODE_PRIVATE to send a spoofed (1) request or (2) ",2009-12-09T18:30:00.390,https://nvd.nist.gov/vuln/detail/CVE-2009-3563,all
CVE-2013-5211,ntp-tickadj,4.2.8p18,0.0,NONE,UNKNOWN,,The monlist feature in ntp_request.c in ntpd in NTP before 4.2.7p26 allows remote attackers to cause a denial of service (traffic amplification) via forged (1) REQ_MON_GETLIST or (2) REQ_MON_GETLIST_1,2014-01-02T14:59:03.470,https://nvd.nist.gov/vuln/detail/CVE-2013-5211,all
CVE-2014-9750,ntp-tickadj,4.2.8p18,0.0,NONE,UNKNOWN,,"ntp_crypto.c in ntpd in NTP 4.x before 4.2.8p1, when Autokey Authentication is enabled, allows remote attackers to obtain sensitive information from process memory or cause a denial of service (daemon",2015-10-06T01:59:00.283,https://nvd.nist.gov/vuln/detail/CVE-2014-9750,all
CVE-2014-9751,ntp-tickadj,4.2.8p18,0.0,NONE,UNKNOWN,,"The read_network_packet function in ntp_io.c in ntpd in NTP 4.x before 4.2.8p1 on Linux and OS X does not properly determine whether a source IP address is an IPv6 loopback address, which makes it eas",2015-10-06T01:59:02.610,https://nvd.nist.gov/vuln/detail/CVE-2014-9751,all
CVE-2014-9294,ntp-tickadj,4.2.8p18,0.0,NONE,UNKNOWN,,"util/ntp-keygen.c in ntp-keygen in NTP before 4.2.7p230 uses a weak RNG seed, which makes it easier for remote attackers to defeat cryptographic protection mechanisms via a brute-force attack.",2014-12-20T02:59:01.587,https://nvd.nist.gov/vuln/detail/CVE-2014-9294,all
CVE-2014-9296,ntp-tickadj,4.2.8p18,0.0,NONE,UNKNOWN,,"The receive function in ntp_proto.c in ntpd in NTP before 4.2.8 continues to execute after detecting a certain authentication error, which might allow remote attackers to trigger an unintended associa",2014-12-20T02:59:03.837,https://nvd.nist.gov/vuln/detail/CVE-2014-9296,all
CVE-2014-9293,ntp-tickadj,4.2.8p18,0.0,NONE,UNKNOWN,,"The config_auth function in ntpd in NTP before 4.2.7p11, when an auth key is not configured, improperly generates a key, which makes it easier for remote attackers to defeat cryptographic protection m",2014-12-20T02:59:00.053,https://nvd.nist.gov/vuln/detail/CVE-2014-9293,all
CVE-2014-9295,ntp-tickadj,4.2.8p18,0.0,NONE,UNKNOWN,,"Multiple stack-based buffer overflows in ntpd in NTP before 4.2.8 allow remote attackers to execute arbitrary code via a crafted packet, related to (1) the crypto_recv function when the Autokey Authen",2014-12-20T02:59:02.693,https://nvd.nist.gov/vuln/detail/CVE-2014-9295,all
CVE-2015-1798,ntp-tickadj,4.2.8p18,0.0,NONE,UNKNOWN,,"The symmetric-key feature in the receive function in ntp_proto.c in ntpd in NTP 4.x before 4.2.8p2 requires a correct MAC only if the MAC field has a nonzero length, which makes it easier for man-in-t",2015-04-08T10:59:04.610,https://nvd.nist.gov/vuln/detail/CVE-2015-1798,all
CVE-2015-1799,ntp-tickadj,4.2.8p18,0.0,NONE,UNKNOWN,,"The symmetric-key feature in the receive function in ntp_proto.c in ntpd in NTP 3.x and 4.x before 4.2.8p2 performs state-variable updates upon receiving certain invalid packets, which makes it easier",2015-04-08T10:59:05.717,https://nvd.nist.gov/vuln/detail/CVE-2015-1799,all
CVE-2007-2768,openssh,10.3p1,0.0,NONE,UNKNOWN,,"OpenSSH, when using OPIE (One-Time Passwords in Everything) for PAM, allows remote attackers to determine the existence of certain user accounts, which displays a different response if the user accoun",2007-05-21T20:30:00.000,https://nvd.nist.gov/vuln/detail/CVE-2007-2768,all
CVE-2008-3844,openssh,10.3p1,0.0,NONE,UNKNOWN,,"Certain Red Hat Enterprise Linux (RHEL) 4 and 5 packages for OpenSSH, as signed in August 2008 using a legitimate Red Hat GPG key, contain an externally introduced modification (Trojan Horse) that all",2008-08-27T20:41:00.000,https://nvd.nist.gov/vuln/detail/CVE-2008-3844,all
CVE-2007-2768,openssh-keygen,10.3p1,0.0,NONE,UNKNOWN,,"OpenSSH, when using OPIE (One-Time Passwords in Everything) for PAM, allows remote attackers to determine the existence of certain user accounts, which displays a different response if the user accoun",2007-05-21T20:30:00.000,https://nvd.nist.gov/vuln/detail/CVE-2007-2768,all
CVE-2008-3844,openssh-keygen,10.3p1,0.0,NONE,UNKNOWN,,"Certain Red Hat Enterprise Linux (RHEL) 4 and 5 packages for OpenSSH, as signed in August 2008 using a legitimate Red Hat GPG key, contain an externally introduced modification (Trojan Horse) that all",2008-08-27T20:41:00.000,https://nvd.nist.gov/vuln/detail/CVE-2008-3844,all
CVE-2007-2768,openssh-scp,10.3p1,0.0,NONE,UNKNOWN,,"OpenSSH, when using OPIE (One-Time Passwords in Everything) for PAM, allows remote attackers to determine the existence of certain user accounts, which displays a different response if the user accoun",2007-05-21T20:30:00.000,https://nvd.nist.gov/vuln/detail/CVE-2007-2768,all
CVE-2008-3844,openssh-scp,10.3p1,0.0,NONE,UNKNOWN,,"Certain Red Hat Enterprise Linux (RHEL) 4 and 5 packages for OpenSSH, as signed in August 2008 using a legitimate Red Hat GPG key, contain an externally introduced modification (Trojan Horse) that all",2008-08-27T20:41:00.000,https://nvd.nist.gov/vuln/detail/CVE-2008-3844,all
CVE-2007-2768,openssh-sftp-server,10.3p1,0.0,NONE,UNKNOWN,,"OpenSSH, when using OPIE (One-Time Passwords in Everything) for PAM, allows remote attackers to determine the existence of certain user accounts, which displays a different response if the user accoun",2007-05-21T20:30:00.000,https://nvd.nist.gov/vuln/detail/CVE-2007-2768,all
CVE-2008-3844,openssh-sftp-server,10.3p1,0.0,NONE,UNKNOWN,,"Certain Red Hat Enterprise Linux (RHEL) 4 and 5 packages for OpenSSH, as signed in August 2008 using a legitimate Red Hat GPG key, contain an externally introduced modification (Trojan Horse) that all",2008-08-27T20:41:00.000,https://nvd.nist.gov/vuln/detail/CVE-2008-3844,all
CVE-2007-2768,openssh-ssh,10.3p1,0.0,NONE,UNKNOWN,,"OpenSSH, when using OPIE (One-Time Passwords in Everything) for PAM, allows remote attackers to determine the existence of certain user accounts, which displays a different response if the user accoun",2007-05-21T20:30:00.000,https://nvd.nist.gov/vuln/detail/CVE-2007-2768,all
CVE-2008-3844,openssh-ssh,10.3p1,0.0,NONE,UNKNOWN,,"Certain Red Hat Enterprise Linux (RHEL) 4 and 5 packages for OpenSSH, as signed in August 2008 using a legitimate Red Hat GPG key, contain an externally introduced modification (Trojan Horse) that all",2008-08-27T20:41:00.000,https://nvd.nist.gov/vuln/detail/CVE-2008-3844,all
CVE-2007-2768,openssh-sshd,10.3p1,0.0,NONE,UNKNOWN,,"OpenSSH, when using OPIE (One-Time Passwords in Everything) for PAM, allows remote attackers to determine the existence of certain user accounts, which displays a different response if the user accoun",2007-05-21T20:30:00.000,https://nvd.nist.gov/vuln/detail/CVE-2007-2768,all
CVE-2008-3844,openssh-sshd,10.3p1,0.0,NONE,UNKNOWN,,"Certain Red Hat Enterprise Linux (RHEL) 4 and 5 packages for OpenSSH, as signed in August 2008 using a legitimate Red Hat GPG key, contain an externally introduced modification (Trojan Horse) that all",2008-08-27T20:41:00.000,https://nvd.nist.gov/vuln/detail/CVE-2008-3844,all
CVE-2005-0848,shadow,4.19.4,0.0,NONE,UNKNOWN,,"Multiple games developed by FUN labs, including 4X4 Off-road Adventure III, Big Game Hunter, Dangerous Hunts, Deer Hunt, Revolution, Secret Service, Shadow Force, and US Most Wanted, allow remote atta",2005-05-02T04:00:00.000,https://nvd.nist.gov/vuln/detail/CVE-2005-0848,all
CVE-2005-0849,shadow,4.19.4,0.0,NONE,UNKNOWN,,"Multiple games developed by FUN labs, including 4X4 Off-road Adventure III, Big Game Hunter, Dangerous Hunts, Deer Hunt, Revolution, Secret Service, Shadow Force, and US Most Wanted, allow remote atta",2005-05-02T04:00:00.000,https://nvd.nist.gov/vuln/detail/CVE-2005-0849,all
CVE-2008-7011,shadow,4.19.4,0.0,NONE,UNKNOWN,,"The Unreal engine, as used in Unreal Tournament 3 1.3, Unreal Tournament 2003 and 2004, Dead Man's Hand, Pariah, WarPath, Postal2, and Shadow Ops, allows remote authenticated users to cause a denial o",2009-08-19T10:30:00.563,https://nvd.nist.gov/vuln/detail/CVE-2008-7011,all
CVE-2009-1186,udev-conf-rockchip,1.0,0.0,NONE,UNKNOWN,,Buffer overflow in the util_path_encode function in udev/lib/libudev-util.c in udev before 1.4.1 allows local users to cause a denial of service (service outage) via vectors that trigger a call with c,2009-04-17T14:30:00.593,https://nvd.nist.gov/vuln/detail/CVE-2009-1186,all
CVE-2009-1185,udev-conf-rockchip,1.0,0.0,NONE,UNKNOWN,,"udev before 1.4.1 does not verify whether a NETLINK message originates from kernel space, which allows local users to gain privileges by sending a NETLINK message from user space.",2009-04-17T14:30:00.563,https://nvd.nist.gov/vuln/detail/CVE-2009-1185,all
