"PACKAGE","VERSION","LICENSE","LICENSE FILES","SOURCE ARCHIVE","SOURCE SITE","DEPENDENCIES WITH LICENSES","SHA256","SUPPLIER","COPYRIGHT_TEXT","CPE_ID","PURL","CPE23_TYPE","PACKAGE_URL","PKG_TYPE","COMPONENT_SCOPE"
"accountsservice","23.13.9-7","GPL-2+ | GPL-3+","","","","","","Organization: Debian freedesktop.org maintainers <pkg-freedesktop-maintainers@lists.alioth.debian.org>","Copyright (c) Debian contributors","cpe:2.3:a:debian:accountsservice:23.13.9-7:*:*:*:*:*:*:*","pkg:deb/debian/accountsservice@23.13.9-7?arch=arm64","cpe:2.3:a:debian:accountsservice:23.13.9-7:*:*:*:*:*:*:*","pkg:deb/debian/accountsservice@23.13.9-7?arch=arm64","OPERATING_SYSTEM","debian-target"
"acl","2.3.2-2+b1","GPL-2+ | LGPL-2+","","","","","","Organization: Guillem Jover <guillem@debian.org>","Copyright (c) Debian contributors","cpe:2.3:a:debian:acl (2.3.2-2):2.3.2-2+b1:*:*:*:*:*:*:*","pkg:deb/debian/acl (2.3.2-2)@2.3.2-2+b1?arch=arm64","cpe:2.3:a:debian:acl (2.3.2-2):2.3.2-2+b1:*:*:*:*:*:*:*","pkg:deb/debian/acl (2.3.2-2)@2.3.2-2+b1?arch=arm64","APPLICATION","debian-target"
"acpi-support-base","0.143-5.2","GPL-2","","","","","","Organization: Josue Ortega <josue@debian.org>","Copyright (c) Debian contributors","cpe:2.3:a:debian:acpi-support:0.143-5.2:*:*:*:*:*:*:*","pkg:deb/debian/acpi-support@0.143-5.2?arch=all","cpe:2.3:a:debian:acpi-support:0.143-5.2:*:*:*:*:*:*:*","pkg:deb/debian/acpi-support@0.143-5.2?arch=all","OPERATING_SYSTEM","debian-target"
"acpid","1:2.0.34-1+b2","GPL-2","","","","","","Organization: Josue Ortega <josue@debian.org>","Copyright (c) Debian contributors","cpe:2.3:a:debian:acpid (1:2.0.34-1):1:2.0.34-1+b2:*:*:*:*:*:*:*","pkg:deb/debian/acpid (1:2.0.34-1)@1:2.0.34-1+b2?arch=arm64","cpe:2.3:a:debian:acpid (1:2.0.34-1):1:2.0.34-1+b2:*:*:*:*:*:*:*","pkg:deb/debian/acpid (1:2.0.34-1)@1:2.0.34-1+b2?arch=arm64","OPERATING_SYSTEM","debian-target"
"adduser","3.152","GPL-2+","","","","","","Organization: Debian Adduser Developers <adduser@packages.debian.org>","Copyright (c) Debian contributors","cpe:2.3:a:debian:adduser:3.152:*:*:*:*:*:*:*","pkg:deb/debian/adduser@3.152?arch=all","cpe:2.3:a:debian:adduser:3.152:*:*:*:*:*:*:*","pkg:deb/debian/adduser@3.152?arch=all","OPERATING_SYSTEM","debian-target"
"adwaita-icon-theme","48.1-1","CC-BY-3.0-US | CC-BY-SA-2.0-IT | CC-BY-SA-3.0 or LGPL-3, and CC-BY-SA-4.0 | CC-BY-SA-3.0-US | CC-BY-SA-3.0-US or LGPL-3 | CC-BY-SA-3.0-Unported | CC-BY-SA-4.0 | GFDL-1.2+ | GFDL-1.2+ or CC-BY-SA-3.0-Unported or CC-BY-SA-2.0-IT, and CC-BY-3.0-US | GPL-2 | GPL-3+ | GPL-unspecified","","","","","","Organization: Debian GNOME Maintainers <pkg-gnome-maintainers@lists.alioth.debian.org>","Copyright (c) Debian contributors","cpe:2.3:a:debian:adwaita-icon-theme:48.1-1:*:*:*:*:*:*:*","pkg:deb/debian/adwaita-icon-theme@48.1-1?arch=all","cpe:2.3:a:debian:adwaita-icon-theme:48.1-1:*:*:*:*:*:*:*","pkg:deb/debian/adwaita-icon-theme@48.1-1?arch=all","APPLICATION","debian-target"
"alsa-utils","1.2.14-1","GPL-2 | LGPL-2+","","","","","","Organization: Debian ALSA Maintainers <pkg-alsa-devel@lists.alioth.debian.org>","Copyright (c) Debian contributors","cpe:2.3:a:debian:alsa-utils:1.2.14-1:*:*:*:*:*:*:*","pkg:deb/debian/alsa-utils@1.2.14-1?arch=arm64","cpe:2.3:a:debian:alsa-utils:1.2.14-1:*:*:*:*:*:*:*","pkg:deb/debian/alsa-utils@1.2.14-1?arch=arm64","APPLICATION","debian-target"
"anacron","2.3-43","GPL-2+","","","","","","Organization: Lance Lin <lq27267@gmail.com>","Copyright (c) Debian contributors","cpe:2.3:a:debian:anacron:2.3-43:*:*:*:*:*:*:*","pkg:deb/debian/anacron@2.3-43?arch=arm64","cpe:2.3:a:debian:anacron:2.3-43:*:*:*:*:*:*:*","pkg:deb/debian/anacron@2.3-43?arch=arm64","OPERATING_SYSTEM","debian-target"
"appstream","1.0.5-1","FSFAP | GPL-2+ | GPL-2+ and LGPL-2.1+ | LGPL-2.1+ | SIL-1.1","","","","","","Organization: Matthias Klumpp <mak@debian.org>","Copyright (c) Debian contributors","cpe:2.3:a:debian:appstream:1.0.5-1:*:*:*:*:*:*:*","pkg:deb/debian/appstream@1.0.5-1?arch=arm64","cpe:2.3:a:debian:appstream:1.0.5-1:*:*:*:*:*:*:*","pkg:deb/debian/appstream@1.0.5-1?arch=arm64","OPERATING_SYSTEM","debian-target"
"apt","3.0.3","BSD-3-clause | Expat | GPL-2 | GPL-2+ | GPL-2+ and curl | curl","","","","","","Organization: APT Development Team <deity@lists.debian.org>","Copyright (c) Debian contributors","cpe:2.3:a:debian:apt:3.0.3:*:*:*:*:*:*:*","pkg:deb/debian/apt@3.0.3?arch=arm64","cpe:2.3:a:debian:apt:3.0.3:*:*:*:*:*:*:*","pkg:deb/debian/apt@3.0.3?arch=arm64","OPERATING_SYSTEM","debian-target"
"apt-config-icons","1.0.5-1","FSFAP | GPL-2+ | GPL-2+ and LGPL-2.1+ | LGPL-2.1+ | SIL-1.1","","","","","","Organization: Matthias Klumpp <mak@debian.org>","Copyright (c) Debian contributors","cpe:2.3:a:debian:appstream:1.0.5-1:*:*:*:*:*:*:*","pkg:deb/debian/appstream@1.0.5-1?arch=all","cpe:2.3:a:debian:appstream:1.0.5-1:*:*:*:*:*:*:*","pkg:deb/debian/appstream@1.0.5-1?arch=all","APPLICATION","debian-target"
"apt-transport-https","3.0.3","BSD-3-clause | Expat | GPL-2 | GPL-2+ | GPL-2+ and curl | curl","","","","","","Organization: APT Development Team <deity@lists.debian.org>","Copyright (c) Debian contributors","cpe:2.3:a:debian:apt:3.0.3:*:*:*:*:*:*:*","pkg:deb/debian/apt@3.0.3?arch=all","cpe:2.3:a:debian:apt:3.0.3:*:*:*:*:*:*:*","pkg:deb/debian/apt@3.0.3?arch=all","APPLICATION","debian-target"
"apt-utils","3.0.3","BSD-3-clause | Expat | GPL-2 | GPL-2+ | GPL-2+ and curl | curl","","","","","","Organization: APT Development Team <deity@lists.debian.org>","Copyright (c) Debian contributors","cpe:2.3:a:debian:apt:3.0.3:*:*:*:*:*:*:*","pkg:deb/debian/apt@3.0.3?arch=arm64","cpe:2.3:a:debian:apt:3.0.3:*:*:*:*:*:*:*","pkg:deb/debian/apt@3.0.3?arch=arm64","OPERATING_SYSTEM","debian-target"
"at-spi2-common","2.56.2-1+deb13u1","AFL-2.1 | AFL-2.1 or GPL-2+ | GPL-2 | GPL-2+ | LGPL-2+ | LGPL-2.1+ | public-domain","","","","","","Organization: Debian Accessibility Team <pkg-a11y-devel@alioth-lists.debian.net>","Copyright (c) Debian contributors","cpe:2.3:a:debian:at-spi2-core:2.56.2-1+deb13u1:*:*:*:*:*:*:*","pkg:deb/debian/at-spi2-core@2.56.2-1+deb13u1?arch=all","cpe:2.3:a:debian:at-spi2-core:2.56.2-1+deb13u1:*:*:*:*:*:*:*","pkg:deb/debian/at-spi2-core@2.56.2-1+deb13u1?arch=all","APPLICATION","debian-target"
"at-spi2-core","2.56.2-1+deb13u1","AFL-2.1 | AFL-2.1 or GPL-2+ | GPL-2 | GPL-2+ | LGPL-2+ | LGPL-2.1+ | public-domain","","","","","","Organization: Debian Accessibility Team <pkg-a11y-devel@alioth-lists.debian.net>","Copyright (c) Debian contributors","cpe:2.3:a:debian:at-spi2-core:2.56.2-1+deb13u1:*:*:*:*:*:*:*","pkg:deb/debian/at-spi2-core@2.56.2-1+deb13u1?arch=arm64","cpe:2.3:a:debian:at-spi2-core:2.56.2-1+deb13u1:*:*:*:*:*:*:*","pkg:deb/debian/at-spi2-core@2.56.2-1+deb13u1?arch=arm64","APPLICATION","debian-target"
"baobab","48.0-2+b1","GPL-2+","","","","","","Organization: Debian GNOME Maintainers <pkg-gnome-maintainers@lists.alioth.debian.org>","Copyright (c) Debian contributors","cpe:2.3:a:debian:baobab (48.0-2):48.0-2+b1:*:*:*:*:*:*:*","pkg:deb/debian/baobab (48.0-2)@48.0-2+b1?arch=arm64","cpe:2.3:a:debian:baobab (48.0-2):48.0-2+b1:*:*:*:*:*:*:*","pkg:deb/debian/baobab (48.0-2)@48.0-2+b1?arch=arm64","APPLICATION","debian-target"
"base-files","13.8+deb13u5","GPL-2+ | verbatim","","","","","","Organization: Santiago Vila <sanvila@debian.org>","Copyright (c) Debian contributors","cpe:2.3:a:debian:base-files:13.8+deb13u5:*:*:*:*:*:*:*","pkg:deb/debian/base-files@13.8+deb13u5?arch=arm64","cpe:2.3:a:debian:base-files:13.8+deb13u5:*:*:*:*:*:*:*","pkg:deb/debian/base-files@13.8+deb13u5?arch=arm64","OPERATING_SYSTEM","debian-target"
"base-passwd","3.6.7","GPL-2 | public-domain","","","","","","Organization: Shadow package maintainers <pkg-shadow-devel@lists.alioth.debian.org>","Copyright (c) Debian contributors","cpe:2.3:a:debian:base-passwd:3.6.7:*:*:*:*:*:*:*","pkg:deb/debian/base-passwd@3.6.7?arch=arm64","cpe:2.3:a:debian:base-passwd:3.6.7:*:*:*:*:*:*:*","pkg:deb/debian/base-passwd@3.6.7?arch=arm64","OPERATING_SYSTEM","debian-target"
"bash","5.2.37-2+b9","BSD-4-clause-UC | BSD-4-clause-UC and MIT-like | GFDL-NIV-1.3 | GPL-2+ | GPL-3+ | GPL-3+ with Bison exception | Latex2e | MIT-like | permissive","","","","","","Organization: Matthias Klose <doko@debian.org>","Copyright (c) Debian contributors","cpe:2.3:a:debian:bash (5.2.37-2):5.2.37-2+b9:*:*:*:*:*:*:*","pkg:deb/debian/bash (5.2.37-2)@5.2.37-2+b9?arch=arm64","cpe:2.3:a:debian:bash (5.2.37-2):5.2.37-2+b9:*:*:*:*:*:*:*","pkg:deb/debian/bash (5.2.37-2)@5.2.37-2+b9?arch=arm64","APPLICATION","debian-target"
"bash-completion","1:2.16.0-7","GPL-2+","","","","","","Organization: Gabriel F. T. Gomes <gabriel@debian.org>","Copyright (c) Debian contributors","cpe:2.3:a:debian:bash-completion:1:2.16.0-7:*:*:*:*:*:*:*","pkg:deb/debian/bash-completion@1:2.16.0-7?arch=all","cpe:2.3:a:debian:bash-completion:1:2.16.0-7:*:*:*:*:*:*:*","pkg:deb/debian/bash-completion@1:2.16.0-7?arch=all","APPLICATION","debian-target"
"bc","1.07.1-4+b1","GPL-2.0+ | GPL-2.0+ with Texinfo exception | X11 and public-domain | permissive | permissive'","","","","","","Organization: Ryan Kavanagh <rak@debian.org>","Copyright (c) Debian contributors","cpe:2.3:a:debian:bc (1.07.1-4):1.07.1-4+b1:*:*:*:*:*:*:*","pkg:deb/debian/bc (1.07.1-4)@1.07.1-4+b1?arch=arm64","cpe:2.3:a:debian:bc (1.07.1-4):1.07.1-4+b1:*:*:*:*:*:*:*","pkg:deb/debian/bc (1.07.1-4)@1.07.1-4+b1?arch=arm64","APPLICATION","debian-target"
"binfmt-support","2.2.2-7+b1","GPL-3+","","","","","","Organization: Colin Watson <cjwatson@debian.org>","Copyright (c) Debian contributors","cpe:2.3:a:debian:binfmt-support (2.2.2-7):2.2.2-7+b1:*:*:*:*:*:*:*","pkg:deb/debian/binfmt-support (2.2.2-7)@2.2.2-7+b1?arch=arm64","cpe:2.3:a:debian:binfmt-support (2.2.2-7):2.2.2-7+b1:*:*:*:*:*:*:*","pkg:deb/debian/binfmt-support (2.2.2-7)@2.2.2-7+b1?arch=arm64","OPERATING_SYSTEM","debian-target"
"binutils","2.44-3","","","","","","","Organization: Matthias Klose <doko@debian.org>","Copyright (c) Debian contributors","cpe:2.3:a:debian:binutils:2.44-3:*:*:*:*:*:*:*","pkg:deb/debian/binutils@2.44-3?arch=arm64","cpe:2.3:a:debian:binutils:2.44-3:*:*:*:*:*:*:*","pkg:deb/debian/binutils@2.44-3?arch=arm64","LIBRARY","debian-target"
"binutils-aarch64-linux-gnu","2.44-3","","","","","","","Organization: Matthias Klose <doko@debian.org>","Copyright (c) Debian contributors","cpe:2.3:a:debian:binutils:2.44-3:*:*:*:*:*:*:*","pkg:deb/debian/binutils@2.44-3?arch=arm64","cpe:2.3:a:debian:binutils:2.44-3:*:*:*:*:*:*:*","pkg:deb/debian/binutils@2.44-3?arch=arm64","LIBRARY","debian-target"
"binutils-common","2.44-3","","","","","","","Organization: Matthias Klose <doko@debian.org>","Copyright (c) Debian contributors","cpe:2.3:a:debian:binutils:2.44-3:*:*:*:*:*:*:*","pkg:deb/debian/binutils@2.44-3?arch=arm64","cpe:2.3:a:debian:binutils:2.44-3:*:*:*:*:*:*:*","pkg:deb/debian/binutils@2.44-3?arch=arm64","LIBRARY","debian-target"
"blueman","2.4.4-1","GPL-3+","","","","","","Organization: Christopher Schramm <debian@cschramm.eu>","Copyright (c) Debian contributors","cpe:2.3:a:debian:blueman:2.4.4-1:*:*:*:*:*:*:*","pkg:deb/debian/blueman@2.4.4-1?arch=arm64","cpe:2.3:a:debian:blueman:2.4.4-1:*:*:*:*:*:*:*","pkg:deb/debian/blueman@2.4.4-1?arch=arm64","APPLICATION","debian-target"
"bluez","5.82-1.1","Apache-2.0 | BSD-2-clause | GPL-2+ | LGPL-2.1+","","","","","","Organization: Debian Bluetooth Maintainers <team+pkg-bluetooth@tracker.debian.org>","Copyright (c) Debian contributors","cpe:2.3:a:debian:bluez:5.82-1.1:*:*:*:*:*:*:*","pkg:deb/debian/bluez@5.82-1.1?arch=arm64","cpe:2.3:a:debian:bluez:5.82-1.1:*:*:*:*:*:*:*","pkg:deb/debian/bluez@5.82-1.1?arch=arm64","OPERATING_SYSTEM","debian-target"
"bluez-obexd","5.82-1.1","Apache-2.0 | BSD-2-clause | GPL-2+ | LGPL-2.1+","","","","","","Organization: Debian Bluetooth Maintainers <team+pkg-bluetooth@tracker.debian.org>","Copyright (c) Debian contributors","cpe:2.3:a:debian:bluez:5.82-1.1:*:*:*:*:*:*:*","pkg:deb/debian/bluez@5.82-1.1?arch=arm64","cpe:2.3:a:debian:bluez:5.82-1.1:*:*:*:*:*:*:*","pkg:deb/debian/bluez@5.82-1.1?arch=arm64","OPERATING_SYSTEM","debian-target"
"bsdextrautils","2.41-5","BSD-2-clause | BSD-3-clause | BSD-4-clause | BSLA | Expat | GPL-2 | GPL-2+ | GPL-3+ | ISC | LGPL | LGPL-2+ | LGPL-2.1+ | LGPL-3+ | public-domain","","","","","","Organization: Chris Hofstaedtler <zeha@debian.org>","Copyright (c) Debian contributors","cpe:2.3:a:debian:util-linux:2.41-5:*:*:*:*:*:*:*","pkg:deb/debian/util-linux@2.41-5?arch=arm64","cpe:2.3:a:debian:util-linux:2.41-5:*:*:*:*:*:*:*","pkg:deb/debian/util-linux@2.41-5?arch=arm64","APPLICATION","debian-target"
"bsdmainutils","12.1.8","","","","","","","Organization: Debian Bsdmainutils Team <pkg-bsdmainutils@teams.debian.net>","Copyright (c) Debian contributors","cpe:2.3:a:debian:bsdmainutils:12.1.8:*:*:*:*:*:*:*","pkg:deb/debian/bsdmainutils@12.1.8?arch=all","cpe:2.3:a:debian:bsdmainutils:12.1.8:*:*:*:*:*:*:*","pkg:deb/debian/bsdmainutils@12.1.8?arch=all","APPLICATION","debian-target"
"bsdutils","1:2.41-5","BSD-2-clause | BSD-3-clause | BSD-4-clause | BSLA | Expat | GPL-2 | GPL-2+ | GPL-3+ | ISC | LGPL | LGPL-2+ | LGPL-2.1+ | LGPL-3+ | public-domain","","","","","","Organization: Chris Hofstaedtler <zeha@debian.org>","Copyright (c) Debian contributors","cpe:2.3:a:debian:util-linux (2.41-5):1:2.41-5:*:*:*:*:*:*:*","pkg:deb/debian/util-linux (2.41-5)@1:2.41-5?arch=arm64","cpe:2.3:a:debian:util-linux (2.41-5):1:2.41-5:*:*:*:*:*:*:*","pkg:deb/debian/util-linux (2.41-5)@1:2.41-5?arch=arm64","APPLICATION","debian-target"
"bubblewrap","0.11.0-2+deb13u1","LGPL-2+ | pd-bubblewrap.jpg","","","","","","Organization: Utopia Maintenance Team <pkg-utopia-maintainers@lists.alioth.debian.org>","Copyright (c) Debian contributors","cpe:2.3:a:debian:bubblewrap:0.11.0-2+deb13u1:*:*:*:*:*:*:*","pkg:deb/debian/bubblewrap@0.11.0-2+deb13u1?arch=arm64","cpe:2.3:a:debian:bubblewrap:0.11.0-2+deb13u1:*:*:*:*:*:*:*","pkg:deb/debian/bubblewrap@0.11.0-2+deb13u1?arch=arm64","OPERATING_SYSTEM","debian-target"
"build-essential","12.12","","","","","","","Organization: Matthias Klose <doko@debian.org>","Copyright (c) Debian contributors","cpe:2.3:a:debian:build-essential:12.12:*:*:*:*:*:*:*","pkg:deb/debian/build-essential@12.12?arch=arm64","cpe:2.3:a:debian:build-essential:12.12:*:*:*:*:*:*:*","pkg:deb/debian/build-essential@12.12?arch=arm64","LIBRARY","debian-target"
"busybox","1:1.37.0-6+b8","","","","","","","Organization: Debian Install System Team <debian-boot@lists.debian.org>","Copyright (c) Debian contributors","cpe:2.3:a:debian:busybox (1:1.37.0-6):1:1.37.0-6+b8:*:*:*:*:*:*:*","pkg:deb/debian/busybox (1:1.37.0-6)@1:1.37.0-6+b8?arch=arm64","cpe:2.3:a:debian:busybox (1:1.37.0-6):1:1.37.0-6+b8:*:*:*:*:*:*:*","pkg:deb/debian/busybox (1:1.37.0-6)@1:1.37.0-6+b8?arch=arm64","APPLICATION","debian-target"
"bzip2","1.0.8-6","BSD-variant | GPL-2","","","","","","Organization: Anibal Monsalve Salazar <anibal@debian.org>","Copyright (c) Debian contributors","cpe:2.3:a:debian:bzip2:1.0.8-6:*:*:*:*:*:*:*","pkg:deb/debian/bzip2@1.0.8-6?arch=arm64","cpe:2.3:a:debian:bzip2:1.0.8-6:*:*:*:*:*:*:*","pkg:deb/debian/bzip2@1.0.8-6?arch=arm64","APPLICATION","debian-target"
"ca-certificates","20250419","GPL-2+ | MPL-2.0","","","","","","Organization: Julien Cristau <jcristau@debian.org>","Copyright (c) Debian contributors","cpe:2.3:a:debian:ca-certificates:20250419:*:*:*:*:*:*:*","pkg:deb/debian/ca-certificates@20250419?arch=all","cpe:2.3:a:debian:ca-certificates:20250419:*:*:*:*:*:*:*","pkg:deb/debian/ca-certificates@20250419?arch=all","APPLICATION","debian-target"
"camera-engine-rkaiq","6.33.0","","","","","","","Organization: Caesar Wang <wxt@rock-chips.com>","Copyright (c) Debian contributors","cpe:2.3:a:debian:camera-engine-rkaiq:6.33.0:*:*:*:*:*:*:*","pkg:deb/debian/camera-engine-rkaiq@6.33.0?arch=arm64","cpe:2.3:a:debian:camera-engine-rkaiq:6.33.0:*:*:*:*:*:*:*","pkg:deb/debian/camera-engine-rkaiq@6.33.0?arch=arm64","LIBRARY","debian-target"
"can-utils","2023.03-1+b2","BSD-3-clause | BSD-3-clause or GPL-2 | BSD-3-clause or GPL-2 with Linux-syscall-note exception | GPL-2 | GPL-2 with Linux-syscall-note exception | GPL-2+","","","","","","Organization: Alexander GQ Gerasiov <gq@debian.org>","Copyright (c) Debian contributors","cpe:2.3:a:debian:can-utils (2023.03-1):2023.03-1+b2:*:*:*:*:*:*:*","pkg:deb/debian/can-utils (2023.03-1)@2023.03-1+b2?arch=arm64","cpe:2.3:a:debian:can-utils (2023.03-1):2023.03-1+b2:*:*:*:*:*:*:*","pkg:deb/debian/can-utils (2023.03-1)@2023.03-1+b2?arch=arm64","APPLICATION","debian-target"
"cheese","44.1-5","CC-BY-SA-3.0 | GPL-2+","","","","","","Organization: Debian GNOME Maintainers <pkg-gnome-maintainers@lists.alioth.debian.org>","Copyright (c) Debian contributors","cpe:2.3:a:debian:cheese:44.1-5:*:*:*:*:*:*:*","pkg:deb/debian/cheese@44.1-5?arch=arm64","cpe:2.3:a:debian:cheese:44.1-5:*:*:*:*:*:*:*","pkg:deb/debian/cheese@44.1-5?arch=arm64","APPLICATION","debian-target"
"cheese-common","44.1-5","CC-BY-SA-3.0 | GPL-2+","","","","","","Organization: Debian GNOME Maintainers <pkg-gnome-maintainers@lists.alioth.debian.org>","Copyright (c) Debian contributors","cpe:2.3:a:debian:cheese:44.1-5:*:*:*:*:*:*:*","pkg:deb/debian/cheese@44.1-5?arch=all","cpe:2.3:a:debian:cheese:44.1-5:*:*:*:*:*:*:*","pkg:deb/debian/cheese@44.1-5?arch=all","APPLICATION","debian-target"
"cheese-dbgsym","44.1-5","CC-BY-SA-3.0 | GPL-2+","","","","","","Organization: Debian GNOME Maintainers <pkg-gnome-maintainers@lists.alioth.debian.org>","Copyright (c) Debian contributors","cpe:2.3:a:debian:cheese:44.1-5:*:*:*:*:*:*:*","pkg:deb/debian/cheese@44.1-5?arch=arm64","cpe:2.3:a:debian:cheese:44.1-5:*:*:*:*:*:*:*","pkg:deb/debian/cheese@44.1-5?arch=arm64","APPLICATION","debian-target"
"chromium-ozone-wayland","132.0.6834.83","","","","","","","Organization: Jeffy Chen <jeffy.chen@rock-chips.com>","Copyright (c) Debian contributors","cpe:2.3:a:debian:chromium-ozone-wayland:132.0.6834.83:*:*:*:*:*:*:*","pkg:deb/debian/chromium-ozone-wayland@132.0.6834.83?arch=arm64","cpe:2.3:a:debian:chromium-ozone-wayland:132.0.6834.83:*:*:*:*:*:*:*","pkg:deb/debian/chromium-ozone-wayland@132.0.6834.83?arch=arm64","APPLICATION","debian-target"
"cmake","3.31.6-2","Apache-2.0 | BSD-0-Clause | BSD-2-Clause | BSD-2-Clause or ISC | BSD-3-Clause | BSD-3-clause | BSD-4-Clause | Expat | FSFAP | GPL-2+ with Bison exception | GPL-3+ with Bison exception | ISC | Zlib","","","","","","Organization: Debian CMake Team <pkg-cmake-team@lists.alioth.debian.org>","Copyright (c) Debian contributors","cpe:2.3:a:debian:cmake:3.31.6-2:*:*:*:*:*:*:*","pkg:deb/debian/cmake@3.31.6-2?arch=arm64","cpe:2.3:a:debian:cmake:3.31.6-2:*:*:*:*:*:*:*","pkg:deb/debian/cmake@3.31.6-2?arch=arm64","LIBRARY","debian-target"
"cmake-data","3.31.6-2","Apache-2.0 | BSD-0-Clause | BSD-2-Clause | BSD-2-Clause or ISC | BSD-3-Clause | BSD-3-clause | BSD-4-Clause | Expat | FSFAP | GPL-2+ with Bison exception | GPL-3+ with Bison exception | ISC | Zlib","","","","","","Organization: Debian CMake Team <pkg-cmake-team@lists.alioth.debian.org>","Copyright (c) Debian contributors","cpe:2.3:a:debian:cmake:3.31.6-2:*:*:*:*:*:*:*","pkg:deb/debian/cmake@3.31.6-2?arch=all","cpe:2.3:a:debian:cmake:3.31.6-2:*:*:*:*:*:*:*","pkg:deb/debian/cmake@3.31.6-2?arch=all","LIBRARY","debian-target"
"colord","1.4.7-3","CC0-1.0 | CC0-1.0 and NPES | GFDL-NIV | GPL-2+ | LGPL-2.1+ | NPES","","","","","","Organization: Debian freedesktop.org maintainers <pkg-freedesktop-maintainers@lists.alioth.debian.org>","Copyright (c) Debian contributors","cpe:2.3:a:debian:colord:1.4.7-3:*:*:*:*:*:*:*","pkg:deb/debian/colord@1.4.7-3?arch=arm64","cpe:2.3:a:debian:colord:1.4.7-3:*:*:*:*:*:*:*","pkg:deb/debian/colord@1.4.7-3?arch=arm64","APPLICATION","debian-target"
"colord-data","1.4.7-3","CC0-1.0 | CC0-1.0 and NPES | GFDL-NIV | GPL-2+ | LGPL-2.1+ | NPES","","","","","","Organization: Debian freedesktop.org maintainers <pkg-freedesktop-maintainers@lists.alioth.debian.org>","Copyright (c) Debian contributors","cpe:2.3:a:debian:colord:1.4.7-3:*:*:*:*:*:*:*","pkg:deb/debian/colord@1.4.7-3?arch=all","cpe:2.3:a:debian:colord:1.4.7-3:*:*:*:*:*:*:*","pkg:deb/debian/colord@1.4.7-3?arch=all","APPLICATION","debian-target"
"comerr-dev","2.1-1.47.2-3+b11","0BSD | Apache-2 | BSD-3-Clause | BSD-3-Clause-Variant | BSD-4-Clause-CMU | Expat | GPL or MIT-US-export | GPL-2 | GPL-2+ | GPL-2+ with Texinfo exception | ISC | Kazlib | LGPL-2 | Latex2e","","","","","","Organization: Theodore Y. Ts'o <tytso@mit.edu>","Copyright (c) Debian contributors","cpe:2.3:a:debian:e2fsprogs (1.47.2-3):2.1-1.47.2-3+b11:*:*:*:*:*:*:*","pkg:deb/debian/e2fsprogs (1.47.2-3)@2.1-1.47.2-3+b11?arch=arm64","cpe:2.3:a:debian:e2fsprogs (1.47.2-3):2.1-1.47.2-3+b11:*:*:*:*:*:*:*","pkg:deb/debian/e2fsprogs (1.47.2-3)@2.1-1.47.2-3+b11?arch=arm64","LIBRARY","debian-target"
"console-setup","1.242~deb13u1","","","","","","","Organization: Debian Install System Team <debian-boot@lists.debian.org>","Copyright (c) Debian contributors","cpe:2.3:a:debian:console-setup:1.242~deb13u1:*:*:*:*:*:*:*","pkg:deb/debian/console-setup@1.242~deb13u1?arch=all","cpe:2.3:a:debian:console-setup:1.242~deb13u1:*:*:*:*:*:*:*","pkg:deb/debian/console-setup@1.242~deb13u1?arch=all","APPLICATION","debian-target"
"console-setup-linux","1.242~deb13u1","","","","","","","Organization: Debian Install System Team <debian-boot@lists.debian.org>","Copyright (c) Debian contributors","cpe:2.3:a:debian:console-setup:1.242~deb13u1:*:*:*:*:*:*:*","pkg:deb/debian/console-setup@1.242~deb13u1?arch=all","cpe:2.3:a:debian:console-setup:1.242~deb13u1:*:*:*:*:*:*:*","pkg:deb/debian/console-setup@1.242~deb13u1?arch=all","APPLICATION","debian-target"
"coreutils","9.7-3","BSD-4-clause-UC | FSFULLR | GFDL-NIV-1.3 | GPL-3+ | GPL-3+ and BSD-4-clause-UC | GPL-3+ and ISC | ISC","","","","","","Organization: Michael Stone <mstone@debian.org>","Copyright (c) Debian contributors","cpe:2.3:a:debian:coreutils:9.7-3:*:*:*:*:*:*:*","pkg:deb/debian/coreutils@9.7-3?arch=arm64","cpe:2.3:a:debian:coreutils:9.7-3:*:*:*:*:*:*:*","pkg:deb/debian/coreutils@9.7-3?arch=arm64","APPLICATION","debian-target"
"cpio","2.15+dfsg-2","GPL-3+ | LGPL-3+","","","","","","Organization: Anibal Monsalve Salazar <anibal@debian.org>","Copyright (c) Debian contributors","cpe:2.3:a:debian:cpio:2.15+dfsg-2:*:*:*:*:*:*:*","pkg:deb/debian/cpio@2.15+dfsg-2?arch=arm64","cpe:2.3:a:debian:cpio:2.15+dfsg-2:*:*:*:*:*:*:*","pkg:deb/debian/cpio@2.15+dfsg-2?arch=arm64","APPLICATION","debian-target"
"cpp","4:14.2.0-1","","","","","","","Organization: Debian GCC Maintainers <debian-gcc@lists.debian.org>","Copyright (c) Debian contributors","cpe:2.3:a:debian:gcc-defaults (1.220):4:14.2.0-1:*:*:*:*:*:*:*","pkg:deb/debian/gcc-defaults (1.220)@4:14.2.0-1?arch=arm64","cpe:2.3:a:debian:gcc-defaults (1.220):4:14.2.0-1:*:*:*:*:*:*:*","pkg:deb/debian/gcc-defaults (1.220)@4:14.2.0-1?arch=arm64","APPLICATION","debian-target"
"cpp-14","14.2.0-19","","","","","","","Organization: Debian GCC Maintainers <debian-gcc@lists.debian.org>","Copyright (c) Debian contributors","cpe:2.3:a:debian:gcc-14:14.2.0-19:*:*:*:*:*:*:*","pkg:deb/debian/gcc-14@14.2.0-19?arch=arm64","cpe:2.3:a:debian:gcc-14:14.2.0-19:*:*:*:*:*:*:*","pkg:deb/debian/gcc-14@14.2.0-19?arch=arm64","APPLICATION","debian-target"
"cpp-14-aarch64-linux-gnu","14.2.0-19","","","","","","","Organization: Debian GCC Maintainers <debian-gcc@lists.debian.org>","Copyright (c) Debian contributors","cpe:2.3:a:debian:gcc-14:14.2.0-19:*:*:*:*:*:*:*","pkg:deb/debian/gcc-14@14.2.0-19?arch=arm64","cpe:2.3:a:debian:gcc-14:14.2.0-19:*:*:*:*:*:*:*","pkg:deb/debian/gcc-14@14.2.0-19?arch=arm64","APPLICATION","debian-target"
"cpp-aarch64-linux-gnu","4:14.2.0-1","","","","","","","Organization: Debian GCC Maintainers <debian-gcc@lists.debian.org>","Copyright (c) Debian contributors","cpe:2.3:a:debian:gcc-defaults (1.220):4:14.2.0-1:*:*:*:*:*:*:*","pkg:deb/debian/gcc-defaults (1.220)@4:14.2.0-1?arch=arm64","cpe:2.3:a:debian:gcc-defaults (1.220):4:14.2.0-1:*:*:*:*:*:*:*","pkg:deb/debian/gcc-defaults (1.220)@4:14.2.0-1?arch=arm64","APPLICATION","debian-target"
"cups","2.4.10-3+deb13u2","Apache-2.0 | Apache-2.0-with-GPL2-LGPL2-Exception | Apache-2.0-with-GPL2-LGPL2-Exception or BSD-2-clause | BSD-2-Clause | FSFUL | Zlib","","","","","","Organization: Debian Printing Team <debian-printing@lists.debian.org>","Copyright (c) Debian contributors","cpe:2.3:a:debian:cups:2.4.10-3+deb13u2:*:*:*:*:*:*:*","pkg:deb/debian/cups@2.4.10-3+deb13u2?arch=arm64","cpe:2.3:a:debian:cups:2.4.10-3+deb13u2:*:*:*:*:*:*:*","pkg:deb/debian/cups@2.4.10-3+deb13u2?arch=arm64","APPLICATION","debian-target"
"cups-client","2.4.10-3+deb13u2","Apache-2.0 | Apache-2.0-with-GPL2-LGPL2-Exception | Apache-2.0-with-GPL2-LGPL2-Exception or BSD-2-clause | BSD-2-Clause | FSFUL | Zlib","","","","","","Organization: Debian Printing Team <debian-printing@lists.debian.org>","Copyright (c) Debian contributors","cpe:2.3:a:debian:cups:2.4.10-3+deb13u2:*:*:*:*:*:*:*","pkg:deb/debian/cups@2.4.10-3+deb13u2?arch=arm64","cpe:2.3:a:debian:cups:2.4.10-3+deb13u2:*:*:*:*:*:*:*","pkg:deb/debian/cups@2.4.10-3+deb13u2?arch=arm64","APPLICATION","debian-target"
"cups-common","2.4.10-3+deb13u2","Apache-2.0 | Apache-2.0-with-GPL2-LGPL2-Exception | Apache-2.0-with-GPL2-LGPL2-Exception or BSD-2-clause | BSD-2-Clause | FSFUL | Zlib","","","","","","Organization: Debian Printing Team <debian-printing@lists.debian.org>","Copyright (c) Debian contributors","cpe:2.3:a:debian:cups:2.4.10-3+deb13u2:*:*:*:*:*:*:*","pkg:deb/debian/cups@2.4.10-3+deb13u2?arch=all","cpe:2.3:a:debian:cups:2.4.10-3+deb13u2:*:*:*:*:*:*:*","pkg:deb/debian/cups@2.4.10-3+deb13u2?arch=all","APPLICATION","debian-target"
"cups-core-drivers","2.4.10-3+deb13u2","Apache-2.0 | Apache-2.0-with-GPL2-LGPL2-Exception | Apache-2.0-with-GPL2-LGPL2-Exception or BSD-2-clause | BSD-2-Clause | FSFUL | Zlib","","","","","","Organization: Debian Printing Team <debian-printing@lists.debian.org>","Copyright (c) Debian contributors","cpe:2.3:a:debian:cups:2.4.10-3+deb13u2:*:*:*:*:*:*:*","pkg:deb/debian/cups@2.4.10-3+deb13u2?arch=arm64","cpe:2.3:a:debian:cups:2.4.10-3+deb13u2:*:*:*:*:*:*:*","pkg:deb/debian/cups@2.4.10-3+deb13u2?arch=arm64","APPLICATION","debian-target"
"cups-daemon","2.4.10-3+deb13u2","Apache-2.0 | Apache-2.0-with-GPL2-LGPL2-Exception | Apache-2.0-with-GPL2-LGPL2-Exception or BSD-2-clause | BSD-2-Clause | FSFUL | Zlib","","","","","","Organization: Debian Printing Team <debian-printing@lists.debian.org>","Copyright (c) Debian contributors","cpe:2.3:a:debian:cups:2.4.10-3+deb13u2:*:*:*:*:*:*:*","pkg:deb/debian/cups@2.4.10-3+deb13u2?arch=arm64","cpe:2.3:a:debian:cups:2.4.10-3+deb13u2:*:*:*:*:*:*:*","pkg:deb/debian/cups@2.4.10-3+deb13u2?arch=arm64","APPLICATION","debian-target"
"cups-filters","1.28.17-6+deb13u1","BSD-4-clause | Expat | GPL-2 | GPL-2+ | GPL-3 | GPL-3+ | LGPL-2 | LGPL-2.1+","","","","","","Organization: Debian Printing Team <debian-printing@lists.debian.org>","Copyright (c) Debian contributors","cpe:2.3:a:debian:cups-filters:1.28.17-6+deb13u1:*:*:*:*:*:*:*","pkg:deb/debian/cups-filters@1.28.17-6+deb13u1?arch=arm64","cpe:2.3:a:debian:cups-filters:1.28.17-6+deb13u1:*:*:*:*:*:*:*","pkg:deb/debian/cups-filters@1.28.17-6+deb13u1?arch=arm64","APPLICATION","debian-target"
"cups-filters-core-drivers","1.28.17-6+deb13u1","BSD-4-clause | Expat | GPL-2 | GPL-2+ | GPL-3 | GPL-3+ | LGPL-2 | LGPL-2.1+","","","","","","Organization: Debian Printing Team <debian-printing@lists.debian.org>","Copyright (c) Debian contributors","cpe:2.3:a:debian:cups-filters:1.28.17-6+deb13u1:*:*:*:*:*:*:*","pkg:deb/debian/cups-filters@1.28.17-6+deb13u1?arch=arm64","cpe:2.3:a:debian:cups-filters:1.28.17-6+deb13u1:*:*:*:*:*:*:*","pkg:deb/debian/cups-filters@1.28.17-6+deb13u1?arch=arm64","APPLICATION","debian-target"
"cups-ipp-utils","2.4.10-3+deb13u2","Apache-2.0 | Apache-2.0-with-GPL2-LGPL2-Exception | Apache-2.0-with-GPL2-LGPL2-Exception or BSD-2-clause | BSD-2-Clause | FSFUL | Zlib","","","","","","Organization: Debian Printing Team <debian-printing@lists.debian.org>","Copyright (c) Debian contributors","cpe:2.3:a:debian:cups:2.4.10-3+deb13u2:*:*:*:*:*:*:*","pkg:deb/debian/cups@2.4.10-3+deb13u2?arch=arm64","cpe:2.3:a:debian:cups:2.4.10-3+deb13u2:*:*:*:*:*:*:*","pkg:deb/debian/cups@2.4.10-3+deb13u2?arch=arm64","APPLICATION","debian-target"
"cups-ppdc","2.4.10-3+deb13u2","Apache-2.0 | Apache-2.0-with-GPL2-LGPL2-Exception | Apache-2.0-with-GPL2-LGPL2-Exception or BSD-2-clause | BSD-2-Clause | FSFUL | Zlib","","","","","","Organization: Debian Printing Team <debian-printing@lists.debian.org>","Copyright (c) Debian contributors","cpe:2.3:a:debian:cups:2.4.10-3+deb13u2:*:*:*:*:*:*:*","pkg:deb/debian/cups@2.4.10-3+deb13u2?arch=arm64","cpe:2.3:a:debian:cups:2.4.10-3+deb13u2:*:*:*:*:*:*:*","pkg:deb/debian/cups@2.4.10-3+deb13u2?arch=arm64","APPLICATION","debian-target"
"cups-server-common","2.4.10-3+deb13u2","Apache-2.0 | Apache-2.0-with-GPL2-LGPL2-Exception | Apache-2.0-with-GPL2-LGPL2-Exception or BSD-2-clause | BSD-2-Clause | FSFUL | Zlib","","","","","","Organization: Debian Printing Team <debian-printing@lists.debian.org>","Copyright (c) Debian contributors","cpe:2.3:a:debian:cups:2.4.10-3+deb13u2:*:*:*:*:*:*:*","pkg:deb/debian/cups@2.4.10-3+deb13u2?arch=all","cpe:2.3:a:debian:cups:2.4.10-3+deb13u2:*:*:*:*:*:*:*","pkg:deb/debian/cups@2.4.10-3+deb13u2?arch=all","APPLICATION","debian-target"
"curl","8.14.1-2+deb13u3","BSD-3-Clause | BSD-3-clause | BSD-4-Clause-UC | FSFULLR | GPL-2+ with Autoconf-data exception | GPL-2+ with Libtool exception | GPL-3+ with Autoconf-data exception | ISC | OLDAP-2.8 | X11 | curl | curl and ISC","","","","","","Organization: Debian Curl Maintainers <team+curl@tracker.debian.org>","Copyright (c) Debian contributors","cpe:2.3:a:debian:curl:8.14.1-2+deb13u3:*:*:*:*:*:*:*","pkg:deb/debian/curl@8.14.1-2+deb13u3?arch=arm64","cpe:2.3:a:debian:curl:8.14.1-2+deb13u3:*:*:*:*:*:*:*","pkg:deb/debian/curl@8.14.1-2+deb13u3?arch=arm64","APPLICATION","debian-target"
"dash","0.5.12-12","BSD-3-Clause | BSD-3-clause | GPL-2+ | public-domain","","","","","","Organization: Andrej Shadura <andrewsh@debian.org>","Copyright (c) Debian contributors","cpe:2.3:a:debian:dash:0.5.12-12:*:*:*:*:*:*:*","pkg:deb/debian/dash@0.5.12-12?arch=arm64","cpe:2.3:a:debian:dash:0.5.12-12:*:*:*:*:*:*:*","pkg:deb/debian/dash@0.5.12-12?arch=arm64","APPLICATION","debian-target"
"dbus","1.16.2-2","AFL-2.1 | BSD-3-clause | BSD-3-clause and BSD-3-clause-generic | BSD-3-clause-generic | Expat | GPL-2+ | GPL-2+ or AFL-2.1, and Expat and Tcl-BSDish | LGPL-2.1+ | Tcl-BSDish | g10-permissive","","","","","","Organization: Utopia Maintenance Team <pkg-utopia-maintainers@lists.alioth.debian.org>","Copyright (c) Debian contributors","cpe:2.3:a:debian:dbus:1.16.2-2:*:*:*:*:*:*:*","pkg:deb/debian/dbus@1.16.2-2?arch=arm64","cpe:2.3:a:debian:dbus:1.16.2-2:*:*:*:*:*:*:*","pkg:deb/debian/dbus@1.16.2-2?arch=arm64","OPERATING_SYSTEM","debian-target"
"dbus-bin","1.16.2-2","AFL-2.1 | BSD-3-clause | BSD-3-clause and BSD-3-clause-generic | BSD-3-clause-generic | Expat | GPL-2+ | GPL-2+ or AFL-2.1, and Expat and Tcl-BSDish | LGPL-2.1+ | Tcl-BSDish | g10-permissive","","","","","","Organization: Utopia Maintenance Team <pkg-utopia-maintainers@lists.alioth.debian.org>","Copyright (c) Debian contributors","cpe:2.3:a:debian:dbus:1.16.2-2:*:*:*:*:*:*:*","pkg:deb/debian/dbus@1.16.2-2?arch=arm64","cpe:2.3:a:debian:dbus:1.16.2-2:*:*:*:*:*:*:*","pkg:deb/debian/dbus@1.16.2-2?arch=arm64","OPERATING_SYSTEM","debian-target"
"dbus-daemon","1.16.2-2","AFL-2.1 | BSD-3-clause | BSD-3-clause and BSD-3-clause-generic | BSD-3-clause-generic | Expat | GPL-2+ | GPL-2+ or AFL-2.1, and Expat and Tcl-BSDish | LGPL-2.1+ | Tcl-BSDish | g10-permissive","","","","","","Organization: Utopia Maintenance Team <pkg-utopia-maintainers@lists.alioth.debian.org>","Copyright (c) Debian contributors","cpe:2.3:a:debian:dbus:1.16.2-2:*:*:*:*:*:*:*","pkg:deb/debian/dbus@1.16.2-2?arch=arm64","cpe:2.3:a:debian:dbus:1.16.2-2:*:*:*:*:*:*:*","pkg:deb/debian/dbus@1.16.2-2?arch=arm64","OPERATING_SYSTEM","debian-target"
"dbus-session-bus-common","1.16.2-2","AFL-2.1 | BSD-3-clause | BSD-3-clause and BSD-3-clause-generic | BSD-3-clause-generic | Expat | GPL-2+ | GPL-2+ or AFL-2.1, and Expat and Tcl-BSDish | LGPL-2.1+ | Tcl-BSDish | g10-permissive","","","","","","Organization: Utopia Maintenance Team <pkg-utopia-maintainers@lists.alioth.debian.org>","Copyright (c) Debian contributors","cpe:2.3:a:debian:dbus:1.16.2-2:*:*:*:*:*:*:*","pkg:deb/debian/dbus@1.16.2-2?arch=all","cpe:2.3:a:debian:dbus:1.16.2-2:*:*:*:*:*:*:*","pkg:deb/debian/dbus@1.16.2-2?arch=all","OPERATING_SYSTEM","debian-target"
"dbus-system-bus-common","1.16.2-2","AFL-2.1 | BSD-3-clause | BSD-3-clause and BSD-3-clause-generic | BSD-3-clause-generic | Expat | GPL-2+ | GPL-2+ or AFL-2.1, and Expat and Tcl-BSDish | LGPL-2.1+ | Tcl-BSDish | g10-permissive","","","","","","Organization: Utopia Maintenance Team <pkg-utopia-maintainers@lists.alioth.debian.org>","Copyright (c) Debian contributors","cpe:2.3:a:debian:dbus:1.16.2-2:*:*:*:*:*:*:*","pkg:deb/debian/dbus@1.16.2-2?arch=all","cpe:2.3:a:debian:dbus:1.16.2-2:*:*:*:*:*:*:*","pkg:deb/debian/dbus@1.16.2-2?arch=all","OPERATING_SYSTEM","debian-target"
"dbus-user-session","1.16.2-2","AFL-2.1 | BSD-3-clause | BSD-3-clause and BSD-3-clause-generic | BSD-3-clause-generic | Expat | GPL-2+ | GPL-2+ or AFL-2.1, and Expat and Tcl-BSDish | LGPL-2.1+ | Tcl-BSDish | g10-permissive","","","","","","Organization: Utopia Maintenance Team <pkg-utopia-maintainers@lists.alioth.debian.org>","Copyright (c) Debian contributors","cpe:2.3:a:debian:dbus:1.16.2-2:*:*:*:*:*:*:*","pkg:deb/debian/dbus@1.16.2-2?arch=arm64","cpe:2.3:a:debian:dbus:1.16.2-2:*:*:*:*:*:*:*","pkg:deb/debian/dbus@1.16.2-2?arch=arm64","OPERATING_SYSTEM","debian-target"
"dbus-x11","1.16.2-2","AFL-2.1 | BSD-3-clause | BSD-3-clause and BSD-3-clause-generic | BSD-3-clause-generic | Expat | GPL-2+ | GPL-2+ or AFL-2.1, and Expat and Tcl-BSDish | LGPL-2.1+ | Tcl-BSDish | g10-permissive","","","","","","Organization: Utopia Maintenance Team <pkg-utopia-maintainers@lists.alioth.debian.org>","Copyright (c) Debian contributors","cpe:2.3:a:debian:dbus:1.16.2-2:*:*:*:*:*:*:*","pkg:deb/debian/dbus@1.16.2-2?arch=arm64","cpe:2.3:a:debian:dbus:1.16.2-2:*:*:*:*:*:*:*","pkg:deb/debian/dbus@1.16.2-2?arch=arm64","APPLICATION","debian-target"
"dconf-cli","0.40.0-5","GPL-3 | LGPL-2+","","","","","","Organization: Debian GNOME Maintainers <pkg-gnome-maintainers@lists.alioth.debian.org>","Copyright (c) Debian contributors","cpe:2.3:a:debian:dconf:0.40.0-5:*:*:*:*:*:*:*","pkg:deb/debian/dconf@0.40.0-5?arch=arm64","cpe:2.3:a:debian:dconf:0.40.0-5:*:*:*:*:*:*:*","pkg:deb/debian/dconf@0.40.0-5?arch=arm64","APPLICATION","debian-target"
"dconf-gsettings-backend","0.40.0-5","GPL-3 | LGPL-2+","","","","","","Organization: Debian GNOME Maintainers <pkg-gnome-maintainers@lists.alioth.debian.org>","Copyright (c) Debian contributors","cpe:2.3:a:debian:dconf:0.40.0-5:*:*:*:*:*:*:*","pkg:deb/debian/dconf@0.40.0-5?arch=arm64","cpe:2.3:a:debian:dconf:0.40.0-5:*:*:*:*:*:*:*","pkg:deb/debian/dconf@0.40.0-5?arch=arm64","LIBRARY","debian-target"
"dconf-service","0.40.0-5","GPL-3 | LGPL-2+","","","","","","Organization: Debian GNOME Maintainers <pkg-gnome-maintainers@lists.alioth.debian.org>","Copyright (c) Debian contributors","cpe:2.3:a:debian:dconf:0.40.0-5:*:*:*:*:*:*:*","pkg:deb/debian/dconf@0.40.0-5?arch=arm64","cpe:2.3:a:debian:dconf:0.40.0-5:*:*:*:*:*:*:*","pkg:deb/debian/dconf@0.40.0-5?arch=arm64","LIBRARY","debian-target"
"debconf","1.5.91","BSD-2-clause","","","","","","Organization: Debconf Developers <debconf-devel@lists.alioth.debian.org>","Copyright (c) Debian contributors","cpe:2.3:a:debian:debconf:1.5.91:*:*:*:*:*:*:*","pkg:deb/debian/debconf@1.5.91?arch=all","cpe:2.3:a:debian:debconf:1.5.91:*:*:*:*:*:*:*","pkg:deb/debian/debconf@1.5.91?arch=all","OPERATING_SYSTEM","debian-target"
"debian-archive-keyring","2025.1","","","","","","","Organization: Debian Release Team <packages@release.debian.org>","Copyright (c) Debian contributors","cpe:2.3:a:debian:debian-archive-keyring:2025.1:*:*:*:*:*:*:*","pkg:deb/debian/debian-archive-keyring@2025.1?arch=all","cpe:2.3:a:debian:debian-archive-keyring:2025.1:*:*:*:*:*:*:*","pkg:deb/debian/debian-archive-keyring@2025.1?arch=all","APPLICATION","debian-target"
"debian-keyring","2025.07.26","","","","","","","Organization: Debian Keyring Maintainers <keyring-maint@debian.org>","Copyright (c) Debian contributors","cpe:2.3:a:debian:debian-keyring:2025.07.26:*:*:*:*:*:*:*","pkg:deb/debian/debian-keyring@2025.07.26?arch=all","cpe:2.3:a:debian:debian-keyring:2025.07.26:*:*:*:*:*:*:*","pkg:deb/debian/debian-keyring@2025.07.26?arch=all","APPLICATION","debian-target"
"debianutils","5.23.2","GPL-2+ | SMAIL-GPL | public-domain","","","","","","Organization: Ileana Dumitrescu <ileanadumitrescu95@gmail.com>","Copyright (c) Debian contributors","cpe:2.3:a:debian:debianutils:5.23.2:*:*:*:*:*:*:*","pkg:deb/debian/debianutils@5.23.2?arch=arm64","cpe:2.3:a:debian:debianutils:5.23.2:*:*:*:*:*:*:*","pkg:deb/debian/debianutils@5.23.2?arch=arm64","APPLICATION","debian-target"
"desktop-base","13.0.4","CC-BY-SA-3.0 | GPL-2 | GPL-2+ | GPL-3+ | GPL-3+ or CC-BY-SA-3.0","","","","","","Organization: Debian Desktop Team <debian-desktop@lists.debian.org>","Copyright (c) Debian contributors","cpe:2.3:a:debian:desktop-base:13.0.4:*:*:*:*:*:*:*","pkg:deb/debian/desktop-base@13.0.4?arch=all","cpe:2.3:a:debian:desktop-base:13.0.4:*:*:*:*:*:*:*","pkg:deb/debian/desktop-base@13.0.4?arch=all","APPLICATION","debian-target"
"desktop-file-utils","0.28-1","GPL-2+","","","","","","Organization: Debian freedesktop.org maintainers <pkg-freedesktop-maintainers@lists.alioth.debian.org>","Copyright (c) Debian contributors","cpe:2.3:a:debian:desktop-file-utils:0.28-1:*:*:*:*:*:*:*","pkg:deb/debian/desktop-file-utils@0.28-1?arch=arm64","cpe:2.3:a:debian:desktop-file-utils:0.28-1:*:*:*:*:*:*:*","pkg:deb/debian/desktop-file-utils@0.28-1?arch=arm64","LIBRARY","debian-target"
"dictionaries-common","1.30.10","GPL-2+ | GPL-3+","","","","","","Organization: Agustin Martin Domingo <agmartin@debian.org>","Copyright (c) Debian contributors","cpe:2.3:a:debian:dictionaries-common:1.30.10:*:*:*:*:*:*:*","pkg:deb/debian/dictionaries-common@1.30.10?arch=all","cpe:2.3:a:debian:dictionaries-common:1.30.10:*:*:*:*:*:*:*","pkg:deb/debian/dictionaries-common@1.30.10?arch=all","APPLICATION","debian-target"
"diffutils","1:3.10-4","FSFAP | FSFULLR | GFDL-NIV-1.3 | GPL-2+ | GPL-3+ | GPL-3+ and FSFULLR | GPL-3+ with autoconf exception | GPL-3+ with texinfo exception | LGPL-2.0+ | LGPL-2.1+ | LGPL-3.0+ | LGPL-3.0+ or GPL-2+ | X11 | public-domain","","","","","","Organization: Santiago Vila <sanvila@debian.org>","Copyright (c) Debian contributors","cpe:2.3:a:debian:diffutils:1:3.10-4:*:*:*:*:*:*:*","pkg:deb/debian/diffutils@1:3.10-4?arch=arm64","cpe:2.3:a:debian:diffutils:1:3.10-4:*:*:*:*:*:*:*","pkg:deb/debian/diffutils@1:3.10-4?arch=arm64","APPLICATION","debian-target"
"dirmngr","2.4.7-21+deb13u1+b3","BSD-3-clause | CC0-1.0 | Expat | GPL-2+ | GPL-3+ | GPL-3+ or BSD-3-clause | LGPL-2.1+ | LGPL-3+ | LGPL-3+ or GPL-2+ | RFC-Reference | TinySCHEME | permissive","","","","","","Organization: Debian GnuPG Maintainers <pkg-gnupg-maint@lists.alioth.debian.org>","Copyright (c) Debian contributors","cpe:2.3:a:debian:gnupg2 (2.4.7-21+deb13u1):2.4.7-21+deb13u1+b3:*:*:*:*:*:*:*","pkg:deb/debian/gnupg2 (2.4.7-21+deb13u1)@2.4.7-21+deb13u1+b3?arch=arm64","cpe:2.3:a:debian:gnupg2 (2.4.7-21+deb13u1):2.4.7-21+deb13u1+b3:*:*:*:*:*:*:*","pkg:deb/debian/gnupg2 (2.4.7-21+deb13u1)@2.4.7-21+deb13u1+b3?arch=arm64","APPLICATION","debian-target"
"dmsetup","2:1.02.205-2","BSD-2-Clause | GPL-2.0 | GPL-2.0+ | LGPL-2.1","","","","","","Organization: Debian LVM Team <team+lvm@tracker.debian.org>","Copyright (c) Debian contributors","cpe:2.3:a:debian:lvm2 (2.03.31-2):2:1.02.205-2:*:*:*:*:*:*:*","pkg:deb/debian/lvm2 (2.03.31-2)@2:1.02.205-2?arch=arm64","cpe:2.3:a:debian:lvm2 (2.03.31-2):2:1.02.205-2:*:*:*:*:*:*:*","pkg:deb/debian/lvm2 (2.03.31-2)@2:1.02.205-2?arch=arm64","OPERATING_SYSTEM","debian-target"
"dnsmasq-base","2.91-1+deb13u1","GPL-2 | GPL-2 or GPL-3 | GPL-3","","","","","","Organization: Simon Kelley <simon@thekelleys.org.uk>","Copyright (c) Debian contributors","cpe:2.3:a:debian:dnsmasq:2.91-1+deb13u1:*:*:*:*:*:*:*","pkg:deb/debian/dnsmasq@2.91-1+deb13u1?arch=arm64","cpe:2.3:a:debian:dnsmasq:2.91-1+deb13u1:*:*:*:*:*:*:*","pkg:deb/debian/dnsmasq@2.91-1+deb13u1?arch=arm64","APPLICATION","debian-target"
"dpkg","1.22.22","GPL-2+ | public-domain-s-s-d","","","","","","Organization: Dpkg Developers <debian-dpkg@lists.debian.org>","Copyright (c) Debian contributors","cpe:2.3:a:debian:dpkg:1.22.22:*:*:*:*:*:*:*","pkg:deb/debian/dpkg@1.22.22?arch=arm64","cpe:2.3:a:debian:dpkg:1.22.22:*:*:*:*:*:*:*","pkg:deb/debian/dpkg@1.22.22?arch=arm64","OPERATING_SYSTEM","debian-target"
"dpkg-dev","1.22.22","GPL-2+ | public-domain-s-s-d","","","","","","Organization: Dpkg Developers <debian-dpkg@lists.debian.org>","Copyright (c) Debian contributors","cpe:2.3:a:debian:dpkg:1.22.22:*:*:*:*:*:*:*","pkg:deb/debian/dpkg@1.22.22?arch=all","cpe:2.3:a:debian:dpkg:1.22.22:*:*:*:*:*:*:*","pkg:deb/debian/dpkg@1.22.22?arch=all","APPLICATION","debian-target"
"dracut-install","106-6","BSD-3-clause | GPL-2+ | LGPL-2.1+","","","","","","Organization: Thomas Lange <lange@debian.org>","Copyright (c) Debian contributors","cpe:2.3:a:debian:dracut:106-6:*:*:*:*:*:*:*","pkg:deb/debian/dracut@106-6?arch=arm64","cpe:2.3:a:debian:dracut:106-6:*:*:*:*:*:*:*","pkg:deb/debian/dracut@106-6?arch=arm64","APPLICATION","debian-target"
"dvb-tools","1.30.1-1","BSD-2-clause | BSD-3-clause | BSD-3-clause or GPL-2 | BSD-3-clause or GPL-2+ | BSD-3-clause or LGPL-2.1 | Expat | FSFULLR | GPL-2 | GPL-2+ | GPL-3+ | HPND-sell-variant | LGPL | LGPL-2+ | LGPL-2.1 | LGPL-2.1+ | jpeg-group","","","","","","Organization: Gregor Jasny <gjasny@googlemail.com>","Copyright (c) Debian contributors","cpe:2.3:a:debian:v4l-utils:1.30.1-1:*:*:*:*:*:*:*","pkg:deb/debian/v4l-utils@1.30.1-1?arch=arm64","cpe:2.3:a:debian:v4l-utils:1.30.1-1:*:*:*:*:*:*:*","pkg:deb/debian/v4l-utils@1.30.1-1?arch=arm64","APPLICATION","debian-target"
"dvb-tools-dbgsym","1.30.1-1","BSD-2-clause | BSD-3-clause | BSD-3-clause or GPL-2 | BSD-3-clause or GPL-2+ | BSD-3-clause or LGPL-2.1 | Expat | FSFULLR | GPL-2 | GPL-2+ | GPL-3+ | HPND-sell-variant | LGPL | LGPL-2+ | LGPL-2.1 | LGPL-2.1+ | jpeg-group","","","","","","Organization: Gregor Jasny <gjasny@googlemail.com>","Copyright (c) Debian contributors","cpe:2.3:a:debian:v4l-utils:1.30.1-1:*:*:*:*:*:*:*","pkg:deb/debian/v4l-utils@1.30.1-1?arch=arm64","cpe:2.3:a:debian:v4l-utils:1.30.1-1:*:*:*:*:*:*:*","pkg:deb/debian/v4l-utils@1.30.1-1?arch=arm64","APPLICATION","debian-target"
"e2fsprogs","1.47.2-3+b11","0BSD | Apache-2 | BSD-3-Clause | BSD-3-Clause-Variant | BSD-4-Clause-CMU | Expat | GPL or MIT-US-export | GPL-2 | GPL-2+ | GPL-2+ with Texinfo exception | ISC | Kazlib | LGPL-2 | Latex2e","","","","","","Organization: Theodore Y. Ts'o <tytso@mit.edu>","Copyright (c) Debian contributors","cpe:2.3:a:debian:e2fsprogs (1.47.2-3):1.47.2-3+b11:*:*:*:*:*:*:*","pkg:deb/debian/e2fsprogs (1.47.2-3)@1.47.2-3+b11?arch=arm64","cpe:2.3:a:debian:e2fsprogs (1.47.2-3):1.47.2-3+b11:*:*:*:*:*:*:*","pkg:deb/debian/e2fsprogs (1.47.2-3)@1.47.2-3+b11?arch=arm64","OPERATING_SYSTEM","debian-target"
"eject","2.41-5","BSD-2-clause | BSD-3-clause | BSD-4-clause | BSLA | Expat | GPL-2 | GPL-2+ | GPL-3+ | ISC | LGPL | LGPL-2+ | LGPL-2.1+ | LGPL-3+ | public-domain","","","","","","Organization: Chris Hofstaedtler <zeha@debian.org>","Copyright (c) Debian contributors","cpe:2.3:a:debian:util-linux:2.41-5:*:*:*:*:*:*:*","pkg:deb/debian/util-linux@2.41-5?arch=arm64","cpe:2.3:a:debian:util-linux:2.41-5:*:*:*:*:*:*:*","pkg:deb/debian/util-linux@2.41-5?arch=arm64","APPLICATION","debian-target"
"emacsen-common","3.0.8","GPL-2+","","","","","","Organization: Rob Browning <rlb@defaultvalue.org>","Copyright (c) Debian contributors","cpe:2.3:a:debian:emacsen-common:3.0.8:*:*:*:*:*:*:*","pkg:deb/debian/emacsen-common@3.0.8?arch=all","cpe:2.3:a:debian:emacsen-common:3.0.8:*:*:*:*:*:*:*","pkg:deb/debian/emacsen-common@3.0.8?arch=all","APPLICATION","debian-target"
"evince","48.1-3+deb13u1","","","","","","","Organization: Debian GNOME Maintainers <pkg-gnome-maintainers@lists.alioth.debian.org>","Copyright (c) Debian contributors","cpe:2.3:a:debian:evince:48.1-3+deb13u1:*:*:*:*:*:*:*","pkg:deb/debian/evince@48.1-3+deb13u1?arch=arm64","cpe:2.3:a:debian:evince:48.1-3+deb13u1:*:*:*:*:*:*:*","pkg:deb/debian/evince@48.1-3+deb13u1?arch=arm64","APPLICATION","debian-target"
"evince-common","48.1-3+deb13u1","","","","","","","Organization: Debian GNOME Maintainers <pkg-gnome-maintainers@lists.alioth.debian.org>","Copyright (c) Debian contributors","cpe:2.3:a:debian:evince:48.1-3+deb13u1:*:*:*:*:*:*:*","pkg:deb/debian/evince@48.1-3+deb13u1?arch=all","cpe:2.3:a:debian:evince:48.1-3+deb13u1:*:*:*:*:*:*:*","pkg:deb/debian/evince@48.1-3+deb13u1?arch=all","APPLICATION","debian-target"
"evolution-data-server","3.56.2-0+deb13u1","","","","","","","Organization: Debian GNOME Maintainers <pkg-gnome-maintainers@lists.alioth.debian.org>","Copyright (c) Debian contributors","cpe:2.3:a:debian:evolution-data-server:3.56.2-0+deb13u1:*:*:*:*:*:*:*","pkg:deb/debian/evolution-data-server@3.56.2-0+deb13u1?arch=arm64","cpe:2.3:a:debian:evolution-data-server:3.56.2-0+deb13u1:*:*:*:*:*:*:*","pkg:deb/debian/evolution-data-server@3.56.2-0+deb13u1?arch=arm64","APPLICATION","debian-target"
"evolution-data-server-common","3.56.2-0+deb13u1","","","","","","","Organization: Debian GNOME Maintainers <pkg-gnome-maintainers@lists.alioth.debian.org>","Copyright (c) Debian contributors","cpe:2.3:a:debian:evolution-data-server:3.56.2-0+deb13u1:*:*:*:*:*:*:*","pkg:deb/debian/evolution-data-server@3.56.2-0+deb13u1?arch=all","cpe:2.3:a:debian:evolution-data-server:3.56.2-0+deb13u1:*:*:*:*:*:*:*","pkg:deb/debian/evolution-data-server@3.56.2-0+deb13u1?arch=all","APPLICATION","debian-target"
"evtest","1:1.35-1+b1","GPL-2.0+","","","","","","Organization: Stephen Kitt <skitt@debian.org>","Copyright (c) Debian contributors","cpe:2.3:a:debian:evtest (1:1.35-1):1:1.35-1+b1:*:*:*:*:*:*:*","pkg:deb/debian/evtest (1:1.35-1)@1:1.35-1+b1?arch=arm64","cpe:2.3:a:debian:evtest (1:1.35-1):1:1.35-1+b1:*:*:*:*:*:*:*","pkg:deb/debian/evtest (1:1.35-1)@1:1.35-1+b1?arch=arm64","APPLICATION","debian-target"
"file","1:5.46-5","BSD-2-Clause-alike | BSD-2-Clause-netbsd | BSD-2-Clause-regents | MIT-Old-Style-with-legal-disclaimer-2 | public-domain","","","","","","Organization: Christoph Biedl <debian.axhn@manchmal.in-ulm.de>","Copyright (c) Debian contributors","cpe:2.3:a:debian:file:1:5.46-5:*:*:*:*:*:*:*","pkg:deb/debian/file@1:5.46-5?arch=arm64","cpe:2.3:a:debian:file:1:5.46-5:*:*:*:*:*:*:*","pkg:deb/debian/file@1:5.46-5?arch=arm64","APPLICATION","debian-target"
"findutils","4.10.0-3","BSD-3-clause | BSD-3-clause or GPL-3+ | BSD-3-clause or LGPL-2.1+ | BSD-3-clause or LGPL-3+ | FSFAP | FSFULLR | FSFULLR or GPL or LGPL | GFDL-NIV-1.3+ | GFDL-NIV-1.3+ or GFDL-NIV-1.3+ | GPL | GPL with automake exception | GPL-2+ | GPL-2+ with Autoconf-data exception | GPL-3+ | GPL-3+ with Autoconf-data exception | GPL-3+ with Bison-2.2 exception | ISC | ISC or LGPL-2.1+ | LGPL | LGPL-2+ | LGPL-2.1+ | LGPL-3 | LGPL-3+ | X11 | public-domain","","","","","","Organization: Andreas Metzler <ametzler@debian.org>","Copyright (c) Debian contributors","cpe:2.3:a:debian:findutils:4.10.0-3:*:*:*:*:*:*:*","pkg:deb/debian/findutils@4.10.0-3?arch=arm64","cpe:2.3:a:debian:findutils:4.10.0-3:*:*:*:*:*:*:*","pkg:deb/debian/findutils@4.10.0-3?arch=arm64","APPLICATION","debian-target"
"folks-common","0.15.9-5","GPL-2+ | LGPL-2.1+","","","","","","Organization: Debian GNOME Maintainers <pkg-gnome-maintainers@lists.alioth.debian.org>","Copyright (c) Debian contributors","cpe:2.3:a:debian:folks:0.15.9-5:*:*:*:*:*:*:*","pkg:deb/debian/folks@0.15.9-5?arch=all","cpe:2.3:a:debian:folks:0.15.9-5:*:*:*:*:*:*:*","pkg:deb/debian/folks@0.15.9-5?arch=all","LIBRARY","debian-target"
"fontconfig","2.15.0-2.3","","","","","","","Organization: Debian freedesktop.org maintainers <pkg-freedesktop-maintainers@lists.alioth.debian.org>","Copyright (c) Debian contributors","cpe:2.3:a:debian:fontconfig:2.15.0-2.3:*:*:*:*:*:*:*","pkg:deb/debian/fontconfig@2.15.0-2.3?arch=arm64","cpe:2.3:a:debian:fontconfig:2.15.0-2.3:*:*:*:*:*:*:*","pkg:deb/debian/fontconfig@2.15.0-2.3?arch=arm64","APPLICATION","debian-target"
"fontconfig-config","2.15.0-2.3","","","","","","","Organization: Debian freedesktop.org maintainers <pkg-freedesktop-maintainers@lists.alioth.debian.org>","Copyright (c) Debian contributors","cpe:2.3:a:debian:fontconfig:2.15.0-2.3:*:*:*:*:*:*:*","pkg:deb/debian/fontconfig@2.15.0-2.3?arch=arm64","cpe:2.3:a:debian:fontconfig:2.15.0-2.3:*:*:*:*:*:*:*","pkg:deb/debian/fontconfig@2.15.0-2.3?arch=arm64","APPLICATION","debian-target"
"fonts-aenigma","0.0.20080511+dfsg-5","GPL-2+ | madduck-special-license","","","","","","Organization: Debian Fonts Task Force <debian-fonts@lists.debian.org>","Copyright (c) Debian contributors","cpe:2.3:a:debian:fonts-aenigma:0.0.20080511+dfsg-5:*:*:*:*:*:*:*","pkg:deb/debian/fonts-aenigma@0.0.20080511+dfsg-5?arch=all","cpe:2.3:a:debian:fonts-aenigma:0.0.20080511+dfsg-5:*:*:*:*:*:*:*","pkg:deb/debian/fonts-aenigma@0.0.20080511+dfsg-5?arch=all","APPLICATION","debian-target"
"fonts-cantarell","0.303.1-4","CC0-1.0 | OFL-1.1","","","","","","Organization: Debian Fonts Task Force <debian-fonts@lists.debian.org>","Copyright (c) Debian contributors","cpe:2.3:a:debian:fonts-cantarell:0.303.1-4:*:*:*:*:*:*:*","pkg:deb/debian/fonts-cantarell@0.303.1-4?arch=all","cpe:2.3:a:debian:fonts-cantarell:0.303.1-4:*:*:*:*:*:*:*","pkg:deb/debian/fonts-cantarell@0.303.1-4?arch=all","APPLICATION","debian-target"
"fonts-dejavu-core","2.37-8","GPL-2+ | bitstream-vera","","","","","","Organization: Debian Fonts Task Force <debian-fonts@lists.debian.org>","Copyright (c) Debian contributors","cpe:2.3:a:debian:fonts-dejavu:2.37-8:*:*:*:*:*:*:*","pkg:deb/debian/fonts-dejavu@2.37-8?arch=all","cpe:2.3:a:debian:fonts-dejavu:2.37-8:*:*:*:*:*:*:*","pkg:deb/debian/fonts-dejavu@2.37-8?arch=all","APPLICATION","debian-target"
"fonts-dejavu-mono","2.37-8","GPL-2+ | bitstream-vera","","","","","","Organization: Debian Fonts Task Force <debian-fonts@lists.debian.org>","Copyright (c) Debian contributors","cpe:2.3:a:debian:fonts-dejavu:2.37-8:*:*:*:*:*:*:*","pkg:deb/debian/fonts-dejavu@2.37-8?arch=all","cpe:2.3:a:debian:fonts-dejavu:2.37-8:*:*:*:*:*:*:*","pkg:deb/debian/fonts-dejavu@2.37-8?arch=all","APPLICATION","debian-target"
"fonts-noto-cjk","1:20240730+repack1-1","GPL-3+ | SIL-1.1","","","","","","Organization: Debian Fonts Team <debian-fonts@lists.debian.org>","Copyright (c) Debian contributors","cpe:2.3:a:debian:fonts-noto-cjk:1:20240730+repack1-1:*:*:*:*:*:*:*","pkg:deb/debian/fonts-noto-cjk@1:20240730+repack1-1?arch=all","cpe:2.3:a:debian:fonts-noto-cjk:1:20240730+repack1-1:*:*:*:*:*:*:*","pkg:deb/debian/fonts-noto-cjk@1:20240730+repack1-1?arch=all","APPLICATION","debian-target"
"fonts-quicksand","0.2016-2.1","GPL-2+ | OFL-1.1","","","","","","Organization: Jonathan Carter <jcc@debian.org>","Copyright (c) Debian contributors","cpe:2.3:a:debian:fonts-quicksand:0.2016-2.1:*:*:*:*:*:*:*","pkg:deb/debian/fonts-quicksand@0.2016-2.1?arch=all","cpe:2.3:a:debian:fonts-quicksand:0.2016-2.1:*:*:*:*:*:*:*","pkg:deb/debian/fonts-quicksand@0.2016-2.1?arch=all","APPLICATION","debian-target"
"fonts-urw-base35","20200910-8","AGPL-3 | AGPL-3 with Font exception | CC-BY-4.0 | GPL-2+","","","","","","Organization: Debian Fonts Task Force <debian-fonts@lists.debian.org>","Copyright (c) Debian contributors","cpe:2.3:a:debian:fonts-urw-base35:20200910-8:*:*:*:*:*:*:*","pkg:deb/debian/fonts-urw-base35@20200910-8?arch=all","cpe:2.3:a:debian:fonts-urw-base35:20200910-8:*:*:*:*:*:*:*","pkg:deb/debian/fonts-urw-base35@20200910-8?arch=all","APPLICATION","debian-target"
"fonts-wqy-zenhei","0.9.45-8","GPL-2 with Font embedding exception | GPL-2 with Font embedding exception and M+ FONTS License | M+ FONTS License","","","","","","Organization: Debian Fonts Task Force <pkg-fonts-devel@lists.alioth.debian.org>","Copyright (c) Debian contributors","cpe:2.3:a:debian:fonts-wqy-zenhei:0.9.45-8:*:*:*:*:*:*:*","pkg:deb/debian/fonts-wqy-zenhei@0.9.45-8?arch=all","cpe:2.3:a:debian:fonts-wqy-zenhei:0.9.45-8:*:*:*:*:*:*:*","pkg:deb/debian/fonts-wqy-zenhei@0.9.45-8?arch=all","APPLICATION","debian-target"
"fuse3","3.17.2-3","GPL-2 | GPL-2+ | LGPL-2.1","","","","","","Organization: Laszlo Boszormenyi (GCS) <gcs@debian.org>","Copyright (c) Debian contributors","cpe:2.3:a:debian:fuse3:3.17.2-3:*:*:*:*:*:*:*","pkg:deb/debian/fuse3@3.17.2-3?arch=arm64","cpe:2.3:a:debian:fuse3:3.17.2-3:*:*:*:*:*:*:*","pkg:deb/debian/fuse3@3.17.2-3?arch=arm64","APPLICATION","debian-target"
"g++","4:14.2.0-1","","","","","","","Organization: Debian GCC Maintainers <debian-gcc@lists.debian.org>","Copyright (c) Debian contributors","cpe:2.3:a:debian:gcc-defaults (1.220):4:14.2.0-1:*:*:*:*:*:*:*","pkg:deb/debian/gcc-defaults (1.220)@4:14.2.0-1?arch=arm64","cpe:2.3:a:debian:gcc-defaults (1.220):4:14.2.0-1:*:*:*:*:*:*:*","pkg:deb/debian/gcc-defaults (1.220)@4:14.2.0-1?arch=arm64","LIBRARY","debian-target"
"g++-14","14.2.0-19","","","","","","","Organization: Debian GCC Maintainers <debian-gcc@lists.debian.org>","Copyright (c) Debian contributors","cpe:2.3:a:debian:gcc-14:14.2.0-19:*:*:*:*:*:*:*","pkg:deb/debian/gcc-14@14.2.0-19?arch=arm64","cpe:2.3:a:debian:gcc-14:14.2.0-19:*:*:*:*:*:*:*","pkg:deb/debian/gcc-14@14.2.0-19?arch=arm64","LIBRARY","debian-target"
"g++-14-aarch64-linux-gnu","14.2.0-19","","","","","","","Organization: Debian GCC Maintainers <debian-gcc@lists.debian.org>","Copyright (c) Debian contributors","cpe:2.3:a:debian:gcc-14:14.2.0-19:*:*:*:*:*:*:*","pkg:deb/debian/gcc-14@14.2.0-19?arch=arm64","cpe:2.3:a:debian:gcc-14:14.2.0-19:*:*:*:*:*:*:*","pkg:deb/debian/gcc-14@14.2.0-19?arch=arm64","LIBRARY","debian-target"
"g++-aarch64-linux-gnu","4:14.2.0-1","","","","","","","Organization: Debian GCC Maintainers <debian-gcc@lists.debian.org>","Copyright (c) Debian contributors","cpe:2.3:a:debian:gcc-defaults (1.220):4:14.2.0-1:*:*:*:*:*:*:*","pkg:deb/debian/gcc-defaults (1.220)@4:14.2.0-1?arch=arm64","cpe:2.3:a:debian:gcc-defaults (1.220):4:14.2.0-1:*:*:*:*:*:*:*","pkg:deb/debian/gcc-defaults (1.220)@4:14.2.0-1?arch=arm64","LIBRARY","debian-target"
"gawk","1:5.2.1-2+b2","GPL-3+","","","","","","Organization: Adrian Bunk <bunk@debian.org>","Copyright (c) Debian contributors","cpe:2.3:a:debian:gawk (1:5.2.1-2):1:5.2.1-2+b2:*:*:*:*:*:*:*","pkg:deb/debian/gawk (1:5.2.1-2)@1:5.2.1-2+b2?arch=arm64","cpe:2.3:a:debian:gawk (1:5.2.1-2):1:5.2.1-2+b2:*:*:*:*:*:*:*","pkg:deb/debian/gawk (1:5.2.1-2)@1:5.2.1-2+b2?arch=arm64","APPLICATION","debian-target"
"gcc","4:14.2.0-1","","","","","","","Organization: Debian GCC Maintainers <debian-gcc@lists.debian.org>","Copyright (c) Debian contributors","cpe:2.3:a:debian:gcc-defaults (1.220):4:14.2.0-1:*:*:*:*:*:*:*","pkg:deb/debian/gcc-defaults (1.220)@4:14.2.0-1?arch=arm64","cpe:2.3:a:debian:gcc-defaults (1.220):4:14.2.0-1:*:*:*:*:*:*:*","pkg:deb/debian/gcc-defaults (1.220)@4:14.2.0-1?arch=arm64","LIBRARY","debian-target"
"gcc-14","14.2.0-19","","","","","","","Organization: Debian GCC Maintainers <debian-gcc@lists.debian.org>","Copyright (c) Debian contributors","cpe:2.3:a:debian:gcc-14:14.2.0-19:*:*:*:*:*:*:*","pkg:deb/debian/gcc-14@14.2.0-19?arch=arm64","cpe:2.3:a:debian:gcc-14:14.2.0-19:*:*:*:*:*:*:*","pkg:deb/debian/gcc-14@14.2.0-19?arch=arm64","LIBRARY","debian-target"
"gcc-14-aarch64-linux-gnu","14.2.0-19","","","","","","","Organization: Debian GCC Maintainers <debian-gcc@lists.debian.org>","Copyright (c) Debian contributors","cpe:2.3:a:debian:gcc-14:14.2.0-19:*:*:*:*:*:*:*","pkg:deb/debian/gcc-14@14.2.0-19?arch=arm64","cpe:2.3:a:debian:gcc-14:14.2.0-19:*:*:*:*:*:*:*","pkg:deb/debian/gcc-14@14.2.0-19?arch=arm64","LIBRARY","debian-target"
"gcc-14-base","14.2.0-19","","","","","","","Organization: Debian GCC Maintainers <debian-gcc@lists.debian.org>","Copyright (c) Debian contributors","cpe:2.3:a:debian:gcc-14:14.2.0-19:*:*:*:*:*:*:*","pkg:deb/debian/gcc-14@14.2.0-19?arch=arm64","cpe:2.3:a:debian:gcc-14:14.2.0-19:*:*:*:*:*:*:*","pkg:deb/debian/gcc-14@14.2.0-19?arch=arm64","LIBRARY","debian-target"
"gcc-aarch64-linux-gnu","4:14.2.0-1","","","","","","","Organization: Debian GCC Maintainers <debian-gcc@lists.debian.org>","Copyright (c) Debian contributors","cpe:2.3:a:debian:gcc-defaults (1.220):4:14.2.0-1:*:*:*:*:*:*:*","pkg:deb/debian/gcc-defaults (1.220)@4:14.2.0-1?arch=arm64","cpe:2.3:a:debian:gcc-defaults (1.220):4:14.2.0-1:*:*:*:*:*:*:*","pkg:deb/debian/gcc-defaults (1.220)@4:14.2.0-1?arch=arm64","LIBRARY","debian-target"
"gcr","3.41.2-3","LGPL-2.1+ | bzip2-1.0.5","","","","","","Organization: Debian GNOME Maintainers <pkg-gnome-maintainers@lists.alioth.debian.org>","Copyright (c) Debian contributors","cpe:2.3:a:debian:gcr:3.41.2-3:*:*:*:*:*:*:*","pkg:deb/debian/gcr@3.41.2-3?arch=arm64","cpe:2.3:a:debian:gcr:3.41.2-3:*:*:*:*:*:*:*","pkg:deb/debian/gcr@3.41.2-3?arch=arm64","APPLICATION","debian-target"
"gcr4","4.4.0.1-3","LGPL-2.1+ | bzip2-1.0.5","","","","","","Organization: Debian GNOME Maintainers <pkg-gnome-maintainers@lists.alioth.debian.org>","Copyright (c) Debian contributors","cpe:2.3:a:debian:gcr4:4.4.0.1-3:*:*:*:*:*:*:*","pkg:deb/debian/gcr4@4.4.0.1-3?arch=arm64","cpe:2.3:a:debian:gcr4:4.4.0.1-3:*:*:*:*:*:*:*","pkg:deb/debian/gcr4@4.4.0.1-3?arch=arm64","APPLICATION","debian-target"
"gdal-data","3.10.3+dfsg-1","Apache-2.0 | Apache-2.0 and BSD-3-Clause | BSD-3-Clause | Base64 | Expat | Expat and Base64 | Expat and GPL-3+ with Bison exception | Expat and PostgreSQL | Expat and zlib | Expat or LGPL-2+ | GPL-3+ with Bison exception | HPND-3i | HPND-disclaimer | HPND-eos | HPND-p-sl-sgi | HPND-sl-gl-sgi | HPND-sl-sgi | IJG | ISC | ITT | Info-ZIP | LGPL-2+ | PostgreSQL | Qhull | cpl-mem-cache | fontconfig | libpng | public-domain | zlib","","","","","","Organization: Debian GIS Project <pkg-grass-devel@lists.alioth.debian.org>","Copyright (c) Debian contributors","cpe:2.3:a:debian:gdal:3.10.3+dfsg-1:*:*:*:*:*:*:*","pkg:deb/debian/gdal@3.10.3+dfsg-1?arch=all","cpe:2.3:a:debian:gdal:3.10.3+dfsg-1:*:*:*:*:*:*:*","pkg:deb/debian/gdal@3.10.3+dfsg-1?arch=all","APPLICATION","debian-target"
"gdal-plugins","3.10.3+dfsg-1","Apache-2.0 | Apache-2.0 and BSD-3-Clause | BSD-3-Clause | Base64 | Expat | Expat and Base64 | Expat and GPL-3+ with Bison exception | Expat and PostgreSQL | Expat and zlib | Expat or LGPL-2+ | GPL-3+ with Bison exception | HPND-3i | HPND-disclaimer | HPND-eos | HPND-p-sl-sgi | HPND-sl-gl-sgi | HPND-sl-sgi | IJG | ISC | ITT | Info-ZIP | LGPL-2+ | PostgreSQL | Qhull | cpl-mem-cache | fontconfig | libpng | public-domain | zlib","","","","","","Organization: Debian GIS Project <pkg-grass-devel@lists.alioth.debian.org>","Copyright (c) Debian contributors","cpe:2.3:a:debian:gdal:3.10.3+dfsg-1:*:*:*:*:*:*:*","pkg:deb/debian/gdal@3.10.3+dfsg-1?arch=arm64","cpe:2.3:a:debian:gdal:3.10.3+dfsg-1:*:*:*:*:*:*:*","pkg:deb/debian/gdal@3.10.3+dfsg-1?arch=arm64","APPLICATION","debian-target"
"gdisk","1.0.10-2+b1","LGPL-2.0+","","","","","","Organization: Jonathan Carter <jcc@debian.org>","Copyright (c) Debian contributors","cpe:2.3:a:debian:gdisk (1.0.10-2):1.0.10-2+b1:*:*:*:*:*:*:*","pkg:deb/debian/gdisk (1.0.10-2)@1.0.10-2+b1?arch=arm64","cpe:2.3:a:debian:gdisk (1.0.10-2):1.0.10-2+b1:*:*:*:*:*:*:*","pkg:deb/debian/gdisk (1.0.10-2)@1.0.10-2+b1?arch=arm64","OPERATING_SYSTEM","debian-target"
"gdm3","48.0-2","","","","","","","Organization: Debian GNOME Maintainers <pkg-gnome-maintainers@lists.alioth.debian.org>","Copyright (c) Debian contributors","cpe:2.3:a:debian:gdm3:48.0-2:*:*:*:*:*:*:*","pkg:deb/debian/gdm3@48.0-2?arch=arm64","cpe:2.3:a:debian:gdm3:48.0-2:*:*:*:*:*:*:*","pkg:deb/debian/gdm3@48.0-2?arch=arm64","APPLICATION","debian-target"
"geoclue-2.0","2.7.2-2","GFDL-NIV-1.1+ | GPL-2+ | LGPL-2+","","","","","","Organization: Laurent Bigonville <bigon@debian.org>","Copyright (c) Debian contributors","cpe:2.3:a:debian:geoclue-2.0:2.7.2-2:*:*:*:*:*:*:*","pkg:deb/debian/geoclue-2.0@2.7.2-2?arch=arm64","cpe:2.3:a:debian:geoclue-2.0:2.7.2-2:*:*:*:*:*:*:*","pkg:deb/debian/geoclue-2.0@2.7.2-2?arch=arm64","APPLICATION","debian-target"
"geocode-glib-common","3.26.4-1","BSD-3-clause | LGPL-2+ | ODbL-1.0","","","","","","Organization: Debian GNOME Maintainers <pkg-gnome-maintainers@lists.alioth.debian.org>","Copyright (c) Debian contributors","cpe:2.3:a:debian:geocode-glib:3.26.4-1:*:*:*:*:*:*:*","pkg:deb/debian/geocode-glib@3.26.4-1?arch=all","cpe:2.3:a:debian:geocode-glib:3.26.4-1:*:*:*:*:*:*:*","pkg:deb/debian/geocode-glib@3.26.4-1?arch=all","LIBRARY","debian-target"
"ghostscript","10.05.1~dfsg-1+deb13u1","AGPL-3 | AGPL-3+ | AGPL-3+ and FTL | AGPL-3+ with font exception | Apache-2.0 | BSD-3-Clause | BSD-3-Clause~Adobe | Expat | Expat~Ghostgum | Expat~SunSoft | Expat~SunSoft with SunSoft exception | FTL | GAP~configure | GPL-1+ | GPL-2 | GPL-2+ | GPL-3+ | GPL-3+ with Autoconf exception | ISC | LGPL-2.1 | MIT-Open-Group | NTP~Lucent | NTP~WSU | X11 | ZLIB | none | public-domain","","","","","","Organization: Debian Printing Team <debian-printing@lists.debian.org>","Copyright (c) Debian contributors","cpe:2.3:a:debian:ghostscript:10.05.1~dfsg-1+deb13u1:*:*:*:*:*:*:*","pkg:deb/debian/ghostscript@10.05.1~dfsg-1+deb13u1?arch=arm64","cpe:2.3:a:debian:ghostscript:10.05.1~dfsg-1+deb13u1:*:*:*:*:*:*:*","pkg:deb/debian/ghostscript@10.05.1~dfsg-1+deb13u1?arch=arm64","APPLICATION","debian-target"
"gir1.2-accountsservice-1.0","23.13.9-7","GPL-2+ | GPL-3+","","","","","","Organization: Debian freedesktop.org maintainers <pkg-freedesktop-maintainers@lists.alioth.debian.org>","Copyright (c) Debian contributors","cpe:2.3:a:debian:accountsservice:23.13.9-7:*:*:*:*:*:*:*","pkg:deb/debian/accountsservice@23.13.9-7?arch=arm64","cpe:2.3:a:debian:accountsservice:23.13.9-7:*:*:*:*:*:*:*","pkg:deb/debian/accountsservice@23.13.9-7?arch=arm64","APPLICATION","debian-target"
"gir1.2-adw-1","1.7.6-1~deb13u1","CC-BY-SA-4.0 | CC0-1.0 | GPL-3+ | LGPL-2.1+","","","","","","Organization: Debian GNOME Maintainers <pkg-gnome-maintainers@lists.alioth.debian.org>","Copyright (c) Debian contributors","cpe:2.3:a:debian:libadwaita-1:1.7.6-1~deb13u1:*:*:*:*:*:*:*","pkg:deb/debian/libadwaita-1@1.7.6-1~deb13u1?arch=arm64","cpe:2.3:a:debian:libadwaita-1:1.7.6-1~deb13u1:*:*:*:*:*:*:*","pkg:deb/debian/libadwaita-1@1.7.6-1~deb13u1?arch=arm64","APPLICATION","debian-target"
"gir1.2-atk-1.0","2.56.2-1+deb13u1","AFL-2.1 | AFL-2.1 or GPL-2+ | GPL-2 | GPL-2+ | LGPL-2+ | LGPL-2.1+ | public-domain","","","","","","Organization: Debian Accessibility Team <pkg-a11y-devel@alioth-lists.debian.net>","Copyright (c) Debian contributors","cpe:2.3:a:debian:at-spi2-core:2.56.2-1+deb13u1:*:*:*:*:*:*:*","pkg:deb/debian/at-spi2-core@2.56.2-1+deb13u1?arch=arm64","cpe:2.3:a:debian:at-spi2-core:2.56.2-1+deb13u1:*:*:*:*:*:*:*","pkg:deb/debian/at-spi2-core@2.56.2-1+deb13u1?arch=arm64","APPLICATION","debian-target"
"gir1.2-atspi-2.0","2.56.2-1+deb13u1","AFL-2.1 | AFL-2.1 or GPL-2+ | GPL-2 | GPL-2+ | LGPL-2+ | LGPL-2.1+ | public-domain","","","","","","Organization: Debian Accessibility Team <pkg-a11y-devel@alioth-lists.debian.net>","Copyright (c) Debian contributors","cpe:2.3:a:debian:at-spi2-core:2.56.2-1+deb13u1:*:*:*:*:*:*:*","pkg:deb/debian/at-spi2-core@2.56.2-1+deb13u1?arch=arm64","cpe:2.3:a:debian:at-spi2-core:2.56.2-1+deb13u1:*:*:*:*:*:*:*","pkg:deb/debian/at-spi2-core@2.56.2-1+deb13u1?arch=arm64","APPLICATION","debian-target"
"gir1.2-cheese-3.0","44.1-5","CC-BY-SA-3.0 | GPL-2+","","","","","","Organization: Debian GNOME Maintainers <pkg-gnome-maintainers@lists.alioth.debian.org>","Copyright (c) Debian contributors","cpe:2.3:a:debian:cheese:44.1-5:*:*:*:*:*:*:*","pkg:deb/debian/cheese@44.1-5?arch=arm64","cpe:2.3:a:debian:cheese:44.1-5:*:*:*:*:*:*:*","pkg:deb/debian/cheese@44.1-5?arch=arm64","APPLICATION","debian-target"
"gir1.2-cloudproviders-0.3.0","0.3.6-2","LGPL-3+","","","","","","Organization: Debian GNOME Maintainers <pkg-gnome-maintainers@lists.alioth.debian.org>","Copyright (c) Debian contributors","cpe:2.3:a:debian:libcloudproviders:0.3.6-2:*:*:*:*:*:*:*","pkg:deb/debian/libcloudproviders@0.3.6-2?arch=arm64","cpe:2.3:a:debian:libcloudproviders:0.3.6-2:*:*:*:*:*:*:*","pkg:deb/debian/libcloudproviders@0.3.6-2?arch=arm64","APPLICATION","debian-target"
"gir1.2-clutter-1.0","1.26.4+git2779b932+dfsg-7+b2","LGPL-2.1","","","","","","Organization: Debian GNOME Maintainers <pkg-gnome-maintainers@lists.alioth.debian.org>","Copyright (c) Debian contributors","cpe:2.3:a:debian:clutter-1.0 (1.26.4+git2779b932+dfsg-7):1.26.4+git2779b932+dfsg-7+b2:*:*:*:*:*:*:*","pkg:deb/debian/clutter-1.0 (1.26.4+git2779b932+dfsg-7)@1.26.4+git2779b932+dfsg-7+b2?arch=arm64","cpe:2.3:a:debian:clutter-1.0 (1.26.4+git2779b932+dfsg-7):1.26.4+git2779b932+dfsg-7+b2:*:*:*:*:*:*:*","pkg:deb/debian/clutter-1.0 (1.26.4+git2779b932+dfsg-7)@1.26.4+git2779b932+dfsg-7+b2?arch=arm64","APPLICATION","debian-target"
"gir1.2-clutter-gst-3.0","3.0.27-4+b1","","","","","","","Organization: Debian GNOME Maintainers <pkg-gnome-maintainers@lists.alioth.debian.org>","Copyright (c) Debian contributors","cpe:2.3:a:debian:clutter-gst-3.0 (3.0.27-4):3.0.27-4+b1:*:*:*:*:*:*:*","pkg:deb/debian/clutter-gst-3.0 (3.0.27-4)@3.0.27-4+b1?arch=arm64","cpe:2.3:a:debian:clutter-gst-3.0 (3.0.27-4):3.0.27-4+b1:*:*:*:*:*:*:*","pkg:deb/debian/clutter-gst-3.0 (3.0.27-4)@3.0.27-4+b1?arch=arm64","APPLICATION","debian-target"
"gir1.2-cogl-1.0","1.22.8-5","Apache-2.0 | BSD-3 | Expat | LGPL-2+ | LGPL-2.1+ | SGI-B-2.0","","","","","","Organization: Debian GNOME Maintainers <pkg-gnome-maintainers@lists.alioth.debian.org>","Copyright (c) Debian contributors","cpe:2.3:a:debian:cogl:1.22.8-5:*:*:*:*:*:*:*","pkg:deb/debian/cogl@1.22.8-5?arch=arm64","cpe:2.3:a:debian:cogl:1.22.8-5:*:*:*:*:*:*:*","pkg:deb/debian/cogl@1.22.8-5?arch=arm64","APPLICATION","debian-target"
"gir1.2-coglpango-1.0","1.22.8-5","Apache-2.0 | BSD-3 | Expat | LGPL-2+ | LGPL-2.1+ | SGI-B-2.0","","","","","","Organization: Debian GNOME Maintainers <pkg-gnome-maintainers@lists.alioth.debian.org>","Copyright (c) Debian contributors","cpe:2.3:a:debian:cogl:1.22.8-5:*:*:*:*:*:*:*","pkg:deb/debian/cogl@1.22.8-5?arch=arm64","cpe:2.3:a:debian:cogl:1.22.8-5:*:*:*:*:*:*:*","pkg:deb/debian/cogl@1.22.8-5?arch=arm64","APPLICATION","debian-target"
"gir1.2-evince-3.0","48.1-3+deb13u1","","","","","","","Organization: Debian GNOME Maintainers <pkg-gnome-maintainers@lists.alioth.debian.org>","Copyright (c) Debian contributors","cpe:2.3:a:debian:evince:48.1-3+deb13u1:*:*:*:*:*:*:*","pkg:deb/debian/evince@48.1-3+deb13u1?arch=arm64","cpe:2.3:a:debian:evince:48.1-3+deb13u1:*:*:*:*:*:*:*","pkg:deb/debian/evince@48.1-3+deb13u1?arch=arm64","APPLICATION","debian-target"
"gir1.2-freedesktop","1.84.0-1","AFL-2.0 | AFL-2.0 or LGPL-2.1+ | Apache-2.0 with LLVM exception | BSD-2-clause | CC-BY-SA-3.0 | CC0-1.0 | Expat | Expat and GPL-2+ | Expat or LGPL-2+ | FSFAP | FSFAP and FSFULLR | FSFULLR | GPL with Autoconf exception | GPL-2+ | GPL-2+ and LGPL-2+ and Expat | Kuchling-PD | LGPL-2 | LGPL-2 or MPL-1.1 | LGPL-2+ | LGPL-2+ and LGPL-2.1+ and FSFULLR and CC0-1.0 | LGPL-2.1+ | LGPL-2.1+ and Kuchling-PD and Plumb-PD | LGPL-3+ | MPL-1.1 | Plumb-PD | Unicode-DFS-2016 | bzip2-1.0.6","","","","","","Organization: Debian GNOME Maintainers <pkg-gnome-maintainers@lists.alioth.debian.org>","Copyright (c) Debian contributors","cpe:2.3:a:debian:gobject-introspection:1.84.0-1:*:*:*:*:*:*:*","pkg:deb/debian/gobject-introspection@1.84.0-1?arch=arm64","cpe:2.3:a:debian:gobject-introspection:1.84.0-1:*:*:*:*:*:*:*","pkg:deb/debian/gobject-introspection@1.84.0-1?arch=arm64","APPLICATION","debian-target"
"gir1.2-freedesktop-dev","1.84.0-1","AFL-2.0 | AFL-2.0 or LGPL-2.1+ | Apache-2.0 with LLVM exception | BSD-2-clause | CC-BY-SA-3.0 | CC0-1.0 | Expat | Expat and GPL-2+ | Expat or LGPL-2+ | FSFAP | FSFAP and FSFULLR | FSFULLR | GPL with Autoconf exception | GPL-2+ | GPL-2+ and LGPL-2+ and Expat | Kuchling-PD | LGPL-2 | LGPL-2 or MPL-1.1 | LGPL-2+ | LGPL-2+ and LGPL-2.1+ and FSFULLR and CC0-1.0 | LGPL-2.1+ | LGPL-2.1+ and Kuchling-PD and Plumb-PD | LGPL-3+ | MPL-1.1 | Plumb-PD | Unicode-DFS-2016 | bzip2-1.0.6","","","","","","Organization: Debian GNOME Maintainers <pkg-gnome-maintainers@lists.alioth.debian.org>","Copyright (c) Debian contributors","cpe:2.3:a:debian:gobject-introspection:1.84.0-1:*:*:*:*:*:*:*","pkg:deb/debian/gobject-introspection@1.84.0-1?arch=arm64","cpe:2.3:a:debian:gobject-introspection:1.84.0-1:*:*:*:*:*:*:*","pkg:deb/debian/gobject-introspection@1.84.0-1?arch=arm64","LIBRARY","debian-target"
"gir1.2-gck-2","4.4.0.1-3","LGPL-2.1+ | bzip2-1.0.5","","","","","","Organization: Debian GNOME Maintainers <pkg-gnome-maintainers@lists.alioth.debian.org>","Copyright (c) Debian contributors","cpe:2.3:a:debian:gcr4:4.4.0.1-3:*:*:*:*:*:*:*","pkg:deb/debian/gcr4@4.4.0.1-3?arch=arm64","cpe:2.3:a:debian:gcr4:4.4.0.1-3:*:*:*:*:*:*:*","pkg:deb/debian/gcr4@4.4.0.1-3?arch=arm64","APPLICATION","debian-target"
"gir1.2-gcr-4","4.4.0.1-3","LGPL-2.1+ | bzip2-1.0.5","","","","","","Organization: Debian GNOME Maintainers <pkg-gnome-maintainers@lists.alioth.debian.org>","Copyright (c) Debian contributors","cpe:2.3:a:debian:gcr4:4.4.0.1-3:*:*:*:*:*:*:*","pkg:deb/debian/gcr4@4.4.0.1-3?arch=arm64","cpe:2.3:a:debian:gcr4:4.4.0.1-3:*:*:*:*:*:*:*","pkg:deb/debian/gcr4@4.4.0.1-3?arch=arm64","APPLICATION","debian-target"
"gir1.2-gdesktopenums-3.0","48.0-1","LGPL-2.1+","","","","","","Organization: Debian GNOME Maintainers <pkg-gnome-maintainers@lists.alioth.debian.org>","Copyright (c) Debian contributors","cpe:2.3:a:debian:gsettings-desktop-schemas:48.0-1:*:*:*:*:*:*:*","pkg:deb/debian/gsettings-desktop-schemas@48.0-1?arch=arm64","cpe:2.3:a:debian:gsettings-desktop-schemas:48.0-1:*:*:*:*:*:*:*","pkg:deb/debian/gsettings-desktop-schemas@48.0-1?arch=arm64","APPLICATION","debian-target"
"gir1.2-gdkpixbuf-2.0","2.42.12+dfsg-4+deb13u1","CC0-1.0 | GPL-2+ | LGPL-2+ | LGPL-2+ and LGPL-2.1+ and CC0-1.0 | LGPL-2.1+","","","","","","Organization: Debian GNOME Maintainers <pkg-gnome-maintainers@lists.alioth.debian.org>","Copyright (c) Debian contributors","cpe:2.3:a:debian:gdk-pixbuf:2.42.12+dfsg-4+deb13u1:*:*:*:*:*:*:*","pkg:deb/debian/gdk-pixbuf@2.42.12+dfsg-4+deb13u1?arch=arm64","cpe:2.3:a:debian:gdk-pixbuf:2.42.12+dfsg-4+deb13u1:*:*:*:*:*:*:*","pkg:deb/debian/gdk-pixbuf@2.42.12+dfsg-4+deb13u1?arch=arm64","APPLICATION","debian-target"
"gir1.2-gdm-1.0","48.0-2","","","","","","","Organization: Debian GNOME Maintainers <pkg-gnome-maintainers@lists.alioth.debian.org>","Copyright (c) Debian contributors","cpe:2.3:a:debian:gdm3:48.0-2:*:*:*:*:*:*:*","pkg:deb/debian/gdm3@48.0-2?arch=arm64","cpe:2.3:a:debian:gdm3:48.0-2:*:*:*:*:*:*:*","pkg:deb/debian/gdm3@48.0-2?arch=arm64","APPLICATION","debian-target"
"gir1.2-geoclue-2.0","2.7.2-2","GFDL-NIV-1.1+ | GPL-2+ | LGPL-2+","","","","","","Organization: Laurent Bigonville <bigon@debian.org>","Copyright (c) Debian contributors","cpe:2.3:a:debian:geoclue-2.0:2.7.2-2:*:*:*:*:*:*:*","pkg:deb/debian/geoclue-2.0@2.7.2-2?arch=arm64","cpe:2.3:a:debian:geoclue-2.0:2.7.2-2:*:*:*:*:*:*:*","pkg:deb/debian/geoclue-2.0@2.7.2-2?arch=arm64","APPLICATION","debian-target"
"gir1.2-geocodeglib-2.0","3.26.4-1","BSD-3-clause | LGPL-2+ | ODbL-1.0","","","","","","Organization: Debian GNOME Maintainers <pkg-gnome-maintainers@lists.alioth.debian.org>","Copyright (c) Debian contributors","cpe:2.3:a:debian:geocode-glib:3.26.4-1:*:*:*:*:*:*:*","pkg:deb/debian/geocode-glib@3.26.4-1?arch=arm64","cpe:2.3:a:debian:geocode-glib:3.26.4-1:*:*:*:*:*:*:*","pkg:deb/debian/geocode-glib@3.26.4-1?arch=arm64","APPLICATION","debian-target"
"gir1.2-girepository-2.0","1.84.0-1","AFL-2.0 | AFL-2.0 or LGPL-2.1+ | Apache-2.0 with LLVM exception | BSD-2-clause | CC-BY-SA-3.0 | CC0-1.0 | Expat | Expat and GPL-2+ | Expat or LGPL-2+ | FSFAP | FSFAP and FSFULLR | FSFULLR | GPL with Autoconf exception | GPL-2+ | GPL-2+ and LGPL-2+ and Expat | Kuchling-PD | LGPL-2 | LGPL-2 or MPL-1.1 | LGPL-2+ | LGPL-2+ and LGPL-2.1+ and FSFULLR and CC0-1.0 | LGPL-2.1+ | LGPL-2.1+ and Kuchling-PD and Plumb-PD | LGPL-3+ | MPL-1.1 | Plumb-PD | Unicode-DFS-2016 | bzip2-1.0.6","","","","","","Organization: Debian GNOME Maintainers <pkg-gnome-maintainers@lists.alioth.debian.org>","Copyright (c) Debian contributors","cpe:2.3:a:debian:gobject-introspection:1.84.0-1:*:*:*:*:*:*:*","pkg:deb/debian/gobject-introspection@1.84.0-1?arch=arm64","cpe:2.3:a:debian:gobject-introspection:1.84.0-1:*:*:*:*:*:*:*","pkg:deb/debian/gobject-introspection@1.84.0-1?arch=arm64","APPLICATION","debian-target"
"gir1.2-glib-2.0","2.84.4-3~deb13u3","AFL-2.0 | AFL-2.0 or LGPL-2.1+ | Apache-2.0 with LLVM exception | CC-BY-SA-3.0 | CC0-1.0 | CC0-1.0 or Mingw-PD | Expat | FSFULLR | GPL-2+ | Iconv-PD | Janik-permissive | Janik-permissive and old-glib-tests | Kuchling-PD | LGPL-2+ | LGPL-2.1+ | LGPL-2.1+ and Kuchling-PD and Plumb-PD | LGPL-3+ | Mingw-PD | Plumb-PD | Unicode-DFS-2016 | bzip2-1.0.6 | cmph | old-glib-tests","","","","","","Organization: Debian GNOME Maintainers <pkg-gnome-maintainers@lists.alioth.debian.org>","Copyright (c) Debian contributors","cpe:2.3:a:debian:glib2.0:2.84.4-3~deb13u3:*:*:*:*:*:*:*","pkg:deb/debian/glib2.0@2.84.4-3~deb13u3?arch=arm64","cpe:2.3:a:debian:glib2.0:2.84.4-3~deb13u3:*:*:*:*:*:*:*","pkg:deb/debian/glib2.0@2.84.4-3~deb13u3?arch=arm64","APPLICATION","debian-target"
"gir1.2-glib-2.0-dev","2.84.4-3~deb13u3","AFL-2.0 | AFL-2.0 or LGPL-2.1+ | Apache-2.0 with LLVM exception | CC-BY-SA-3.0 | CC0-1.0 | CC0-1.0 or Mingw-PD | Expat | FSFULLR | GPL-2+ | Iconv-PD | Janik-permissive | Janik-permissive and old-glib-tests | Kuchling-PD | LGPL-2+ | LGPL-2.1+ | LGPL-2.1+ and Kuchling-PD and Plumb-PD | LGPL-3+ | Mingw-PD | Plumb-PD | Unicode-DFS-2016 | bzip2-1.0.6 | cmph | old-glib-tests","","","","","","Organization: Debian GNOME Maintainers <pkg-gnome-maintainers@lists.alioth.debian.org>","Copyright (c) Debian contributors","cpe:2.3:a:debian:glib2.0:2.84.4-3~deb13u3:*:*:*:*:*:*:*","pkg:deb/debian/glib2.0@2.84.4-3~deb13u3?arch=arm64","cpe:2.3:a:debian:glib2.0:2.84.4-3~deb13u3:*:*:*:*:*:*:*","pkg:deb/debian/glib2.0@2.84.4-3~deb13u3?arch=arm64","LIBRARY","debian-target"
"gir1.2-gnomebg-4.0","44.3-3","Expat | GPL-2+ | LGPL-2+ | LGPL-3+","","","","","","Organization: Debian GNOME Maintainers <pkg-gnome-maintainers@lists.alioth.debian.org>","Copyright (c) Debian contributors","cpe:2.3:a:debian:gnome-desktop:44.3-3:*:*:*:*:*:*:*","pkg:deb/debian/gnome-desktop@44.3-3?arch=arm64","cpe:2.3:a:debian:gnome-desktop:44.3-3:*:*:*:*:*:*:*","pkg:deb/debian/gnome-desktop@44.3-3?arch=arm64","APPLICATION","debian-target"
"gir1.2-gnomebluetooth-3.0","47.1-1","GPL-2+ | LGPL-2.1+","","","","","","Organization: Debian GNOME Maintainers <pkg-gnome-maintainers@lists.alioth.debian.org>","Copyright (c) Debian contributors","cpe:2.3:a:debian:gnome-bluetooth3:47.1-1:*:*:*:*:*:*:*","pkg:deb/debian/gnome-bluetooth3@47.1-1?arch=arm64","cpe:2.3:a:debian:gnome-bluetooth3:47.1-1:*:*:*:*:*:*:*","pkg:deb/debian/gnome-bluetooth3@47.1-1?arch=arm64","APPLICATION","debian-target"
"gir1.2-gnomedesktop-4.0","44.3-3","Expat | GPL-2+ | LGPL-2+ | LGPL-3+","","","","","","Organization: Debian GNOME Maintainers <pkg-gnome-maintainers@lists.alioth.debian.org>","Copyright (c) Debian contributors","cpe:2.3:a:debian:gnome-desktop:44.3-3:*:*:*:*:*:*:*","pkg:deb/debian/gnome-desktop@44.3-3?arch=arm64","cpe:2.3:a:debian:gnome-desktop:44.3-3:*:*:*:*:*:*:*","pkg:deb/debian/gnome-desktop@44.3-3?arch=arm64","APPLICATION","debian-target"
"gir1.2-graphene-1.0","1.10.8-5","Expat","","","","","","Organization: Debian GNOME Maintainers <pkg-gnome-maintainers@lists.alioth.debian.org>","Copyright (c) Debian contributors","cpe:2.3:a:debian:graphene:1.10.8-5:*:*:*:*:*:*:*","pkg:deb/debian/graphene@1.10.8-5?arch=arm64","cpe:2.3:a:debian:graphene:1.10.8-5:*:*:*:*:*:*:*","pkg:deb/debian/graphene@1.10.8-5?arch=arm64","APPLICATION","debian-target"
"gir1.2-gst-plugins-bad-1.0","1.26.10-2","BSD-2-clause | GPL-2+ | GPL-3+ | ISC | LGPL-2+ | LGPL-2.1+ | MIT | MIT or LGPL-2+ | MPL-1.1 | MPL-1.1 or LGPL-2+ | MPL-1.1 or MIT or LGPL-2+","","","","","","Organization: Maintainers of GStreamer packages <gst-plugins-bad1.0@packages.debian.org>","Copyright (c) Debian contributors","cpe:2.3:a:debian:gst-plugins-bad1.0:1.26.10-2:*:*:*:*:*:*:*","pkg:deb/debian/gst-plugins-bad1.0@1.26.10-2?arch=arm64","cpe:2.3:a:debian:gst-plugins-bad1.0:1.26.10-2:*:*:*:*:*:*:*","pkg:deb/debian/gst-plugins-bad1.0@1.26.10-2?arch=arm64","APPLICATION","debian-target"
"gir1.2-gst-plugins-base-1.0","1.26.10-1","BSD-3-clause | CC-BY-SA-4.0 | GPL-2+ | LGPL | LGPL-2+ | LGPL-2.1+ | MIT | MIT or LGPL-2+ | public-domain","","","","","","Organization: Maintainers of GStreamer packages <gst-plugins-base1.0@packages.debian.org>","Copyright (c) Debian contributors","cpe:2.3:a:debian:gst-plugins-base1.0:1.26.10-1:*:*:*:*:*:*:*","pkg:deb/debian/gst-plugins-base1.0@1.26.10-1?arch=arm64","cpe:2.3:a:debian:gst-plugins-base1.0:1.26.10-1:*:*:*:*:*:*:*","pkg:deb/debian/gst-plugins-base1.0@1.26.10-1?arch=arm64","APPLICATION","debian-target"
"gir1.2-gstreamer-1.0","1.26.10-1","CC-BY-SA-4.0 | GFDL | LGPL | LGPL-2+ | LGPL-2.1+ | MPL-2.0 | public-domain","","","","","","Organization: Maintainers of GStreamer packages <gstreamer1.0@packages.debian.org>","Copyright (c) Debian contributors","cpe:2.3:a:debian:gstreamer1.0:1.26.10-1:*:*:*:*:*:*:*","pkg:deb/debian/gstreamer1.0@1.26.10-1?arch=arm64","cpe:2.3:a:debian:gstreamer1.0:1.26.10-1:*:*:*:*:*:*:*","pkg:deb/debian/gstreamer1.0@1.26.10-1?arch=arm64","APPLICATION","debian-target"
"gir1.2-gtk-2.0","2.24.33-7","other","","","","","","Organization: Debian GNOME Maintainers <pkg-gnome-maintainers@lists.alioth.debian.org>","Copyright (c) Debian contributors","cpe:2.3:a:debian:gtk+2.0:2.24.33-7:*:*:*:*:*:*:*","pkg:deb/debian/gtk+2.0@2.24.33-7?arch=arm64","cpe:2.3:a:debian:gtk+2.0:2.24.33-7:*:*:*:*:*:*:*","pkg:deb/debian/gtk+2.0@2.24.33-7?arch=arm64","APPLICATION","debian-target"
"gir1.2-gtk-3.0","3.24.49-3","Apache-2.0 | CC-BY-SA-4.0 | Expat | GPL-3+ | LGPL-2+ | LGPL-2+ and LGPL-2.1+ and Expat | LGPL-2+ and ZPL-2.1 | LGPL-2+ or SWL | LGPL-2.1+ | SWL | X11R5-permissive | ZPL-2.1 | check-gdk-cairo-permissive | other | unencumbered","","","","","","Organization: Debian GNOME Maintainers <pkg-gnome-maintainers@lists.alioth.debian.org>","Copyright (c) Debian contributors","cpe:2.3:a:debian:gtk+3.0:3.24.49-3:*:*:*:*:*:*:*","pkg:deb/debian/gtk+3.0@3.24.49-3?arch=arm64","cpe:2.3:a:debian:gtk+3.0:3.24.49-3:*:*:*:*:*:*:*","pkg:deb/debian/gtk+3.0@3.24.49-3?arch=arm64","APPLICATION","debian-target"
"gir1.2-gtk-4.0","4.18.6+ds-2","Apache-2.0 | Apache-2.0 with LLVM exception | BSD-3-clause-Google | CC0-1.0 | Expat | GPL-3+ | LGPL-2+ | LGPL-2+ and LGPL-2.1+ and sun-permissive and lcs-telegraphics-permissive and X11R5-permissive and Expat and BSD-3-clause-Google and Apache-2.0 and CC0-1.0 and ZPL-2.1 | LGPL-2.1+ | Unicode-DFS-2016 | X11R5-permissive | ZPL-2.1 | lcs-telegraphics-permissive | sun-permissive","","","","","","Organization: Debian GNOME Maintainers <pkg-gnome-maintainers@lists.alioth.debian.org>","Copyright (c) Debian contributors","cpe:2.3:a:debian:gtk4:4.18.6+ds-2:*:*:*:*:*:*:*","pkg:deb/debian/gtk4@4.18.6+ds-2?arch=arm64","cpe:2.3:a:debian:gtk4:4.18.6+ds-2:*:*:*:*:*:*:*","pkg:deb/debian/gtk4@4.18.6+ds-2?arch=arm64","APPLICATION","debian-target"
"gir1.2-gtkclutter-1.0","1.8.4-6","","","","","","","Organization: Debian GNOME Maintainers <pkg-gnome-maintainers@lists.alioth.debian.org>","Copyright (c) Debian contributors","cpe:2.3:a:debian:clutter-gtk:1.8.4-6:*:*:*:*:*:*:*","pkg:deb/debian/clutter-gtk@1.8.4-6?arch=arm64","cpe:2.3:a:debian:clutter-gtk:1.8.4-6:*:*:*:*:*:*:*","pkg:deb/debian/clutter-gtk@1.8.4-6?arch=arm64","APPLICATION","debian-target"
"gir1.2-gtksource-4","4.8.4-6","","","","","","","Organization: Debian GNOME Maintainers <pkg-gnome-maintainers@lists.alioth.debian.org>","Copyright (c) Debian contributors","cpe:2.3:a:debian:gtksourceview4:4.8.4-6:*:*:*:*:*:*:*","pkg:deb/debian/gtksourceview4@4.8.4-6?arch=arm64","cpe:2.3:a:debian:gtksourceview4:4.8.4-6:*:*:*:*:*:*:*","pkg:deb/debian/gtksourceview4@4.8.4-6?arch=arm64","APPLICATION","debian-target"
"gir1.2-gudev-1.0","238-6","LGPL-2+","","","","","","Organization: Debian GNOME Maintainers <pkg-gnome-maintainers@lists.alioth.debian.org>","Copyright (c) Debian contributors","cpe:2.3:a:debian:libgudev:238-6:*:*:*:*:*:*:*","pkg:deb/debian/libgudev@238-6?arch=arm64","cpe:2.3:a:debian:libgudev:238-6:*:*:*:*:*:*:*","pkg:deb/debian/libgudev@238-6?arch=arm64","APPLICATION","debian-target"
"gir1.2-gweather-4.0","4.4.4-1","GPL-2+ | LGPL-2+ | LGPL-2.1+","","","","","","Organization: Debian GNOME Maintainers <pkg-gnome-maintainers@lists.alioth.debian.org>","Copyright (c) Debian contributors","cpe:2.3:a:debian:libgweather4:4.4.4-1:*:*:*:*:*:*:*","pkg:deb/debian/libgweather4@4.4.4-1?arch=arm64","cpe:2.3:a:debian:libgweather4:4.4.4-1:*:*:*:*:*:*:*","pkg:deb/debian/libgweather4@4.4.4-1?arch=arm64","APPLICATION","debian-target"
"gir1.2-harfbuzz-0.0","10.2.0-1+deb13u1","Apache-2.0 | CC0-1.0 | Expat | FSFAP | FSFUL | FSFULLR | GPL-2+ with AutoConf exception | GPL-2+ with Font exception | GPL-2+ with LibTool exception | GPL-3+ | GPL-3+ with AutoConf exception | ISC | LGPL-2.1+ | MIT | Monotype | OFL-1.1 | UFL-1.0 | Unicode","","","","","","Organization: أحمد المحمودي (Ahmed El-Mahmoudy) <aelmahmoudy@users.sourceforge.net>","Copyright (c) Debian contributors","cpe:2.3:a:debian:harfbuzz:10.2.0-1+deb13u1:*:*:*:*:*:*:*","pkg:deb/debian/harfbuzz@10.2.0-1+deb13u1?arch=arm64","cpe:2.3:a:debian:harfbuzz:10.2.0-1+deb13u1:*:*:*:*:*:*:*","pkg:deb/debian/harfbuzz@10.2.0-1+deb13u1?arch=arm64","APPLICATION","debian-target"
"gir1.2-ibus-1.0","1.5.32-2","GPL-2.0+ with autoconf exception | GPL-3.0+ with autoconf exception | ISC-Fujitsu | ISC-Intel | ISC-NCR | ISC-Sun | LGPL-2.0+ | LGPL-2.1+ | MIT | MIT and ISC-NCR | permissive | permissive-author-grant-attribution | permissive-autoconf-m4 | permissive-fsf-grant | permissive-fsf-grant-attribution | permissive-makefile-in","","","","","","Organization: Debian Input Method Team <debian-input-method@lists.debian.org>","Copyright (c) Debian contributors","cpe:2.3:a:debian:ibus:1.5.32-2:*:*:*:*:*:*:*","pkg:deb/debian/ibus@1.5.32-2?arch=arm64","cpe:2.3:a:debian:ibus:1.5.32-2:*:*:*:*:*:*:*","pkg:deb/debian/ibus@1.5.32-2?arch=arm64","APPLICATION","debian-target"
"gir1.2-javascriptcoregtk-4.1","2.52.3-2~deb13u1","AFL-2.0 | AFL-2.0 or LGPL-2+ | Apache-2.0 | BSD-2-Clause-Patent | BSD-2-clause | BSD-2-clause or BSL-1.0 | BSD-2-clause or Expat | BSD-3-clause-adam-barth | BSD-3-clause-apple | BSD-3-clause-canon | BSD-3-clause-code-aurora | BSD-3-clause-copyright-holder | BSD-3-clause-ericsson | BSD-3-clause-google | BSD-3-clause-jochen-kalmbach | BSD-3-clause-microsoft | BSD-3-clause-motorola | BSD-3-clause-opera | BSD-4-clause-valgrind | BSL-1.0 | Expat | GPL-2+ | GPL-2+ or LGPL-2.1+ or MPL-1.1 | GPL-2+ with Bison exception | GPL-3+ | GPL-3+ with Bison exception | ISC | LGPL-2 | LGPL-2+ | LGPL-2+ or MPL-1.1 | LGPL-2.1 | LGPL-2.1+ | LGPL-2.1+ or MPL-1.1 | MPL-1.1 | MPL-2.0","","","","","","Organization: Debian WebKit Maintainers <pkg-webkit-maintainers@lists.alioth.debian.org>","Copyright (c) Debian contributors","cpe:2.3:a:debian:webkit2gtk:2.52.3-2~deb13u1:*:*:*:*:*:*:*","pkg:deb/debian/webkit2gtk@2.52.3-2~deb13u1?arch=arm64","cpe:2.3:a:debian:webkit2gtk:2.52.3-2~deb13u1:*:*:*:*:*:*:*","pkg:deb/debian/webkit2gtk@2.52.3-2~deb13u1?arch=arm64","APPLICATION","debian-target"
"gir1.2-json-1.0","1.10.6+ds-2","CC0-1.0 | Expat | LGPL-2.1+","","","","","","Organization: Debian GNOME Maintainers <pkg-gnome-maintainers@lists.alioth.debian.org>","Copyright (c) Debian contributors","cpe:2.3:a:debian:json-glib:1.10.6+ds-2:*:*:*:*:*:*:*","pkg:deb/debian/json-glib@1.10.6+ds-2?arch=arm64","cpe:2.3:a:debian:json-glib:1.10.6+ds-2:*:*:*:*:*:*:*","pkg:deb/debian/json-glib@1.10.6+ds-2?arch=arm64","APPLICATION","debian-target"
"gir1.2-mutter-16","48.7-0+deb13u1","DEC-BSD-variant | DEC-BSD-variant and OpenGroup-BSD-variant | DEC-BSD-variant and OpenGroup-BSD-variant and GPL-2+ | Expat | GPL-2+ | GPL-2+ and GPL-3+ and LGPL-2+ and LGPL-2.1+ and Expat and NTP-BSD-variant and SGI-B-2.0 | GPL-3+ | LGPL-2+ | LGPL-2.1+ | NTP-BSD-variant | OpenGroup-BSD-variant | SGI-B-2.0 | WRF-BSD-variant | free-of-known-restrictions","","","","","","Organization: Debian GNOME Maintainers <pkg-gnome-maintainers@lists.alioth.debian.org>","Copyright (c) Debian contributors","cpe:2.3:a:debian:mutter:48.7-0+deb13u1:*:*:*:*:*:*:*","pkg:deb/debian/mutter@48.7-0+deb13u1?arch=arm64","cpe:2.3:a:debian:mutter:48.7-0+deb13u1:*:*:*:*:*:*:*","pkg:deb/debian/mutter@48.7-0+deb13u1?arch=arm64","APPLICATION","debian-target"
"gir1.2-nm-1.0","1.52.1-1","GFDL-NIV-1.1+ | GPL-2+ | LGPL-2.1+","","","","","","Organization: Utopia Maintenance Team <pkg-utopia-maintainers@lists.alioth.debian.org>","Copyright (c) Debian contributors","cpe:2.3:a:debian:network-manager:1.52.1-1:*:*:*:*:*:*:*","pkg:deb/debian/network-manager@1.52.1-1?arch=arm64","cpe:2.3:a:debian:network-manager:1.52.1-1:*:*:*:*:*:*:*","pkg:deb/debian/network-manager@1.52.1-1?arch=arm64","APPLICATION","debian-target"
"gir1.2-nma4-1.0","1.10.6-5","GPL-2+ | LGPL-2+ | LGPL-2.1+","","","","","","Organization: Utopia Maintenance Team <pkg-utopia-maintainers@lists.alioth.debian.org>","Copyright (c) Debian contributors","cpe:2.3:a:debian:libnma:1.10.6-5:*:*:*:*:*:*:*","pkg:deb/debian/libnma@1.10.6-5?arch=arm64","cpe:2.3:a:debian:libnma:1.10.6-5:*:*:*:*:*:*:*","pkg:deb/debian/libnma@1.10.6-5?arch=arm64","APPLICATION","debian-target"
"gir1.2-notify-0.7","0.8.6-1","","","","","","","Organization: Debian GNOME Maintainers <pkg-gnome-maintainers@lists.alioth.debian.org>","Copyright (c) Debian contributors","cpe:2.3:a:debian:libnotify:0.8.6-1:*:*:*:*:*:*:*","pkg:deb/debian/libnotify@0.8.6-1?arch=arm64","cpe:2.3:a:debian:libnotify:0.8.6-1:*:*:*:*:*:*:*","pkg:deb/debian/libnotify@0.8.6-1?arch=arm64","APPLICATION","debian-target"
"gir1.2-pango-1.0","1.56.3-1","Apache-2 | Apache-2 and Bitstream-Vera and OFL-1.1 | Bitstream-Vera | Chromium-BSD-style | Example | ICU | LGPL-2+ | LGPL-2+ and ICU | LGPL-2+ and LGPL-2.1+ | LGPL-2+ and TCL | LGPL-2.1+ | OFL-1.1 | TCL | Unicode","","","","","","Organization: Debian GNOME Maintainers <pkg-gnome-maintainers@lists.alioth.debian.org>","Copyright (c) Debian contributors","cpe:2.3:a:debian:pango1.0:1.56.3-1:*:*:*:*:*:*:*","pkg:deb/debian/pango1.0@1.56.3-1?arch=arm64","cpe:2.3:a:debian:pango1.0:1.56.3-1:*:*:*:*:*:*:*","pkg:deb/debian/pango1.0@1.56.3-1?arch=arm64","APPLICATION","debian-target"
"gir1.2-peas-1.0","1.36.0-3+b4","","","","","","","Organization: Debian GNOME Maintainers <pkg-gnome-maintainers@lists.alioth.debian.org>","Copyright (c) Debian contributors","cpe:2.3:a:debian:libpeas (1.36.0-3):1.36.0-3+b4:*:*:*:*:*:*:*","pkg:deb/debian/libpeas (1.36.0-3)@1.36.0-3+b4?arch=arm64","cpe:2.3:a:debian:libpeas (1.36.0-3):1.36.0-3+b4:*:*:*:*:*:*:*","pkg:deb/debian/libpeas (1.36.0-3)@1.36.0-3+b4?arch=arm64","APPLICATION","debian-target"
"gir1.2-polkit-1.0","126-2","Expat | LGPL-2.0+ | LGPL-2.0+ and Expat","","","","","","Organization: Utopia Maintenance Team <pkg-utopia-maintainers@lists.alioth.debian.org>","Copyright (c) Debian contributors","cpe:2.3:a:debian:policykit-1:126-2:*:*:*:*:*:*:*","pkg:deb/debian/policykit-1@126-2?arch=arm64","cpe:2.3:a:debian:policykit-1:126-2:*:*:*:*:*:*:*","pkg:deb/debian/policykit-1@126-2?arch=arm64","APPLICATION","debian-target"
"gir1.2-rest-1.0","0.9.1-6+b2","GPL-2+ | LGPL-2.1","","","","","","Organization: Debian GNOME Maintainers <pkg-gnome-maintainers@lists.alioth.debian.org>","Copyright (c) Debian contributors","cpe:2.3:a:debian:librest (0.9.1-6):0.9.1-6+b2:*:*:*:*:*:*:*","pkg:deb/debian/librest (0.9.1-6)@0.9.1-6+b2?arch=arm64","cpe:2.3:a:debian:librest (0.9.1-6):0.9.1-6+b2:*:*:*:*:*:*:*","pkg:deb/debian/librest (0.9.1-6)@0.9.1-6+b2?arch=arm64","APPLICATION","debian-target"
"gir1.2-rsvg-2.0","2.60.0+dfsg-1","0BSD | Apache-2.0 | Apache-2.0, and BSD-2-clause, and BSD-3-clause, and Expat, and Apache-2.0 or Expat or 0BSD, and Apache-2.0 or Boost-1.0, and Apache-2.0 or Expat, and Expat or Unlicense, and MPL-2.0, and Sun-permissive, and zlib | BSD-2-clause | BSD-3-clause | Boost-1.0 | CC-zero-waive-1.0-us | Expat | FSFAP | LGPL-2+ | MPL-2.0 | OFL-1.1 | Sun-permissive | Unlicense | zlib","","","","","","Organization: Debian GNOME Maintainers <pkg-gnome-maintainers@lists.alioth.debian.org>","Copyright (c) Debian contributors","cpe:2.3:a:debian:librsvg:2.60.0+dfsg-1:*:*:*:*:*:*:*","pkg:deb/debian/librsvg@2.60.0+dfsg-1?arch=arm64","cpe:2.3:a:debian:librsvg:2.60.0+dfsg-1:*:*:*:*:*:*:*","pkg:deb/debian/librsvg@2.60.0+dfsg-1?arch=arm64","APPLICATION","debian-target"
"gir1.2-secret-1","0.21.7-1","Apache-2.0 | BSD-3-clause | GPL-2+ | LGPL-2.1+","","","","","","Organization: Debian GNOME Maintainers <pkg-gnome-maintainers@lists.alioth.debian.org>","Copyright (c) Debian contributors","cpe:2.3:a:debian:libsecret:0.21.7-1:*:*:*:*:*:*:*","pkg:deb/debian/libsecret@0.21.7-1?arch=arm64","cpe:2.3:a:debian:libsecret:0.21.7-1:*:*:*:*:*:*:*","pkg:deb/debian/libsecret@0.21.7-1?arch=arm64","APPLICATION","debian-target"
"gir1.2-shumate-1.0","1.4.0-1","LGPL-2+ | LGPL-2.1+","","","","","","Organization: Debian GNOME Maintainers <pkg-gnome-maintainers@lists.alioth.debian.org>","Copyright (c) Debian contributors","cpe:2.3:a:debian:libshumate:1.4.0-1:*:*:*:*:*:*:*","pkg:deb/debian/libshumate@1.4.0-1?arch=arm64","cpe:2.3:a:debian:libshumate:1.4.0-1:*:*:*:*:*:*:*","pkg:deb/debian/libshumate@1.4.0-1?arch=arm64","APPLICATION","debian-target"
"gir1.2-soup-3.0","3.6.5-3","Expat | LGPL-2+ | LGPL-2.1+ | MPL-2.0 | MPL-2.0 or RSA-Other | RSA-Other","","","","","","Organization: Debian GNOME Maintainers <pkg-gnome-maintainers@lists.alioth.debian.org>","Copyright (c) Debian contributors","cpe:2.3:a:debian:libsoup3:3.6.5-3:*:*:*:*:*:*:*","pkg:deb/debian/libsoup3@3.6.5-3?arch=arm64","cpe:2.3:a:debian:libsoup3:3.6.5-3:*:*:*:*:*:*:*","pkg:deb/debian/libsoup3@3.6.5-3?arch=arm64","APPLICATION","debian-target"
"gir1.2-totem-1.0","43.2-3","","","","","","","Organization: Debian GNOME Maintainers <pkg-gnome-maintainers@lists.alioth.debian.org>","Copyright (c) Debian contributors","cpe:2.3:a:debian:totem:43.2-3:*:*:*:*:*:*:*","pkg:deb/debian/totem@43.2-3?arch=arm64","cpe:2.3:a:debian:totem:43.2-3:*:*:*:*:*:*:*","pkg:deb/debian/totem@43.2-3?arch=arm64","APPLICATION","debian-target"
"gir1.2-totemplparser-1.0","3.26.6-2","","","","","","","Organization: Debian GNOME Maintainers <pkg-gnome-maintainers@lists.alioth.debian.org>","Copyright (c) Debian contributors","cpe:2.3:a:debian:totem-pl-parser:3.26.6-2:*:*:*:*:*:*:*","pkg:deb/debian/totem-pl-parser@3.26.6-2?arch=arm64","cpe:2.3:a:debian:totem-pl-parser:3.26.6-2:*:*:*:*:*:*:*","pkg:deb/debian/totem-pl-parser@3.26.6-2?arch=arm64","APPLICATION","debian-target"
"gir1.2-upowerglib-1.0","1.90.9-1","GFDL-1.1+ | GPL-2+","","","","","","Organization: Utopia Maintenance Team <pkg-utopia-maintainers@lists.alioth.debian.org>","Copyright (c) Debian contributors","cpe:2.3:a:debian:upower:1.90.9-1:*:*:*:*:*:*:*","pkg:deb/debian/upower@1.90.9-1?arch=arm64","cpe:2.3:a:debian:upower:1.90.9-1:*:*:*:*:*:*:*","pkg:deb/debian/upower@1.90.9-1?arch=arm64","APPLICATION","debian-target"
"gir1.2-webkit2-4.1","2.52.3-2~deb13u1","AFL-2.0 | AFL-2.0 or LGPL-2+ | Apache-2.0 | BSD-2-Clause-Patent | BSD-2-clause | BSD-2-clause or BSL-1.0 | BSD-2-clause or Expat | BSD-3-clause-adam-barth | BSD-3-clause-apple | BSD-3-clause-canon | BSD-3-clause-code-aurora | BSD-3-clause-copyright-holder | BSD-3-clause-ericsson | BSD-3-clause-google | BSD-3-clause-jochen-kalmbach | BSD-3-clause-microsoft | BSD-3-clause-motorola | BSD-3-clause-opera | BSD-4-clause-valgrind | BSL-1.0 | Expat | GPL-2+ | GPL-2+ or LGPL-2.1+ or MPL-1.1 | GPL-2+ with Bison exception | GPL-3+ | GPL-3+ with Bison exception | ISC | LGPL-2 | LGPL-2+ | LGPL-2+ or MPL-1.1 | LGPL-2.1 | LGPL-2.1+ | LGPL-2.1+ or MPL-1.1 | MPL-1.1 | MPL-2.0","","","","","","Organization: Debian WebKit Maintainers <pkg-webkit-maintainers@lists.alioth.debian.org>","Copyright (c) Debian contributors","cpe:2.3:a:debian:webkit2gtk:2.52.3-2~deb13u1:*:*:*:*:*:*:*","pkg:deb/debian/webkit2gtk@2.52.3-2~deb13u1?arch=arm64","cpe:2.3:a:debian:webkit2gtk:2.52.3-2~deb13u1:*:*:*:*:*:*:*","pkg:deb/debian/webkit2gtk@2.52.3-2~deb13u1?arch=arm64","APPLICATION","debian-target"
"gir1.2-wnck-3.0","43.2-1","LGPL-2+","","","","","","Organization: Debian GNOME Maintainers <pkg-gnome-maintainers@lists.alioth.debian.org>","Copyright (c) Debian contributors","cpe:2.3:a:debian:libwnck3:43.2-1:*:*:*:*:*:*:*","pkg:deb/debian/libwnck3@43.2-1?arch=arm64","cpe:2.3:a:debian:libwnck3:43.2-1:*:*:*:*:*:*:*","pkg:deb/debian/libwnck3@43.2-1?arch=arm64","APPLICATION","debian-target"
"gir1.2-xdp-1.0","0.9.1-1","LGPL-2.1+ | LGPL-3 | LGPL-3 and LGPL-2.1+","","","","","","Organization: Utopia Maintenance Team <pkg-utopia-maintainers@lists.alioth.debian.org>","Copyright (c) Debian contributors","cpe:2.3:a:debian:libportal:0.9.1-1:*:*:*:*:*:*:*","pkg:deb/debian/libportal@0.9.1-1?arch=arm64","cpe:2.3:a:debian:libportal:0.9.1-1:*:*:*:*:*:*:*","pkg:deb/debian/libportal@0.9.1-1?arch=arm64","APPLICATION","debian-target"
"girepository-tools","2.84.4-3~deb13u3","AFL-2.0 | AFL-2.0 or LGPL-2.1+ | Apache-2.0 with LLVM exception | CC-BY-SA-3.0 | CC0-1.0 | CC0-1.0 or Mingw-PD | Expat | FSFULLR | GPL-2+ | Iconv-PD | Janik-permissive | Janik-permissive and old-glib-tests | Kuchling-PD | LGPL-2+ | LGPL-2.1+ | LGPL-2.1+ and Kuchling-PD and Plumb-PD | LGPL-3+ | Mingw-PD | Plumb-PD | Unicode-DFS-2016 | bzip2-1.0.6 | cmph | old-glib-tests","","","","","","Organization: Debian GNOME Maintainers <pkg-gnome-maintainers@lists.alioth.debian.org>","Copyright (c) Debian contributors","cpe:2.3:a:debian:glib2.0:2.84.4-3~deb13u3:*:*:*:*:*:*:*","pkg:deb/debian/glib2.0@2.84.4-3~deb13u3?arch=arm64","cpe:2.3:a:debian:glib2.0:2.84.4-3~deb13u3:*:*:*:*:*:*:*","pkg:deb/debian/glib2.0@2.84.4-3~deb13u3?arch=arm64","LIBRARY","debian-target"
"git","1:2.47.3-0+deb13u1","Apache-2.0 | BSD-3-clause | Boost | EDL-1.0 | Expat | GPL-1+ or Artistic-1 | GPL-2 | GPL-2+ | ISC | LGPL-2+ | LGPL-2.1+ | Zlib | dlmalloc | mingw-runtime","","","","","","Organization: Jonathan Nieder <jrnieder@gmail.com>","Copyright (c) Debian contributors","cpe:2.3:a:debian:git:1:2.47.3-0+deb13u1:*:*:*:*:*:*:*","pkg:deb/debian/git@1:2.47.3-0+deb13u1?arch=arm64","cpe:2.3:a:debian:git:1:2.47.3-0+deb13u1:*:*:*:*:*:*:*","pkg:deb/debian/git@1:2.47.3-0+deb13u1?arch=arm64","APPLICATION","debian-target"
"git-man","1:2.47.3-0+deb13u1","Apache-2.0 | BSD-3-clause | Boost | EDL-1.0 | Expat | GPL-1+ or Artistic-1 | GPL-2 | GPL-2+ | ISC | LGPL-2+ | LGPL-2.1+ | Zlib | dlmalloc | mingw-runtime","","","","","","Organization: Jonathan Nieder <jrnieder@gmail.com>","Copyright (c) Debian contributors","cpe:2.3:a:debian:git:1:2.47.3-0+deb13u1:*:*:*:*:*:*:*","pkg:deb/debian/git@1:2.47.3-0+deb13u1?arch=all","cpe:2.3:a:debian:git:1:2.47.3-0+deb13u1:*:*:*:*:*:*:*","pkg:deb/debian/git@1:2.47.3-0+deb13u1?arch=all","APPLICATION","debian-target"
"gjs","1.82.3-1","BSD-3-clause | CC0-1.0 | Expat | Expat or LGPL-2+ | GPL-2+ | GPL-2+ and LGPL-2+ and Expat | LGPL-2+ | LGPL-2.1+ | LGPL-2.1+ and Expat | MPL-1.1 or GPL-2+ or LGPL-2.1+ | MPL-2.0","","","","","","Organization: Debian GNOME Maintainers <pkg-gnome-maintainers@lists.alioth.debian.org>","Copyright (c) Debian contributors","cpe:2.3:a:debian:gjs:1.82.3-1:*:*:*:*:*:*:*","pkg:deb/debian/gjs@1.82.3-1?arch=arm64","cpe:2.3:a:debian:gjs:1.82.3-1:*:*:*:*:*:*:*","pkg:deb/debian/gjs@1.82.3-1?arch=arm64","APPLICATION","debian-target"
"glib-networking","2.80.1-1","LGPL-2+ | LGPL-2+ and LGPL-2.1+ | LGPL-2.1+","","","","","","Organization: Debian GNOME Maintainers <pkg-gnome-maintainers@lists.alioth.debian.org>","Copyright (c) Debian contributors","cpe:2.3:a:debian:glib-networking:2.80.1-1:*:*:*:*:*:*:*","pkg:deb/debian/glib-networking@2.80.1-1?arch=arm64","cpe:2.3:a:debian:glib-networking:2.80.1-1:*:*:*:*:*:*:*","pkg:deb/debian/glib-networking@2.80.1-1?arch=arm64","LIBRARY","debian-target"
"glib-networking-common","2.80.1-1","LGPL-2+ | LGPL-2+ and LGPL-2.1+ | LGPL-2.1+","","","","","","Organization: Debian GNOME Maintainers <pkg-gnome-maintainers@lists.alioth.debian.org>","Copyright (c) Debian contributors","cpe:2.3:a:debian:glib-networking:2.80.1-1:*:*:*:*:*:*:*","pkg:deb/debian/glib-networking@2.80.1-1?arch=all","cpe:2.3:a:debian:glib-networking:2.80.1-1:*:*:*:*:*:*:*","pkg:deb/debian/glib-networking@2.80.1-1?arch=all","LIBRARY","debian-target"
"glib-networking-services","2.80.1-1","LGPL-2+ | LGPL-2+ and LGPL-2.1+ | LGPL-2.1+","","","","","","Organization: Debian GNOME Maintainers <pkg-gnome-maintainers@lists.alioth.debian.org>","Copyright (c) Debian contributors","cpe:2.3:a:debian:glib-networking:2.80.1-1:*:*:*:*:*:*:*","pkg:deb/debian/glib-networking@2.80.1-1?arch=arm64","cpe:2.3:a:debian:glib-networking:2.80.1-1:*:*:*:*:*:*:*","pkg:deb/debian/glib-networking@2.80.1-1?arch=arm64","LIBRARY","debian-target"
"glmark2-data","2023.01+dfsg-3","Apache-2.0 | BSD-2-clause-NetBSD | BSD-2-clause-NetBSD and ISC | BSD-3-clause | Expat | GPL-3+ | ISC","","","","","","Organization: Debian Games Team <pkg-games-devel@lists.alioth.debian.org>","Copyright (c) Debian contributors","cpe:2.3:a:debian:glmark2:2023.01+dfsg-3:*:*:*:*:*:*:*","pkg:deb/debian/glmark2@2023.01+dfsg-3?arch=all","cpe:2.3:a:debian:glmark2:2023.01+dfsg-3:*:*:*:*:*:*:*","pkg:deb/debian/glmark2@2023.01+dfsg-3?arch=all","APPLICATION","debian-target"
"glmark2-drm","2023.01+dfsg-3","Apache-2.0 | BSD-2-clause-NetBSD | BSD-2-clause-NetBSD and ISC | BSD-3-clause | Expat | GPL-3+ | ISC","","","","","","Organization: Debian Games Team <pkg-games-devel@lists.alioth.debian.org>","Copyright (c) Debian contributors","cpe:2.3:a:debian:glmark2:2023.01+dfsg-3:*:*:*:*:*:*:*","pkg:deb/debian/glmark2@2023.01+dfsg-3?arch=arm64","cpe:2.3:a:debian:glmark2:2023.01+dfsg-3:*:*:*:*:*:*:*","pkg:deb/debian/glmark2@2023.01+dfsg-3?arch=arm64","APPLICATION","debian-target"
"glmark2-drm-dbgsym","2023.01+dfsg-3","Apache-2.0 | BSD-2-clause-NetBSD | BSD-2-clause-NetBSD and ISC | BSD-3-clause | Expat | GPL-3+ | ISC","","","","","","Organization: Debian Games Team <pkg-games-devel@lists.alioth.debian.org>","Copyright (c) Debian contributors","cpe:2.3:a:debian:glmark2:2023.01+dfsg-3:*:*:*:*:*:*:*","pkg:deb/debian/glmark2@2023.01+dfsg-3?arch=arm64","cpe:2.3:a:debian:glmark2:2023.01+dfsg-3:*:*:*:*:*:*:*","pkg:deb/debian/glmark2@2023.01+dfsg-3?arch=arm64","APPLICATION","debian-target"
"glmark2-es2-drm","2023.01+dfsg-3","Apache-2.0 | BSD-2-clause-NetBSD | BSD-2-clause-NetBSD and ISC | BSD-3-clause | Expat | GPL-3+ | ISC","","","","","","Organization: Debian Games Team <pkg-games-devel@lists.alioth.debian.org>","Copyright (c) Debian contributors","cpe:2.3:a:debian:glmark2:2023.01+dfsg-3:*:*:*:*:*:*:*","pkg:deb/debian/glmark2@2023.01+dfsg-3?arch=arm64","cpe:2.3:a:debian:glmark2:2023.01+dfsg-3:*:*:*:*:*:*:*","pkg:deb/debian/glmark2@2023.01+dfsg-3?arch=arm64","APPLICATION","debian-target"
"glmark2-es2-drm-dbgsym","2023.01+dfsg-3","Apache-2.0 | BSD-2-clause-NetBSD | BSD-2-clause-NetBSD and ISC | BSD-3-clause | Expat | GPL-3+ | ISC","","","","","","Organization: Debian Games Team <pkg-games-devel@lists.alioth.debian.org>","Copyright (c) Debian contributors","cpe:2.3:a:debian:glmark2:2023.01+dfsg-3:*:*:*:*:*:*:*","pkg:deb/debian/glmark2@2023.01+dfsg-3?arch=arm64","cpe:2.3:a:debian:glmark2:2023.01+dfsg-3:*:*:*:*:*:*:*","pkg:deb/debian/glmark2@2023.01+dfsg-3?arch=arm64","APPLICATION","debian-target"
"glmark2-es2-wayland","2023.01+dfsg-3","Apache-2.0 | BSD-2-clause-NetBSD | BSD-2-clause-NetBSD and ISC | BSD-3-clause | Expat | GPL-3+ | ISC","","","","","","Organization: Debian Games Team <pkg-games-devel@lists.alioth.debian.org>","Copyright (c) Debian contributors","cpe:2.3:a:debian:glmark2:2023.01+dfsg-3:*:*:*:*:*:*:*","pkg:deb/debian/glmark2@2023.01+dfsg-3?arch=arm64","cpe:2.3:a:debian:glmark2:2023.01+dfsg-3:*:*:*:*:*:*:*","pkg:deb/debian/glmark2@2023.01+dfsg-3?arch=arm64","APPLICATION","debian-target"
"glmark2-es2-wayland-dbgsym","2023.01+dfsg-3","Apache-2.0 | BSD-2-clause-NetBSD | BSD-2-clause-NetBSD and ISC | BSD-3-clause | Expat | GPL-3+ | ISC","","","","","","Organization: Debian Games Team <pkg-games-devel@lists.alioth.debian.org>","Copyright (c) Debian contributors","cpe:2.3:a:debian:glmark2:2023.01+dfsg-3:*:*:*:*:*:*:*","pkg:deb/debian/glmark2@2023.01+dfsg-3?arch=arm64","cpe:2.3:a:debian:glmark2:2023.01+dfsg-3:*:*:*:*:*:*:*","pkg:deb/debian/glmark2@2023.01+dfsg-3?arch=arm64","APPLICATION","debian-target"
"glmark2-es2-x11","2023.01+dfsg-3","Apache-2.0 | BSD-2-clause-NetBSD | BSD-2-clause-NetBSD and ISC | BSD-3-clause | Expat | GPL-3+ | ISC","","","","","","Organization: Debian Games Team <pkg-games-devel@lists.alioth.debian.org>","Copyright (c) Debian contributors","cpe:2.3:a:debian:glmark2:2023.01+dfsg-3:*:*:*:*:*:*:*","pkg:deb/debian/glmark2@2023.01+dfsg-3?arch=arm64","cpe:2.3:a:debian:glmark2:2023.01+dfsg-3:*:*:*:*:*:*:*","pkg:deb/debian/glmark2@2023.01+dfsg-3?arch=arm64","APPLICATION","debian-target"
"glmark2-es2-x11-dbgsym","2023.01+dfsg-3","Apache-2.0 | BSD-2-clause-NetBSD | BSD-2-clause-NetBSD and ISC | BSD-3-clause | Expat | GPL-3+ | ISC","","","","","","Organization: Debian Games Team <pkg-games-devel@lists.alioth.debian.org>","Copyright (c) Debian contributors","cpe:2.3:a:debian:glmark2:2023.01+dfsg-3:*:*:*:*:*:*:*","pkg:deb/debian/glmark2@2023.01+dfsg-3?arch=arm64","cpe:2.3:a:debian:glmark2:2023.01+dfsg-3:*:*:*:*:*:*:*","pkg:deb/debian/glmark2@2023.01+dfsg-3?arch=arm64","APPLICATION","debian-target"
"glmark2-wayland","2023.01+dfsg-3","Apache-2.0 | BSD-2-clause-NetBSD | BSD-2-clause-NetBSD and ISC | BSD-3-clause | Expat | GPL-3+ | ISC","","","","","","Organization: Debian Games Team <pkg-games-devel@lists.alioth.debian.org>","Copyright (c) Debian contributors","cpe:2.3:a:debian:glmark2:2023.01+dfsg-3:*:*:*:*:*:*:*","pkg:deb/debian/glmark2@2023.01+dfsg-3?arch=arm64","cpe:2.3:a:debian:glmark2:2023.01+dfsg-3:*:*:*:*:*:*:*","pkg:deb/debian/glmark2@2023.01+dfsg-3?arch=arm64","APPLICATION","debian-target"
"glmark2-wayland-dbgsym","2023.01+dfsg-3","Apache-2.0 | BSD-2-clause-NetBSD | BSD-2-clause-NetBSD and ISC | BSD-3-clause | Expat | GPL-3+ | ISC","","","","","","Organization: Debian Games Team <pkg-games-devel@lists.alioth.debian.org>","Copyright (c) Debian contributors","cpe:2.3:a:debian:glmark2:2023.01+dfsg-3:*:*:*:*:*:*:*","pkg:deb/debian/glmark2@2023.01+dfsg-3?arch=arm64","cpe:2.3:a:debian:glmark2:2023.01+dfsg-3:*:*:*:*:*:*:*","pkg:deb/debian/glmark2@2023.01+dfsg-3?arch=arm64","APPLICATION","debian-target"
"glmark2-x11","2023.01+dfsg-3","Apache-2.0 | BSD-2-clause-NetBSD | BSD-2-clause-NetBSD and ISC | BSD-3-clause | Expat | GPL-3+ | ISC","","","","","","Organization: Debian Games Team <pkg-games-devel@lists.alioth.debian.org>","Copyright (c) Debian contributors","cpe:2.3:a:debian:glmark2:2023.01+dfsg-3:*:*:*:*:*:*:*","pkg:deb/debian/glmark2@2023.01+dfsg-3?arch=arm64","cpe:2.3:a:debian:glmark2:2023.01+dfsg-3:*:*:*:*:*:*:*","pkg:deb/debian/glmark2@2023.01+dfsg-3?arch=arm64","APPLICATION","debian-target"
"glmark2-x11-dbgsym","2023.01+dfsg-3","Apache-2.0 | BSD-2-clause-NetBSD | BSD-2-clause-NetBSD and ISC | BSD-3-clause | Expat | GPL-3+ | ISC","","","","","","Organization: Debian Games Team <pkg-games-devel@lists.alioth.debian.org>","Copyright (c) Debian contributors","cpe:2.3:a:debian:glmark2:2023.01+dfsg-3:*:*:*:*:*:*:*","pkg:deb/debian/glmark2@2023.01+dfsg-3?arch=arm64","cpe:2.3:a:debian:glmark2:2023.01+dfsg-3:*:*:*:*:*:*:*","pkg:deb/debian/glmark2@2023.01+dfsg-3?arch=arm64","APPLICATION","debian-target"
"glycin-loaders","1.2.1+ds-2","CC-BY-SA-3.0 | CC0-1.0 | CC0-1.0 and CC-BY-SA-3.0 | LGPL-2.1+ | LGPL-2.1+ or MPL-2.0 | MPL-2.0","","","","","","Organization: Debian GNOME Maintainers <pkg-gnome-maintainers@lists.alioth.debian.org>","Copyright (c) Debian contributors","cpe:2.3:a:debian:glycin:1.2.1+ds-2:*:*:*:*:*:*:*","pkg:deb/debian/glycin@1.2.1+ds-2?arch=arm64","cpe:2.3:a:debian:glycin:1.2.1+ds-2:*:*:*:*:*:*:*","pkg:deb/debian/glycin@1.2.1+ds-2?arch=arm64","APPLICATION","debian-target"
"gnome-backgrounds","48.2.1-1","","","","","","","Organization: Debian GNOME Maintainers <pkg-gnome-maintainers@lists.alioth.debian.org>","Copyright (c) Debian contributors","cpe:2.3:a:debian:gnome-backgrounds:48.2.1-1:*:*:*:*:*:*:*","pkg:deb/debian/gnome-backgrounds@48.2.1-1?arch=all","cpe:2.3:a:debian:gnome-backgrounds:48.2.1-1:*:*:*:*:*:*:*","pkg:deb/debian/gnome-backgrounds@48.2.1-1?arch=all","APPLICATION","debian-target"
"gnome-bluetooth-3-common","47.1-1","GPL-2+ | LGPL-2.1+","","","","","","Organization: Debian GNOME Maintainers <pkg-gnome-maintainers@lists.alioth.debian.org>","Copyright (c) Debian contributors","cpe:2.3:a:debian:gnome-bluetooth3:47.1-1:*:*:*:*:*:*:*","pkg:deb/debian/gnome-bluetooth3@47.1-1?arch=all","cpe:2.3:a:debian:gnome-bluetooth3:47.1-1:*:*:*:*:*:*:*","pkg:deb/debian/gnome-bluetooth3@47.1-1?arch=all","APPLICATION","debian-target"
"gnome-bluetooth-sendto","47.1-1","GPL-2+ | LGPL-2.1+","","","","","","Organization: Debian GNOME Maintainers <pkg-gnome-maintainers@lists.alioth.debian.org>","Copyright (c) Debian contributors","cpe:2.3:a:debian:gnome-bluetooth3:47.1-1:*:*:*:*:*:*:*","pkg:deb/debian/gnome-bluetooth3@47.1-1?arch=arm64","cpe:2.3:a:debian:gnome-bluetooth3:47.1-1:*:*:*:*:*:*:*","pkg:deb/debian/gnome-bluetooth3@47.1-1?arch=arm64","APPLICATION","debian-target"
"gnome-calculator","1:48.1-2+b1","CC-BY-SA-3.0 | GPL-2+","","","","","","Organization: Debian GNOME Maintainers <pkg-gnome-maintainers@lists.alioth.debian.org>","Copyright (c) Debian contributors","cpe:2.3:a:debian:gnome-calculator (1:48.1-2):1:48.1-2+b1:*:*:*:*:*:*:*","pkg:deb/debian/gnome-calculator (1:48.1-2)@1:48.1-2+b1?arch=arm64","cpe:2.3:a:debian:gnome-calculator (1:48.1-2):1:48.1-2+b1:*:*:*:*:*:*:*","pkg:deb/debian/gnome-calculator (1:48.1-2)@1:48.1-2+b1?arch=arm64","APPLICATION","debian-target"
"gnome-calendar","48.1-2+b1","GPL-3+ | GPL-3+ and LGPL-2+ | LGPL-2+","","","","","","Organization: Debian GNOME Maintainers <pkg-gnome-maintainers@lists.alioth.debian.org>","Copyright (c) Debian contributors","cpe:2.3:a:debian:gnome-calendar (48.1-2):48.1-2+b1:*:*:*:*:*:*:*","pkg:deb/debian/gnome-calendar (48.1-2)@48.1-2+b1?arch=arm64","cpe:2.3:a:debian:gnome-calendar (48.1-2):48.1-2+b1:*:*:*:*:*:*:*","pkg:deb/debian/gnome-calendar (48.1-2)@48.1-2+b1?arch=arm64","APPLICATION","debian-target"
"gnome-characters","48.0-1","BSD-3-clause | GPL-2+","","","","","","Organization: Debian GNOME Maintainers <pkg-gnome-maintainers@lists.alioth.debian.org>","Copyright (c) Debian contributors","cpe:2.3:a:debian:gnome-characters:48.0-1:*:*:*:*:*:*:*","pkg:deb/debian/gnome-characters@48.0-1?arch=arm64","cpe:2.3:a:debian:gnome-characters:48.0-1:*:*:*:*:*:*:*","pkg:deb/debian/gnome-characters@48.0-1?arch=arm64","APPLICATION","debian-target"
"gnome-clocks","48.0-2+b1","CC-BY-SA-4.0 | CC0-1.0 | GPL-2+","","","","","","Organization: Debian GNOME Maintainers <pkg-gnome-maintainers@lists.alioth.debian.org>","Copyright (c) Debian contributors","cpe:2.3:a:debian:gnome-clocks (48.0-2):48.0-2+b1:*:*:*:*:*:*:*","pkg:deb/debian/gnome-clocks (48.0-2)@48.0-2+b1?arch=arm64","cpe:2.3:a:debian:gnome-clocks (48.0-2):48.0-2+b1:*:*:*:*:*:*:*","pkg:deb/debian/gnome-clocks (48.0-2)@48.0-2+b1?arch=arm64","APPLICATION","debian-target"
"gnome-connections","48.0-2+b1","CC-BY-SA-3.0 | CC-BY-SA-4.0 | CC0-1.0 | GPL-3+ | LGPL-3+","","","","","","Organization: Debian GNOME Maintainers <pkg-gnome-maintainers@lists.alioth.debian.org>","Copyright (c) Debian contributors","cpe:2.3:a:debian:gnome-connections (48.0-2):48.0-2+b1:*:*:*:*:*:*:*","pkg:deb/debian/gnome-connections (48.0-2)@48.0-2+b1?arch=arm64","cpe:2.3:a:debian:gnome-connections (48.0-2):48.0-2+b1:*:*:*:*:*:*:*","pkg:deb/debian/gnome-connections (48.0-2)@48.0-2+b1?arch=arm64","APPLICATION","debian-target"
"gnome-contacts","48.0-2+b1","GPL-2+ | GPL-2+ and LGPL-2.1+ | LGPL-2.1+","","","","","","Organization: Debian GNOME Maintainers <pkg-gnome-maintainers@lists.alioth.debian.org>","Copyright (c) Debian contributors","cpe:2.3:a:debian:gnome-contacts (48.0-2):48.0-2+b1:*:*:*:*:*:*:*","pkg:deb/debian/gnome-contacts (48.0-2)@48.0-2+b1?arch=arm64","cpe:2.3:a:debian:gnome-contacts (48.0-2):48.0-2+b1:*:*:*:*:*:*:*","pkg:deb/debian/gnome-contacts (48.0-2)@48.0-2+b1?arch=arm64","APPLICATION","debian-target"
"gnome-control-center","1:48.4-1~deb13u1","CC0-1.0 | Expat | GPL-2+ | GPL-2+ and GPL-3+ and LGPL-2.1+ and LGPL-2+ and Expat and CC0-1.0 | GPL-3+ | LGPL-2+ | LGPL-2.1+ | tzdb-public-domain","","","","","","Organization: Debian GNOME Maintainers <pkg-gnome-maintainers@lists.alioth.debian.org>","Copyright (c) Debian contributors","cpe:2.3:a:debian:gnome-control-center:1:48.4-1~deb13u1:*:*:*:*:*:*:*","pkg:deb/debian/gnome-control-center@1:48.4-1~deb13u1?arch=arm64","cpe:2.3:a:debian:gnome-control-center:1:48.4-1~deb13u1:*:*:*:*:*:*:*","pkg:deb/debian/gnome-control-center@1:48.4-1~deb13u1?arch=arm64","APPLICATION","debian-target"
"gnome-control-center-data","1:48.4-1~deb13u1","CC0-1.0 | Expat | GPL-2+ | GPL-2+ and GPL-3+ and LGPL-2.1+ and LGPL-2+ and Expat and CC0-1.0 | GPL-3+ | LGPL-2+ | LGPL-2.1+ | tzdb-public-domain","","","","","","Organization: Debian GNOME Maintainers <pkg-gnome-maintainers@lists.alioth.debian.org>","Copyright (c) Debian contributors","cpe:2.3:a:debian:gnome-control-center:1:48.4-1~deb13u1:*:*:*:*:*:*:*","pkg:deb/debian/gnome-control-center@1:48.4-1~deb13u1?arch=all","cpe:2.3:a:debian:gnome-control-center:1:48.4-1~deb13u1:*:*:*:*:*:*:*","pkg:deb/debian/gnome-control-center@1:48.4-1~deb13u1?arch=all","APPLICATION","debian-target"
"gnome-desktop3-data","44.3-3","Expat | GPL-2+ | LGPL-2+ | LGPL-3+","","","","","","Organization: Debian GNOME Maintainers <pkg-gnome-maintainers@lists.alioth.debian.org>","Copyright (c) Debian contributors","cpe:2.3:a:debian:gnome-desktop:44.3-3:*:*:*:*:*:*:*","pkg:deb/debian/gnome-desktop@44.3-3?arch=all","cpe:2.3:a:debian:gnome-desktop:44.3-3:*:*:*:*:*:*:*","pkg:deb/debian/gnome-desktop@44.3-3?arch=all","APPLICATION","debian-target"
"gnome-disk-utility","46.1-2+b1","CC-BY-SA-3.0 | CC-BY-SA-3.0 or LGPL-3 | GPL-2+ | LGPL-3","","","","","","Organization: Debian GNOME Maintainers <pkg-gnome-maintainers@lists.alioth.debian.org>","Copyright (c) Debian contributors","cpe:2.3:a:debian:gnome-disk-utility (46.1-2):46.1-2+b1:*:*:*:*:*:*:*","pkg:deb/debian/gnome-disk-utility (46.1-2)@46.1-2+b1?arch=arm64","cpe:2.3:a:debian:gnome-disk-utility (46.1-2):46.1-2+b1:*:*:*:*:*:*:*","pkg:deb/debian/gnome-disk-utility (46.1-2)@46.1-2+b1?arch=arm64","OPERATING_SYSTEM","debian-target"
"gnome-font-viewer","48.0-2+b1","GPL-2+","","","","","","Organization: Debian GNOME Maintainers <pkg-gnome-maintainers@lists.alioth.debian.org>","Copyright (c) Debian contributors","cpe:2.3:a:debian:gnome-font-viewer (48.0-2):48.0-2+b1:*:*:*:*:*:*:*","pkg:deb/debian/gnome-font-viewer (48.0-2)@48.0-2+b1?arch=arm64","cpe:2.3:a:debian:gnome-font-viewer (48.0-2):48.0-2+b1:*:*:*:*:*:*:*","pkg:deb/debian/gnome-font-viewer (48.0-2)@48.0-2+b1?arch=arm64","APPLICATION","debian-target"
"gnome-keyring","48.0-1","BSD-3-clause | BSD-3-clause and GPL-2+ or LGPL-3+ | GPL-2+ | LGPL-2+ | LGPL-2.1+ | LGPL-3+ | MPL-1.1 | MPL-1.1 or GPL-2+ or LGPL-2.1+ | custom-license","","","","","","Organization: Debian GNOME Maintainers <pkg-gnome-maintainers@lists.alioth.debian.org>","Copyright (c) Debian contributors","cpe:2.3:a:debian:gnome-keyring:48.0-1:*:*:*:*:*:*:*","pkg:deb/debian/gnome-keyring@48.0-1?arch=arm64","cpe:2.3:a:debian:gnome-keyring:48.0-1:*:*:*:*:*:*:*","pkg:deb/debian/gnome-keyring@48.0-1?arch=arm64","APPLICATION","debian-target"
"gnome-logs","45.0-1","CC-BY-SA | CC0 | GPL-2+ | GPL-2+ or CC-BY-SA | GPL-3+","","","","","","Organization: Debian GNOME Maintainers <pkg-gnome-maintainers@lists.alioth.debian.org>","Copyright (c) Debian contributors","cpe:2.3:a:debian:gnome-logs:45.0-1:*:*:*:*:*:*:*","pkg:deb/debian/gnome-logs@45.0-1?arch=arm64","cpe:2.3:a:debian:gnome-logs:45.0-1:*:*:*:*:*:*:*","pkg:deb/debian/gnome-logs@45.0-1?arch=arm64","APPLICATION","debian-target"
"gnome-maps","48.7-0+deb13u1","Expat | Expat or LGPL-unspecified-version | GPL-2+ | LGPL-unspecified-version | WTFPL","","","","","","Organization: Debian GNOME Maintainers <pkg-gnome-maintainers@lists.alioth.debian.org>","Copyright (c) Debian contributors","cpe:2.3:a:debian:gnome-maps:48.7-0+deb13u1:*:*:*:*:*:*:*","pkg:deb/debian/gnome-maps@48.7-0+deb13u1?arch=arm64","cpe:2.3:a:debian:gnome-maps:48.7-0+deb13u1:*:*:*:*:*:*:*","pkg:deb/debian/gnome-maps@48.7-0+deb13u1?arch=arm64","APPLICATION","debian-target"
"gnome-menus","3.36.0-3","","","","","","","Organization: Debian GNOME Maintainers <pkg-gnome-maintainers@lists.alioth.debian.org>","Copyright (c) Debian contributors","cpe:2.3:a:debian:gnome-menus:3.36.0-3:*:*:*:*:*:*:*","pkg:deb/debian/gnome-menus@3.36.0-3?arch=arm64","cpe:2.3:a:debian:gnome-menus:3.36.0-3:*:*:*:*:*:*:*","pkg:deb/debian/gnome-menus@3.36.0-3?arch=arm64","APPLICATION","debian-target"
"gnome-online-accounts","3.54.5-1~deb13u1","LGPL-2.1+","","","","","","Organization: Debian GNOME Maintainers <pkg-gnome-maintainers@lists.alioth.debian.org>","Copyright (c) Debian contributors","cpe:2.3:a:debian:gnome-online-accounts:3.54.5-1~deb13u1:*:*:*:*:*:*:*","pkg:deb/debian/gnome-online-accounts@3.54.5-1~deb13u1?arch=arm64","cpe:2.3:a:debian:gnome-online-accounts:3.54.5-1~deb13u1:*:*:*:*:*:*:*","pkg:deb/debian/gnome-online-accounts@3.54.5-1~deb13u1?arch=arm64","APPLICATION","debian-target"
"gnome-session","48.0-1+deb13u1","","","","","","","Organization: Debian GNOME Maintainers <pkg-gnome-maintainers@lists.alioth.debian.org>","Copyright (c) Debian contributors","cpe:2.3:a:debian:gnome-session:48.0-1+deb13u1:*:*:*:*:*:*:*","pkg:deb/debian/gnome-session@48.0-1+deb13u1?arch=all","cpe:2.3:a:debian:gnome-session:48.0-1+deb13u1:*:*:*:*:*:*:*","pkg:deb/debian/gnome-session@48.0-1+deb13u1?arch=all","APPLICATION","debian-target"
"gnome-session-bin","48.0-1+deb13u1","","","","","","","Organization: Debian GNOME Maintainers <pkg-gnome-maintainers@lists.alioth.debian.org>","Copyright (c) Debian contributors","cpe:2.3:a:debian:gnome-session:48.0-1+deb13u1:*:*:*:*:*:*:*","pkg:deb/debian/gnome-session@48.0-1+deb13u1?arch=arm64","cpe:2.3:a:debian:gnome-session:48.0-1+deb13u1:*:*:*:*:*:*:*","pkg:deb/debian/gnome-session@48.0-1+deb13u1?arch=arm64","APPLICATION","debian-target"
"gnome-session-common","48.0-1+deb13u1","","","","","","","Organization: Debian GNOME Maintainers <pkg-gnome-maintainers@lists.alioth.debian.org>","Copyright (c) Debian contributors","cpe:2.3:a:debian:gnome-session:48.0-1+deb13u1:*:*:*:*:*:*:*","pkg:deb/debian/gnome-session@48.0-1+deb13u1?arch=all","cpe:2.3:a:debian:gnome-session:48.0-1+deb13u1:*:*:*:*:*:*:*","pkg:deb/debian/gnome-session@48.0-1+deb13u1?arch=all","APPLICATION","debian-target"
"gnome-settings-daemon","48.1-1","","","","","","","Organization: Debian GNOME Maintainers <pkg-gnome-maintainers@lists.alioth.debian.org>","Copyright (c) Debian contributors","cpe:2.3:a:debian:gnome-settings-daemon:48.1-1:*:*:*:*:*:*:*","pkg:deb/debian/gnome-settings-daemon@48.1-1?arch=arm64","cpe:2.3:a:debian:gnome-settings-daemon:48.1-1:*:*:*:*:*:*:*","pkg:deb/debian/gnome-settings-daemon@48.1-1?arch=arm64","APPLICATION","debian-target"
"gnome-settings-daemon-common","48.1-1","","","","","","","Organization: Debian GNOME Maintainers <pkg-gnome-maintainers@lists.alioth.debian.org>","Copyright (c) Debian contributors","cpe:2.3:a:debian:gnome-settings-daemon:48.1-1:*:*:*:*:*:*:*","pkg:deb/debian/gnome-settings-daemon@48.1-1?arch=all","cpe:2.3:a:debian:gnome-settings-daemon:48.1-1:*:*:*:*:*:*:*","pkg:deb/debian/gnome-settings-daemon@48.1-1?arch=all","APPLICATION","debian-target"
"gnome-shell","48.7-0+deb13u2","GPL-2+ (/usr/share/common-licenses/GPL-2) | LGPL-2+ (/usr/share/common-licenses/LGPL-2) | LGPL-2.1 (/usr/share/common-licenses/LGPL-2.1)","","","","","","Organization: Debian GNOME Maintainers <pkg-gnome-maintainers@lists.alioth.debian.org>","Copyright (c) Debian contributors","cpe:2.3:a:debian:gnome-shell:48.7-0+deb13u2:*:*:*:*:*:*:*","pkg:deb/debian/gnome-shell@48.7-0+deb13u2?arch=arm64","cpe:2.3:a:debian:gnome-shell:48.7-0+deb13u2:*:*:*:*:*:*:*","pkg:deb/debian/gnome-shell@48.7-0+deb13u2?arch=arm64","APPLICATION","debian-target"
"gnome-shell-common","48.7-0+deb13u2","GPL-2+ (/usr/share/common-licenses/GPL-2) | LGPL-2+ (/usr/share/common-licenses/LGPL-2) | LGPL-2.1 (/usr/share/common-licenses/LGPL-2.1)","","","","","","Organization: Debian GNOME Maintainers <pkg-gnome-maintainers@lists.alioth.debian.org>","Copyright (c) Debian contributors","cpe:2.3:a:debian:gnome-shell:48.7-0+deb13u2:*:*:*:*:*:*:*","pkg:deb/debian/gnome-shell@48.7-0+deb13u2?arch=all","cpe:2.3:a:debian:gnome-shell:48.7-0+deb13u2:*:*:*:*:*:*:*","pkg:deb/debian/gnome-shell@48.7-0+deb13u2?arch=all","APPLICATION","debian-target"
"gnome-software","48.3-2","CC0-1.0 | GPL-2+","","","","","","Organization: Debian GNOME Maintainers <pkg-gnome-maintainers@lists.alioth.debian.org>","Copyright (c) Debian contributors","cpe:2.3:a:debian:gnome-software:48.3-2:*:*:*:*:*:*:*","pkg:deb/debian/gnome-software@48.3-2?arch=arm64","cpe:2.3:a:debian:gnome-software:48.3-2:*:*:*:*:*:*:*","pkg:deb/debian/gnome-software@48.3-2?arch=arm64","APPLICATION","debian-target"
"gnome-software-common","48.3-2","CC0-1.0 | GPL-2+","","","","","","Organization: Debian GNOME Maintainers <pkg-gnome-maintainers@lists.alioth.debian.org>","Copyright (c) Debian contributors","cpe:2.3:a:debian:gnome-software:48.3-2:*:*:*:*:*:*:*","pkg:deb/debian/gnome-software@48.3-2?arch=all","cpe:2.3:a:debian:gnome-software:48.3-2:*:*:*:*:*:*:*","pkg:deb/debian/gnome-software@48.3-2?arch=all","APPLICATION","debian-target"
"gnome-software-plugin-deb","48.3-2","CC0-1.0 | GPL-2+","","","","","","Organization: Debian GNOME Maintainers <pkg-gnome-maintainers@lists.alioth.debian.org>","Copyright (c) Debian contributors","cpe:2.3:a:debian:gnome-software:48.3-2:*:*:*:*:*:*:*","pkg:deb/debian/gnome-software@48.3-2?arch=arm64","cpe:2.3:a:debian:gnome-software:48.3-2:*:*:*:*:*:*:*","pkg:deb/debian/gnome-software@48.3-2?arch=arm64","APPLICATION","debian-target"
"gnome-sushi","46.0-2","CC0-1.0 | GPL-2+","","","","","","Organization: Debian GNOME Maintainers <pkg-gnome-maintainers@lists.alioth.debian.org>","Copyright (c) Debian contributors","cpe:2.3:a:debian:gnome-sushi:46.0-2:*:*:*:*:*:*:*","pkg:deb/debian/gnome-sushi@46.0-2?arch=arm64","cpe:2.3:a:debian:gnome-sushi:46.0-2:*:*:*:*:*:*:*","pkg:deb/debian/gnome-sushi@46.0-2?arch=arm64","APPLICATION","debian-target"
"gnome-system-monitor","48.1-2","CC-BY-SA-4.0 | GPL-2+ | LGPL-2+","","","","","","Organization: Debian GNOME Maintainers <pkg-gnome-maintainers@lists.alioth.debian.org>","Copyright (c) Debian contributors","cpe:2.3:a:debian:gnome-system-monitor:48.1-2:*:*:*:*:*:*:*","pkg:deb/debian/gnome-system-monitor@48.1-2?arch=arm64","cpe:2.3:a:debian:gnome-system-monitor:48.1-2:*:*:*:*:*:*:*","pkg:deb/debian/gnome-system-monitor@48.1-2?arch=arm64","APPLICATION","debian-target"
"gnome-system-tools","3.0.0-11","GPL-2+","","","","","","Organization: Andriy Grytsenko <andrej@rep.kiev.ua>","Copyright (c) Debian contributors","cpe:2.3:a:debian:gnome-system-tools:3.0.0-11:*:*:*:*:*:*:*","pkg:deb/debian/gnome-system-tools@3.0.0-11?arch=arm64","cpe:2.3:a:debian:gnome-system-tools:3.0.0-11:*:*:*:*:*:*:*","pkg:deb/debian/gnome-system-tools@3.0.0-11?arch=arm64","APPLICATION","debian-target"
"gnome-terminal","3.56.2-2","GFDL-NIV-1.3 | GFDL-NIV-1.3 or GPL-3+ | GPL-3+ | LGPL-3+","","","","","","Organization: Debian GNOME Maintainers <pkg-gnome-maintainers@lists.alioth.debian.org>","Copyright (c) Debian contributors","cpe:2.3:a:debian:gnome-terminal:3.56.2-2:*:*:*:*:*:*:*","pkg:deb/debian/gnome-terminal@3.56.2-2?arch=arm64","cpe:2.3:a:debian:gnome-terminal:3.56.2-2:*:*:*:*:*:*:*","pkg:deb/debian/gnome-terminal@3.56.2-2?arch=arm64","APPLICATION","debian-target"
"gnome-terminal-data","3.56.2-2","GFDL-NIV-1.3 | GFDL-NIV-1.3 or GPL-3+ | GPL-3+ | LGPL-3+","","","","","","Organization: Debian GNOME Maintainers <pkg-gnome-maintainers@lists.alioth.debian.org>","Copyright (c) Debian contributors","cpe:2.3:a:debian:gnome-terminal:3.56.2-2:*:*:*:*:*:*:*","pkg:deb/debian/gnome-terminal@3.56.2-2?arch=all","cpe:2.3:a:debian:gnome-terminal:3.56.2-2:*:*:*:*:*:*:*","pkg:deb/debian/gnome-terminal@3.56.2-2?arch=all","APPLICATION","debian-target"
"gnome-text-editor","48.3-3","CC-BY-SA-3.0 | CC0-1.0 | GPL-2+ | GPL-3+ | LGPL-2.1+ | LGPL-3+","","","","","","Organization: Debian GNOME Maintainers <pkg-gnome-maintainers@lists.alioth.debian.org>","Copyright (c) Debian contributors","cpe:2.3:a:debian:gnome-text-editor:48.3-3:*:*:*:*:*:*:*","pkg:deb/debian/gnome-text-editor@48.3-3?arch=arm64","cpe:2.3:a:debian:gnome-text-editor:48.3-3:*:*:*:*:*:*:*","pkg:deb/debian/gnome-text-editor@48.3-3?arch=arm64","APPLICATION","debian-target"
"gnome-user-docs","48.2-1","CC-BY-SA-3.0","","","","","","Organization: Debian GNOME Maintainers <pkg-gnome-maintainers@lists.alioth.debian.org>","Copyright (c) Debian contributors","cpe:2.3:a:debian:gnome-user-docs:48.2-1:*:*:*:*:*:*:*","pkg:deb/debian/gnome-user-docs@48.2-1?arch=all","cpe:2.3:a:debian:gnome-user-docs:48.2-1:*:*:*:*:*:*:*","pkg:deb/debian/gnome-user-docs@48.2-1?arch=all","APPLICATION","debian-target"
"gnome-video-effects","0.6.0-3","GPL-2+","","","","","","Organization: Debian GNOME Maintainers <pkg-gnome-maintainers@lists.alioth.debian.org>","Copyright (c) Debian contributors","cpe:2.3:a:debian:gnome-video-effects:0.6.0-3:*:*:*:*:*:*:*","pkg:deb/debian/gnome-video-effects@0.6.0-3?arch=all","cpe:2.3:a:debian:gnome-video-effects:0.6.0-3:*:*:*:*:*:*:*","pkg:deb/debian/gnome-video-effects@0.6.0-3?arch=all","APPLICATION","debian-target"
"gnome-weather","48.0-2","CC-BY-3.0 | CC-BY-SA-3.0 | CC-BY-SA-4.0 | GPL-2+ | public-domain","","","","","","Organization: Debian GNOME Maintainers <pkg-gnome-maintainers@lists.alioth.debian.org>","Copyright (c) Debian contributors","cpe:2.3:a:debian:gnome-weather:48.0-2:*:*:*:*:*:*:*","pkg:deb/debian/gnome-weather@48.0-2?arch=all","cpe:2.3:a:debian:gnome-weather:48.0-2:*:*:*:*:*:*:*","pkg:deb/debian/gnome-weather@48.0-2?arch=all","APPLICATION","debian-target"
"gnupg","2.4.7-21+deb13u1","BSD-3-clause | CC0-1.0 | Expat | GPL-2+ | GPL-3+ | GPL-3+ or BSD-3-clause | LGPL-2.1+ | LGPL-3+ | LGPL-3+ or GPL-2+ | RFC-Reference | TinySCHEME | permissive","","","","","","Organization: Debian GnuPG Maintainers <pkg-gnupg-maint@lists.alioth.debian.org>","Copyright (c) Debian contributors","cpe:2.3:a:debian:gnupg2:2.4.7-21+deb13u1:*:*:*:*:*:*:*","pkg:deb/debian/gnupg2@2.4.7-21+deb13u1?arch=all","cpe:2.3:a:debian:gnupg2:2.4.7-21+deb13u1:*:*:*:*:*:*:*","pkg:deb/debian/gnupg2@2.4.7-21+deb13u1?arch=all","APPLICATION","debian-target"
"gnupg-l10n","2.4.7-21+deb13u1","BSD-3-clause | CC0-1.0 | Expat | GPL-2+ | GPL-3+ | GPL-3+ or BSD-3-clause | LGPL-2.1+ | LGPL-3+ | LGPL-3+ or GPL-2+ | RFC-Reference | TinySCHEME | permissive","","","","","","Organization: Debian GnuPG Maintainers <pkg-gnupg-maint@lists.alioth.debian.org>","Copyright (c) Debian contributors","cpe:2.3:a:debian:gnupg2:2.4.7-21+deb13u1:*:*:*:*:*:*:*","pkg:deb/debian/gnupg2@2.4.7-21+deb13u1?arch=all","cpe:2.3:a:debian:gnupg2:2.4.7-21+deb13u1:*:*:*:*:*:*:*","pkg:deb/debian/gnupg2@2.4.7-21+deb13u1?arch=all","APPLICATION","debian-target"
"go-l2tp","0.1.8-1+b10","Expat | GPL-2 with Linux-syscall-note exception","","","","","","Organization: Debian Go Packaging Team <team+pkg-go@tracker.debian.org>","Copyright (c) Debian contributors","cpe:2.3:a:debian:golang-github-katalix-go-l2tp (0.1.8-1):0.1.8-1+b10:*:*:*:*:*:*:*","pkg:deb/debian/golang-github-katalix-go-l2tp (0.1.8-1)@0.1.8-1+b10?arch=arm64","cpe:2.3:a:debian:golang-github-katalix-go-l2tp (0.1.8-1):0.1.8-1+b10:*:*:*:*:*:*:*","pkg:deb/debian/golang-github-katalix-go-l2tp (0.1.8-1)@0.1.8-1+b10?arch=arm64","APPLICATION","debian-target"
"gpg","2.4.7-21+deb13u1+b3","BSD-3-clause | CC0-1.0 | Expat | GPL-2+ | GPL-3+ | GPL-3+ or BSD-3-clause | LGPL-2.1+ | LGPL-3+ | LGPL-3+ or GPL-2+ | RFC-Reference | TinySCHEME | permissive","","","","","","Organization: Debian GnuPG Maintainers <pkg-gnupg-maint@lists.alioth.debian.org>","Copyright (c) Debian contributors","cpe:2.3:a:debian:gnupg2 (2.4.7-21+deb13u1):2.4.7-21+deb13u1+b3:*:*:*:*:*:*:*","pkg:deb/debian/gnupg2 (2.4.7-21+deb13u1)@2.4.7-21+deb13u1+b3?arch=arm64","cpe:2.3:a:debian:gnupg2 (2.4.7-21+deb13u1):2.4.7-21+deb13u1+b3:*:*:*:*:*:*:*","pkg:deb/debian/gnupg2 (2.4.7-21+deb13u1)@2.4.7-21+deb13u1+b3?arch=arm64","APPLICATION","debian-target"
"gpg-agent","2.4.7-21+deb13u1+b3","BSD-3-clause | CC0-1.0 | Expat | GPL-2+ | GPL-3+ | GPL-3+ or BSD-3-clause | LGPL-2.1+ | LGPL-3+ | LGPL-3+ or GPL-2+ | RFC-Reference | TinySCHEME | permissive","","","","","","Organization: Debian GnuPG Maintainers <pkg-gnupg-maint@lists.alioth.debian.org>","Copyright (c) Debian contributors","cpe:2.3:a:debian:gnupg2 (2.4.7-21+deb13u1):2.4.7-21+deb13u1+b3:*:*:*:*:*:*:*","pkg:deb/debian/gnupg2 (2.4.7-21+deb13u1)@2.4.7-21+deb13u1+b3?arch=arm64","cpe:2.3:a:debian:gnupg2 (2.4.7-21+deb13u1):2.4.7-21+deb13u1+b3:*:*:*:*:*:*:*","pkg:deb/debian/gnupg2 (2.4.7-21+deb13u1)@2.4.7-21+deb13u1+b3?arch=arm64","APPLICATION","debian-target"
"gpgconf","2.4.7-21+deb13u1+b3","BSD-3-clause | CC0-1.0 | Expat | GPL-2+ | GPL-3+ | GPL-3+ or BSD-3-clause | LGPL-2.1+ | LGPL-3+ | LGPL-3+ or GPL-2+ | RFC-Reference | TinySCHEME | permissive","","","","","","Organization: Debian GnuPG Maintainers <pkg-gnupg-maint@lists.alioth.debian.org>","Copyright (c) Debian contributors","cpe:2.3:a:debian:gnupg2 (2.4.7-21+deb13u1):2.4.7-21+deb13u1+b3:*:*:*:*:*:*:*","pkg:deb/debian/gnupg2 (2.4.7-21+deb13u1)@2.4.7-21+deb13u1+b3?arch=arm64","cpe:2.3:a:debian:gnupg2 (2.4.7-21+deb13u1):2.4.7-21+deb13u1+b3:*:*:*:*:*:*:*","pkg:deb/debian/gnupg2 (2.4.7-21+deb13u1)@2.4.7-21+deb13u1+b3?arch=arm64","APPLICATION","debian-target"
"gpgsm","2.4.7-21+deb13u1+b3","BSD-3-clause | CC0-1.0 | Expat | GPL-2+ | GPL-3+ | GPL-3+ or BSD-3-clause | LGPL-2.1+ | LGPL-3+ | LGPL-3+ or GPL-2+ | RFC-Reference | TinySCHEME | permissive","","","","","","Organization: Debian GnuPG Maintainers <pkg-gnupg-maint@lists.alioth.debian.org>","Copyright (c) Debian contributors","cpe:2.3:a:debian:gnupg2 (2.4.7-21+deb13u1):2.4.7-21+deb13u1+b3:*:*:*:*:*:*:*","pkg:deb/debian/gnupg2 (2.4.7-21+deb13u1)@2.4.7-21+deb13u1+b3?arch=arm64","cpe:2.3:a:debian:gnupg2 (2.4.7-21+deb13u1):2.4.7-21+deb13u1+b3:*:*:*:*:*:*:*","pkg:deb/debian/gnupg2 (2.4.7-21+deb13u1)@2.4.7-21+deb13u1+b3?arch=arm64","APPLICATION","debian-target"
"grep","3.11-4+b1","GPL-3+","","","","","","Organization: Anibal Monsalve Salazar <anibal@debian.org>","Copyright (c) Debian contributors","cpe:2.3:a:debian:grep (3.11-4):3.11-4+b1:*:*:*:*:*:*:*","pkg:deb/debian/grep (3.11-4)@3.11-4+b1?arch=arm64","cpe:2.3:a:debian:grep (3.11-4):3.11-4+b1:*:*:*:*:*:*:*","pkg:deb/debian/grep (3.11-4)@3.11-4+b1?arch=arm64","APPLICATION","debian-target"
"grilo-plugins-0.3","0.3.16-5","Expat | LGPL-2+ | LGPL-2.1+","","","","","","Organization: Alberto Garcia <berto@igalia.com>","Copyright (c) Debian contributors","cpe:2.3:a:debian:grilo-plugins:0.3.16-5:*:*:*:*:*:*:*","pkg:deb/debian/grilo-plugins@0.3.16-5?arch=arm64","cpe:2.3:a:debian:grilo-plugins:0.3.16-5:*:*:*:*:*:*:*","pkg:deb/debian/grilo-plugins@0.3.16-5?arch=arm64","LIBRARY","debian-target"
"groff-base","1.23.0-9","","","","","","","Organization: Colin Watson <cjwatson@debian.org>","Copyright (c) Debian contributors","cpe:2.3:a:debian:groff:1.23.0-9:*:*:*:*:*:*:*","pkg:deb/debian/groff@1.23.0-9?arch=arm64","cpe:2.3:a:debian:groff:1.23.0-9:*:*:*:*:*:*:*","pkg:deb/debian/groff@1.23.0-9?arch=arm64","APPLICATION","debian-target"
"gsettings-desktop-schemas","48.0-1","LGPL-2.1+","","","","","","Organization: Debian GNOME Maintainers <pkg-gnome-maintainers@lists.alioth.debian.org>","Copyright (c) Debian contributors","cpe:2.3:a:debian:gsettings-desktop-schemas:48.0-1:*:*:*:*:*:*:*","pkg:deb/debian/gsettings-desktop-schemas@48.0-1?arch=all","cpe:2.3:a:debian:gsettings-desktop-schemas:48.0-1:*:*:*:*:*:*:*","pkg:deb/debian/gsettings-desktop-schemas@48.0-1?arch=all","APPLICATION","debian-target"
"gstreamer1.0-alsa","1.26.10-1","BSD-3-clause | CC-BY-SA-4.0 | GPL-2+ | LGPL | LGPL-2+ | LGPL-2.1+ | MIT | MIT or LGPL-2+ | public-domain","","","","","","Organization: Maintainers of GStreamer packages <gst-plugins-base1.0@packages.debian.org>","Copyright (c) Debian contributors","cpe:2.3:a:debian:gst-plugins-base1.0:1.26.10-1:*:*:*:*:*:*:*","pkg:deb/debian/gst-plugins-base1.0@1.26.10-1?arch=arm64","cpe:2.3:a:debian:gst-plugins-base1.0:1.26.10-1:*:*:*:*:*:*:*","pkg:deb/debian/gst-plugins-base1.0@1.26.10-1?arch=arm64","LIBRARY","debian-target"
"gstreamer1.0-alsa-dbgsym","1.26.10-1","BSD-3-clause | CC-BY-SA-4.0 | GPL-2+ | LGPL | LGPL-2+ | LGPL-2.1+ | MIT | MIT or LGPL-2+ | public-domain","","","","","","Organization: Maintainers of GStreamer packages <gst-plugins-base1.0@packages.debian.org>","Copyright (c) Debian contributors","cpe:2.3:a:debian:gst-plugins-base1.0:1.26.10-1:*:*:*:*:*:*:*","pkg:deb/debian/gst-plugins-base1.0@1.26.10-1?arch=arm64","cpe:2.3:a:debian:gst-plugins-base1.0:1.26.10-1:*:*:*:*:*:*:*","pkg:deb/debian/gst-plugins-base1.0@1.26.10-1?arch=arm64","APPLICATION","debian-target"
"gstreamer1.0-clutter-3.0","3.0.27-4+b1","","","","","","","Organization: Debian GNOME Maintainers <pkg-gnome-maintainers@lists.alioth.debian.org>","Copyright (c) Debian contributors","cpe:2.3:a:debian:clutter-gst-3.0 (3.0.27-4):3.0.27-4+b1:*:*:*:*:*:*:*","pkg:deb/debian/clutter-gst-3.0 (3.0.27-4)@3.0.27-4+b1?arch=arm64","cpe:2.3:a:debian:clutter-gst-3.0 (3.0.27-4):3.0.27-4+b1:*:*:*:*:*:*:*","pkg:deb/debian/clutter-gst-3.0 (3.0.27-4)@3.0.27-4+b1?arch=arm64","APPLICATION","debian-target"
"gstreamer1.0-gl","1.26.10-1","BSD-3-clause | CC-BY-SA-4.0 | GPL-2+ | LGPL | LGPL-2+ | LGPL-2.1+ | MIT | MIT or LGPL-2+ | public-domain","","","","","","Organization: Maintainers of GStreamer packages <gst-plugins-base1.0@packages.debian.org>","Copyright (c) Debian contributors","cpe:2.3:a:debian:gst-plugins-base1.0:1.26.10-1:*:*:*:*:*:*:*","pkg:deb/debian/gst-plugins-base1.0@1.26.10-1?arch=arm64","cpe:2.3:a:debian:gst-plugins-base1.0:1.26.10-1:*:*:*:*:*:*:*","pkg:deb/debian/gst-plugins-base1.0@1.26.10-1?arch=arm64","LIBRARY","debian-target"
"gstreamer1.0-gl-dbgsym","1.26.10-1","BSD-3-clause | CC-BY-SA-4.0 | GPL-2+ | LGPL | LGPL-2+ | LGPL-2.1+ | MIT | MIT or LGPL-2+ | public-domain","","","","","","Organization: Maintainers of GStreamer packages <gst-plugins-base1.0@packages.debian.org>","Copyright (c) Debian contributors","cpe:2.3:a:debian:gst-plugins-base1.0:1.26.10-1:*:*:*:*:*:*:*","pkg:deb/debian/gst-plugins-base1.0@1.26.10-1?arch=arm64","cpe:2.3:a:debian:gst-plugins-base1.0:1.26.10-1:*:*:*:*:*:*:*","pkg:deb/debian/gst-plugins-base1.0@1.26.10-1?arch=arm64","APPLICATION","debian-target"
"gstreamer1.0-gtk3","1.26.10-1","BSD-3-clause | GPL-2+ | LGPL-2 | LGPL-2+ | LGPL-2.1+ | MIT | MIT or LGPL-2+","","","","","","Organization: Maintainers of GStreamer packages <gst-plugins-good1.0@packages.debian.org>","Copyright (c) Debian contributors","cpe:2.3:a:debian:gst-plugins-good1.0:1.26.10-1:*:*:*:*:*:*:*","pkg:deb/debian/gst-plugins-good1.0@1.26.10-1?arch=arm64","cpe:2.3:a:debian:gst-plugins-good1.0:1.26.10-1:*:*:*:*:*:*:*","pkg:deb/debian/gst-plugins-good1.0@1.26.10-1?arch=arm64","APPLICATION","debian-target"
"gstreamer1.0-gtk3-dbgsym","1.26.10-1","BSD-3-clause | GPL-2+ | LGPL-2 | LGPL-2+ | LGPL-2.1+ | MIT | MIT or LGPL-2+","","","","","","Organization: Maintainers of GStreamer packages <gst-plugins-good1.0@packages.debian.org>","Copyright (c) Debian contributors","cpe:2.3:a:debian:gst-plugins-good1.0:1.26.10-1:*:*:*:*:*:*:*","pkg:deb/debian/gst-plugins-good1.0@1.26.10-1?arch=arm64","cpe:2.3:a:debian:gst-plugins-good1.0:1.26.10-1:*:*:*:*:*:*:*","pkg:deb/debian/gst-plugins-good1.0@1.26.10-1?arch=arm64","APPLICATION","debian-target"
"gstreamer1.0-gtk4","0.13.5-1","MPL-2.0","","","","","","Organization: Debian Rust Maintainers <pkg-rust-maintainers@alioth-lists.debian.net>","Copyright (c) Debian contributors","cpe:2.3:a:debian:rust-gst-plugin-gtk4:0.13.5-1:*:*:*:*:*:*:*","pkg:deb/debian/rust-gst-plugin-gtk4@0.13.5-1?arch=arm64","cpe:2.3:a:debian:rust-gst-plugin-gtk4:0.13.5-1:*:*:*:*:*:*:*","pkg:deb/debian/rust-gst-plugin-gtk4@0.13.5-1?arch=arm64","APPLICATION","debian-target"
"gstreamer1.0-opencv","1.26.10-2","BSD-2-clause | GPL-2+ | GPL-3+ | ISC | LGPL-2+ | LGPL-2.1+ | MIT | MIT or LGPL-2+ | MPL-1.1 | MPL-1.1 or LGPL-2+ | MPL-1.1 or MIT or LGPL-2+","","","","","","Organization: Maintainers of GStreamer packages <gst-plugins-bad1.0@packages.debian.org>","Copyright (c) Debian contributors","cpe:2.3:a:debian:gst-plugins-bad1.0:1.26.10-2:*:*:*:*:*:*:*","pkg:deb/debian/gst-plugins-bad1.0@1.26.10-2?arch=arm64","cpe:2.3:a:debian:gst-plugins-bad1.0:1.26.10-2:*:*:*:*:*:*:*","pkg:deb/debian/gst-plugins-bad1.0@1.26.10-2?arch=arm64","LIBRARY","debian-target"
"gstreamer1.0-opencv-dbgsym","1.26.10-2","BSD-2-clause | GPL-2+ | GPL-3+ | ISC | LGPL-2+ | LGPL-2.1+ | MIT | MIT or LGPL-2+ | MPL-1.1 | MPL-1.1 or LGPL-2+ | MPL-1.1 or MIT or LGPL-2+","","","","","","Organization: Maintainers of GStreamer packages <gst-plugins-bad1.0@packages.debian.org>","Copyright (c) Debian contributors","cpe:2.3:a:debian:gst-plugins-bad1.0:1.26.10-2:*:*:*:*:*:*:*","pkg:deb/debian/gst-plugins-bad1.0@1.26.10-2?arch=arm64","cpe:2.3:a:debian:gst-plugins-bad1.0:1.26.10-2:*:*:*:*:*:*:*","pkg:deb/debian/gst-plugins-bad1.0@1.26.10-2?arch=arm64","APPLICATION","debian-target"
"gstreamer1.0-packagekit","1.3.1-1+deb13u1","FSFAP | GPL-2+ | GPL-2+ and LGPL-2.1+ | LGPL-2.1+","","","","","","Organization: Matthias Klumpp <mak@debian.org>","Copyright (c) Debian contributors","cpe:2.3:a:debian:packagekit:1.3.1-1+deb13u1:*:*:*:*:*:*:*","pkg:deb/debian/packagekit@1.3.1-1+deb13u1?arch=arm64","cpe:2.3:a:debian:packagekit:1.3.1-1+deb13u1:*:*:*:*:*:*:*","pkg:deb/debian/packagekit@1.3.1-1+deb13u1?arch=arm64","LIBRARY","debian-target"
"gstreamer1.0-pipewire","1.4.2-1","BZIP2 | Expat | Expat and LGPL-2.1+ | FFTPACK | GPL-2 | LGPL-2+ | LGPL-2+ and LGPL-2.1+ and Expat | LGPL-2.1+","","","","","","Organization: Utopia Maintenance Team <pkg-utopia-maintainers@alioth-lists.debian.net>","Copyright (c) Debian contributors","cpe:2.3:a:debian:pipewire:1.4.2-1:*:*:*:*:*:*:*","pkg:deb/debian/pipewire@1.4.2-1?arch=arm64","cpe:2.3:a:debian:pipewire:1.4.2-1:*:*:*:*:*:*:*","pkg:deb/debian/pipewire@1.4.2-1?arch=arm64","LIBRARY","debian-target"
"gstreamer1.0-plugins-bad","1.26.10-2","BSD-2-clause | GPL-2+ | GPL-3+ | ISC | LGPL-2+ | LGPL-2.1+ | MIT | MIT or LGPL-2+ | MPL-1.1 | MPL-1.1 or LGPL-2+ | MPL-1.1 or MIT or LGPL-2+","","","","","","Organization: Maintainers of GStreamer packages <gst-plugins-bad1.0@packages.debian.org>","Copyright (c) Debian contributors","cpe:2.3:a:debian:gst-plugins-bad1.0:1.26.10-2:*:*:*:*:*:*:*","pkg:deb/debian/gst-plugins-bad1.0@1.26.10-2?arch=arm64","cpe:2.3:a:debian:gst-plugins-bad1.0:1.26.10-2:*:*:*:*:*:*:*","pkg:deb/debian/gst-plugins-bad1.0@1.26.10-2?arch=arm64","LIBRARY","debian-target"
"gstreamer1.0-plugins-bad-apps","1.26.10-2","BSD-2-clause | GPL-2+ | GPL-3+ | ISC | LGPL-2+ | LGPL-2.1+ | MIT | MIT or LGPL-2+ | MPL-1.1 | MPL-1.1 or LGPL-2+ | MPL-1.1 or MIT or LGPL-2+","","","","","","Organization: Maintainers of GStreamer packages <gst-plugins-bad1.0@packages.debian.org>","Copyright (c) Debian contributors","cpe:2.3:a:debian:gst-plugins-bad1.0:1.26.10-2:*:*:*:*:*:*:*","pkg:deb/debian/gst-plugins-bad1.0@1.26.10-2?arch=arm64","cpe:2.3:a:debian:gst-plugins-bad1.0:1.26.10-2:*:*:*:*:*:*:*","pkg:deb/debian/gst-plugins-bad1.0@1.26.10-2?arch=arm64","APPLICATION","debian-target"
"gstreamer1.0-plugins-bad-apps-dbgsym","1.26.10-2","BSD-2-clause | GPL-2+ | GPL-3+ | ISC | LGPL-2+ | LGPL-2.1+ | MIT | MIT or LGPL-2+ | MPL-1.1 | MPL-1.1 or LGPL-2+ | MPL-1.1 or MIT or LGPL-2+","","","","","","Organization: Maintainers of GStreamer packages <gst-plugins-bad1.0@packages.debian.org>","Copyright (c) Debian contributors","cpe:2.3:a:debian:gst-plugins-bad1.0:1.26.10-2:*:*:*:*:*:*:*","pkg:deb/debian/gst-plugins-bad1.0@1.26.10-2?arch=arm64","cpe:2.3:a:debian:gst-plugins-bad1.0:1.26.10-2:*:*:*:*:*:*:*","pkg:deb/debian/gst-plugins-bad1.0@1.26.10-2?arch=arm64","APPLICATION","debian-target"
"gstreamer1.0-plugins-bad-dbgsym","1.26.10-2","BSD-2-clause | GPL-2+ | GPL-3+ | ISC | LGPL-2+ | LGPL-2.1+ | MIT | MIT or LGPL-2+ | MPL-1.1 | MPL-1.1 or LGPL-2+ | MPL-1.1 or MIT or LGPL-2+","","","","","","Organization: Maintainers of GStreamer packages <gst-plugins-bad1.0@packages.debian.org>","Copyright (c) Debian contributors","cpe:2.3:a:debian:gst-plugins-bad1.0:1.26.10-2:*:*:*:*:*:*:*","pkg:deb/debian/gst-plugins-bad1.0@1.26.10-2?arch=arm64","cpe:2.3:a:debian:gst-plugins-bad1.0:1.26.10-2:*:*:*:*:*:*:*","pkg:deb/debian/gst-plugins-bad1.0@1.26.10-2?arch=arm64","APPLICATION","debian-target"
"gstreamer1.0-plugins-base","1.26.10-1","BSD-3-clause | CC-BY-SA-4.0 | GPL-2+ | LGPL | LGPL-2+ | LGPL-2.1+ | MIT | MIT or LGPL-2+ | public-domain","","","","","","Organization: Maintainers of GStreamer packages <gst-plugins-base1.0@packages.debian.org>","Copyright (c) Debian contributors","cpe:2.3:a:debian:gst-plugins-base1.0:1.26.10-1:*:*:*:*:*:*:*","pkg:deb/debian/gst-plugins-base1.0@1.26.10-1?arch=arm64","cpe:2.3:a:debian:gst-plugins-base1.0:1.26.10-1:*:*:*:*:*:*:*","pkg:deb/debian/gst-plugins-base1.0@1.26.10-1?arch=arm64","LIBRARY","debian-target"
"gstreamer1.0-plugins-base-apps","1.26.10-1","BSD-3-clause | CC-BY-SA-4.0 | GPL-2+ | LGPL | LGPL-2+ | LGPL-2.1+ | MIT | MIT or LGPL-2+ | public-domain","","","","","","Organization: Maintainers of GStreamer packages <gst-plugins-base1.0@packages.debian.org>","Copyright (c) Debian contributors","cpe:2.3:a:debian:gst-plugins-base1.0:1.26.10-1:*:*:*:*:*:*:*","pkg:deb/debian/gst-plugins-base1.0@1.26.10-1?arch=arm64","cpe:2.3:a:debian:gst-plugins-base1.0:1.26.10-1:*:*:*:*:*:*:*","pkg:deb/debian/gst-plugins-base1.0@1.26.10-1?arch=arm64","APPLICATION","debian-target"
"gstreamer1.0-plugins-base-apps-dbgsym","1.26.10-1","BSD-3-clause | CC-BY-SA-4.0 | GPL-2+ | LGPL | LGPL-2+ | LGPL-2.1+ | MIT | MIT or LGPL-2+ | public-domain","","","","","","Organization: Maintainers of GStreamer packages <gst-plugins-base1.0@packages.debian.org>","Copyright (c) Debian contributors","cpe:2.3:a:debian:gst-plugins-base1.0:1.26.10-1:*:*:*:*:*:*:*","pkg:deb/debian/gst-plugins-base1.0@1.26.10-1?arch=arm64","cpe:2.3:a:debian:gst-plugins-base1.0:1.26.10-1:*:*:*:*:*:*:*","pkg:deb/debian/gst-plugins-base1.0@1.26.10-1?arch=arm64","APPLICATION","debian-target"
"gstreamer1.0-plugins-base-dbgsym","1.26.10-1","BSD-3-clause | CC-BY-SA-4.0 | GPL-2+ | LGPL | LGPL-2+ | LGPL-2.1+ | MIT | MIT or LGPL-2+ | public-domain","","","","","","Organization: Maintainers of GStreamer packages <gst-plugins-base1.0@packages.debian.org>","Copyright (c) Debian contributors","cpe:2.3:a:debian:gst-plugins-base1.0:1.26.10-1:*:*:*:*:*:*:*","pkg:deb/debian/gst-plugins-base1.0@1.26.10-1?arch=arm64","cpe:2.3:a:debian:gst-plugins-base1.0:1.26.10-1:*:*:*:*:*:*:*","pkg:deb/debian/gst-plugins-base1.0@1.26.10-1?arch=arm64","APPLICATION","debian-target"
"gstreamer1.0-plugins-good","1.26.10-1","BSD-3-clause | GPL-2+ | LGPL-2 | LGPL-2+ | LGPL-2.1+ | MIT | MIT or LGPL-2+","","","","","","Organization: Maintainers of GStreamer packages <gst-plugins-good1.0@packages.debian.org>","Copyright (c) Debian contributors","cpe:2.3:a:debian:gst-plugins-good1.0:1.26.10-1:*:*:*:*:*:*:*","pkg:deb/debian/gst-plugins-good1.0@1.26.10-1?arch=arm64","cpe:2.3:a:debian:gst-plugins-good1.0:1.26.10-1:*:*:*:*:*:*:*","pkg:deb/debian/gst-plugins-good1.0@1.26.10-1?arch=arm64","LIBRARY","debian-target"
"gstreamer1.0-plugins-good-dbgsym","1.26.10-1","BSD-3-clause | GPL-2+ | LGPL-2 | LGPL-2+ | LGPL-2.1+ | MIT | MIT or LGPL-2+","","","","","","Organization: Maintainers of GStreamer packages <gst-plugins-good1.0@packages.debian.org>","Copyright (c) Debian contributors","cpe:2.3:a:debian:gst-plugins-good1.0:1.26.10-1:*:*:*:*:*:*:*","pkg:deb/debian/gst-plugins-good1.0@1.26.10-1?arch=arm64","cpe:2.3:a:debian:gst-plugins-good1.0:1.26.10-1:*:*:*:*:*:*:*","pkg:deb/debian/gst-plugins-good1.0@1.26.10-1?arch=arm64","APPLICATION","debian-target"
"gstreamer1.0-plugins-ugly","1.26.3-4+deb13u1","GPL-2+ | LGPL-2+ | LGPL-2.1+ | MIT/X11 (BSD like) LGPL-2+","","","","","","Organization: Maintainers of GStreamer packages <gst-plugins-ugly1.0@packages.debian.org>","Copyright (c) Debian contributors","cpe:2.3:a:debian:gst-plugins-ugly1.0:1.26.3-4+deb13u1:*:*:*:*:*:*:*","pkg:deb/debian/gst-plugins-ugly1.0@1.26.3-4+deb13u1?arch=arm64","cpe:2.3:a:debian:gst-plugins-ugly1.0:1.26.3-4+deb13u1:*:*:*:*:*:*:*","pkg:deb/debian/gst-plugins-ugly1.0@1.26.3-4+deb13u1?arch=arm64","LIBRARY","debian-target"
"gstreamer1.0-pulseaudio","1.26.10-1","BSD-3-clause | GPL-2+ | LGPL-2 | LGPL-2+ | LGPL-2.1+ | MIT | MIT or LGPL-2+","","","","","","Organization: Maintainers of GStreamer packages <gst-plugins-good1.0@packages.debian.org>","Copyright (c) Debian contributors","cpe:2.3:a:debian:gst-plugins-good1.0:1.26.10-1:*:*:*:*:*:*:*","pkg:deb/debian/gst-plugins-good1.0@1.26.10-1?arch=arm64","cpe:2.3:a:debian:gst-plugins-good1.0:1.26.10-1:*:*:*:*:*:*:*","pkg:deb/debian/gst-plugins-good1.0@1.26.10-1?arch=arm64","APPLICATION","debian-target"
"gstreamer1.0-rockchip1","1.14-4","LGPL-2.0+","","","","","","Organization: Jeffy Chen <jeffy.chen@rock-chips.com>","Copyright (c) Debian contributors","cpe:2.3:a:debian:gstreamer1.0-rockchip:1.14-4:*:*:*:*:*:*:*","pkg:deb/debian/gstreamer1.0-rockchip@1.14-4?arch=arm64","cpe:2.3:a:debian:gstreamer1.0-rockchip:1.14-4:*:*:*:*:*:*:*","pkg:deb/debian/gstreamer1.0-rockchip@1.14-4?arch=arm64","LIBRARY","debian-target"
"gstreamer1.0-rockchip1-dbgsym","1.14-4","LGPL-2.0+","","","","","","Organization: Jeffy Chen <jeffy.chen@rock-chips.com>","Copyright (c) Debian contributors","cpe:2.3:a:debian:gstreamer1.0-rockchip:1.14-4:*:*:*:*:*:*:*","pkg:deb/debian/gstreamer1.0-rockchip@1.14-4?arch=arm64","cpe:2.3:a:debian:gstreamer1.0-rockchip:1.14-4:*:*:*:*:*:*:*","pkg:deb/debian/gstreamer1.0-rockchip@1.14-4?arch=arm64","APPLICATION","debian-target"
"gstreamer1.0-tools","1.26.10-1","CC-BY-SA-4.0 | GFDL | LGPL | LGPL-2+ | LGPL-2.1+ | MPL-2.0 | public-domain","","","","","","Organization: Maintainers of GStreamer packages <gstreamer1.0@packages.debian.org>","Copyright (c) Debian contributors","cpe:2.3:a:debian:gstreamer1.0:1.26.10-1:*:*:*:*:*:*:*","pkg:deb/debian/gstreamer1.0@1.26.10-1?arch=arm64","cpe:2.3:a:debian:gstreamer1.0:1.26.10-1:*:*:*:*:*:*:*","pkg:deb/debian/gstreamer1.0@1.26.10-1?arch=arm64","APPLICATION","debian-target"
"gstreamer1.0-tools-dbgsym","1.26.10-1","CC-BY-SA-4.0 | GFDL | LGPL | LGPL-2+ | LGPL-2.1+ | MPL-2.0 | public-domain","","","","","","Organization: Maintainers of GStreamer packages <gstreamer1.0@packages.debian.org>","Copyright (c) Debian contributors","cpe:2.3:a:debian:gstreamer1.0:1.26.10-1:*:*:*:*:*:*:*","pkg:deb/debian/gstreamer1.0@1.26.10-1?arch=arm64","cpe:2.3:a:debian:gstreamer1.0:1.26.10-1:*:*:*:*:*:*:*","pkg:deb/debian/gstreamer1.0@1.26.10-1?arch=arm64","APPLICATION","debian-target"
"gstreamer1.0-wpe","1.26.10-2","BSD-2-clause | GPL-2+ | GPL-3+ | ISC | LGPL-2+ | LGPL-2.1+ | MIT | MIT or LGPL-2+ | MPL-1.1 | MPL-1.1 or LGPL-2+ | MPL-1.1 or MIT or LGPL-2+","","","","","","Organization: Maintainers of GStreamer packages <gst-plugins-bad1.0@packages.debian.org>","Copyright (c) Debian contributors","cpe:2.3:a:debian:gst-plugins-bad1.0:1.26.10-2:*:*:*:*:*:*:*","pkg:deb/debian/gst-plugins-bad1.0@1.26.10-2?arch=arm64","cpe:2.3:a:debian:gst-plugins-bad1.0:1.26.10-2:*:*:*:*:*:*:*","pkg:deb/debian/gst-plugins-bad1.0@1.26.10-2?arch=arm64","LIBRARY","debian-target"
"gstreamer1.0-wpe-dbgsym","1.26.10-2","BSD-2-clause | GPL-2+ | GPL-3+ | ISC | LGPL-2+ | LGPL-2.1+ | MIT | MIT or LGPL-2+ | MPL-1.1 | MPL-1.1 or LGPL-2+ | MPL-1.1 or MIT or LGPL-2+","","","","","","Organization: Maintainers of GStreamer packages <gst-plugins-bad1.0@packages.debian.org>","Copyright (c) Debian contributors","cpe:2.3:a:debian:gst-plugins-bad1.0:1.26.10-2:*:*:*:*:*:*:*","pkg:deb/debian/gst-plugins-bad1.0@1.26.10-2?arch=arm64","cpe:2.3:a:debian:gst-plugins-bad1.0:1.26.10-2:*:*:*:*:*:*:*","pkg:deb/debian/gst-plugins-bad1.0@1.26.10-2?arch=arm64","APPLICATION","debian-target"
"gstreamer1.0-x","1.26.10-1","BSD-3-clause | CC-BY-SA-4.0 | GPL-2+ | LGPL | LGPL-2+ | LGPL-2.1+ | MIT | MIT or LGPL-2+ | public-domain","","","","","","Organization: Maintainers of GStreamer packages <gst-plugins-base1.0@packages.debian.org>","Copyright (c) Debian contributors","cpe:2.3:a:debian:gst-plugins-base1.0:1.26.10-1:*:*:*:*:*:*:*","pkg:deb/debian/gst-plugins-base1.0@1.26.10-1?arch=arm64","cpe:2.3:a:debian:gst-plugins-base1.0:1.26.10-1:*:*:*:*:*:*:*","pkg:deb/debian/gst-plugins-base1.0@1.26.10-1?arch=arm64","LIBRARY","debian-target"
"gstreamer1.0-x-dbgsym","1.26.10-1","BSD-3-clause | CC-BY-SA-4.0 | GPL-2+ | LGPL | LGPL-2+ | LGPL-2.1+ | MIT | MIT or LGPL-2+ | public-domain","","","","","","Organization: Maintainers of GStreamer packages <gst-plugins-base1.0@packages.debian.org>","Copyright (c) Debian contributors","cpe:2.3:a:debian:gst-plugins-base1.0:1.26.10-1:*:*:*:*:*:*:*","pkg:deb/debian/gst-plugins-base1.0@1.26.10-1?arch=arm64","cpe:2.3:a:debian:gst-plugins-base1.0:1.26.10-1:*:*:*:*:*:*:*","pkg:deb/debian/gst-plugins-base1.0@1.26.10-1?arch=arm64","APPLICATION","debian-target"
"gtk-update-icon-cache","4.18.6+ds-2","Apache-2.0 | Apache-2.0 with LLVM exception | BSD-3-clause-Google | CC0-1.0 | Expat | GPL-3+ | LGPL-2+ | LGPL-2+ and LGPL-2.1+ and sun-permissive and lcs-telegraphics-permissive and X11R5-permissive and Expat and BSD-3-clause-Google and Apache-2.0 and CC0-1.0 and ZPL-2.1 | LGPL-2.1+ | Unicode-DFS-2016 | X11R5-permissive | ZPL-2.1 | lcs-telegraphics-permissive | sun-permissive","","","","","","Organization: Debian GNOME Maintainers <pkg-gnome-maintainers@lists.alioth.debian.org>","Copyright (c) Debian contributors","cpe:2.3:a:debian:gtk4:4.18.6+ds-2:*:*:*:*:*:*:*","pkg:deb/debian/gtk4@4.18.6+ds-2?arch=arm64","cpe:2.3:a:debian:gtk4:4.18.6+ds-2:*:*:*:*:*:*:*","pkg:deb/debian/gtk4@4.18.6+ds-2?arch=arm64","APPLICATION","debian-target"
"gvfs","1.57.2-2+deb13u1","GPL-2+ | GPL-3+ | LGPL-2+","","","","","","Organization: Debian GNOME Maintainers <pkg-gnome-maintainers@lists.alioth.debian.org>","Copyright (c) Debian contributors","cpe:2.3:a:debian:gvfs:1.57.2-2+deb13u1:*:*:*:*:*:*:*","pkg:deb/debian/gvfs@1.57.2-2+deb13u1?arch=arm64","cpe:2.3:a:debian:gvfs:1.57.2-2+deb13u1:*:*:*:*:*:*:*","pkg:deb/debian/gvfs@1.57.2-2+deb13u1?arch=arm64","LIBRARY","debian-target"
"gvfs-backends","1.57.2-2+deb13u1","GPL-2+ | GPL-3+ | LGPL-2+","","","","","","Organization: Debian GNOME Maintainers <pkg-gnome-maintainers@lists.alioth.debian.org>","Copyright (c) Debian contributors","cpe:2.3:a:debian:gvfs:1.57.2-2+deb13u1:*:*:*:*:*:*:*","pkg:deb/debian/gvfs@1.57.2-2+deb13u1?arch=arm64","cpe:2.3:a:debian:gvfs:1.57.2-2+deb13u1:*:*:*:*:*:*:*","pkg:deb/debian/gvfs@1.57.2-2+deb13u1?arch=arm64","APPLICATION","debian-target"
"gvfs-common","1.57.2-2+deb13u1","GPL-2+ | GPL-3+ | LGPL-2+","","","","","","Organization: Debian GNOME Maintainers <pkg-gnome-maintainers@lists.alioth.debian.org>","Copyright (c) Debian contributors","cpe:2.3:a:debian:gvfs:1.57.2-2+deb13u1:*:*:*:*:*:*:*","pkg:deb/debian/gvfs@1.57.2-2+deb13u1?arch=all","cpe:2.3:a:debian:gvfs:1.57.2-2+deb13u1:*:*:*:*:*:*:*","pkg:deb/debian/gvfs@1.57.2-2+deb13u1?arch=all","LIBRARY","debian-target"
"gvfs-daemons","1.57.2-2+deb13u1","GPL-2+ | GPL-3+ | LGPL-2+","","","","","","Organization: Debian GNOME Maintainers <pkg-gnome-maintainers@lists.alioth.debian.org>","Copyright (c) Debian contributors","cpe:2.3:a:debian:gvfs:1.57.2-2+deb13u1:*:*:*:*:*:*:*","pkg:deb/debian/gvfs@1.57.2-2+deb13u1?arch=arm64","cpe:2.3:a:debian:gvfs:1.57.2-2+deb13u1:*:*:*:*:*:*:*","pkg:deb/debian/gvfs@1.57.2-2+deb13u1?arch=arm64","LIBRARY","debian-target"
"gvfs-fuse","1.57.2-2+deb13u1","GPL-2+ | GPL-3+ | LGPL-2+","","","","","","Organization: Debian GNOME Maintainers <pkg-gnome-maintainers@lists.alioth.debian.org>","Copyright (c) Debian contributors","cpe:2.3:a:debian:gvfs:1.57.2-2+deb13u1:*:*:*:*:*:*:*","pkg:deb/debian/gvfs@1.57.2-2+deb13u1?arch=arm64","cpe:2.3:a:debian:gvfs:1.57.2-2+deb13u1:*:*:*:*:*:*:*","pkg:deb/debian/gvfs@1.57.2-2+deb13u1?arch=arm64","APPLICATION","debian-target"
"gvfs-libs","1.57.2-2+deb13u1","GPL-2+ | GPL-3+ | LGPL-2+","","","","","","Organization: Debian GNOME Maintainers <pkg-gnome-maintainers@lists.alioth.debian.org>","Copyright (c) Debian contributors","cpe:2.3:a:debian:gvfs:1.57.2-2+deb13u1:*:*:*:*:*:*:*","pkg:deb/debian/gvfs@1.57.2-2+deb13u1?arch=arm64","cpe:2.3:a:debian:gvfs:1.57.2-2+deb13u1:*:*:*:*:*:*:*","pkg:deb/debian/gvfs@1.57.2-2+deb13u1?arch=arm64","LIBRARY","debian-target"
"gzip","1.13-1","FSF-manpages | GFDL-1.3+-no-invariant | GPL-3+","","","","","","Organization: Milan Kupcevic <milan@debian.org>","Copyright (c) Debian contributors","cpe:2.3:a:debian:gzip:1.13-1:*:*:*:*:*:*:*","pkg:deb/debian/gzip@1.13-1?arch=arm64","cpe:2.3:a:debian:gzip:1.13-1:*:*:*:*:*:*:*","pkg:deb/debian/gzip@1.13-1?arch=arm64","APPLICATION","debian-target"
"hardinfo","2.2.10-1","BSD-3-clause | CC-BY-SA-4.0 | CC0-1.0 | GPL-2.0-or-later | GPL-2.0-or-later or BSD-3-Clause | GPL-3.0-or-later | GPL-3.0-or-later or LGPL-2.1-or-later | LGPL-2.0-or-later | LGPL-2.1-only | LGPL-2.1-or-later | permissive-1 | public-domain","","","","","","Organization: Boyuan Yang <byang@debian.org>","Copyright (c) Debian contributors","cpe:2.3:a:debian:hardinfo:2.2.10-1:*:*:*:*:*:*:*","pkg:deb/debian/hardinfo@2.2.10-1?arch=all","cpe:2.3:a:debian:hardinfo:2.2.10-1:*:*:*:*:*:*:*","pkg:deb/debian/hardinfo@2.2.10-1?arch=all","APPLICATION","debian-target"
"hardinfo2","2.2.10-1","BSD-3-clause | CC-BY-SA-4.0 | CC0-1.0 | GPL-2.0-or-later | GPL-2.0-or-later or BSD-3-Clause | GPL-3.0-or-later | GPL-3.0-or-later or LGPL-2.1-or-later | LGPL-2.0-or-later | LGPL-2.1-only | LGPL-2.1-or-later | permissive-1 | public-domain","","","","","","Organization: Boyuan Yang <byang@debian.org>","Copyright (c) Debian contributors","cpe:2.3:a:debian:hardinfo:2.2.10-1:*:*:*:*:*:*:*","pkg:deb/debian/hardinfo@2.2.10-1?arch=arm64","cpe:2.3:a:debian:hardinfo:2.2.10-1:*:*:*:*:*:*:*","pkg:deb/debian/hardinfo@2.2.10-1?arch=arm64","APPLICATION","debian-target"
"heif-gdk-pixbuf","1.19.8-1","BSD-2-clause | BSD-3-clause | BSD-4-Clause-UC | BSL-1.0 | Expat | GPL-3+ | LGPL-3+ | LGPL-3+ and BSD-2-clause","","","","","","Organization: Debian Multimedia Maintainers <debian-multimedia@lists.debian.org>","Copyright (c) Debian contributors","cpe:2.3:a:debian:libheif:1.19.8-1:*:*:*:*:*:*:*","pkg:deb/debian/libheif@1.19.8-1?arch=arm64","cpe:2.3:a:debian:libheif:1.19.8-1:*:*:*:*:*:*:*","pkg:deb/debian/libheif@1.19.8-1?arch=arm64","APPLICATION","debian-target"
"heif-thumbnailer","1.19.8-1","BSD-2-clause | BSD-3-clause | BSD-4-Clause-UC | BSL-1.0 | Expat | GPL-3+ | LGPL-3+ | LGPL-3+ and BSD-2-clause","","","","","","Organization: Debian Multimedia Maintainers <debian-multimedia@lists.debian.org>","Copyright (c) Debian contributors","cpe:2.3:a:debian:libheif:1.19.8-1:*:*:*:*:*:*:*","pkg:deb/debian/libheif@1.19.8-1?arch=arm64","cpe:2.3:a:debian:libheif:1.19.8-1:*:*:*:*:*:*:*","pkg:deb/debian/libheif@1.19.8-1?arch=arm64","APPLICATION","debian-target"
"hicolor-icon-theme","0.18-2","GPL-2+","","","","","","Organization: Debian GNOME Maintainers <pkg-gnome-maintainers@lists.alioth.debian.org>","Copyright (c) Debian contributors","cpe:2.3:a:debian:hicolor-icon-theme:0.18-2:*:*:*:*:*:*:*","pkg:deb/debian/hicolor-icon-theme@0.18-2?arch=all","cpe:2.3:a:debian:hicolor-icon-theme:0.18-2:*:*:*:*:*:*:*","pkg:deb/debian/hicolor-icon-theme@0.18-2?arch=all","APPLICATION","debian-target"
"hostname","3.25","GPL-2","","","","","","Organization: Michael Meskes <meskes@debian.org>","Copyright (c) Debian contributors","cpe:2.3:a:debian:hostname:3.25:*:*:*:*:*:*:*","pkg:deb/debian/hostname@3.25?arch=arm64","cpe:2.3:a:debian:hostname:3.25:*:*:*:*:*:*:*","pkg:deb/debian/hostname@3.25?arch=arm64","OPERATING_SYSTEM","debian-target"
"hunspell-en-us","1:2020.12.07-4","","","","","","","Organization: Don Armstrong <don@debian.org>","Copyright (c) Debian contributors","cpe:2.3:a:debian:scowl (2020.12.07-4):1:2020.12.07-4:*:*:*:*:*:*:*","pkg:deb/debian/scowl (2020.12.07-4)@1:2020.12.07-4?arch=all","cpe:2.3:a:debian:scowl (2020.12.07-4):1:2020.12.07-4:*:*:*:*:*:*:*","pkg:deb/debian/scowl (2020.12.07-4)@1:2020.12.07-4?arch=all","APPLICATION","debian-target"
"i2c-tools","4.4-2","GPL-2 | GPL-2+ | LGPL-2.1+","","","","","","Organization: Aurelien Jarno <aurel32@debian.org>","Copyright (c) Debian contributors","cpe:2.3:a:debian:i2c-tools:4.4-2:*:*:*:*:*:*:*","pkg:deb/debian/i2c-tools@4.4-2?arch=arm64","cpe:2.3:a:debian:i2c-tools:4.4-2:*:*:*:*:*:*:*","pkg:deb/debian/i2c-tools@4.4-2?arch=arm64","APPLICATION","debian-target"
"ibus","1.5.32-2","GPL-2.0+ with autoconf exception | GPL-3.0+ with autoconf exception | ISC-Fujitsu | ISC-Intel | ISC-NCR | ISC-Sun | LGPL-2.0+ | LGPL-2.1+ | MIT | MIT and ISC-NCR | permissive | permissive-author-grant-attribution | permissive-autoconf-m4 | permissive-fsf-grant | permissive-fsf-grant-attribution | permissive-makefile-in","","","","","","Organization: Debian Input Method Team <debian-input-method@lists.debian.org>","Copyright (c) Debian contributors","cpe:2.3:a:debian:ibus:1.5.32-2:*:*:*:*:*:*:*","pkg:deb/debian/ibus@1.5.32-2?arch=arm64","cpe:2.3:a:debian:ibus:1.5.32-2:*:*:*:*:*:*:*","pkg:deb/debian/ibus@1.5.32-2?arch=arm64","APPLICATION","debian-target"
"ibus-data","1.5.32-2","GPL-2.0+ with autoconf exception | GPL-3.0+ with autoconf exception | ISC-Fujitsu | ISC-Intel | ISC-NCR | ISC-Sun | LGPL-2.0+ | LGPL-2.1+ | MIT | MIT and ISC-NCR | permissive | permissive-author-grant-attribution | permissive-autoconf-m4 | permissive-fsf-grant | permissive-fsf-grant-attribution | permissive-makefile-in","","","","","","Organization: Debian Input Method Team <debian-input-method@lists.debian.org>","Copyright (c) Debian contributors","cpe:2.3:a:debian:ibus:1.5.32-2:*:*:*:*:*:*:*","pkg:deb/debian/ibus@1.5.32-2?arch=all","cpe:2.3:a:debian:ibus:1.5.32-2:*:*:*:*:*:*:*","pkg:deb/debian/ibus@1.5.32-2?arch=all","APPLICATION","debian-target"
"ibus-libpinyin","1.15.8-2","CC0-1.0 | GPL-2.0+ | GPL-3.0+","","","","","","Organization: Debian Input Method Team <debian-input-method@lists.debian.org>","Copyright (c) Debian contributors","cpe:2.3:a:debian:ibus-libpinyin:1.15.8-2:*:*:*:*:*:*:*","pkg:deb/debian/ibus-libpinyin@1.15.8-2?arch=arm64","cpe:2.3:a:debian:ibus-libpinyin:1.15.8-2:*:*:*:*:*:*:*","pkg:deb/debian/ibus-libpinyin@1.15.8-2?arch=arm64","APPLICATION","debian-target"
"ibverbs-providers","56.1-1","BSD-2-clause | BSD-2-clause or GPL-2 | BSD-3-clause | BSD-3-clause or GPL-2 | BSD-MIT | BSD-MIT or GPL-2 | CC0 | CPL-1.0 | CPL-1.0 or BSD-2-clause or GPL-2 | GPL-2 | GPL-2 or BSD-2-clause | GPL-2 or BSD-3-clause | GPL-2+ | MIT","","","","","","Organization: Benjamin Drung <bdrung@ubuntu.com>","Copyright (c) Debian contributors","cpe:2.3:a:debian:rdma-core:56.1-1:*:*:*:*:*:*:*","pkg:deb/debian/rdma-core@56.1-1?arch=arm64","cpe:2.3:a:debian:rdma-core:56.1-1:*:*:*:*:*:*:*","pkg:deb/debian/rdma-core@56.1-1?arch=arm64","APPLICATION","debian-target"
"icu-devtools","76.1-4","GPL-3 | MIT","","","","","","Organization: Laszlo Boszormenyi (GCS) <gcs@debian.org>","Copyright (c) Debian contributors","cpe:2.3:a:debian:icu:76.1-4:*:*:*:*:*:*:*","pkg:deb/debian/icu@76.1-4?arch=arm64","cpe:2.3:a:debian:icu:76.1-4:*:*:*:*:*:*:*","pkg:deb/debian/icu@76.1-4?arch=arm64","LIBRARY","debian-target"
"ifupdown","0.8.44+deb13u1","GPL-2+","","","","","","Organization: Debian Networking Team <team+networking@tracker.debian.org>","Copyright (c) Debian contributors","cpe:2.3:a:debian:ifupdown:0.8.44+deb13u1:*:*:*:*:*:*:*","pkg:deb/debian/ifupdown@0.8.44+deb13u1?arch=arm64","cpe:2.3:a:debian:ifupdown:0.8.44+deb13u1:*:*:*:*:*:*:*","pkg:deb/debian/ifupdown@0.8.44+deb13u1?arch=arm64","OPERATING_SYSTEM","debian-target"
"init-system-helpers","1.69~deb13u1","BSD-3-clause | GPL-2+","","","","","","Organization: Debian systemd Maintainers <pkg-systemd-maintainers@lists.alioth.debian.org>","Copyright (c) Debian contributors","cpe:2.3:a:debian:init-system-helpers:1.69~deb13u1:*:*:*:*:*:*:*","pkg:deb/debian/init-system-helpers@1.69~deb13u1?arch=all","cpe:2.3:a:debian:init-system-helpers:1.69~deb13u1:*:*:*:*:*:*:*","pkg:deb/debian/init-system-helpers@1.69~deb13u1?arch=all","OPERATING_SYSTEM","debian-target"
"initramfs-tools","0.148.4","GPL-2+","","","","","","Organization: Debian kernel team <debian-kernel@lists.debian.org>","Copyright (c) Debian contributors","cpe:2.3:a:debian:initramfs-tools:0.148.4:*:*:*:*:*:*:*","pkg:deb/debian/initramfs-tools@0.148.4?arch=all","cpe:2.3:a:debian:initramfs-tools:0.148.4:*:*:*:*:*:*:*","pkg:deb/debian/initramfs-tools@0.148.4?arch=all","APPLICATION","debian-target"
"initramfs-tools-bin","0.148.4","GPL-2+","","","","","","Organization: Debian kernel team <debian-kernel@lists.debian.org>","Copyright (c) Debian contributors","cpe:2.3:a:debian:initramfs-tools:0.148.4:*:*:*:*:*:*:*","pkg:deb/debian/initramfs-tools@0.148.4?arch=arm64","cpe:2.3:a:debian:initramfs-tools:0.148.4:*:*:*:*:*:*:*","pkg:deb/debian/initramfs-tools@0.148.4?arch=arm64","APPLICATION","debian-target"
"initramfs-tools-core","0.148.4","GPL-2+","","","","","","Organization: Debian kernel team <debian-kernel@lists.debian.org>","Copyright (c) Debian contributors","cpe:2.3:a:debian:initramfs-tools:0.148.4:*:*:*:*:*:*:*","pkg:deb/debian/initramfs-tools@0.148.4?arch=all","cpe:2.3:a:debian:initramfs-tools:0.148.4:*:*:*:*:*:*:*","pkg:deb/debian/initramfs-tools@0.148.4?arch=all","APPLICATION","debian-target"
"input-utils","1.3-2","GPL-2","","","","","","Organization: Marcus Better <marcus@better.se>","Copyright (c) Debian contributors","cpe:2.3:a:debian:input-utils:1.3-2:*:*:*:*:*:*:*","pkg:deb/debian/input-utils@1.3-2?arch=arm64","cpe:2.3:a:debian:input-utils:1.3-2:*:*:*:*:*:*:*","pkg:deb/debian/input-utils@1.3-2?arch=arm64","APPLICATION","debian-target"
"iotop","0.6-42-ga14256a-0.3+b1","GPL-2+","","","","","","Organization: Paul Wise <pabs@debian.org>","Copyright (c) Debian contributors","cpe:2.3:a:debian:iotop (0.6-42-ga14256a-0.3):0.6-42-ga14256a-0.3+b1:*:*:*:*:*:*:*","pkg:deb/debian/iotop (0.6-42-ga14256a-0.3)@0.6-42-ga14256a-0.3+b1?arch=arm64","cpe:2.3:a:debian:iotop (0.6-42-ga14256a-0.3):0.6-42-ga14256a-0.3+b1:*:*:*:*:*:*:*","pkg:deb/debian/iotop (0.6-42-ga14256a-0.3)@0.6-42-ga14256a-0.3+b1?arch=arm64","OPERATING_SYSTEM","debian-target"
"iperf","2.2.1+dfsg-1","BSD-2-clause | BSD-3-clause | FSF-permissive2 | FSF-something | GPL-2+ | GPL-2-WithACException | GPL-3-WithACException | ISC | LGPL-2+ | MIT","","","","","","Organization: Roberto Lumbreras <rover@debian.org>","Copyright (c) Debian contributors","cpe:2.3:a:debian:iperf:2.2.1+dfsg-1:*:*:*:*:*:*:*","pkg:deb/debian/iperf@2.2.1+dfsg-1?arch=arm64","cpe:2.3:a:debian:iperf:2.2.1+dfsg-1:*:*:*:*:*:*:*","pkg:deb/debian/iperf@2.2.1+dfsg-1?arch=arm64","APPLICATION","debian-target"
"iproute2","6.15.0-1","GPL-2","","","","","","Organization: Debian Kernel Team <debian-kernel@lists.debian.org>","Copyright (c) Debian contributors","cpe:2.3:a:debian:iproute2:6.15.0-1:*:*:*:*:*:*:*","pkg:deb/debian/iproute2@6.15.0-1?arch=arm64","cpe:2.3:a:debian:iproute2:6.15.0-1:*:*:*:*:*:*:*","pkg:deb/debian/iproute2@6.15.0-1?arch=arm64","APPLICATION","debian-target"
"iptables","1.8.11-2","Artistic | GPL-2 | GPL-2+ | custom","","","","","","Organization: Debian Netfilter Packaging Team <team+pkg-netfilter-team@tracker.debian.org>","Copyright (c) Debian contributors","cpe:2.3:a:debian:iptables:1.8.11-2:*:*:*:*:*:*:*","pkg:deb/debian/iptables@1.8.11-2?arch=arm64","cpe:2.3:a:debian:iptables:1.8.11-2:*:*:*:*:*:*:*","pkg:deb/debian/iptables@1.8.11-2?arch=arm64","APPLICATION","debian-target"
"iputils-ping","3:20240905-3","BSD-3-clause | GPL-2+ | public-domain","","","","","","Organization: Noah Meyerhans <noahm@debian.org>","Copyright (c) Debian contributors","cpe:2.3:a:debian:iputils:3:20240905-3:*:*:*:*:*:*:*","pkg:deb/debian/iputils@3:20240905-3?arch=arm64","cpe:2.3:a:debian:iputils:3:20240905-3:*:*:*:*:*:*:*","pkg:deb/debian/iputils@3:20240905-3?arch=arm64","APPLICATION","debian-target"
"ir-keytable","1.30.1-1","BSD-2-clause | BSD-3-clause | BSD-3-clause or GPL-2 | BSD-3-clause or GPL-2+ | BSD-3-clause or LGPL-2.1 | Expat | FSFULLR | GPL-2 | GPL-2+ | GPL-3+ | HPND-sell-variant | LGPL | LGPL-2+ | LGPL-2.1 | LGPL-2.1+ | jpeg-group","","","","","","Organization: Gregor Jasny <gjasny@googlemail.com>","Copyright (c) Debian contributors","cpe:2.3:a:debian:v4l-utils:1.30.1-1:*:*:*:*:*:*:*","pkg:deb/debian/v4l-utils@1.30.1-1?arch=arm64","cpe:2.3:a:debian:v4l-utils:1.30.1-1:*:*:*:*:*:*:*","pkg:deb/debian/v4l-utils@1.30.1-1?arch=arm64","APPLICATION","debian-target"
"ir-keytable-dbgsym","1.30.1-1","BSD-2-clause | BSD-3-clause | BSD-3-clause or GPL-2 | BSD-3-clause or GPL-2+ | BSD-3-clause or LGPL-2.1 | Expat | FSFULLR | GPL-2 | GPL-2+ | GPL-3+ | HPND-sell-variant | LGPL | LGPL-2+ | LGPL-2.1 | LGPL-2.1+ | jpeg-group","","","","","","Organization: Gregor Jasny <gjasny@googlemail.com>","Copyright (c) Debian contributors","cpe:2.3:a:debian:v4l-utils:1.30.1-1:*:*:*:*:*:*:*","pkg:deb/debian/v4l-utils@1.30.1-1?arch=arm64","cpe:2.3:a:debian:v4l-utils:1.30.1-1:*:*:*:*:*:*:*","pkg:deb/debian/v4l-utils@1.30.1-1?arch=arm64","APPLICATION","debian-target"
"isc-dhcp-client","4.4.3-P1-8","GPL-2 | MPL-2.0","","","","","","Organization: Debian ISC DHCP Maintainers <isc-dhcp@packages.debian.org>","Copyright (c) Debian contributors","cpe:2.3:a:debian:isc-dhcp:4.4.3-P1-8:*:*:*:*:*:*:*","pkg:deb/debian/isc-dhcp@4.4.3-P1-8?arch=arm64","cpe:2.3:a:debian:isc-dhcp:4.4.3-P1-8:*:*:*:*:*:*:*","pkg:deb/debian/isc-dhcp@4.4.3-P1-8?arch=arm64","APPLICATION","debian-target"
"iso-codes","4.18.0-1","LGPL-2.1+","","","","","","Organization: Dr. Tobias Quathamer <toddy@debian.org>","Copyright (c) Debian contributors","cpe:2.3:a:debian:iso-codes:4.18.0-1:*:*:*:*:*:*:*","pkg:deb/debian/iso-codes@4.18.0-1?arch=all","cpe:2.3:a:debian:iso-codes:4.18.0-1:*:*:*:*:*:*:*","pkg:deb/debian/iso-codes@4.18.0-1?arch=all","APPLICATION","debian-target"
"iw","6.9-1+b1","ISC","","","","","","Organization: Debian Kernel Team <debian-kernel@lists.debian.org>","Copyright (c) Debian contributors","cpe:2.3:a:debian:iw (6.9-1):6.9-1+b1:*:*:*:*:*:*:*","pkg:deb/debian/iw (6.9-1)@6.9-1+b1?arch=arm64","cpe:2.3:a:debian:iw (6.9-1):6.9-1+b1:*:*:*:*:*:*:*","pkg:deb/debian/iw (6.9-1)@6.9-1+b1?arch=arm64","APPLICATION","debian-target"
"kbd","2.7.1-2","GPL-2+ | GPL-2-with-exceptions | GPL-any","","","","","","Organization: Console utilities maintainers <pkg-kbd-devel@lists.alioth.debian.org>","Copyright (c) Debian contributors","cpe:2.3:a:debian:kbd:2.7.1-2:*:*:*:*:*:*:*","pkg:deb/debian/kbd@2.7.1-2?arch=arm64","cpe:2.3:a:debian:kbd:2.7.1-2:*:*:*:*:*:*:*","pkg:deb/debian/kbd@2.7.1-2?arch=arm64","APPLICATION","debian-target"
"keyboard-configuration","1.242~deb13u1","","","","","","","Organization: Debian Install System Team <debian-boot@lists.debian.org>","Copyright (c) Debian contributors","cpe:2.3:a:debian:console-setup:1.242~deb13u1:*:*:*:*:*:*:*","pkg:deb/debian/console-setup@1.242~deb13u1?arch=all","cpe:2.3:a:debian:console-setup:1.242~deb13u1:*:*:*:*:*:*:*","pkg:deb/debian/console-setup@1.242~deb13u1?arch=all","APPLICATION","debian-target"
"klibc-utils","2.0.14-1","","","","","","","Organization: Debian Kernel Team <debian-kernel@lists.debian.org>","Copyright (c) Debian contributors","cpe:2.3:a:debian:klibc:2.0.14-1:*:*:*:*:*:*:*","pkg:deb/debian/klibc@2.0.14-1?arch=arm64","cpe:2.3:a:debian:klibc:2.0.14-1:*:*:*:*:*:*:*","pkg:deb/debian/klibc@2.0.14-1?arch=arm64","LIBRARY","debian-target"
"kmod","34.2-2","GPL-2+ | LGPL-2.1+","","","","","","Organization: Marco d'Itri <md@linux.it>","Copyright (c) Debian contributors","cpe:2.3:a:debian:kmod:34.2-2:*:*:*:*:*:*:*","pkg:deb/debian/kmod@34.2-2?arch=arm64","cpe:2.3:a:debian:kmod:34.2-2:*:*:*:*:*:*:*","pkg:deb/debian/kmod@34.2-2?arch=arm64","OPERATING_SYSTEM","debian-target"
"less","668-1","GPL-3+ | GPL-3+ or Less | GPL-3+ or Less, and X11 | Less | Spencer-86 | X11 | public-domain","","","","","","Organization: Milan Kupcevic <milan@debian.org>","Copyright (c) Debian contributors","cpe:2.3:a:debian:less:668-1:*:*:*:*:*:*:*","pkg:deb/debian/less@668-1?arch=arm64","cpe:2.3:a:debian:less:668-1:*:*:*:*:*:*:*","pkg:deb/debian/less@668-1?arch=arm64","APPLICATION","debian-target"
"liba52-0.7.4","0.7.4-20+b3","GPL-2+","","","","","","Organization: Debian Multimedia Maintainers <debian-multimedia@lists.debian.org>","Copyright (c) Debian contributors","cpe:2.3:a:debian:a52dec (0.7.4-20):0.7.4-20+b3:*:*:*:*:*:*:*","pkg:deb/debian/a52dec (0.7.4-20)@0.7.4-20+b3?arch=arm64","cpe:2.3:a:debian:a52dec (0.7.4-20):0.7.4-20+b3:*:*:*:*:*:*:*","pkg:deb/debian/a52dec (0.7.4-20)@0.7.4-20+b3?arch=arm64","LIBRARY","debian-target"
"libaa1","1.4p5-51.1+b1","Abstyles | Custom | LGPL-2.0+","","","","","","Organization: Jonathan Carter <jcc@debian.org>","Copyright (c) Debian contributors","cpe:2.3:a:debian:aalib (1.4p5-51.1):1.4p5-51.1+b1:*:*:*:*:*:*:*","pkg:deb/debian/aalib (1.4p5-51.1)@1.4p5-51.1+b1?arch=arm64","cpe:2.3:a:debian:aalib (1.4p5-51.1):1.4p5-51.1+b1:*:*:*:*:*:*:*","pkg:deb/debian/aalib (1.4p5-51.1)@1.4p5-51.1+b1?arch=arm64","LIBRARY","debian-target"
"libabsl20240722","20240722.0-4","Apache-2.0","","","","","","Organization: Benjamin Barenblat <bbaren@debian.org>","Copyright (c) Debian contributors","cpe:2.3:a:debian:abseil:20240722.0-4:*:*:*:*:*:*:*","pkg:deb/debian/abseil@20240722.0-4?arch=arm64","cpe:2.3:a:debian:abseil:20240722.0-4:*:*:*:*:*:*:*","pkg:deb/debian/abseil@20240722.0-4?arch=arm64","LIBRARY","debian-target"
"libaccountsservice0","23.13.9-7","GPL-2+ | GPL-3+","","","","","","Organization: Debian freedesktop.org maintainers <pkg-freedesktop-maintainers@lists.alioth.debian.org>","Copyright (c) Debian contributors","cpe:2.3:a:debian:accountsservice:23.13.9-7:*:*:*:*:*:*:*","pkg:deb/debian/accountsservice@23.13.9-7?arch=arm64","cpe:2.3:a:debian:accountsservice:23.13.9-7:*:*:*:*:*:*:*","pkg:deb/debian/accountsservice@23.13.9-7?arch=arm64","LIBRARY","debian-target"
"libacl1","2.3.2-2+b1","GPL-2+ | LGPL-2+","","","","","","Organization: Guillem Jover <guillem@debian.org>","Copyright (c) Debian contributors","cpe:2.3:a:debian:acl (2.3.2-2):2.3.2-2+b1:*:*:*:*:*:*:*","pkg:deb/debian/acl (2.3.2-2)@2.3.2-2+b1?arch=arm64","cpe:2.3:a:debian:acl (2.3.2-2):2.3.2-2+b1:*:*:*:*:*:*:*","pkg:deb/debian/acl (2.3.2-2)@2.3.2-2+b1?arch=arm64","LIBRARY","debian-target"
"libacl1-dev","2.3.2-2+b1","GPL-2+ | LGPL-2+","","","","","","Organization: Guillem Jover <guillem@debian.org>","Copyright (c) Debian contributors","cpe:2.3:a:debian:acl (2.3.2-2):2.3.2-2+b1:*:*:*:*:*:*:*","pkg:deb/debian/acl (2.3.2-2)@2.3.2-2+b1?arch=arm64","cpe:2.3:a:debian:acl (2.3.2-2):2.3.2-2+b1:*:*:*:*:*:*:*","pkg:deb/debian/acl (2.3.2-2)@2.3.2-2+b1?arch=arm64","LIBRARY","debian-target"
"libadwaita-1-0","1.7.6-1~deb13u1","CC-BY-SA-4.0 | CC0-1.0 | GPL-3+ | LGPL-2.1+","","","","","","Organization: Debian GNOME Maintainers <pkg-gnome-maintainers@lists.alioth.debian.org>","Copyright (c) Debian contributors","cpe:2.3:a:debian:libadwaita-1:1.7.6-1~deb13u1:*:*:*:*:*:*:*","pkg:deb/debian/libadwaita-1@1.7.6-1~deb13u1?arch=arm64","cpe:2.3:a:debian:libadwaita-1:1.7.6-1~deb13u1:*:*:*:*:*:*:*","pkg:deb/debian/libadwaita-1@1.7.6-1~deb13u1?arch=arm64","LIBRARY","debian-target"
"libaec0","1.1.3-1+b1","","","","","","","Organization: Alastair McKinstry <mckinstry@debian.org>","Copyright (c) Debian contributors","cpe:2.3:a:debian:libaec (1.1.3-1):1.1.3-1+b1:*:*:*:*:*:*:*","pkg:deb/debian/libaec (1.1.3-1)@1.1.3-1+b1?arch=arm64","cpe:2.3:a:debian:libaec (1.1.3-1):1.1.3-1+b1:*:*:*:*:*:*:*","pkg:deb/debian/libaec (1.1.3-1)@1.1.3-1+b1?arch=arm64","LIBRARY","debian-target"
"libamd-comgr2","6.0+git20231212.4510c28+dfsg-3+b2","Expat | NCSA","","","","","","Organization: Debian ROCm Team <debian-ai@lists.debian.org>","Copyright (c) Debian contributors","cpe:2.3:a:debian:rocm-compilersupport (6.0+git20231212.4510c28+dfsg-3):6.0+git20231212.4510c28+dfsg-3+b2:*:*:*:*:*:*:*","pkg:deb/debian/rocm-compilersupport (6.0+git20231212.4510c28+dfsg-3)@6.0+git20231212.4510c28+dfsg-3+b2?arch=arm64","cpe:2.3:a:debian:rocm-compilersupport (6.0+git20231212.4510c28+dfsg-3):6.0+git20231212.4510c28+dfsg-3+b2:*:*:*:*:*:*:*","pkg:deb/debian/rocm-compilersupport (6.0+git20231212.4510c28+dfsg-3)@6.0+git20231212.4510c28+dfsg-3+b2?arch=arm64","LIBRARY","debian-target"
"libamdhip64-5","5.7.1-6+deb13u1","Apache-2 | BSD-2-clause | Expat | Khronos","","","","","","Organization: Debian ROCm Team <debian-ai@lists.debian.org>","Copyright (c) Debian contributors","cpe:2.3:a:debian:rocm-hipamd:5.7.1-6+deb13u1:*:*:*:*:*:*:*","pkg:deb/debian/rocm-hipamd@5.7.1-6+deb13u1?arch=arm64","cpe:2.3:a:debian:rocm-hipamd:5.7.1-6+deb13u1:*:*:*:*:*:*:*","pkg:deb/debian/rocm-hipamd@5.7.1-6+deb13u1?arch=arm64","LIBRARY","debian-target"
"libaml0t64","0.3.0-3","BSD-3-Clause | CC0-1.0 | ISC","","","","","","Organization: Han Gao <rabenda.cn@gmail.com>","Copyright (c) Debian contributors","cpe:2.3:a:debian:aml:0.3.0-3:*:*:*:*:*:*:*","pkg:deb/debian/aml@0.3.0-3?arch=arm64","cpe:2.3:a:debian:aml:0.3.0-3:*:*:*:*:*:*:*","pkg:deb/debian/aml@0.3.0-3?arch=arm64","LIBRARY","debian-target"
"libao-common","1.2.2+20180113-1.2","","","","","","","Organization: Ron Lee <ron@debian.org>","Copyright (c) Debian contributors","cpe:2.3:a:debian:libao:1.2.2+20180113-1.2:*:*:*:*:*:*:*","pkg:deb/debian/libao@1.2.2+20180113-1.2?arch=all","cpe:2.3:a:debian:libao:1.2.2+20180113-1.2:*:*:*:*:*:*:*","pkg:deb/debian/libao@1.2.2+20180113-1.2?arch=all","LIBRARY","debian-target"
"libao4","1.2.2+20180113-1.2","","","","","","","Organization: Ron Lee <ron@debian.org>","Copyright (c) Debian contributors","cpe:2.3:a:debian:libao:1.2.2+20180113-1.2:*:*:*:*:*:*:*","pkg:deb/debian/libao@1.2.2+20180113-1.2?arch=arm64","cpe:2.3:a:debian:libao:1.2.2+20180113-1.2:*:*:*:*:*:*:*","pkg:deb/debian/libao@1.2.2+20180113-1.2?arch=arm64","LIBRARY","debian-target"
"libaom3","3.12.1-1","BSD-2-Clause | BSD-2-clause | BSD-3-clause | Expat | ISC | public-domain-md5","","","","","","Organization: Debian Multimedia Maintainers <debian-multimedia@lists.debian.org>","Copyright (c) Debian contributors","cpe:2.3:a:debian:aom:3.12.1-1:*:*:*:*:*:*:*","pkg:deb/debian/aom@3.12.1-1?arch=arm64","cpe:2.3:a:debian:aom:3.12.1-1:*:*:*:*:*:*:*","pkg:deb/debian/aom@3.12.1-1?arch=arm64","LIBRARY","debian-target"
"libapparmor1","4.1.0-1","BSD-3-clause | BSD-3-clause or GPL-2+ | GPL-2 | GPL-2+ | LGPL-2.1+","","","","","","Organization: Debian AppArmor Team <pkg-apparmor-team@lists.alioth.debian.org>","Copyright (c) Debian contributors","cpe:2.3:a:debian:apparmor:4.1.0-1:*:*:*:*:*:*:*","pkg:deb/debian/apparmor@4.1.0-1?arch=arm64","cpe:2.3:a:debian:apparmor:4.1.0-1:*:*:*:*:*:*:*","pkg:deb/debian/apparmor@4.1.0-1?arch=arm64","LIBRARY","debian-target"
"libappstream5","1.0.5-1","FSFAP | GPL-2+ | GPL-2+ and LGPL-2.1+ | LGPL-2.1+ | SIL-1.1","","","","","","Organization: Matthias Klumpp <mak@debian.org>","Copyright (c) Debian contributors","cpe:2.3:a:debian:appstream:1.0.5-1:*:*:*:*:*:*:*","pkg:deb/debian/appstream@1.0.5-1?arch=arm64","cpe:2.3:a:debian:appstream:1.0.5-1:*:*:*:*:*:*:*","pkg:deb/debian/appstream@1.0.5-1?arch=arm64","LIBRARY","debian-target"
"libapt-pkg7.0","3.0.3","BSD-3-clause | Expat | GPL-2 | GPL-2+ | GPL-2+ and curl | curl","","","","","","Organization: APT Development Team <deity@lists.debian.org>","Copyright (c) Debian contributors","cpe:2.3:a:debian:apt:3.0.3:*:*:*:*:*:*:*","pkg:deb/debian/apt@3.0.3?arch=arm64","cpe:2.3:a:debian:apt:3.0.3:*:*:*:*:*:*:*","pkg:deb/debian/apt@3.0.3?arch=arm64","LIBRARY","debian-target"
"libarchive-dev","3.7.4-4+deb13u1","Apache-2.0 | Apache-2.0 or CC0-1.0 or OpenSSL+SSLeay | BSD-1-clause-UCB | BSD-124-clause-UCB | BSD-2-clause | BSD-2-clause and BSD-1-clause-UCB | BSD-2-clause and BSD-124-clause-UCB | BSD-2-clause and BSD-3-clause-UCB | BSD-2-clause and Expat | BSD-3-clause-UCB | BSD-4-clause-UCB | CC0-1.0 | Expat | OpenSSL+SSLeay | PD","","","","","","Organization: Peter Pentchev <roam@debian.org>","Copyright (c) Debian contributors","cpe:2.3:a:debian:libarchive:3.7.4-4+deb13u1:*:*:*:*:*:*:*","pkg:deb/debian/libarchive@3.7.4-4+deb13u1?arch=arm64","cpe:2.3:a:debian:libarchive:3.7.4-4+deb13u1:*:*:*:*:*:*:*","pkg:deb/debian/libarchive@3.7.4-4+deb13u1?arch=arm64","LIBRARY","debian-target"
"libarchive13t64","3.7.4-4+deb13u1","Apache-2.0 | Apache-2.0 or CC0-1.0 or OpenSSL+SSLeay | BSD-1-clause-UCB | BSD-124-clause-UCB | BSD-2-clause | BSD-2-clause and BSD-1-clause-UCB | BSD-2-clause and BSD-124-clause-UCB | BSD-2-clause and BSD-3-clause-UCB | BSD-2-clause and Expat | BSD-3-clause-UCB | BSD-4-clause-UCB | CC0-1.0 | Expat | OpenSSL+SSLeay | PD","","","","","","Organization: Peter Pentchev <roam@debian.org>","Copyright (c) Debian contributors","cpe:2.3:a:debian:libarchive:3.7.4-4+deb13u1:*:*:*:*:*:*:*","pkg:deb/debian/libarchive@3.7.4-4+deb13u1?arch=arm64","cpe:2.3:a:debian:libarchive:3.7.4-4+deb13u1:*:*:*:*:*:*:*","pkg:deb/debian/libarchive@3.7.4-4+deb13u1?arch=arm64","LIBRARY","debian-target"
"libarmadillo14","1:14.2.3+dfsg-1","Apache | GPL-2","","","","","","Organization: Debian Science Maintainers <debian-science-maintainers@lists.alioth.debian.org>","Copyright (c) Debian contributors","cpe:2.3:a:debian:armadillo:1:14.2.3+dfsg-1:*:*:*:*:*:*:*","pkg:deb/debian/armadillo@1:14.2.3+dfsg-1?arch=arm64","cpe:2.3:a:debian:armadillo:1:14.2.3+dfsg-1:*:*:*:*:*:*:*","pkg:deb/debian/armadillo@1:14.2.3+dfsg-1?arch=arm64","LIBRARY","debian-target"
"libarpack2t64","3.9.1-6","BSD-3-clause","","","","","","Organization: Debian Science Maintainers <debian-science-maintainers@lists.alioth.debian.org>","Copyright (c) Debian contributors","cpe:2.3:a:debian:arpack:3.9.1-6:*:*:*:*:*:*:*","pkg:deb/debian/arpack@3.9.1-6?arch=arm64","cpe:2.3:a:debian:arpack:3.9.1-6:*:*:*:*:*:*:*","pkg:deb/debian/arpack@3.9.1-6?arch=arm64","LIBRARY","debian-target"
"libasan8","14.2.0-19","","","","","","","Organization: Debian GCC Maintainers <debian-gcc@lists.debian.org>","Copyright (c) Debian contributors","cpe:2.3:a:debian:gcc-14:14.2.0-19:*:*:*:*:*:*:*","pkg:deb/debian/gcc-14@14.2.0-19?arch=arm64","cpe:2.3:a:debian:gcc-14:14.2.0-19:*:*:*:*:*:*:*","pkg:deb/debian/gcc-14@14.2.0-19?arch=arm64","LIBRARY","debian-target"
"libasound2-data","1.2.14-1","LGPL-2.1+","","","","","","Organization: Debian ALSA Maintainers <pkg-alsa-devel@lists.alioth.debian.org>","Copyright (c) Debian contributors","cpe:2.3:a:debian:alsa-lib:1.2.14-1:*:*:*:*:*:*:*","pkg:deb/debian/alsa-lib@1.2.14-1?arch=all","cpe:2.3:a:debian:alsa-lib:1.2.14-1:*:*:*:*:*:*:*","pkg:deb/debian/alsa-lib@1.2.14-1?arch=all","LIBRARY","debian-target"
"libasound2t64","1.2.14-1","LGPL-2.1+","","","","","","Organization: Debian ALSA Maintainers <pkg-alsa-devel@lists.alioth.debian.org>","Copyright (c) Debian contributors","cpe:2.3:a:debian:alsa-lib:1.2.14-1:*:*:*:*:*:*:*","pkg:deb/debian/alsa-lib@1.2.14-1?arch=arm64","cpe:2.3:a:debian:alsa-lib:1.2.14-1:*:*:*:*:*:*:*","pkg:deb/debian/alsa-lib@1.2.14-1?arch=arm64","LIBRARY","debian-target"
"libaspell15","0.60.8.1-4","GFDL-1.2+ | LGPL-2.1+","","","","","","Organization: Agustin Martin Domingo <agmartin@debian.org>","Copyright (c) Debian contributors","cpe:2.3:a:debian:aspell:0.60.8.1-4:*:*:*:*:*:*:*","pkg:deb/debian/aspell@0.60.8.1-4?arch=arm64","cpe:2.3:a:debian:aspell:0.60.8.1-4:*:*:*:*:*:*:*","pkg:deb/debian/aspell@0.60.8.1-4?arch=arm64","LIBRARY","debian-target"
"libass9","1:0.17.3-1+b1","BSD-2-clause | GPL-2+ | ISC | NTP | Unlicense","","","","","","Organization: Debian Multimedia Maintainers <debian-multimedia@lists.debian.org>","Copyright (c) Debian contributors","cpe:2.3:a:debian:libass (1:0.17.3-1):1:0.17.3-1+b1:*:*:*:*:*:*:*","pkg:deb/debian/libass (1:0.17.3-1)@1:0.17.3-1+b1?arch=arm64","cpe:2.3:a:debian:libass (1:0.17.3-1):1:0.17.3-1+b1:*:*:*:*:*:*:*","pkg:deb/debian/libass (1:0.17.3-1)@1:0.17.3-1+b1?arch=arm64","LIBRARY","debian-target"
"libassuan9","3.0.2-2","FSFULLR | FSFULLRWD | GPL-2+ with Autoconf-data exception | GPL-2+ with Libtool exception | GPL-2.with.nonstandard.Autoconf-data.exception | GPL-3+ | GPL-3+ with Autoconf-2.0~Archive exception | GPL-3+ with Autoconf-data exception | LGPL-2.1 | LGPL-2.1+ | LGPL-3+ | X11","","","","","","Organization: Debian GnuPG-Maintainers <pkg-gnupg-maint@lists.alioth.debian.org>","Copyright (c) Debian contributors","cpe:2.3:a:debian:libassuan:3.0.2-2:*:*:*:*:*:*:*","pkg:deb/debian/libassuan@3.0.2-2?arch=arm64","cpe:2.3:a:debian:libassuan:3.0.2-2:*:*:*:*:*:*:*","pkg:deb/debian/libassuan@3.0.2-2?arch=arm64","LIBRARY","debian-target"
"libasyncns0","0.8-6+b5","LGPL-2.1+","","","","","","Organization: Tanguy Ortolo <tanguy+debian@ortolo.eu>","Copyright (c) Debian contributors","cpe:2.3:a:debian:libasyncns (0.8-6):0.8-6+b5:*:*:*:*:*:*:*","pkg:deb/debian/libasyncns (0.8-6)@0.8-6+b5?arch=arm64","cpe:2.3:a:debian:libasyncns (0.8-6):0.8-6+b5:*:*:*:*:*:*:*","pkg:deb/debian/libasyncns (0.8-6)@0.8-6+b5?arch=arm64","LIBRARY","debian-target"
"libatasmart4","0.19-5+b2","","","","","","","Organization: Utopia Maintenance Team <pkg-utopia-maintainers@lists.alioth.debian.org>","Copyright (c) Debian contributors","cpe:2.3:a:debian:libatasmart (0.19-5):0.19-5+b2:*:*:*:*:*:*:*","pkg:deb/debian/libatasmart (0.19-5)@0.19-5+b2?arch=arm64","cpe:2.3:a:debian:libatasmart (0.19-5):0.19-5+b2:*:*:*:*:*:*:*","pkg:deb/debian/libatasmart (0.19-5)@0.19-5+b2?arch=arm64","LIBRARY","debian-target"
"libatk-adaptor","2.56.2-1+deb13u1","AFL-2.1 | AFL-2.1 or GPL-2+ | GPL-2 | GPL-2+ | LGPL-2+ | LGPL-2.1+ | public-domain","","","","","","Organization: Debian Accessibility Team <pkg-a11y-devel@alioth-lists.debian.net>","Copyright (c) Debian contributors","cpe:2.3:a:debian:at-spi2-core:2.56.2-1+deb13u1:*:*:*:*:*:*:*","pkg:deb/debian/at-spi2-core@2.56.2-1+deb13u1?arch=arm64","cpe:2.3:a:debian:at-spi2-core:2.56.2-1+deb13u1:*:*:*:*:*:*:*","pkg:deb/debian/at-spi2-core@2.56.2-1+deb13u1?arch=arm64","APPLICATION","debian-target"
"libatk-bridge2.0-0t64","2.56.2-1+deb13u1","AFL-2.1 | AFL-2.1 or GPL-2+ | GPL-2 | GPL-2+ | LGPL-2+ | LGPL-2.1+ | public-domain","","","","","","Organization: Debian Accessibility Team <pkg-a11y-devel@alioth-lists.debian.net>","Copyright (c) Debian contributors","cpe:2.3:a:debian:at-spi2-core:2.56.2-1+deb13u1:*:*:*:*:*:*:*","pkg:deb/debian/at-spi2-core@2.56.2-1+deb13u1?arch=arm64","cpe:2.3:a:debian:at-spi2-core:2.56.2-1+deb13u1:*:*:*:*:*:*:*","pkg:deb/debian/at-spi2-core@2.56.2-1+deb13u1?arch=arm64","LIBRARY","debian-target"
"libatk-bridge2.0-dev","2.56.2-1+deb13u1","AFL-2.1 | AFL-2.1 or GPL-2+ | GPL-2 | GPL-2+ | LGPL-2+ | LGPL-2.1+ | public-domain","","","","","","Organization: Debian Accessibility Team <pkg-a11y-devel@alioth-lists.debian.net>","Copyright (c) Debian contributors","cpe:2.3:a:debian:at-spi2-core:2.56.2-1+deb13u1:*:*:*:*:*:*:*","pkg:deb/debian/at-spi2-core@2.56.2-1+deb13u1?arch=arm64","cpe:2.3:a:debian:at-spi2-core:2.56.2-1+deb13u1:*:*:*:*:*:*:*","pkg:deb/debian/at-spi2-core@2.56.2-1+deb13u1?arch=arm64","LIBRARY","debian-target"
"libatk1.0-0t64","2.56.2-1+deb13u1","AFL-2.1 | AFL-2.1 or GPL-2+ | GPL-2 | GPL-2+ | LGPL-2+ | LGPL-2.1+ | public-domain","","","","","","Organization: Debian Accessibility Team <pkg-a11y-devel@alioth-lists.debian.net>","Copyright (c) Debian contributors","cpe:2.3:a:debian:at-spi2-core:2.56.2-1+deb13u1:*:*:*:*:*:*:*","pkg:deb/debian/at-spi2-core@2.56.2-1+deb13u1?arch=arm64","cpe:2.3:a:debian:at-spi2-core:2.56.2-1+deb13u1:*:*:*:*:*:*:*","pkg:deb/debian/at-spi2-core@2.56.2-1+deb13u1?arch=arm64","LIBRARY","debian-target"
"libatk1.0-dev","2.56.2-1+deb13u1","AFL-2.1 | AFL-2.1 or GPL-2+ | GPL-2 | GPL-2+ | LGPL-2+ | LGPL-2.1+ | public-domain","","","","","","Organization: Debian Accessibility Team <pkg-a11y-devel@alioth-lists.debian.net>","Copyright (c) Debian contributors","cpe:2.3:a:debian:at-spi2-core:2.56.2-1+deb13u1:*:*:*:*:*:*:*","pkg:deb/debian/at-spi2-core@2.56.2-1+deb13u1?arch=arm64","cpe:2.3:a:debian:at-spi2-core:2.56.2-1+deb13u1:*:*:*:*:*:*:*","pkg:deb/debian/at-spi2-core@2.56.2-1+deb13u1?arch=arm64","LIBRARY","debian-target"
"libatomic1","14.2.0-19","","","","","","","Organization: Debian GCC Maintainers <debian-gcc@lists.debian.org>","Copyright (c) Debian contributors","cpe:2.3:a:debian:gcc-14:14.2.0-19:*:*:*:*:*:*:*","pkg:deb/debian/gcc-14@14.2.0-19?arch=arm64","cpe:2.3:a:debian:gcc-14:14.2.0-19:*:*:*:*:*:*:*","pkg:deb/debian/gcc-14@14.2.0-19?arch=arm64","LIBRARY","debian-target"
"libatopology2t64","1.2.14-1","LGPL-2.1+","","","","","","Organization: Debian ALSA Maintainers <pkg-alsa-devel@lists.alioth.debian.org>","Copyright (c) Debian contributors","cpe:2.3:a:debian:alsa-lib:1.2.14-1:*:*:*:*:*:*:*","pkg:deb/debian/alsa-lib@1.2.14-1?arch=arm64","cpe:2.3:a:debian:alsa-lib:1.2.14-1:*:*:*:*:*:*:*","pkg:deb/debian/alsa-lib@1.2.14-1?arch=arm64","LIBRARY","debian-target"
"libatspi2.0-0t64","2.56.2-1+deb13u1","AFL-2.1 | AFL-2.1 or GPL-2+ | GPL-2 | GPL-2+ | LGPL-2+ | LGPL-2.1+ | public-domain","","","","","","Organization: Debian Accessibility Team <pkg-a11y-devel@alioth-lists.debian.net>","Copyright (c) Debian contributors","cpe:2.3:a:debian:at-spi2-core:2.56.2-1+deb13u1:*:*:*:*:*:*:*","pkg:deb/debian/at-spi2-core@2.56.2-1+deb13u1?arch=arm64","cpe:2.3:a:debian:at-spi2-core:2.56.2-1+deb13u1:*:*:*:*:*:*:*","pkg:deb/debian/at-spi2-core@2.56.2-1+deb13u1?arch=arm64","LIBRARY","debian-target"
"libatspi2.0-dev","2.56.2-1+deb13u1","AFL-2.1 | AFL-2.1 or GPL-2+ | GPL-2 | GPL-2+ | LGPL-2+ | LGPL-2.1+ | public-domain","","","","","","Organization: Debian Accessibility Team <pkg-a11y-devel@alioth-lists.debian.net>","Copyright (c) Debian contributors","cpe:2.3:a:debian:at-spi2-core:2.56.2-1+deb13u1:*:*:*:*:*:*:*","pkg:deb/debian/at-spi2-core@2.56.2-1+deb13u1?arch=arm64","cpe:2.3:a:debian:at-spi2-core:2.56.2-1+deb13u1:*:*:*:*:*:*:*","pkg:deb/debian/at-spi2-core@2.56.2-1+deb13u1?arch=arm64","LIBRARY","debian-target"
"libattr1","1:2.5.2-3","GPL-2+ | LGPL-2+","","","","","","Organization: Guillem Jover <guillem@debian.org>","Copyright (c) Debian contributors","cpe:2.3:a:debian:attr:1:2.5.2-3:*:*:*:*:*:*:*","pkg:deb/debian/attr@1:2.5.2-3?arch=arm64","cpe:2.3:a:debian:attr:1:2.5.2-3:*:*:*:*:*:*:*","pkg:deb/debian/attr@1:2.5.2-3?arch=arm64","LIBRARY","debian-target"
"libattr1-dev","1:2.5.2-3","GPL-2+ | LGPL-2+","","","","","","Organization: Guillem Jover <guillem@debian.org>","Copyright (c) Debian contributors","cpe:2.3:a:debian:attr:1:2.5.2-3:*:*:*:*:*:*:*","pkg:deb/debian/attr@1:2.5.2-3?arch=arm64","cpe:2.3:a:debian:attr:1:2.5.2-3:*:*:*:*:*:*:*","pkg:deb/debian/attr@1:2.5.2-3?arch=arm64","LIBRARY","debian-target"
"libaudio2","1.9.4-9","","","","","","","Organization: Steve McIntyre <93sam@debian.org>","Copyright (c) Debian contributors","cpe:2.3:a:debian:nas:1.9.4-9:*:*:*:*:*:*:*","pkg:deb/debian/nas@1.9.4-9?arch=arm64","cpe:2.3:a:debian:nas:1.9.4-9:*:*:*:*:*:*:*","pkg:deb/debian/nas@1.9.4-9?arch=arm64","LIBRARY","debian-target"
"libaudit-common","1:4.0.2-2","GPL-2 | LGPL-2.1","","","","","","Organization: Laurent Bigonville <bigon@debian.org>","Copyright (c) Debian contributors","cpe:2.3:a:debian:audit:1:4.0.2-2:*:*:*:*:*:*:*","pkg:deb/debian/audit@1:4.0.2-2?arch=all","cpe:2.3:a:debian:audit:1:4.0.2-2:*:*:*:*:*:*:*","pkg:deb/debian/audit@1:4.0.2-2?arch=all","LIBRARY","debian-target"
"libaudit1","1:4.0.2-2+b2","GPL-2 | LGPL-2.1","","","","","","Organization: Laurent Bigonville <bigon@debian.org>","Copyright (c) Debian contributors","cpe:2.3:a:debian:audit (1:4.0.2-2):1:4.0.2-2+b2:*:*:*:*:*:*:*","pkg:deb/debian/audit (1:4.0.2-2)@1:4.0.2-2+b2?arch=arm64","cpe:2.3:a:debian:audit (1:4.0.2-2):1:4.0.2-2+b2:*:*:*:*:*:*:*","pkg:deb/debian/audit (1:4.0.2-2)@1:4.0.2-2+b2?arch=arm64","LIBRARY","debian-target"
"libavahi-client3","0.8-16","","","","","","","Organization: Utopia Maintenance Team <pkg-utopia-maintainers@lists.alioth.debian.org>","Copyright (c) Debian contributors","cpe:2.3:a:debian:avahi:0.8-16:*:*:*:*:*:*:*","pkg:deb/debian/avahi@0.8-16?arch=arm64","cpe:2.3:a:debian:avahi:0.8-16:*:*:*:*:*:*:*","pkg:deb/debian/avahi@0.8-16?arch=arm64","LIBRARY","debian-target"
"libavahi-common-data","0.8-16","","","","","","","Organization: Utopia Maintenance Team <pkg-utopia-maintainers@lists.alioth.debian.org>","Copyright (c) Debian contributors","cpe:2.3:a:debian:avahi:0.8-16:*:*:*:*:*:*:*","pkg:deb/debian/avahi@0.8-16?arch=arm64","cpe:2.3:a:debian:avahi:0.8-16:*:*:*:*:*:*:*","pkg:deb/debian/avahi@0.8-16?arch=arm64","LIBRARY","debian-target"
"libavahi-common3","0.8-16","","","","","","","Organization: Utopia Maintenance Team <pkg-utopia-maintainers@lists.alioth.debian.org>","Copyright (c) Debian contributors","cpe:2.3:a:debian:avahi:0.8-16:*:*:*:*:*:*:*","pkg:deb/debian/avahi@0.8-16?arch=arm64","cpe:2.3:a:debian:avahi:0.8-16:*:*:*:*:*:*:*","pkg:deb/debian/avahi@0.8-16?arch=arm64","LIBRARY","debian-target"
"libavahi-glib1","0.8-16","","","","","","","Organization: Utopia Maintenance Team <pkg-utopia-maintainers@lists.alioth.debian.org>","Copyright (c) Debian contributors","cpe:2.3:a:debian:avahi:0.8-16:*:*:*:*:*:*:*","pkg:deb/debian/avahi@0.8-16?arch=arm64","cpe:2.3:a:debian:avahi:0.8-16:*:*:*:*:*:*:*","pkg:deb/debian/avahi@0.8-16?arch=arm64","LIBRARY","debian-target"
"libavc1394-0","0.5.4-5+b2","GPL-2+ | LGPL-2.1+","","","","","","Organization: Debian Multimedia Maintainers <debian-multimedia@lists.debian.org>","Copyright (c) Debian contributors","cpe:2.3:a:debian:libavc1394 (0.5.4-5):0.5.4-5+b2:*:*:*:*:*:*:*","pkg:deb/debian/libavc1394 (0.5.4-5)@0.5.4-5+b2?arch=arm64","cpe:2.3:a:debian:libavc1394 (0.5.4-5):0.5.4-5+b2:*:*:*:*:*:*:*","pkg:deb/debian/libavc1394 (0.5.4-5)@0.5.4-5+b2?arch=arm64","LIBRARY","debian-target"
"libavcodec-dev","7:7.1.4-0+deb13u1","BSD-1-clause | BSD-2-clause | BSD-3-clause | BSL | Expat | GPL-2+ | GPL-3+ | IJG | ISC | LGPL-2+ | LGPL-2.1+ | LGPL-2.1+ and BSD-2-clause | LGPL-2.1+ and BSD-3-clause | LGPL-2.1+ and BSL | LGPL-2.1+ and Expat | LGPL-2.1+ and Sundry | Sundry | Zlib | man-page | public-domain","","","","","","Organization: Debian Multimedia Maintainers <debian-multimedia@lists.debian.org>","Copyright (c) Debian contributors","cpe:2.3:a:debian:ffmpeg:7:7.1.4-0+deb13u1:*:*:*:*:*:*:*","pkg:deb/debian/ffmpeg@7:7.1.4-0+deb13u1?arch=arm64","cpe:2.3:a:debian:ffmpeg:7:7.1.4-0+deb13u1:*:*:*:*:*:*:*","pkg:deb/debian/ffmpeg@7:7.1.4-0+deb13u1?arch=arm64","LIBRARY","debian-target"
"libavcodec61","7:7.1.4-0+deb13u1","BSD-1-clause | BSD-2-clause | BSD-3-clause | BSL | Expat | GPL-2+ | GPL-3+ | IJG | ISC | LGPL-2+ | LGPL-2.1+ | LGPL-2.1+ and BSD-2-clause | LGPL-2.1+ and BSD-3-clause | LGPL-2.1+ and BSL | LGPL-2.1+ and Expat | LGPL-2.1+ and Sundry | Sundry | Zlib | man-page | public-domain","","","","","","Organization: Debian Multimedia Maintainers <debian-multimedia@lists.debian.org>","Copyright (c) Debian contributors","cpe:2.3:a:debian:ffmpeg:7:7.1.4-0+deb13u1:*:*:*:*:*:*:*","pkg:deb/debian/ffmpeg@7:7.1.4-0+deb13u1?arch=arm64","cpe:2.3:a:debian:ffmpeg:7:7.1.4-0+deb13u1:*:*:*:*:*:*:*","pkg:deb/debian/ffmpeg@7:7.1.4-0+deb13u1?arch=arm64","LIBRARY","debian-target"
"libavfilter10","7:7.1.4-0+deb13u1","BSD-1-clause | BSD-2-clause | BSD-3-clause | BSL | Expat | GPL-2+ | GPL-3+ | IJG | ISC | LGPL-2+ | LGPL-2.1+ | LGPL-2.1+ and BSD-2-clause | LGPL-2.1+ and BSD-3-clause | LGPL-2.1+ and BSL | LGPL-2.1+ and Expat | LGPL-2.1+ and Sundry | Sundry | Zlib | man-page | public-domain","","","","","","Organization: Debian Multimedia Maintainers <debian-multimedia@lists.debian.org>","Copyright (c) Debian contributors","cpe:2.3:a:debian:ffmpeg:7:7.1.4-0+deb13u1:*:*:*:*:*:*:*","pkg:deb/debian/ffmpeg@7:7.1.4-0+deb13u1?arch=arm64","cpe:2.3:a:debian:ffmpeg:7:7.1.4-0+deb13u1:*:*:*:*:*:*:*","pkg:deb/debian/ffmpeg@7:7.1.4-0+deb13u1?arch=arm64","LIBRARY","debian-target"
"libavformat-dev","7:7.1.4-0+deb13u1","BSD-1-clause | BSD-2-clause | BSD-3-clause | BSL | Expat | GPL-2+ | GPL-3+ | IJG | ISC | LGPL-2+ | LGPL-2.1+ | LGPL-2.1+ and BSD-2-clause | LGPL-2.1+ and BSD-3-clause | LGPL-2.1+ and BSL | LGPL-2.1+ and Expat | LGPL-2.1+ and Sundry | Sundry | Zlib | man-page | public-domain","","","","","","Organization: Debian Multimedia Maintainers <debian-multimedia@lists.debian.org>","Copyright (c) Debian contributors","cpe:2.3:a:debian:ffmpeg:7:7.1.4-0+deb13u1:*:*:*:*:*:*:*","pkg:deb/debian/ffmpeg@7:7.1.4-0+deb13u1?arch=arm64","cpe:2.3:a:debian:ffmpeg:7:7.1.4-0+deb13u1:*:*:*:*:*:*:*","pkg:deb/debian/ffmpeg@7:7.1.4-0+deb13u1?arch=arm64","LIBRARY","debian-target"
"libavformat61","7:7.1.4-0+deb13u1","BSD-1-clause | BSD-2-clause | BSD-3-clause | BSL | Expat | GPL-2+ | GPL-3+ | IJG | ISC | LGPL-2+ | LGPL-2.1+ | LGPL-2.1+ and BSD-2-clause | LGPL-2.1+ and BSD-3-clause | LGPL-2.1+ and BSL | LGPL-2.1+ and Expat | LGPL-2.1+ and Sundry | Sundry | Zlib | man-page | public-domain","","","","","","Organization: Debian Multimedia Maintainers <debian-multimedia@lists.debian.org>","Copyright (c) Debian contributors","cpe:2.3:a:debian:ffmpeg:7:7.1.4-0+deb13u1:*:*:*:*:*:*:*","pkg:deb/debian/ffmpeg@7:7.1.4-0+deb13u1?arch=arm64","cpe:2.3:a:debian:ffmpeg:7:7.1.4-0+deb13u1:*:*:*:*:*:*:*","pkg:deb/debian/ffmpeg@7:7.1.4-0+deb13u1?arch=arm64","LIBRARY","debian-target"
"libavif16","1.2.1-1.2","Apache-2.0 | BSD-2-Clause | BSD-3-Clause | CC0-1.0 | MIT | custom-1","","","","","","Organization: Debian Multimedia Maintainers <debian-multimedia@lists.debian.org>","Copyright (c) Debian contributors","cpe:2.3:a:debian:libavif:1.2.1-1.2:*:*:*:*:*:*:*","pkg:deb/debian/libavif@1.2.1-1.2?arch=arm64","cpe:2.3:a:debian:libavif:1.2.1-1.2:*:*:*:*:*:*:*","pkg:deb/debian/libavif@1.2.1-1.2?arch=arm64","LIBRARY","debian-target"
"libavtp0","0.2.0-2","BSD-3-clause","","","","","","Organization: Debian Multimedia Maintainers <debian-multimedia@lists.debian.org>","Copyright (c) Debian contributors","cpe:2.3:a:debian:libavtp:0.2.0-2:*:*:*:*:*:*:*","pkg:deb/debian/libavtp@0.2.0-2?arch=arm64","cpe:2.3:a:debian:libavtp:0.2.0-2:*:*:*:*:*:*:*","pkg:deb/debian/libavtp@0.2.0-2?arch=arm64","LIBRARY","debian-target"
"libavutil-dev","7:7.1.4-0+deb13u1","BSD-1-clause | BSD-2-clause | BSD-3-clause | BSL | Expat | GPL-2+ | GPL-3+ | IJG | ISC | LGPL-2+ | LGPL-2.1+ | LGPL-2.1+ and BSD-2-clause | LGPL-2.1+ and BSD-3-clause | LGPL-2.1+ and BSL | LGPL-2.1+ and Expat | LGPL-2.1+ and Sundry | Sundry | Zlib | man-page | public-domain","","","","","","Organization: Debian Multimedia Maintainers <debian-multimedia@lists.debian.org>","Copyright (c) Debian contributors","cpe:2.3:a:debian:ffmpeg:7:7.1.4-0+deb13u1:*:*:*:*:*:*:*","pkg:deb/debian/ffmpeg@7:7.1.4-0+deb13u1?arch=arm64","cpe:2.3:a:debian:ffmpeg:7:7.1.4-0+deb13u1:*:*:*:*:*:*:*","pkg:deb/debian/ffmpeg@7:7.1.4-0+deb13u1?arch=arm64","LIBRARY","debian-target"
"libavutil59","7:7.1.4-0+deb13u1","BSD-1-clause | BSD-2-clause | BSD-3-clause | BSL | Expat | GPL-2+ | GPL-3+ | IJG | ISC | LGPL-2+ | LGPL-2.1+ | LGPL-2.1+ and BSD-2-clause | LGPL-2.1+ and BSD-3-clause | LGPL-2.1+ and BSL | LGPL-2.1+ and Expat | LGPL-2.1+ and Sundry | Sundry | Zlib | man-page | public-domain","","","","","","Organization: Debian Multimedia Maintainers <debian-multimedia@lists.debian.org>","Copyright (c) Debian contributors","cpe:2.3:a:debian:ffmpeg:7:7.1.4-0+deb13u1:*:*:*:*:*:*:*","pkg:deb/debian/ffmpeg@7:7.1.4-0+deb13u1?arch=arm64","cpe:2.3:a:debian:ffmpeg:7:7.1.4-0+deb13u1:*:*:*:*:*:*:*","pkg:deb/debian/ffmpeg@7:7.1.4-0+deb13u1?arch=arm64","LIBRARY","debian-target"
"libayatana-appindicator3-1","0.5.94-1","BSD-2-clause | BSD-3-clause | GPL-3 | GPL-3 or LGPL-2.1 or LGPL-3 | LGPL-2.1 | LGPL-2.1 or LGPL-3 | LGPL-2.1 or LGPL-3 or GPL-3 | LGPL-3 | public-domain","","","","","","Organization: Ayatana Packagers <pkg-ayatana-devel@lists.alioth.debian.org>","Copyright (c) Debian contributors","cpe:2.3:a:debian:libayatana-appindicator:0.5.94-1:*:*:*:*:*:*:*","pkg:deb/debian/libayatana-appindicator@0.5.94-1?arch=arm64","cpe:2.3:a:debian:libayatana-appindicator:0.5.94-1:*:*:*:*:*:*:*","pkg:deb/debian/libayatana-appindicator@0.5.94-1?arch=arm64","LIBRARY","debian-target"
"libayatana-ido3-0.4-0","0.10.4-1","BSD-2-clause | BSD-3-clause | GPL-3 | GPL-3 or LGPL-2.1 or LGPL-3 | GPL-3 or LGPL-3 or LGPL-2.1 | LGPL-2+ | LGPL-2.1 | LGPL-2.1 or LGPL-3 | LGPL-3","","","","","","Organization: Ayatana Packagers <pkg-ayatana-devel@lists.alioth.debian.org>","Copyright (c) Debian contributors","cpe:2.3:a:debian:ayatana-ido:0.10.4-1:*:*:*:*:*:*:*","pkg:deb/debian/ayatana-ido@0.10.4-1?arch=arm64","cpe:2.3:a:debian:ayatana-ido:0.10.4-1:*:*:*:*:*:*:*","pkg:deb/debian/ayatana-ido@0.10.4-1?arch=arm64","LIBRARY","debian-target"
"libayatana-indicator3-7","0.9.4-1+b1","GPL-3","","","","","","Organization: Ayatana Packagers <pkg-ayatana-devel@lists.alioth.debian.org>","Copyright (c) Debian contributors","cpe:2.3:a:debian:libayatana-indicator (0.9.4-1):0.9.4-1+b1:*:*:*:*:*:*:*","pkg:deb/debian/libayatana-indicator (0.9.4-1)@0.9.4-1+b1?arch=arm64","cpe:2.3:a:debian:libayatana-indicator (0.9.4-1):0.9.4-1+b1:*:*:*:*:*:*:*","pkg:deb/debian/libayatana-indicator (0.9.4-1)@0.9.4-1+b1?arch=arm64","LIBRARY","debian-target"
"libbinutils","2.44-3","","","","","","","Organization: Matthias Klose <doko@debian.org>","Copyright (c) Debian contributors","cpe:2.3:a:debian:binutils:2.44-3:*:*:*:*:*:*:*","pkg:deb/debian/binutils@2.44-3?arch=arm64","cpe:2.3:a:debian:binutils:2.44-3:*:*:*:*:*:*:*","pkg:deb/debian/binutils@2.44-3?arch=arm64","LIBRARY","debian-target"
"libblas3","3.12.1-6","BSD-3-clause | BSD-3-clause-intel","","","","","","Organization: Debian Science Team <debian-science-maintainers@lists.alioth.debian.org>","Copyright (c) Debian contributors","cpe:2.3:a:debian:lapack:3.12.1-6:*:*:*:*:*:*:*","pkg:deb/debian/lapack@3.12.1-6?arch=arm64","cpe:2.3:a:debian:lapack:3.12.1-6:*:*:*:*:*:*:*","pkg:deb/debian/lapack@3.12.1-6?arch=arm64","LIBRARY","debian-target"
"libblkid-dev","2.41-5","BSD-2-clause | BSD-3-clause | BSD-4-clause | BSLA | Expat | GPL-2 | GPL-2+ | GPL-3+ | ISC | LGPL | LGPL-2+ | LGPL-2.1+ | LGPL-3+ | public-domain","","","","","","Organization: Chris Hofstaedtler <zeha@debian.org>","Copyright (c) Debian contributors","cpe:2.3:a:debian:util-linux:2.41-5:*:*:*:*:*:*:*","pkg:deb/debian/util-linux@2.41-5?arch=arm64","cpe:2.3:a:debian:util-linux:2.41-5:*:*:*:*:*:*:*","pkg:deb/debian/util-linux@2.41-5?arch=arm64","LIBRARY","debian-target"
"libblkid1","2.41-5","BSD-2-clause | BSD-3-clause | BSD-4-clause | BSLA | Expat | GPL-2 | GPL-2+ | GPL-3+ | ISC | LGPL | LGPL-2+ | LGPL-2.1+ | LGPL-3+ | public-domain","","","","","","Organization: Chris Hofstaedtler <zeha@debian.org>","Copyright (c) Debian contributors","cpe:2.3:a:debian:util-linux:2.41-5:*:*:*:*:*:*:*","pkg:deb/debian/util-linux@2.41-5?arch=arm64","cpe:2.3:a:debian:util-linux:2.41-5:*:*:*:*:*:*:*","pkg:deb/debian/util-linux@2.41-5?arch=arm64","LIBRARY","debian-target"
"libblockdev-crypto3","3.3.0-2.1","GPL-2+ | LGPL-2.1+","","","","","","Organization: Utopia Maintenance Team <pkg-utopia-maintainers@lists.alioth.debian.org>","Copyright (c) Debian contributors","cpe:2.3:a:debian:libblockdev:3.3.0-2.1:*:*:*:*:*:*:*","pkg:deb/debian/libblockdev@3.3.0-2.1?arch=arm64","cpe:2.3:a:debian:libblockdev:3.3.0-2.1:*:*:*:*:*:*:*","pkg:deb/debian/libblockdev@3.3.0-2.1?arch=arm64","LIBRARY","debian-target"
"libblockdev-fs3","3.3.0-2.1","GPL-2+ | LGPL-2.1+","","","","","","Organization: Utopia Maintenance Team <pkg-utopia-maintainers@lists.alioth.debian.org>","Copyright (c) Debian contributors","cpe:2.3:a:debian:libblockdev:3.3.0-2.1:*:*:*:*:*:*:*","pkg:deb/debian/libblockdev@3.3.0-2.1?arch=arm64","cpe:2.3:a:debian:libblockdev:3.3.0-2.1:*:*:*:*:*:*:*","pkg:deb/debian/libblockdev@3.3.0-2.1?arch=arm64","LIBRARY","debian-target"
"libblockdev-loop3","3.3.0-2.1","GPL-2+ | LGPL-2.1+","","","","","","Organization: Utopia Maintenance Team <pkg-utopia-maintainers@lists.alioth.debian.org>","Copyright (c) Debian contributors","cpe:2.3:a:debian:libblockdev:3.3.0-2.1:*:*:*:*:*:*:*","pkg:deb/debian/libblockdev@3.3.0-2.1?arch=arm64","cpe:2.3:a:debian:libblockdev:3.3.0-2.1:*:*:*:*:*:*:*","pkg:deb/debian/libblockdev@3.3.0-2.1?arch=arm64","LIBRARY","debian-target"
"libblockdev-mdraid3","3.3.0-2.1","GPL-2+ | LGPL-2.1+","","","","","","Organization: Utopia Maintenance Team <pkg-utopia-maintainers@lists.alioth.debian.org>","Copyright (c) Debian contributors","cpe:2.3:a:debian:libblockdev:3.3.0-2.1:*:*:*:*:*:*:*","pkg:deb/debian/libblockdev@3.3.0-2.1?arch=arm64","cpe:2.3:a:debian:libblockdev:3.3.0-2.1:*:*:*:*:*:*:*","pkg:deb/debian/libblockdev@3.3.0-2.1?arch=arm64","LIBRARY","debian-target"
"libblockdev-nvme3","3.3.0-2.1","GPL-2+ | LGPL-2.1+","","","","","","Organization: Utopia Maintenance Team <pkg-utopia-maintainers@lists.alioth.debian.org>","Copyright (c) Debian contributors","cpe:2.3:a:debian:libblockdev:3.3.0-2.1:*:*:*:*:*:*:*","pkg:deb/debian/libblockdev@3.3.0-2.1?arch=arm64","cpe:2.3:a:debian:libblockdev:3.3.0-2.1:*:*:*:*:*:*:*","pkg:deb/debian/libblockdev@3.3.0-2.1?arch=arm64","LIBRARY","debian-target"
"libblockdev-part3","3.3.0-2.1","GPL-2+ | LGPL-2.1+","","","","","","Organization: Utopia Maintenance Team <pkg-utopia-maintainers@lists.alioth.debian.org>","Copyright (c) Debian contributors","cpe:2.3:a:debian:libblockdev:3.3.0-2.1:*:*:*:*:*:*:*","pkg:deb/debian/libblockdev@3.3.0-2.1?arch=arm64","cpe:2.3:a:debian:libblockdev:3.3.0-2.1:*:*:*:*:*:*:*","pkg:deb/debian/libblockdev@3.3.0-2.1?arch=arm64","LIBRARY","debian-target"
"libblockdev-swap3","3.3.0-2.1","GPL-2+ | LGPL-2.1+","","","","","","Organization: Utopia Maintenance Team <pkg-utopia-maintainers@lists.alioth.debian.org>","Copyright (c) Debian contributors","cpe:2.3:a:debian:libblockdev:3.3.0-2.1:*:*:*:*:*:*:*","pkg:deb/debian/libblockdev@3.3.0-2.1?arch=arm64","cpe:2.3:a:debian:libblockdev:3.3.0-2.1:*:*:*:*:*:*:*","pkg:deb/debian/libblockdev@3.3.0-2.1?arch=arm64","LIBRARY","debian-target"
"libblockdev-utils3","3.3.0-2.1","GPL-2+ | LGPL-2.1+","","","","","","Organization: Utopia Maintenance Team <pkg-utopia-maintainers@lists.alioth.debian.org>","Copyright (c) Debian contributors","cpe:2.3:a:debian:libblockdev:3.3.0-2.1:*:*:*:*:*:*:*","pkg:deb/debian/libblockdev@3.3.0-2.1?arch=arm64","cpe:2.3:a:debian:libblockdev:3.3.0-2.1:*:*:*:*:*:*:*","pkg:deb/debian/libblockdev@3.3.0-2.1?arch=arm64","LIBRARY","debian-target"
"libblockdev3","3.3.0-2.1","GPL-2+ | LGPL-2.1+","","","","","","Organization: Utopia Maintenance Team <pkg-utopia-maintainers@lists.alioth.debian.org>","Copyright (c) Debian contributors","cpe:2.3:a:debian:libblockdev:3.3.0-2.1:*:*:*:*:*:*:*","pkg:deb/debian/libblockdev@3.3.0-2.1?arch=arm64","cpe:2.3:a:debian:libblockdev:3.3.0-2.1:*:*:*:*:*:*:*","pkg:deb/debian/libblockdev@3.3.0-2.1?arch=arm64","LIBRARY","debian-target"
"libblosc1","1.21.5+ds-1+b2","BSD-3-clause | Expat | Expat and BSD-3-clause | Zlib | Zlib and BSD-3-clause","","","","","","Organization: Håvard F. Aasen <havard.f.aasen@pfft.no>","Copyright (c) Debian contributors","cpe:2.3:a:debian:c-blosc (1.21.5+ds-1):1.21.5+ds-1+b2:*:*:*:*:*:*:*","pkg:deb/debian/c-blosc (1.21.5+ds-1)@1.21.5+ds-1+b2?arch=arm64","cpe:2.3:a:debian:c-blosc (1.21.5+ds-1):1.21.5+ds-1+b2:*:*:*:*:*:*:*","pkg:deb/debian/c-blosc (1.21.5+ds-1)@1.21.5+ds-1+b2?arch=arm64","LIBRARY","debian-target"
"libbluetooth3","5.82-1.1","Apache-2.0 | BSD-2-clause | GPL-2+ | LGPL-2.1+","","","","","","Organization: Debian Bluetooth Maintainers <team+pkg-bluetooth@tracker.debian.org>","Copyright (c) Debian contributors","cpe:2.3:a:debian:bluez:5.82-1.1:*:*:*:*:*:*:*","pkg:deb/debian/bluez@5.82-1.1?arch=arm64","cpe:2.3:a:debian:bluez:5.82-1.1:*:*:*:*:*:*:*","pkg:deb/debian/bluez@5.82-1.1?arch=arm64","LIBRARY","debian-target"
"libbluray2","1:1.3.4-1+b2","BSD-3-clause | GPL-2+ | LGPL-2.1+ | MPL-1.0 | MPL-1.0 or GPL-2+ or LGPL-2.1+ | custom","","","","","","Organization: Debian Multimedia Maintainers <debian-multimedia@lists.debian.org>","Copyright (c) Debian contributors","cpe:2.3:a:debian:libbluray (1:1.3.4-1):1:1.3.4-1+b2:*:*:*:*:*:*:*","pkg:deb/debian/libbluray (1:1.3.4-1)@1:1.3.4-1+b2?arch=arm64","cpe:2.3:a:debian:libbluray (1:1.3.4-1):1:1.3.4-1+b2:*:*:*:*:*:*:*","pkg:deb/debian/libbluray (1:1.3.4-1)@1:1.3.4-1+b2?arch=arm64","LIBRARY","debian-target"
"libbpf1","1:1.5.0-3","BSD-2-Clause | BSD-3-Clause | GPL-2 with Linux-syscall-note exception | GPL-2 with Linux-syscall-note exception OR BSD-3-Clause | GPL-2+ | GPL-2.0 | LGPL-2.1 | LGPL-2.1 or BSD-2-Clause","","","","","","Organization: Sudip Mukherjee <sudipm.mukherjee@gmail.com>","Copyright (c) Debian contributors","cpe:2.3:a:debian:libbpf (1.5.0-3):1:1.5.0-3:*:*:*:*:*:*:*","pkg:deb/debian/libbpf (1.5.0-3)@1:1.5.0-3?arch=arm64","cpe:2.3:a:debian:libbpf (1.5.0-3):1:1.5.0-3:*:*:*:*:*:*:*","pkg:deb/debian/libbpf (1.5.0-3)@1:1.5.0-3?arch=arm64","LIBRARY","debian-target"
"libbrlapi0.8","6.7-3.1+deb13u3","","","","","","","Organization: Debian Accessibility Team <pkg-a11y-devel@alioth-lists.debian.net>","Copyright (c) Debian contributors","cpe:2.3:a:debian:brltty:6.7-3.1+deb13u3:*:*:*:*:*:*:*","pkg:deb/debian/brltty@6.7-3.1+deb13u3?arch=arm64","cpe:2.3:a:debian:brltty:6.7-3.1+deb13u3:*:*:*:*:*:*:*","pkg:deb/debian/brltty@6.7-3.1+deb13u3?arch=arm64","LIBRARY","debian-target"
"libbrotli-dev","1.1.0-2+b7","MIT","","","","","","Organization: Tomasz Buchert <tomasz@debian.org>","Copyright (c) Debian contributors","cpe:2.3:a:debian:brotli (1.1.0-2):1.1.0-2+b7:*:*:*:*:*:*:*","pkg:deb/debian/brotli (1.1.0-2)@1.1.0-2+b7?arch=arm64","cpe:2.3:a:debian:brotli (1.1.0-2):1.1.0-2+b7:*:*:*:*:*:*:*","pkg:deb/debian/brotli (1.1.0-2)@1.1.0-2+b7?arch=arm64","LIBRARY","debian-target"
"libbrotli1","1.1.0-2+b7","MIT","","","","","","Organization: Tomasz Buchert <tomasz@debian.org>","Copyright (c) Debian contributors","cpe:2.3:a:debian:brotli (1.1.0-2):1.1.0-2+b7:*:*:*:*:*:*:*","pkg:deb/debian/brotli (1.1.0-2)@1.1.0-2+b7?arch=arm64","cpe:2.3:a:debian:brotli (1.1.0-2):1.1.0-2+b7:*:*:*:*:*:*:*","pkg:deb/debian/brotli (1.1.0-2)@1.1.0-2+b7?arch=arm64","LIBRARY","debian-target"
"libbs2b0","3.1.0+dfsg-8+b1","Expat | FSF-unlimited | GPL-2+ | GPL-3+ | MIT+FSF-public","","","","","","Organization: Debian QA Group <packages@qa.debian.org>","Copyright (c) Debian contributors","cpe:2.3:a:debian:libbs2b (3.1.0+dfsg-8):3.1.0+dfsg-8+b1:*:*:*:*:*:*:*","pkg:deb/debian/libbs2b (3.1.0+dfsg-8)@3.1.0+dfsg-8+b1?arch=arm64","cpe:2.3:a:debian:libbs2b (3.1.0+dfsg-8):3.1.0+dfsg-8+b1:*:*:*:*:*:*:*","pkg:deb/debian/libbs2b (3.1.0+dfsg-8)@3.1.0+dfsg-8+b1?arch=arm64","LIBRARY","debian-target"
"libbsd0","0.12.2-2","BSD-2-clause | BSD-2-clause-NetBSD | BSD-2-clause-author | BSD-2-clause-verbatim | BSD-3-clause | BSD-3-clause-John-Birrell | BSD-3-clause-Regents | BSD-3-clause-Regents and BSD-2-clause-NetBSD | BSD-3-clause-author | BSD-5-clause-Peter-Wemm | Beerware | Expat | ISC | ISC-Original | public-domain","","","","","","Organization: Guillem Jover <guillem@debian.org>","Copyright (c) Debian contributors","cpe:2.3:a:debian:libbsd:0.12.2-2:*:*:*:*:*:*:*","pkg:deb/debian/libbsd@0.12.2-2?arch=arm64","cpe:2.3:a:debian:libbsd:0.12.2-2:*:*:*:*:*:*:*","pkg:deb/debian/libbsd@0.12.2-2?arch=arm64","LIBRARY","debian-target"
"libbytesize-common","2.11-2","LGPL-2.1+","","","","","","Organization: Utopia Maintenance Team <pkg-utopia-maintainers@lists.alioth.debian.org>","Copyright (c) Debian contributors","cpe:2.3:a:debian:libbytesize:2.11-2:*:*:*:*:*:*:*","pkg:deb/debian/libbytesize@2.11-2?arch=all","cpe:2.3:a:debian:libbytesize:2.11-2:*:*:*:*:*:*:*","pkg:deb/debian/libbytesize@2.11-2?arch=all","LIBRARY","debian-target"
"libbytesize1","2.11-2","LGPL-2.1+","","","","","","Organization: Utopia Maintenance Team <pkg-utopia-maintainers@lists.alioth.debian.org>","Copyright (c) Debian contributors","cpe:2.3:a:debian:libbytesize:2.11-2:*:*:*:*:*:*:*","pkg:deb/debian/libbytesize@2.11-2?arch=arm64","cpe:2.3:a:debian:libbytesize:2.11-2:*:*:*:*:*:*:*","pkg:deb/debian/libbytesize@2.11-2?arch=arm64","LIBRARY","debian-target"
"libbz2-1.0","1.0.8-6","BSD-variant | GPL-2","","","","","","Organization: Anibal Monsalve Salazar <anibal@debian.org>","Copyright (c) Debian contributors","cpe:2.3:a:debian:bzip2:1.0.8-6:*:*:*:*:*:*:*","pkg:deb/debian/bzip2@1.0.8-6?arch=arm64","cpe:2.3:a:debian:bzip2:1.0.8-6:*:*:*:*:*:*:*","pkg:deb/debian/bzip2@1.0.8-6?arch=arm64","LIBRARY","debian-target"
"libbz2-dev","1.0.8-6","BSD-variant | GPL-2","","","","","","Organization: Anibal Monsalve Salazar <anibal@debian.org>","Copyright (c) Debian contributors","cpe:2.3:a:debian:bzip2:1.0.8-6:*:*:*:*:*:*:*","pkg:deb/debian/bzip2@1.0.8-6?arch=arm64","cpe:2.3:a:debian:bzip2:1.0.8-6:*:*:*:*:*:*:*","pkg:deb/debian/bzip2@1.0.8-6?arch=arm64","LIBRARY","debian-target"
"libc++1","1:19.0-63","GPL-2+","","","","","","Organization: LLVM Packaging Team <pkg-llvm-team@lists.alioth.debian.org>","Copyright (c) Debian contributors","cpe:2.3:a:debian:llvm-defaults (0.63):1:19.0-63:*:*:*:*:*:*:*","pkg:deb/debian/llvm-defaults (0.63)@1:19.0-63?arch=arm64","cpe:2.3:a:debian:llvm-defaults (0.63):1:19.0-63:*:*:*:*:*:*:*","pkg:deb/debian/llvm-defaults (0.63)@1:19.0-63?arch=arm64","LIBRARY","debian-target"
"libc++1-19","1:19.1.7-3+b1","APACHE-2-LLVM-EXCEPTIONS | BSD-3-Clause | BSD-3-clause | MIT | Python | solar-public-domain","","","","","","Organization: LLVM Packaging Team <pkg-llvm-team@lists.alioth.debian.org>","Copyright (c) Debian contributors","cpe:2.3:a:debian:llvm-toolchain-19 (1:19.1.7-3):1:19.1.7-3+b1:*:*:*:*:*:*:*","pkg:deb/debian/llvm-toolchain-19 (1:19.1.7-3)@1:19.1.7-3+b1?arch=arm64","cpe:2.3:a:debian:llvm-toolchain-19 (1:19.1.7-3):1:19.1.7-3+b1:*:*:*:*:*:*:*","pkg:deb/debian/llvm-toolchain-19 (1:19.1.7-3)@1:19.1.7-3+b1?arch=arm64","LIBRARY","debian-target"
"libc++abi1-19","1:19.1.7-3+b1","APACHE-2-LLVM-EXCEPTIONS | BSD-3-Clause | BSD-3-clause | MIT | Python | solar-public-domain","","","","","","Organization: LLVM Packaging Team <pkg-llvm-team@lists.alioth.debian.org>","Copyright (c) Debian contributors","cpe:2.3:a:debian:llvm-toolchain-19 (1:19.1.7-3):1:19.1.7-3+b1:*:*:*:*:*:*:*","pkg:deb/debian/llvm-toolchain-19 (1:19.1.7-3)@1:19.1.7-3+b1?arch=arm64","cpe:2.3:a:debian:llvm-toolchain-19 (1:19.1.7-3):1:19.1.7-3+b1:*:*:*:*:*:*:*","pkg:deb/debian/llvm-toolchain-19 (1:19.1.7-3)@1:19.1.7-3+b1?arch=arm64","LIBRARY","debian-target"
"libc-bin","2.41-12+deb13u3","BSD-2-clause | BSD-2-clause or GPL-2 | BSD-3-clause-Berkeley | BSD-3-clause-Berkeley and BSD-3-clause-WIDE | BSD-3-clause-Berkeley and DEC | BSD-3-clause-Berkeley and DEC and IBM and ISC | BSD-3-clause-Berkeley and DEC and ISC | BSD-3-clause-Berkeley and DEC and ISC and LGPL-2.1+ | BSD-3-clause-Berkeley and DEC and LGPL-2.1+ | BSD-3-clause-Berkeley and ISC | BSD-3-clause-Berkeley and LGPL-2.1+ | BSD-3-clause-Berkeley and LGPL-2.1+ and Univ-Coimbra | BSD-3-clause-Carnegie | BSD-3-clause-Oracle | BSD-3-clause-WIDE | BSD-like-Spencer | BSL-1.0 | CORE-MATH | Carnegie | Carnegie and LGPL-2.1+ | DEC | FSFAP | GPL-2 | GPL-2+ | GPL-2+-with-link-exception | GPL-3+ | IBM | IBM and ISC | ISC | ISC and LGPL-2.1+ | Inner-Net | Inner-Net and LGPL-2.1+ | LGPL-2+ | LGPL-2.1+ | LGPL-2.1+ and GPL-2 | LGPL-2.1+ and SunPro | LGPL-2.1+-with-link-exception | LGPL-3+ | MIT-like-Lord | PCRE | SunPro | Unicode-DFS-2016 | Univ-Coimbra | public-domain","","","","","","Organization: GNU Libc Maintainers <debian-glibc@lists.debian.org>","Copyright (c) Debian contributors","cpe:2.3:a:debian:glibc:2.41-12+deb13u3:*:*:*:*:*:*:*","pkg:deb/debian/glibc@2.41-12+deb13u3?arch=arm64","cpe:2.3:a:debian:glibc:2.41-12+deb13u3:*:*:*:*:*:*:*","pkg:deb/debian/glibc@2.41-12+deb13u3?arch=arm64","LIBRARY","debian-target"
"libc-dev-bin","2.41-12+deb13u3","BSD-2-clause | BSD-2-clause or GPL-2 | BSD-3-clause-Berkeley | BSD-3-clause-Berkeley and BSD-3-clause-WIDE | BSD-3-clause-Berkeley and DEC | BSD-3-clause-Berkeley and DEC and IBM and ISC | BSD-3-clause-Berkeley and DEC and ISC | BSD-3-clause-Berkeley and DEC and ISC and LGPL-2.1+ | BSD-3-clause-Berkeley and DEC and LGPL-2.1+ | BSD-3-clause-Berkeley and ISC | BSD-3-clause-Berkeley and LGPL-2.1+ | BSD-3-clause-Berkeley and LGPL-2.1+ and Univ-Coimbra | BSD-3-clause-Carnegie | BSD-3-clause-Oracle | BSD-3-clause-WIDE | BSD-like-Spencer | BSL-1.0 | CORE-MATH | Carnegie | Carnegie and LGPL-2.1+ | DEC | FSFAP | GPL-2 | GPL-2+ | GPL-2+-with-link-exception | GPL-3+ | IBM | IBM and ISC | ISC | ISC and LGPL-2.1+ | Inner-Net | Inner-Net and LGPL-2.1+ | LGPL-2+ | LGPL-2.1+ | LGPL-2.1+ and GPL-2 | LGPL-2.1+ and SunPro | LGPL-2.1+-with-link-exception | LGPL-3+ | MIT-like-Lord | PCRE | SunPro | Unicode-DFS-2016 | Univ-Coimbra | public-domain","","","","","","Organization: GNU Libc Maintainers <debian-glibc@lists.debian.org>","Copyright (c) Debian contributors","cpe:2.3:a:debian:glibc:2.41-12+deb13u3:*:*:*:*:*:*:*","pkg:deb/debian/glibc@2.41-12+deb13u3?arch=arm64","cpe:2.3:a:debian:glibc:2.41-12+deb13u3:*:*:*:*:*:*:*","pkg:deb/debian/glibc@2.41-12+deb13u3?arch=arm64","LIBRARY","debian-target"
"libc-l10n","2.41-12+deb13u3","BSD-2-clause | BSD-2-clause or GPL-2 | BSD-3-clause-Berkeley | BSD-3-clause-Berkeley and BSD-3-clause-WIDE | BSD-3-clause-Berkeley and DEC | BSD-3-clause-Berkeley and DEC and IBM and ISC | BSD-3-clause-Berkeley and DEC and ISC | BSD-3-clause-Berkeley and DEC and ISC and LGPL-2.1+ | BSD-3-clause-Berkeley and DEC and LGPL-2.1+ | BSD-3-clause-Berkeley and ISC | BSD-3-clause-Berkeley and LGPL-2.1+ | BSD-3-clause-Berkeley and LGPL-2.1+ and Univ-Coimbra | BSD-3-clause-Carnegie | BSD-3-clause-Oracle | BSD-3-clause-WIDE | BSD-like-Spencer | BSL-1.0 | CORE-MATH | Carnegie | Carnegie and LGPL-2.1+ | DEC | FSFAP | GPL-2 | GPL-2+ | GPL-2+-with-link-exception | GPL-3+ | IBM | IBM and ISC | ISC | ISC and LGPL-2.1+ | Inner-Net | Inner-Net and LGPL-2.1+ | LGPL-2+ | LGPL-2.1+ | LGPL-2.1+ and GPL-2 | LGPL-2.1+ and SunPro | LGPL-2.1+-with-link-exception | LGPL-3+ | MIT-like-Lord | PCRE | SunPro | Unicode-DFS-2016 | Univ-Coimbra | public-domain","","","","","","Organization: GNU Libc Maintainers <debian-glibc@lists.debian.org>","Copyright (c) Debian contributors","cpe:2.3:a:debian:glibc:2.41-12+deb13u3:*:*:*:*:*:*:*","pkg:deb/debian/glibc@2.41-12+deb13u3?arch=all","cpe:2.3:a:debian:glibc:2.41-12+deb13u3:*:*:*:*:*:*:*","pkg:deb/debian/glibc@2.41-12+deb13u3?arch=all","APPLICATION","debian-target"
"libc6","2.41-12+deb13u3","BSD-2-clause | BSD-2-clause or GPL-2 | BSD-3-clause-Berkeley | BSD-3-clause-Berkeley and BSD-3-clause-WIDE | BSD-3-clause-Berkeley and DEC | BSD-3-clause-Berkeley and DEC and IBM and ISC | BSD-3-clause-Berkeley and DEC and ISC | BSD-3-clause-Berkeley and DEC and ISC and LGPL-2.1+ | BSD-3-clause-Berkeley and DEC and LGPL-2.1+ | BSD-3-clause-Berkeley and ISC | BSD-3-clause-Berkeley and LGPL-2.1+ | BSD-3-clause-Berkeley and LGPL-2.1+ and Univ-Coimbra | BSD-3-clause-Carnegie | BSD-3-clause-Oracle | BSD-3-clause-WIDE | BSD-like-Spencer | BSL-1.0 | CORE-MATH | Carnegie | Carnegie and LGPL-2.1+ | DEC | FSFAP | GPL-2 | GPL-2+ | GPL-2+-with-link-exception | GPL-3+ | IBM | IBM and ISC | ISC | ISC and LGPL-2.1+ | Inner-Net | Inner-Net and LGPL-2.1+ | LGPL-2+ | LGPL-2.1+ | LGPL-2.1+ and GPL-2 | LGPL-2.1+ and SunPro | LGPL-2.1+-with-link-exception | LGPL-3+ | MIT-like-Lord | PCRE | SunPro | Unicode-DFS-2016 | Univ-Coimbra | public-domain","","","","","","Organization: GNU Libc Maintainers <debian-glibc@lists.debian.org>","Copyright (c) Debian contributors","cpe:2.3:a:debian:glibc:2.41-12+deb13u3:*:*:*:*:*:*:*","pkg:deb/debian/glibc@2.41-12+deb13u3?arch=arm64","cpe:2.3:a:debian:glibc:2.41-12+deb13u3:*:*:*:*:*:*:*","pkg:deb/debian/glibc@2.41-12+deb13u3?arch=arm64","LIBRARY","debian-target"
"libc6-dev","2.41-12+deb13u3","BSD-2-clause | BSD-2-clause or GPL-2 | BSD-3-clause-Berkeley | BSD-3-clause-Berkeley and BSD-3-clause-WIDE | BSD-3-clause-Berkeley and DEC | BSD-3-clause-Berkeley and DEC and IBM and ISC | BSD-3-clause-Berkeley and DEC and ISC | BSD-3-clause-Berkeley and DEC and ISC and LGPL-2.1+ | BSD-3-clause-Berkeley and DEC and LGPL-2.1+ | BSD-3-clause-Berkeley and ISC | BSD-3-clause-Berkeley and LGPL-2.1+ | BSD-3-clause-Berkeley and LGPL-2.1+ and Univ-Coimbra | BSD-3-clause-Carnegie | BSD-3-clause-Oracle | BSD-3-clause-WIDE | BSD-like-Spencer | BSL-1.0 | CORE-MATH | Carnegie | Carnegie and LGPL-2.1+ | DEC | FSFAP | GPL-2 | GPL-2+ | GPL-2+-with-link-exception | GPL-3+ | IBM | IBM and ISC | ISC | ISC and LGPL-2.1+ | Inner-Net | Inner-Net and LGPL-2.1+ | LGPL-2+ | LGPL-2.1+ | LGPL-2.1+ and GPL-2 | LGPL-2.1+ and SunPro | LGPL-2.1+-with-link-exception | LGPL-3+ | MIT-like-Lord | PCRE | SunPro | Unicode-DFS-2016 | Univ-Coimbra | public-domain","","","","","","Organization: GNU Libc Maintainers <debian-glibc@lists.debian.org>","Copyright (c) Debian contributors","cpe:2.3:a:debian:glibc:2.41-12+deb13u3:*:*:*:*:*:*:*","pkg:deb/debian/glibc@2.41-12+deb13u3?arch=arm64","cpe:2.3:a:debian:glibc:2.41-12+deb13u3:*:*:*:*:*:*:*","pkg:deb/debian/glibc@2.41-12+deb13u3?arch=arm64","LIBRARY","debian-target"
"libcaca0","0.99.beta20-5","GPL | GPL-2+ | ISC | LGPL-2+ | WTFPL-2","","","","","","Organization: Debian Multimedia Maintainers <debian-multimedia@lists.debian.org>","Copyright (c) Debian contributors","cpe:2.3:a:debian:libcaca:0.99.beta20-5:*:*:*:*:*:*:*","pkg:deb/debian/libcaca@0.99.beta20-5?arch=arm64","cpe:2.3:a:debian:libcaca:0.99.beta20-5:*:*:*:*:*:*:*","pkg:deb/debian/libcaca@0.99.beta20-5?arch=arm64","LIBRARY","debian-target"
"libcairo-gobject-perl","1.005-4+b3","LGPL-2.1+","","","","","","Organization: Debian Perl Group <pkg-perl-maintainers@lists.alioth.debian.org>","Copyright (c) Debian contributors","cpe:2.3:a:debian:libcairo-gobject-perl (1.005-4):1.005-4+b3:*:*:*:*:*:*:*","pkg:deb/debian/libcairo-gobject-perl (1.005-4)@1.005-4+b3?arch=arm64","cpe:2.3:a:debian:libcairo-gobject-perl (1.005-4):1.005-4+b3:*:*:*:*:*:*:*","pkg:deb/debian/libcairo-gobject-perl (1.005-4)@1.005-4+b3?arch=arm64","APPLICATION","debian-target"
"libcairo-gobject2","1.18.4-1+b1","","","","","","","Organization: Debian GNOME Maintainers <pkg-gnome-maintainers@lists.alioth.debian.org>","Copyright (c) Debian contributors","cpe:2.3:a:debian:cairo (1.18.4-1):1.18.4-1+b1:*:*:*:*:*:*:*","pkg:deb/debian/cairo (1.18.4-1)@1.18.4-1+b1?arch=arm64","cpe:2.3:a:debian:cairo (1.18.4-1):1.18.4-1+b1:*:*:*:*:*:*:*","pkg:deb/debian/cairo (1.18.4-1)@1.18.4-1+b1?arch=arm64","LIBRARY","debian-target"
"libcairo-perl","1.109-5+b1","Artistic | Artistic or GPL-1+ | GPL-1+ | LGPL-2.1+","","","","","","Organization: Debian Perl Group <pkg-perl-maintainers@lists.alioth.debian.org>","Copyright (c) Debian contributors","cpe:2.3:a:debian:libcairo-perl (1.109-5):1.109-5+b1:*:*:*:*:*:*:*","pkg:deb/debian/libcairo-perl (1.109-5)@1.109-5+b1?arch=arm64","cpe:2.3:a:debian:libcairo-perl (1.109-5):1.109-5+b1:*:*:*:*:*:*:*","pkg:deb/debian/libcairo-perl (1.109-5)@1.109-5+b1?arch=arm64","APPLICATION","debian-target"
"libcairo-script-interpreter2","1.18.4-1+b1","","","","","","","Organization: Debian GNOME Maintainers <pkg-gnome-maintainers@lists.alioth.debian.org>","Copyright (c) Debian contributors","cpe:2.3:a:debian:cairo (1.18.4-1):1.18.4-1+b1:*:*:*:*:*:*:*","pkg:deb/debian/cairo (1.18.4-1)@1.18.4-1+b1?arch=arm64","cpe:2.3:a:debian:cairo (1.18.4-1):1.18.4-1+b1:*:*:*:*:*:*:*","pkg:deb/debian/cairo (1.18.4-1)@1.18.4-1+b1?arch=arm64","LIBRARY","debian-target"
"libcairo2","1.18.4-1+b1","","","","","","","Organization: Debian GNOME Maintainers <pkg-gnome-maintainers@lists.alioth.debian.org>","Copyright (c) Debian contributors","cpe:2.3:a:debian:cairo (1.18.4-1):1.18.4-1+b1:*:*:*:*:*:*:*","pkg:deb/debian/cairo (1.18.4-1)@1.18.4-1+b1?arch=arm64","cpe:2.3:a:debian:cairo (1.18.4-1):1.18.4-1+b1:*:*:*:*:*:*:*","pkg:deb/debian/cairo (1.18.4-1)@1.18.4-1+b1?arch=arm64","LIBRARY","debian-target"
"libcairo2-dev","1.18.4-1+b1","","","","","","","Organization: Debian GNOME Maintainers <pkg-gnome-maintainers@lists.alioth.debian.org>","Copyright (c) Debian contributors","cpe:2.3:a:debian:cairo (1.18.4-1):1.18.4-1+b1:*:*:*:*:*:*:*","pkg:deb/debian/cairo (1.18.4-1)@1.18.4-1+b1?arch=arm64","cpe:2.3:a:debian:cairo (1.18.4-1):1.18.4-1+b1:*:*:*:*:*:*:*","pkg:deb/debian/cairo (1.18.4-1)@1.18.4-1+b1?arch=arm64","LIBRARY","debian-target"
"libcairomm-1.16-1","1.18.0-2","LGPL-2+ | LGPL-2.1+","","","","","","Organization: Debian GNOME Maintainers <pkg-gnome-maintainers@lists.alioth.debian.org>","Copyright (c) Debian contributors","cpe:2.3:a:debian:cairomm1.16:1.18.0-2:*:*:*:*:*:*:*","pkg:deb/debian/cairomm1.16@1.18.0-2?arch=arm64","cpe:2.3:a:debian:cairomm1.16:1.18.0-2:*:*:*:*:*:*:*","pkg:deb/debian/cairomm1.16@1.18.0-2?arch=arm64","LIBRARY","debian-target"
"libcamel-1.2-64t64","3.56.2-0+deb13u1","","","","","","","Organization: Debian GNOME Maintainers <pkg-gnome-maintainers@lists.alioth.debian.org>","Copyright (c) Debian contributors","cpe:2.3:a:debian:evolution-data-server:3.56.2-0+deb13u1:*:*:*:*:*:*:*","pkg:deb/debian/evolution-data-server@3.56.2-0+deb13u1?arch=arm64","cpe:2.3:a:debian:evolution-data-server:3.56.2-0+deb13u1:*:*:*:*:*:*:*","pkg:deb/debian/evolution-data-server@3.56.2-0+deb13u1?arch=arm64","LIBRARY","debian-target"
"libcanberra-dev","0.30-18","","","","","","","Organization: Debian GNOME Maintainers <pkg-gnome-maintainers@lists.alioth.debian.org>","Copyright (c) Debian contributors","cpe:2.3:a:debian:libcanberra:0.30-18:*:*:*:*:*:*:*","pkg:deb/debian/libcanberra@0.30-18?arch=arm64","cpe:2.3:a:debian:libcanberra:0.30-18:*:*:*:*:*:*:*","pkg:deb/debian/libcanberra@0.30-18?arch=arm64","LIBRARY","debian-target"
"libcanberra-gtk-common-dev","0.30-18","","","","","","","Organization: Debian GNOME Maintainers <pkg-gnome-maintainers@lists.alioth.debian.org>","Copyright (c) Debian contributors","cpe:2.3:a:debian:libcanberra:0.30-18:*:*:*:*:*:*:*","pkg:deb/debian/libcanberra@0.30-18?arch=all","cpe:2.3:a:debian:libcanberra:0.30-18:*:*:*:*:*:*:*","pkg:deb/debian/libcanberra@0.30-18?arch=all","LIBRARY","debian-target"
"libcanberra-gtk3-0","0.30-18","","","","","","","Organization: Debian GNOME Maintainers <pkg-gnome-maintainers@lists.alioth.debian.org>","Copyright (c) Debian contributors","cpe:2.3:a:debian:libcanberra:0.30-18:*:*:*:*:*:*:*","pkg:deb/debian/libcanberra@0.30-18?arch=arm64","cpe:2.3:a:debian:libcanberra:0.30-18:*:*:*:*:*:*:*","pkg:deb/debian/libcanberra@0.30-18?arch=arm64","LIBRARY","debian-target"
"libcanberra-gtk3-dev","0.30-18","","","","","","","Organization: Debian GNOME Maintainers <pkg-gnome-maintainers@lists.alioth.debian.org>","Copyright (c) Debian contributors","cpe:2.3:a:debian:libcanberra:0.30-18:*:*:*:*:*:*:*","pkg:deb/debian/libcanberra@0.30-18?arch=arm64","cpe:2.3:a:debian:libcanberra:0.30-18:*:*:*:*:*:*:*","pkg:deb/debian/libcanberra@0.30-18?arch=arm64","LIBRARY","debian-target"
"libcanberra-pulse","0.30-18","","","","","","","Organization: Debian GNOME Maintainers <pkg-gnome-maintainers@lists.alioth.debian.org>","Copyright (c) Debian contributors","cpe:2.3:a:debian:libcanberra:0.30-18:*:*:*:*:*:*:*","pkg:deb/debian/libcanberra@0.30-18?arch=arm64","cpe:2.3:a:debian:libcanberra:0.30-18:*:*:*:*:*:*:*","pkg:deb/debian/libcanberra@0.30-18?arch=arm64","LIBRARY","debian-target"
"libcanberra0","0.30-18","","","","","","","Organization: Debian GNOME Maintainers <pkg-gnome-maintainers@lists.alioth.debian.org>","Copyright (c) Debian contributors","cpe:2.3:a:debian:libcanberra:0.30-18:*:*:*:*:*:*:*","pkg:deb/debian/libcanberra@0.30-18?arch=arm64","cpe:2.3:a:debian:libcanberra:0.30-18:*:*:*:*:*:*:*","pkg:deb/debian/libcanberra@0.30-18?arch=arm64","LIBRARY","debian-target"
"libcap-dev","1:2.75-10+deb13u1+b1","BSD-3-clause | BSD-3-clause or GPL-2 | BSD-3-clause or GPL-2+ | GPL-2 | GPL-2+","","","","","","Organization: Christian Kastner <ckk@debian.org>","Copyright (c) Debian contributors","cpe:2.3:a:debian:libcap2 (1:2.75-10+deb13u1):1:2.75-10+deb13u1+b1:*:*:*:*:*:*:*","pkg:deb/debian/libcap2 (1:2.75-10+deb13u1)@1:2.75-10+deb13u1+b1?arch=arm64","cpe:2.3:a:debian:libcap2 (1:2.75-10+deb13u1):1:2.75-10+deb13u1+b1:*:*:*:*:*:*:*","pkg:deb/debian/libcap2 (1:2.75-10+deb13u1)@1:2.75-10+deb13u1+b1?arch=arm64","LIBRARY","debian-target"
"libcap-ng0","0.8.5-4+b1","GPL-2+ | GPL-3 | LGPL-2.1+","","","","","","Organization: Håvard F. Aasen <havard.f.aasen@pfft.no>","Copyright (c) Debian contributors","cpe:2.3:a:debian:libcap-ng (0.8.5-4):0.8.5-4+b1:*:*:*:*:*:*:*","pkg:deb/debian/libcap-ng (0.8.5-4)@0.8.5-4+b1?arch=arm64","cpe:2.3:a:debian:libcap-ng (0.8.5-4):0.8.5-4+b1:*:*:*:*:*:*:*","pkg:deb/debian/libcap-ng (0.8.5-4)@0.8.5-4+b1?arch=arm64","LIBRARY","debian-target"
"libcap2","1:2.75-10+deb13u1+b1","BSD-3-clause | BSD-3-clause or GPL-2 | BSD-3-clause or GPL-2+ | GPL-2 | GPL-2+","","","","","","Organization: Christian Kastner <ckk@debian.org>","Copyright (c) Debian contributors","cpe:2.3:a:debian:libcap2 (1:2.75-10+deb13u1):1:2.75-10+deb13u1+b1:*:*:*:*:*:*:*","pkg:deb/debian/libcap2 (1:2.75-10+deb13u1)@1:2.75-10+deb13u1+b1?arch=arm64","cpe:2.3:a:debian:libcap2 (1:2.75-10+deb13u1):1:2.75-10+deb13u1+b1:*:*:*:*:*:*:*","pkg:deb/debian/libcap2 (1:2.75-10+deb13u1)@1:2.75-10+deb13u1+b1?arch=arm64","LIBRARY","debian-target"
"libcap2-bin","1:2.75-10+deb13u1+b1","BSD-3-clause | BSD-3-clause or GPL-2 | BSD-3-clause or GPL-2+ | GPL-2 | GPL-2+","","","","","","Organization: Christian Kastner <ckk@debian.org>","Copyright (c) Debian contributors","cpe:2.3:a:debian:libcap2 (1:2.75-10+deb13u1):1:2.75-10+deb13u1+b1:*:*:*:*:*:*:*","pkg:deb/debian/libcap2 (1:2.75-10+deb13u1)@1:2.75-10+deb13u1+b1?arch=arm64","cpe:2.3:a:debian:libcap2 (1:2.75-10+deb13u1):1:2.75-10+deb13u1+b1:*:*:*:*:*:*:*","pkg:deb/debian/libcap2 (1:2.75-10+deb13u1)@1:2.75-10+deb13u1+b1?arch=arm64","APPLICATION","debian-target"
"libcbor0.10","0.10.2-2","Expat","","","","","","Organization: Vincent Bernat <bernat@debian.org>","Copyright (c) Debian contributors","cpe:2.3:a:debian:libcbor:0.10.2-2:*:*:*:*:*:*:*","pkg:deb/debian/libcbor@0.10.2-2?arch=arm64","cpe:2.3:a:debian:libcbor:0.10.2-2:*:*:*:*:*:*:*","pkg:deb/debian/libcbor@0.10.2-2?arch=arm64","LIBRARY","debian-target"
"libcc1-0","14.2.0-19","","","","","","","Organization: Debian GCC Maintainers <debian-gcc@lists.debian.org>","Copyright (c) Debian contributors","cpe:2.3:a:debian:gcc-14:14.2.0-19:*:*:*:*:*:*:*","pkg:deb/debian/gcc-14@14.2.0-19?arch=arm64","cpe:2.3:a:debian:gcc-14:14.2.0-19:*:*:*:*:*:*:*","pkg:deb/debian/gcc-14@14.2.0-19?arch=arm64","LIBRARY","debian-target"
"libcdio-cdda2t64","10.2+2.0.2-1+b1","GFDL-NIV-1.2 | GPL-3+","","","","","","Organization: Philippe SWARTVAGHER <phil.swart@gmx.fr>","Copyright (c) Debian contributors","cpe:2.3:a:debian:libcdio-paranoia (10.2+2.0.2-1):10.2+2.0.2-1+b1:*:*:*:*:*:*:*","pkg:deb/debian/libcdio-paranoia (10.2+2.0.2-1)@10.2+2.0.2-1+b1?arch=arm64","cpe:2.3:a:debian:libcdio-paranoia (10.2+2.0.2-1):10.2+2.0.2-1+b1:*:*:*:*:*:*:*","pkg:deb/debian/libcdio-paranoia (10.2+2.0.2-1)@10.2+2.0.2-1+b1?arch=arm64","LIBRARY","debian-target"
"libcdio-paranoia2t64","10.2+2.0.2-1+b1","GFDL-NIV-1.2 | GPL-3+","","","","","","Organization: Philippe SWARTVAGHER <phil.swart@gmx.fr>","Copyright (c) Debian contributors","cpe:2.3:a:debian:libcdio-paranoia (10.2+2.0.2-1):10.2+2.0.2-1+b1:*:*:*:*:*:*:*","pkg:deb/debian/libcdio-paranoia (10.2+2.0.2-1)@10.2+2.0.2-1+b1?arch=arm64","cpe:2.3:a:debian:libcdio-paranoia (10.2+2.0.2-1):10.2+2.0.2-1+b1:*:*:*:*:*:*:*","pkg:deb/debian/libcdio-paranoia (10.2+2.0.2-1)@10.2+2.0.2-1+b1?arch=arm64","LIBRARY","debian-target"
"libcdio19t64","2.2.0-4.1~deb13u1","GFDL-1.2 | GPL-2+ with autoconf-macro exception | GPL-3 | GPL-3 and GFDL-1.2","","","","","","Organization: Gabriel F. T. Gomes <gabriel@debian.org>","Copyright (c) Debian contributors","cpe:2.3:a:debian:libcdio:2.2.0-4.1~deb13u1:*:*:*:*:*:*:*","pkg:deb/debian/libcdio@2.2.0-4.1~deb13u1?arch=arm64","cpe:2.3:a:debian:libcdio:2.2.0-4.1~deb13u1:*:*:*:*:*:*:*","pkg:deb/debian/libcdio@2.2.0-4.1~deb13u1?arch=arm64","LIBRARY","debian-target"
"libcdparanoia0","3.10.2+debian-14+b1","GPL-2+ | LGPL-2.1+","","","","","","Organization: Optical Media Tools Team <pkg-opt-media-team@lists.alioth.debian.org>","Copyright (c) Debian contributors","cpe:2.3:a:debian:cdparanoia (3.10.2+debian-14):3.10.2+debian-14+b1:*:*:*:*:*:*:*","pkg:deb/debian/cdparanoia (3.10.2+debian-14)@3.10.2+debian-14+b1?arch=arm64","cpe:2.3:a:debian:cdparanoia (3.10.2+debian-14):3.10.2+debian-14+b1:*:*:*:*:*:*:*","pkg:deb/debian/cdparanoia (3.10.2+debian-14)@3.10.2+debian-14+b1?arch=arm64","LIBRARY","debian-target"
"libcfitsio10t64","4.6.2-2","FSFAP | FSFUL | FSFULLR | FSFULLR and GPL-2+ with Libtool exception | GPL-2+ with Libtool exception | GPL-3+ with Bison-2.2 exception | LGPL-2+ | LGPL-2+ or cfortran | NOSA | SAO | X11 | cfortran","","","","","","Organization: Debian Astronomy Maintainers <debian-astro-maintainers@lists.alioth.debian.org>","Copyright (c) Debian contributors","cpe:2.3:a:debian:cfitsio:4.6.2-2:*:*:*:*:*:*:*","pkg:deb/debian/cfitsio@4.6.2-2?arch=arm64","cpe:2.3:a:debian:cfitsio:4.6.2-2:*:*:*:*:*:*:*","pkg:deb/debian/cfitsio@4.6.2-2?arch=arm64","LIBRARY","debian-target"
"libcharls2","2.4.2-2+b2","BSD-3-clause","","","","","","Organization: Debian Med Packaging Team <debian-med-packaging@lists.alioth.debian.org>","Copyright (c) Debian contributors","cpe:2.3:a:debian:charls (2.4.2-2):2.4.2-2+b2:*:*:*:*:*:*:*","pkg:deb/debian/charls (2.4.2-2)@2.4.2-2+b2?arch=arm64","cpe:2.3:a:debian:charls (2.4.2-2):2.4.2-2+b2:*:*:*:*:*:*:*","pkg:deb/debian/charls (2.4.2-2)@2.4.2-2+b2?arch=arm64","LIBRARY","debian-target"
"libcheese-dev","44.1-5","CC-BY-SA-3.0 | GPL-2+","","","","","","Organization: Debian GNOME Maintainers <pkg-gnome-maintainers@lists.alioth.debian.org>","Copyright (c) Debian contributors","cpe:2.3:a:debian:cheese:44.1-5:*:*:*:*:*:*:*","pkg:deb/debian/cheese@44.1-5?arch=arm64","cpe:2.3:a:debian:cheese:44.1-5:*:*:*:*:*:*:*","pkg:deb/debian/cheese@44.1-5?arch=arm64","LIBRARY","debian-target"
"libcheese-doc","44.1-5","CC-BY-SA-3.0 | GPL-2+","","","","","","Organization: Debian GNOME Maintainers <pkg-gnome-maintainers@lists.alioth.debian.org>","Copyright (c) Debian contributors","cpe:2.3:a:debian:cheese:44.1-5:*:*:*:*:*:*:*","pkg:deb/debian/cheese@44.1-5?arch=all","cpe:2.3:a:debian:cheese:44.1-5:*:*:*:*:*:*:*","pkg:deb/debian/cheese@44.1-5?arch=all","APPLICATION","debian-target"
"libcheese-gtk-dev","44.1-5","CC-BY-SA-3.0 | GPL-2+","","","","","","Organization: Debian GNOME Maintainers <pkg-gnome-maintainers@lists.alioth.debian.org>","Copyright (c) Debian contributors","cpe:2.3:a:debian:cheese:44.1-5:*:*:*:*:*:*:*","pkg:deb/debian/cheese@44.1-5?arch=arm64","cpe:2.3:a:debian:cheese:44.1-5:*:*:*:*:*:*:*","pkg:deb/debian/cheese@44.1-5?arch=arm64","LIBRARY","debian-target"
"libcheese-gtk25","44.1-5","CC-BY-SA-3.0 | GPL-2+","","","","","","Organization: Debian GNOME Maintainers <pkg-gnome-maintainers@lists.alioth.debian.org>","Copyright (c) Debian contributors","cpe:2.3:a:debian:cheese:44.1-5:*:*:*:*:*:*:*","pkg:deb/debian/cheese@44.1-5?arch=arm64","cpe:2.3:a:debian:cheese:44.1-5:*:*:*:*:*:*:*","pkg:deb/debian/cheese@44.1-5?arch=arm64","LIBRARY","debian-target"
"libcheese-gtk25-dbgsym","44.1-5","CC-BY-SA-3.0 | GPL-2+","","","","","","Organization: Debian GNOME Maintainers <pkg-gnome-maintainers@lists.alioth.debian.org>","Copyright (c) Debian contributors","cpe:2.3:a:debian:cheese:44.1-5:*:*:*:*:*:*:*","pkg:deb/debian/cheese@44.1-5?arch=arm64","cpe:2.3:a:debian:cheese:44.1-5:*:*:*:*:*:*:*","pkg:deb/debian/cheese@44.1-5?arch=arm64","APPLICATION","debian-target"
"libcheese8","44.1-5","CC-BY-SA-3.0 | GPL-2+","","","","","","Organization: Debian GNOME Maintainers <pkg-gnome-maintainers@lists.alioth.debian.org>","Copyright (c) Debian contributors","cpe:2.3:a:debian:cheese:44.1-5:*:*:*:*:*:*:*","pkg:deb/debian/cheese@44.1-5?arch=arm64","cpe:2.3:a:debian:cheese:44.1-5:*:*:*:*:*:*:*","pkg:deb/debian/cheese@44.1-5?arch=arm64","LIBRARY","debian-target"
"libcheese8-dbgsym","44.1-5","CC-BY-SA-3.0 | GPL-2+","","","","","","Organization: Debian GNOME Maintainers <pkg-gnome-maintainers@lists.alioth.debian.org>","Copyright (c) Debian contributors","cpe:2.3:a:debian:cheese:44.1-5:*:*:*:*:*:*:*","pkg:deb/debian/cheese@44.1-5?arch=arm64","cpe:2.3:a:debian:cheese:44.1-5:*:*:*:*:*:*:*","pkg:deb/debian/cheese@44.1-5?arch=arm64","APPLICATION","debian-target"
"libchromaprint1","1.5.1-7","BSD-3-clause | Expat | LGPL-2.1+","","","","","","Organization: Debian Multimedia Maintainers <debian-multimedia@lists.debian.org>","Copyright (c) Debian contributors","cpe:2.3:a:debian:chromaprint:1.5.1-7:*:*:*:*:*:*:*","pkg:deb/debian/chromaprint@1.5.1-7?arch=arm64","cpe:2.3:a:debian:chromaprint:1.5.1-7:*:*:*:*:*:*:*","pkg:deb/debian/chromaprint@1.5.1-7?arch=arm64","LIBRARY","debian-target"
"libcjson1","1.7.18-3.1+deb13u1","Apache-2.0 | MIT","","","","","","Organization: Maytham Alsudany <maytha8thedev@gmail.com>","Copyright (c) Debian contributors","cpe:2.3:a:debian:cjson:1.7.18-3.1+deb13u1:*:*:*:*:*:*:*","pkg:deb/debian/cjson@1.7.18-3.1+deb13u1?arch=arm64","cpe:2.3:a:debian:cjson:1.7.18-3.1+deb13u1:*:*:*:*:*:*:*","pkg:deb/debian/cjson@1.7.18-3.1+deb13u1?arch=arm64","LIBRARY","debian-target"
"libclone-perl","0.47-1+b1","Artistic | Artistic or GPL-1+ | GPL-1+","","","","","","Organization: Debian Perl Group <pkg-perl-maintainers@lists.alioth.debian.org>","Copyright (c) Debian contributors","cpe:2.3:a:debian:libclone-perl (0.47-1):0.47-1+b1:*:*:*:*:*:*:*","pkg:deb/debian/libclone-perl (0.47-1)@0.47-1+b1?arch=arm64","cpe:2.3:a:debian:libclone-perl (0.47-1):0.47-1+b1:*:*:*:*:*:*:*","pkg:deb/debian/libclone-perl (0.47-1)@0.47-1+b1?arch=arm64","APPLICATION","debian-target"
"libcloudproviders-dev","0.3.6-2","LGPL-3+","","","","","","Organization: Debian GNOME Maintainers <pkg-gnome-maintainers@lists.alioth.debian.org>","Copyright (c) Debian contributors","cpe:2.3:a:debian:libcloudproviders:0.3.6-2:*:*:*:*:*:*:*","pkg:deb/debian/libcloudproviders@0.3.6-2?arch=arm64","cpe:2.3:a:debian:libcloudproviders:0.3.6-2:*:*:*:*:*:*:*","pkg:deb/debian/libcloudproviders@0.3.6-2?arch=arm64","LIBRARY","debian-target"
"libcloudproviders0","0.3.6-2","LGPL-3+","","","","","","Organization: Debian GNOME Maintainers <pkg-gnome-maintainers@lists.alioth.debian.org>","Copyright (c) Debian contributors","cpe:2.3:a:debian:libcloudproviders:0.3.6-2:*:*:*:*:*:*:*","pkg:deb/debian/libcloudproviders@0.3.6-2?arch=arm64","cpe:2.3:a:debian:libcloudproviders:0.3.6-2:*:*:*:*:*:*:*","pkg:deb/debian/libcloudproviders@0.3.6-2?arch=arm64","LIBRARY","debian-target"
"libclutter-1.0-0","1.26.4+git2779b932+dfsg-7+b2","LGPL-2.1","","","","","","Organization: Debian GNOME Maintainers <pkg-gnome-maintainers@lists.alioth.debian.org>","Copyright (c) Debian contributors","cpe:2.3:a:debian:clutter-1.0 (1.26.4+git2779b932+dfsg-7):1.26.4+git2779b932+dfsg-7+b2:*:*:*:*:*:*:*","pkg:deb/debian/clutter-1.0 (1.26.4+git2779b932+dfsg-7)@1.26.4+git2779b932+dfsg-7+b2?arch=arm64","cpe:2.3:a:debian:clutter-1.0 (1.26.4+git2779b932+dfsg-7):1.26.4+git2779b932+dfsg-7+b2:*:*:*:*:*:*:*","pkg:deb/debian/clutter-1.0 (1.26.4+git2779b932+dfsg-7)@1.26.4+git2779b932+dfsg-7+b2?arch=arm64","LIBRARY","debian-target"
"libclutter-1.0-dev","1.26.4+git2779b932+dfsg-7+b2","LGPL-2.1","","","","","","Organization: Debian GNOME Maintainers <pkg-gnome-maintainers@lists.alioth.debian.org>","Copyright (c) Debian contributors","cpe:2.3:a:debian:clutter-1.0 (1.26.4+git2779b932+dfsg-7):1.26.4+git2779b932+dfsg-7+b2:*:*:*:*:*:*:*","pkg:deb/debian/clutter-1.0 (1.26.4+git2779b932+dfsg-7)@1.26.4+git2779b932+dfsg-7+b2?arch=arm64","cpe:2.3:a:debian:clutter-1.0 (1.26.4+git2779b932+dfsg-7):1.26.4+git2779b932+dfsg-7+b2:*:*:*:*:*:*:*","pkg:deb/debian/clutter-1.0 (1.26.4+git2779b932+dfsg-7)@1.26.4+git2779b932+dfsg-7+b2?arch=arm64","LIBRARY","debian-target"
"libclutter-gst-3.0-0","3.0.27-4+b1","","","","","","","Organization: Debian GNOME Maintainers <pkg-gnome-maintainers@lists.alioth.debian.org>","Copyright (c) Debian contributors","cpe:2.3:a:debian:clutter-gst-3.0 (3.0.27-4):3.0.27-4+b1:*:*:*:*:*:*:*","pkg:deb/debian/clutter-gst-3.0 (3.0.27-4)@3.0.27-4+b1?arch=arm64","cpe:2.3:a:debian:clutter-gst-3.0 (3.0.27-4):3.0.27-4+b1:*:*:*:*:*:*:*","pkg:deb/debian/clutter-gst-3.0 (3.0.27-4)@3.0.27-4+b1?arch=arm64","APPLICATION","debian-target"
"libclutter-gst-3.0-dev","3.0.27-4+b1","","","","","","","Organization: Debian GNOME Maintainers <pkg-gnome-maintainers@lists.alioth.debian.org>","Copyright (c) Debian contributors","cpe:2.3:a:debian:clutter-gst-3.0 (3.0.27-4):3.0.27-4+b1:*:*:*:*:*:*:*","pkg:deb/debian/clutter-gst-3.0 (3.0.27-4)@3.0.27-4+b1?arch=arm64","cpe:2.3:a:debian:clutter-gst-3.0 (3.0.27-4):3.0.27-4+b1:*:*:*:*:*:*:*","pkg:deb/debian/clutter-gst-3.0 (3.0.27-4)@3.0.27-4+b1?arch=arm64","APPLICATION","debian-target"
"libclutter-gtk-1.0-0","1.8.4-6","","","","","","","Organization: Debian GNOME Maintainers <pkg-gnome-maintainers@lists.alioth.debian.org>","Copyright (c) Debian contributors","cpe:2.3:a:debian:clutter-gtk:1.8.4-6:*:*:*:*:*:*:*","pkg:deb/debian/clutter-gtk@1.8.4-6?arch=arm64","cpe:2.3:a:debian:clutter-gtk:1.8.4-6:*:*:*:*:*:*:*","pkg:deb/debian/clutter-gtk@1.8.4-6?arch=arm64","LIBRARY","debian-target"
"libclutter-gtk-1.0-dev","1.8.4-6","","","","","","","Organization: Debian GNOME Maintainers <pkg-gnome-maintainers@lists.alioth.debian.org>","Copyright (c) Debian contributors","cpe:2.3:a:debian:clutter-gtk:1.8.4-6:*:*:*:*:*:*:*","pkg:deb/debian/clutter-gtk@1.8.4-6?arch=arm64","cpe:2.3:a:debian:clutter-gtk:1.8.4-6:*:*:*:*:*:*:*","pkg:deb/debian/clutter-gtk@1.8.4-6?arch=arm64","LIBRARY","debian-target"
"libcodec2-1.2","1.2.0-3","JMVBSD | KISSFFTBSD | LGPL-2.1","","","","","","Organization: A. Maitland Bottoms <bottoms@debian.org>","Copyright (c) Debian contributors","cpe:2.3:a:debian:codec2:1.2.0-3:*:*:*:*:*:*:*","pkg:deb/debian/codec2@1.2.0-3?arch=arm64","cpe:2.3:a:debian:codec2:1.2.0-3:*:*:*:*:*:*:*","pkg:deb/debian/codec2@1.2.0-3?arch=arm64","LIBRARY","debian-target"
"libcogl-dev","1.22.8-5","Apache-2.0 | BSD-3 | Expat | LGPL-2+ | LGPL-2.1+ | SGI-B-2.0","","","","","","Organization: Debian GNOME Maintainers <pkg-gnome-maintainers@lists.alioth.debian.org>","Copyright (c) Debian contributors","cpe:2.3:a:debian:cogl:1.22.8-5:*:*:*:*:*:*:*","pkg:deb/debian/cogl@1.22.8-5?arch=arm64","cpe:2.3:a:debian:cogl:1.22.8-5:*:*:*:*:*:*:*","pkg:deb/debian/cogl@1.22.8-5?arch=arm64","LIBRARY","debian-target"
"libcogl-pango-dev","1.22.8-5","Apache-2.0 | BSD-3 | Expat | LGPL-2+ | LGPL-2.1+ | SGI-B-2.0","","","","","","Organization: Debian GNOME Maintainers <pkg-gnome-maintainers@lists.alioth.debian.org>","Copyright (c) Debian contributors","cpe:2.3:a:debian:cogl:1.22.8-5:*:*:*:*:*:*:*","pkg:deb/debian/cogl@1.22.8-5?arch=arm64","cpe:2.3:a:debian:cogl:1.22.8-5:*:*:*:*:*:*:*","pkg:deb/debian/cogl@1.22.8-5?arch=arm64","LIBRARY","debian-target"
"libcogl-pango20","1.22.8-5","Apache-2.0 | BSD-3 | Expat | LGPL-2+ | LGPL-2.1+ | SGI-B-2.0","","","","","","Organization: Debian GNOME Maintainers <pkg-gnome-maintainers@lists.alioth.debian.org>","Copyright (c) Debian contributors","cpe:2.3:a:debian:cogl:1.22.8-5:*:*:*:*:*:*:*","pkg:deb/debian/cogl@1.22.8-5?arch=arm64","cpe:2.3:a:debian:cogl:1.22.8-5:*:*:*:*:*:*:*","pkg:deb/debian/cogl@1.22.8-5?arch=arm64","LIBRARY","debian-target"
"libcogl-path-dev","1.22.8-5","Apache-2.0 | BSD-3 | Expat | LGPL-2+ | LGPL-2.1+ | SGI-B-2.0","","","","","","Organization: Debian GNOME Maintainers <pkg-gnome-maintainers@lists.alioth.debian.org>","Copyright (c) Debian contributors","cpe:2.3:a:debian:cogl:1.22.8-5:*:*:*:*:*:*:*","pkg:deb/debian/cogl@1.22.8-5?arch=arm64","cpe:2.3:a:debian:cogl:1.22.8-5:*:*:*:*:*:*:*","pkg:deb/debian/cogl@1.22.8-5?arch=arm64","LIBRARY","debian-target"
"libcogl-path20","1.22.8-5","Apache-2.0 | BSD-3 | Expat | LGPL-2+ | LGPL-2.1+ | SGI-B-2.0","","","","","","Organization: Debian GNOME Maintainers <pkg-gnome-maintainers@lists.alioth.debian.org>","Copyright (c) Debian contributors","cpe:2.3:a:debian:cogl:1.22.8-5:*:*:*:*:*:*:*","pkg:deb/debian/cogl@1.22.8-5?arch=arm64","cpe:2.3:a:debian:cogl:1.22.8-5:*:*:*:*:*:*:*","pkg:deb/debian/cogl@1.22.8-5?arch=arm64","LIBRARY","debian-target"
"libcogl20","1.22.8-5","Apache-2.0 | BSD-3 | Expat | LGPL-2+ | LGPL-2.1+ | SGI-B-2.0","","","","","","Organization: Debian GNOME Maintainers <pkg-gnome-maintainers@lists.alioth.debian.org>","Copyright (c) Debian contributors","cpe:2.3:a:debian:cogl:1.22.8-5:*:*:*:*:*:*:*","pkg:deb/debian/cogl@1.22.8-5?arch=arm64","cpe:2.3:a:debian:cogl:1.22.8-5:*:*:*:*:*:*:*","pkg:deb/debian/cogl@1.22.8-5?arch=arm64","LIBRARY","debian-target"
"libcolord-gtk4-1t64","0.3.1-1+b1","GFDL-NIV-1.1+ | GPL-2+ | LGPL-2.1+","","","","","","Organization: Christopher James Halse Rogers <raof@ubuntu.com>","Copyright (c) Debian contributors","cpe:2.3:a:debian:colord-gtk (0.3.1-1):0.3.1-1+b1:*:*:*:*:*:*:*","pkg:deb/debian/colord-gtk (0.3.1-1)@0.3.1-1+b1?arch=arm64","cpe:2.3:a:debian:colord-gtk (0.3.1-1):0.3.1-1+b1:*:*:*:*:*:*:*","pkg:deb/debian/colord-gtk (0.3.1-1)@0.3.1-1+b1?arch=arm64","LIBRARY","debian-target"
"libcolord2","1.4.7-3","CC0-1.0 | CC0-1.0 and NPES | GFDL-NIV | GPL-2+ | LGPL-2.1+ | NPES","","","","","","Organization: Debian freedesktop.org maintainers <pkg-freedesktop-maintainers@lists.alioth.debian.org>","Copyright (c) Debian contributors","cpe:2.3:a:debian:colord:1.4.7-3:*:*:*:*:*:*:*","pkg:deb/debian/colord@1.4.7-3?arch=arm64","cpe:2.3:a:debian:colord:1.4.7-3:*:*:*:*:*:*:*","pkg:deb/debian/colord@1.4.7-3?arch=arm64","LIBRARY","debian-target"
"libcolorhug2","1.4.7-3","CC0-1.0 | CC0-1.0 and NPES | GFDL-NIV | GPL-2+ | LGPL-2.1+ | NPES","","","","","","Organization: Debian freedesktop.org maintainers <pkg-freedesktop-maintainers@lists.alioth.debian.org>","Copyright (c) Debian contributors","cpe:2.3:a:debian:colord:1.4.7-3:*:*:*:*:*:*:*","pkg:deb/debian/colord@1.4.7-3?arch=arm64","cpe:2.3:a:debian:colord:1.4.7-3:*:*:*:*:*:*:*","pkg:deb/debian/colord@1.4.7-3?arch=arm64","LIBRARY","debian-target"
"libcom-err2","1.47.2-3+b11","0BSD | Apache-2 | BSD-3-Clause | BSD-3-Clause-Variant | BSD-4-Clause-CMU | Expat | GPL or MIT-US-export | GPL-2 | GPL-2+ | GPL-2+ with Texinfo exception | ISC | Kazlib | LGPL-2 | Latex2e","","","","","","Organization: Theodore Y. Ts'o <tytso@mit.edu>","Copyright (c) Debian contributors","cpe:2.3:a:debian:e2fsprogs (1.47.2-3):1.47.2-3+b11:*:*:*:*:*:*:*","pkg:deb/debian/e2fsprogs (1.47.2-3)@1.47.2-3+b11?arch=arm64","cpe:2.3:a:debian:e2fsprogs (1.47.2-3):1.47.2-3+b11:*:*:*:*:*:*:*","pkg:deb/debian/e2fsprogs (1.47.2-3)@1.47.2-3+b11?arch=arm64","LIBRARY","debian-target"
"libconfig++11","1.7.3-2","Apache-2.0 | FSFULLR | GPL-2+ | GPL-3+ with Bison-2.2 exception | LGPL-2.1+","","","","","","Organization: Mohammed Bilal <rmb@debian.org>","Copyright (c) Debian contributors","cpe:2.3:a:debian:libconfig:1.7.3-2:*:*:*:*:*:*:*","pkg:deb/debian/libconfig@1.7.3-2?arch=arm64","cpe:2.3:a:debian:libconfig:1.7.3-2:*:*:*:*:*:*:*","pkg:deb/debian/libconfig@1.7.3-2?arch=arm64","LIBRARY","debian-target"
"libcpuinfo0","0.0~git20250327.39ea79a-1","BSD-2-clause | Expat","","","","","","Organization: Debian Deep Learning Team <debian-ai@lists.debian.org>","Copyright (c) Debian contributors","cpe:2.3:a:debian:cpuinfo:0.0~git20250327.39ea79a-1:*:*:*:*:*:*:*","pkg:deb/debian/cpuinfo@0.0~git20250327.39ea79a-1?arch=arm64","cpe:2.3:a:debian:cpuinfo:0.0~git20250327.39ea79a-1:*:*:*:*:*:*:*","pkg:deb/debian/cpuinfo@0.0~git20250327.39ea79a-1?arch=arm64","LIBRARY","debian-target"
"libcrack2","2.9.6-5.2+b1","LGPL-2.1","","","","","","Organization: Jan Dittberner <jandd@debian.org>","Copyright (c) Debian contributors","cpe:2.3:a:debian:cracklib2 (2.9.6-5.2):2.9.6-5.2+b1:*:*:*:*:*:*:*","pkg:deb/debian/cracklib2 (2.9.6-5.2)@2.9.6-5.2+b1?arch=arm64","cpe:2.3:a:debian:cracklib2 (2.9.6-5.2):2.9.6-5.2+b1:*:*:*:*:*:*:*","pkg:deb/debian/cracklib2 (2.9.6-5.2)@2.9.6-5.2+b1?arch=arm64","LIBRARY","debian-target"
"libcrypt-dev","1:4.4.38-1","","","","","","","Organization: Marco d'Itri <md@linux.it>","Copyright (c) Debian contributors","cpe:2.3:a:debian:libxcrypt:1:4.4.38-1:*:*:*:*:*:*:*","pkg:deb/debian/libxcrypt@1:4.4.38-1?arch=arm64","cpe:2.3:a:debian:libxcrypt:1:4.4.38-1:*:*:*:*:*:*:*","pkg:deb/debian/libxcrypt@1:4.4.38-1?arch=arm64","LIBRARY","debian-target"
"libcrypt1","1:4.4.38-1","","","","","","","Organization: Marco d'Itri <md@linux.it>","Copyright (c) Debian contributors","cpe:2.3:a:debian:libxcrypt:1:4.4.38-1:*:*:*:*:*:*:*","pkg:deb/debian/libxcrypt@1:4.4.38-1?arch=arm64","cpe:2.3:a:debian:libxcrypt:1:4.4.38-1:*:*:*:*:*:*:*","pkg:deb/debian/libxcrypt@1:4.4.38-1?arch=arm64","LIBRARY","debian-target"
"libcryptsetup12","2:2.7.5-2","Apache-2.0 | CC-BY-SA-4.0 | CC0 | CC0 or Apache-2.0 | GPL-2+ | GPL-2+ with OpenSSL exception | GPL-3+ | LGPL-2.1+ | LGPL-2.1+ with OpenSSL exception | public-domain","","","","","","Organization: Debian Cryptsetup Team <pkg-cryptsetup-devel@alioth-lists.debian.net>","Copyright (c) Debian contributors","cpe:2.3:a:debian:cryptsetup:2:2.7.5-2:*:*:*:*:*:*:*","pkg:deb/debian/cryptsetup@2:2.7.5-2?arch=arm64","cpe:2.3:a:debian:cryptsetup:2:2.7.5-2:*:*:*:*:*:*:*","pkg:deb/debian/cryptsetup@2:2.7.5-2?arch=arm64","LIBRARY","debian-target"
"libctf-nobfd0","2.44-3","","","","","","","Organization: Matthias Klose <doko@debian.org>","Copyright (c) Debian contributors","cpe:2.3:a:debian:binutils:2.44-3:*:*:*:*:*:*:*","pkg:deb/debian/binutils@2.44-3?arch=arm64","cpe:2.3:a:debian:binutils:2.44-3:*:*:*:*:*:*:*","pkg:deb/debian/binutils@2.44-3?arch=arm64","LIBRARY","debian-target"
"libctf0","2.44-3","","","","","","","Organization: Matthias Klose <doko@debian.org>","Copyright (c) Debian contributors","cpe:2.3:a:debian:binutils:2.44-3:*:*:*:*:*:*:*","pkg:deb/debian/binutils@2.44-3?arch=arm64","cpe:2.3:a:debian:binutils:2.44-3:*:*:*:*:*:*:*","pkg:deb/debian/binutils@2.44-3?arch=arm64","LIBRARY","debian-target"
"libcue2","2.2.1-4.1+b2","GPL-2","","","","","","Organization: Jack Toh <tohc88@outlook.com>","Copyright (c) Debian contributors","cpe:2.3:a:debian:libcue (2.2.1-4.1):2.2.1-4.1+b2:*:*:*:*:*:*:*","pkg:deb/debian/libcue (2.2.1-4.1)@2.2.1-4.1+b2?arch=arm64","cpe:2.3:a:debian:libcue (2.2.1-4.1):2.2.1-4.1+b2:*:*:*:*:*:*:*","pkg:deb/debian/libcue (2.2.1-4.1)@2.2.1-4.1+b2?arch=arm64","LIBRARY","debian-target"
"libcups2t64","2.4.10-3+deb13u2","Apache-2.0 | Apache-2.0-with-GPL2-LGPL2-Exception | Apache-2.0-with-GPL2-LGPL2-Exception or BSD-2-clause | BSD-2-Clause | FSFUL | Zlib","","","","","","Organization: Debian Printing Team <debian-printing@lists.debian.org>","Copyright (c) Debian contributors","cpe:2.3:a:debian:cups:2.4.10-3+deb13u2:*:*:*:*:*:*:*","pkg:deb/debian/cups@2.4.10-3+deb13u2?arch=arm64","cpe:2.3:a:debian:cups:2.4.10-3+deb13u2:*:*:*:*:*:*:*","pkg:deb/debian/cups@2.4.10-3+deb13u2?arch=arm64","LIBRARY","debian-target"
"libcupsfilters1t64","1.28.17-6+deb13u1","BSD-4-clause | Expat | GPL-2 | GPL-2+ | GPL-3 | GPL-3+ | LGPL-2 | LGPL-2.1+","","","","","","Organization: Debian Printing Team <debian-printing@lists.debian.org>","Copyright (c) Debian contributors","cpe:2.3:a:debian:cups-filters:1.28.17-6+deb13u1:*:*:*:*:*:*:*","pkg:deb/debian/cups-filters@1.28.17-6+deb13u1?arch=arm64","cpe:2.3:a:debian:cups-filters:1.28.17-6+deb13u1:*:*:*:*:*:*:*","pkg:deb/debian/cups-filters@1.28.17-6+deb13u1?arch=arm64","LIBRARY","debian-target"
"libcurl3t64-gnutls","8.14.1-2+deb13u3","BSD-3-Clause | BSD-3-clause | BSD-4-Clause-UC | FSFULLR | GPL-2+ with Autoconf-data exception | GPL-2+ with Libtool exception | GPL-3+ with Autoconf-data exception | ISC | OLDAP-2.8 | X11 | curl | curl and ISC","","","","","","Organization: Debian Curl Maintainers <team+curl@tracker.debian.org>","Copyright (c) Debian contributors","cpe:2.3:a:debian:curl:8.14.1-2+deb13u3:*:*:*:*:*:*:*","pkg:deb/debian/curl@8.14.1-2+deb13u3?arch=arm64","cpe:2.3:a:debian:curl:8.14.1-2+deb13u3:*:*:*:*:*:*:*","pkg:deb/debian/curl@8.14.1-2+deb13u3?arch=arm64","LIBRARY","debian-target"
"libcurl4t64","8.14.1-2+deb13u3","BSD-3-Clause | BSD-3-clause | BSD-4-Clause-UC | FSFULLR | GPL-2+ with Autoconf-data exception | GPL-2+ with Libtool exception | GPL-3+ with Autoconf-data exception | ISC | OLDAP-2.8 | X11 | curl | curl and ISC","","","","","","Organization: Debian Curl Maintainers <team+curl@tracker.debian.org>","Copyright (c) Debian contributors","cpe:2.3:a:debian:curl:8.14.1-2+deb13u3:*:*:*:*:*:*:*","pkg:deb/debian/curl@8.14.1-2+deb13u3?arch=arm64","cpe:2.3:a:debian:curl:8.14.1-2+deb13u3:*:*:*:*:*:*:*","pkg:deb/debian/curl@8.14.1-2+deb13u3?arch=arm64","LIBRARY","debian-target"
"libdatrie-dev","0.2.13-3+b1","GPL-2+ | LGPL-2.1+","","","","","","Organization: Theppitak Karoonboonyanan <thep@debian.org>","Copyright (c) Debian contributors","cpe:2.3:a:debian:libdatrie (0.2.13-3):0.2.13-3+b1:*:*:*:*:*:*:*","pkg:deb/debian/libdatrie (0.2.13-3)@0.2.13-3+b1?arch=arm64","cpe:2.3:a:debian:libdatrie (0.2.13-3):0.2.13-3+b1:*:*:*:*:*:*:*","pkg:deb/debian/libdatrie (0.2.13-3)@0.2.13-3+b1?arch=arm64","LIBRARY","debian-target"
"libdatrie1","0.2.13-3+b1","GPL-2+ | LGPL-2.1+","","","","","","Organization: Theppitak Karoonboonyanan <thep@debian.org>","Copyright (c) Debian contributors","cpe:2.3:a:debian:libdatrie (0.2.13-3):0.2.13-3+b1:*:*:*:*:*:*:*","pkg:deb/debian/libdatrie (0.2.13-3)@0.2.13-3+b1?arch=arm64","cpe:2.3:a:debian:libdatrie (0.2.13-3):0.2.13-3+b1:*:*:*:*:*:*:*","pkg:deb/debian/libdatrie (0.2.13-3)@0.2.13-3+b1?arch=arm64","LIBRARY","debian-target"
"libdav1d7","1.5.1-1","BSD-2-clause | ISC | ISC and BSD-2-clause | public-domain","","","","","","Organization: Debian Multimedia Maintainers <debian-multimedia@lists.debian.org>","Copyright (c) Debian contributors","cpe:2.3:a:debian:dav1d:1.5.1-1:*:*:*:*:*:*:*","pkg:deb/debian/dav1d@1.5.1-1?arch=arm64","cpe:2.3:a:debian:dav1d:1.5.1-1:*:*:*:*:*:*:*","pkg:deb/debian/dav1d@1.5.1-1?arch=arm64","LIBRARY","debian-target"
"libdb5.3t64","5.3.28+dfsg2-9","Artistic or BSD-3-clause | BSD-3-clause | BSD-3-clause-fjord | GPL | GPL or Artistic | GPL-3 | MIT-old | Ms-PL | Sleepycat | Sleepycat and BSD-3-clause | TCL-like | X11 | zlib","","","","","","Organization: Debian QA Group <packages@qa.debian.org>","Copyright (c) Debian contributors","cpe:2.3:a:debian:db5.3:5.3.28+dfsg2-9:*:*:*:*:*:*:*","pkg:deb/debian/db5.3@5.3.28+dfsg2-9?arch=arm64","cpe:2.3:a:debian:db5.3:5.3.28+dfsg2-9:*:*:*:*:*:*:*","pkg:deb/debian/db5.3@5.3.28+dfsg2-9?arch=arm64","LIBRARY","debian-target"
"libdbus-1-3","1.16.2-2","AFL-2.1 | BSD-3-clause | BSD-3-clause and BSD-3-clause-generic | BSD-3-clause-generic | Expat | GPL-2+ | GPL-2+ or AFL-2.1, and Expat and Tcl-BSDish | LGPL-2.1+ | Tcl-BSDish | g10-permissive","","","","","","Organization: Utopia Maintenance Team <pkg-utopia-maintainers@lists.alioth.debian.org>","Copyright (c) Debian contributors","cpe:2.3:a:debian:dbus:1.16.2-2:*:*:*:*:*:*:*","pkg:deb/debian/dbus@1.16.2-2?arch=arm64","cpe:2.3:a:debian:dbus:1.16.2-2:*:*:*:*:*:*:*","pkg:deb/debian/dbus@1.16.2-2?arch=arm64","LIBRARY","debian-target"
"libdbus-1-dev","1.16.2-2","AFL-2.1 | BSD-3-clause | BSD-3-clause and BSD-3-clause-generic | BSD-3-clause-generic | Expat | GPL-2+ | GPL-2+ or AFL-2.1, and Expat and Tcl-BSDish | LGPL-2.1+ | Tcl-BSDish | g10-permissive","","","","","","Organization: Utopia Maintenance Team <pkg-utopia-maintainers@lists.alioth.debian.org>","Copyright (c) Debian contributors","cpe:2.3:a:debian:dbus:1.16.2-2:*:*:*:*:*:*:*","pkg:deb/debian/dbus@1.16.2-2?arch=arm64","cpe:2.3:a:debian:dbus:1.16.2-2:*:*:*:*:*:*:*","pkg:deb/debian/dbus@1.16.2-2?arch=arm64","LIBRARY","debian-target"
"libdbus-glib-1-2","0.114-1","AFL-2.1 | Expat | GPL-2+ | GPL-2+ or AFL-2.1 | GPL-2+ or AFL-2.1 or Expat","","","","","","Organization: Utopia Maintenance Team <pkg-utopia-maintainers@lists.alioth.debian.org>","Copyright (c) Debian contributors","cpe:2.3:a:debian:dbus-glib:0.114-1:*:*:*:*:*:*:*","pkg:deb/debian/dbus-glib@0.114-1?arch=arm64","cpe:2.3:a:debian:dbus-glib:0.114-1:*:*:*:*:*:*:*","pkg:deb/debian/dbus-glib@0.114-1?arch=arm64","APPLICATION","debian-target"
"libdbusmenu-glib4","18.10.20180917~bzr492+repack1-4","GPL-3 | LGPL-2.1 | LGPL-2.1 or LGPL-3 | LGPL-3","","","","","","Organization: The Ayatana Packagers <pkg-ayatana-devel@lists.alioth.debian.org>","Copyright (c) Debian contributors","cpe:2.3:a:debian:libdbusmenu:18.10.20180917~bzr492+repack1-4:*:*:*:*:*:*:*","pkg:deb/debian/libdbusmenu@18.10.20180917~bzr492+repack1-4?arch=arm64","cpe:2.3:a:debian:libdbusmenu:18.10.20180917~bzr492+repack1-4:*:*:*:*:*:*:*","pkg:deb/debian/libdbusmenu@18.10.20180917~bzr492+repack1-4?arch=arm64","LIBRARY","debian-target"
"libdbusmenu-gtk3-4","18.10.20180917~bzr492+repack1-4","GPL-3 | LGPL-2.1 | LGPL-2.1 or LGPL-3 | LGPL-3","","","","","","Organization: The Ayatana Packagers <pkg-ayatana-devel@lists.alioth.debian.org>","Copyright (c) Debian contributors","cpe:2.3:a:debian:libdbusmenu:18.10.20180917~bzr492+repack1-4:*:*:*:*:*:*:*","pkg:deb/debian/libdbusmenu@18.10.20180917~bzr492+repack1-4?arch=arm64","cpe:2.3:a:debian:libdbusmenu:18.10.20180917~bzr492+repack1-4:*:*:*:*:*:*:*","pkg:deb/debian/libdbusmenu@18.10.20180917~bzr492+repack1-4?arch=arm64","LIBRARY","debian-target"
"libdc1394-25","2.2.6-5","GPL-2+ | LGPL-2.1+","","","","","","Organization: Debian Multimedia Maintainers <debian-multimedia@lists.debian.org>","Copyright (c) Debian contributors","cpe:2.3:a:debian:libdc1394:2.2.6-5:*:*:*:*:*:*:*","pkg:deb/debian/libdc1394@2.2.6-5?arch=arm64","cpe:2.3:a:debian:libdc1394:2.2.6-5:*:*:*:*:*:*:*","pkg:deb/debian/libdc1394@2.2.6-5?arch=arm64","LIBRARY","debian-target"
"libdc1394-dev","2.2.6-5","GPL-2+ | LGPL-2.1+","","","","","","Organization: Debian Multimedia Maintainers <debian-multimedia@lists.debian.org>","Copyright (c) Debian contributors","cpe:2.3:a:debian:libdc1394:2.2.6-5:*:*:*:*:*:*:*","pkg:deb/debian/libdc1394@2.2.6-5?arch=arm64","cpe:2.3:a:debian:libdc1394:2.2.6-5:*:*:*:*:*:*:*","pkg:deb/debian/libdc1394@2.2.6-5?arch=arm64","LIBRARY","debian-target"
"libdca0","0.0.7-2+b2","GPL-2+ | LGPL-2+","","","","","","Organization: Debian Multimedia Maintainers <debian-multimedia@lists.debian.org>","Copyright (c) Debian contributors","cpe:2.3:a:debian:libdca (0.0.7-2):0.0.7-2+b2:*:*:*:*:*:*:*","pkg:deb/debian/libdca (0.0.7-2)@0.0.7-2+b2?arch=arm64","cpe:2.3:a:debian:libdca (0.0.7-2):0.0.7-2+b2:*:*:*:*:*:*:*","pkg:deb/debian/libdca (0.0.7-2)@0.0.7-2+b2?arch=arm64","LIBRARY","debian-target"
"libdconf1","0.40.0-5","GPL-3 | LGPL-2+","","","","","","Organization: Debian GNOME Maintainers <pkg-gnome-maintainers@lists.alioth.debian.org>","Copyright (c) Debian contributors","cpe:2.3:a:debian:dconf:0.40.0-5:*:*:*:*:*:*:*","pkg:deb/debian/dconf@0.40.0-5?arch=arm64","cpe:2.3:a:debian:dconf:0.40.0-5:*:*:*:*:*:*:*","pkg:deb/debian/dconf@0.40.0-5?arch=arm64","LIBRARY","debian-target"
"libde265-0","1.0.15-1+b3","BSD-4-clause | GPL-3+ | LGPL-3+ | other-1 | public-domain-1","","","","","","Organization: Debian Multimedia Maintainers <debian-multimedia@lists.debian.org>","Copyright (c) Debian contributors","cpe:2.3:a:debian:libde265 (1.0.15-1):1.0.15-1+b3:*:*:*:*:*:*:*","pkg:deb/debian/libde265 (1.0.15-1)@1.0.15-1+b3?arch=arm64","cpe:2.3:a:debian:libde265 (1.0.15-1):1.0.15-1+b3:*:*:*:*:*:*:*","pkg:deb/debian/libde265 (1.0.15-1)@1.0.15-1+b3?arch=arm64","LIBRARY","debian-target"
"libdebconfclient0","0.280","BSD-2-Clause | BSD-2-clause | GPL-2+","","","","","","Organization: Debian Install System Team <debian-boot@lists.debian.org>","Copyright (c) Debian contributors","cpe:2.3:a:debian:cdebconf:0.280:*:*:*:*:*:*:*","pkg:deb/debian/cdebconf@0.280?arch=arm64","cpe:2.3:a:debian:cdebconf:0.280:*:*:*:*:*:*:*","pkg:deb/debian/cdebconf@0.280?arch=arm64","LIBRARY","debian-target"
"libdecor-0-0","0.2.2-2","Expat | GPL-3.0+","","","","","","Organization: Debian SDL packages maintainers <pkg-sdl-maintainers@lists.alioth.debian.org>","Copyright (c) Debian contributors","cpe:2.3:a:debian:libdecor-0:0.2.2-2:*:*:*:*:*:*:*","pkg:deb/debian/libdecor-0@0.2.2-2?arch=arm64","cpe:2.3:a:debian:libdecor-0:0.2.2-2:*:*:*:*:*:*:*","pkg:deb/debian/libdecor-0@0.2.2-2?arch=arm64","LIBRARY","debian-target"
"libdeflate-dev","1.23-2","Expat","","","","","","Organization: Deflate Team <libdeflate@packages.debian.org>","Copyright (c) Debian contributors","cpe:2.3:a:debian:libdeflate:1.23-2:*:*:*:*:*:*:*","pkg:deb/debian/libdeflate@1.23-2?arch=arm64","cpe:2.3:a:debian:libdeflate:1.23-2:*:*:*:*:*:*:*","pkg:deb/debian/libdeflate@1.23-2?arch=arm64","LIBRARY","debian-target"
"libdeflate0","1.23-2","Expat","","","","","","Organization: Deflate Team <libdeflate@packages.debian.org>","Copyright (c) Debian contributors","cpe:2.3:a:debian:libdeflate:1.23-2:*:*:*:*:*:*:*","pkg:deb/debian/libdeflate@1.23-2?arch=arm64","cpe:2.3:a:debian:libdeflate:1.23-2:*:*:*:*:*:*:*","pkg:deb/debian/libdeflate@1.23-2?arch=arm64","LIBRARY","debian-target"
"libdevmapper1.02.1","2:1.02.205-2","BSD-2-Clause | GPL-2.0 | GPL-2.0+ | LGPL-2.1","","","","","","Organization: Debian LVM Team <team+lvm@tracker.debian.org>","Copyright (c) Debian contributors","cpe:2.3:a:debian:lvm2 (2.03.31-2):2:1.02.205-2:*:*:*:*:*:*:*","pkg:deb/debian/lvm2 (2.03.31-2)@2:1.02.205-2?arch=arm64","cpe:2.3:a:debian:lvm2 (2.03.31-2):2:1.02.205-2:*:*:*:*:*:*:*","pkg:deb/debian/lvm2 (2.03.31-2)@2:1.02.205-2?arch=arm64","LIBRARY","debian-target"
"libdisplay-info2","0.2.0-2","CC-BY-4.0 | Expat | GPL-3","","","","","","Organization: Marc Dequènes (Duck) <Duck@DuckCorp.org>","Copyright (c) Debian contributors","cpe:2.3:a:debian:libdisplay-info:0.2.0-2:*:*:*:*:*:*:*","pkg:deb/debian/libdisplay-info@0.2.0-2?arch=arm64","cpe:2.3:a:debian:libdisplay-info:0.2.0-2:*:*:*:*:*:*:*","pkg:deb/debian/libdisplay-info@0.2.0-2?arch=arm64","LIBRARY","debian-target"
"libdjvulibre-text","3.5.28-2.2","","","","","","","Organization: Barak A. Pearlmutter <bap@debian.org>","Copyright (c) Debian contributors","cpe:2.3:a:debian:djvulibre:3.5.28-2.2:*:*:*:*:*:*:*","pkg:deb/debian/djvulibre@3.5.28-2.2?arch=all","cpe:2.3:a:debian:djvulibre:3.5.28-2.2:*:*:*:*:*:*:*","pkg:deb/debian/djvulibre@3.5.28-2.2?arch=all","LIBRARY","debian-target"
"libdjvulibre21","3.5.28-2.2","","","","","","","Organization: Barak A. Pearlmutter <bap@debian.org>","Copyright (c) Debian contributors","cpe:2.3:a:debian:djvulibre:3.5.28-2.2:*:*:*:*:*:*:*","pkg:deb/debian/djvulibre@3.5.28-2.2?arch=arm64","cpe:2.3:a:debian:djvulibre:3.5.28-2.2:*:*:*:*:*:*:*","pkg:deb/debian/djvulibre@3.5.28-2.2?arch=arm64","LIBRARY","debian-target"
"libdmapsharing-4.0-3t64","3.9.13-4","GPL-2+ | LGPL-2.1+","","","","","","Organization: Debian GNOME Maintainers <pkg-gnome-maintainers@lists.alioth.debian.org>","Copyright (c) Debian contributors","cpe:2.3:a:debian:libdmapsharing:3.9.13-4:*:*:*:*:*:*:*","pkg:deb/debian/libdmapsharing@3.9.13-4?arch=arm64","cpe:2.3:a:debian:libdmapsharing:3.9.13-4:*:*:*:*:*:*:*","pkg:deb/debian/libdmapsharing@3.9.13-4?arch=arm64","LIBRARY","debian-target"
"libdnnl3.6","3.7.2+ds-2","Apache-2.0 | Apache-2.0 OR BSD-3-clause | BSD-3-clause | Expat | GPL-2 | GPL-2 OR BSD-3-clause","","","","","","Organization: Debian Deep Learning Team <debian-ai@lists.debian.org>","Copyright (c) Debian contributors","cpe:2.3:a:debian:onednn:3.7.2+ds-2:*:*:*:*:*:*:*","pkg:deb/debian/onednn@3.7.2+ds-2?arch=arm64","cpe:2.3:a:debian:onednn:3.7.2+ds-2:*:*:*:*:*:*:*","pkg:deb/debian/onednn@3.7.2+ds-2?arch=arm64","LIBRARY","debian-target"
"libdotconf0","1.4.1-1","Apache-1.1 | LGPL-2.1","","","","","","Organization: Andreas Tille <tille@debian.org>","Copyright (c) Debian contributors","cpe:2.3:a:debian:dotconf:1.4.1-1:*:*:*:*:*:*:*","pkg:deb/debian/dotconf@1.4.1-1?arch=arm64","cpe:2.3:a:debian:dotconf:1.4.1-1:*:*:*:*:*:*:*","pkg:deb/debian/dotconf@1.4.1-1?arch=arm64","LIBRARY","debian-target"
"libdouble-conversion3","3.3.1-1","BSD-3-clause","","","","","","Organization: Debian Science Team <debian-science-maintainers@lists.alioth.debian.org>","Copyright (c) Debian contributors","cpe:2.3:a:debian:double-conversion:3.3.1-1:*:*:*:*:*:*:*","pkg:deb/debian/double-conversion@3.3.1-1?arch=arm64","cpe:2.3:a:debian:double-conversion:3.3.1-1:*:*:*:*:*:*:*","pkg:deb/debian/double-conversion@3.3.1-1?arch=arm64","LIBRARY","debian-target"
"libdpkg-perl","1.22.22","GPL-2+ | public-domain-s-s-d","","","","","","Organization: Dpkg Developers <debian-dpkg@lists.debian.org>","Copyright (c) Debian contributors","cpe:2.3:a:debian:dpkg:1.22.22:*:*:*:*:*:*:*","pkg:deb/debian/dpkg@1.22.22?arch=all","cpe:2.3:a:debian:dpkg:1.22.22:*:*:*:*:*:*:*","pkg:deb/debian/dpkg@1.22.22?arch=all","APPLICATION","debian-target"
"libdrm-amdgpu1","2.4.124-2","","","","","","","Organization: Debian X Strike Force <debian-x@lists.debian.org>","Copyright (c) Debian contributors","cpe:2.3:a:debian:libdrm:2.4.124-2:*:*:*:*:*:*:*","pkg:deb/debian/libdrm@2.4.124-2?arch=arm64","cpe:2.3:a:debian:libdrm:2.4.124-2:*:*:*:*:*:*:*","pkg:deb/debian/libdrm@2.4.124-2?arch=arm64","LIBRARY","debian-target"
"libdrm-common","2.4.124-2","","","","","","","Organization: Debian X Strike Force <debian-x@lists.debian.org>","Copyright (c) Debian contributors","cpe:2.3:a:debian:libdrm:2.4.124-2:*:*:*:*:*:*:*","pkg:deb/debian/libdrm@2.4.124-2?arch=all","cpe:2.3:a:debian:libdrm:2.4.124-2:*:*:*:*:*:*:*","pkg:deb/debian/libdrm@2.4.124-2?arch=all","LIBRARY","debian-target"
"libdrm-cursor","1.4.1-1","LGPL-2.0+","","","","","","Organization: Jeffy Chen <jeffy.chen@rock-chips.com>","Copyright (c) Debian contributors","cpe:2.3:a:debian:libdrm-cursor:1.4.1-1:*:*:*:*:*:*:*","pkg:deb/debian/libdrm-cursor@1.4.1-1?arch=arm64","cpe:2.3:a:debian:libdrm-cursor:1.4.1-1:*:*:*:*:*:*:*","pkg:deb/debian/libdrm-cursor@1.4.1-1?arch=arm64","LIBRARY","debian-target"
"libdrm-cursor-dbgsym","1.4.1-1","LGPL-2.0+","","","","","","Organization: Jeffy Chen <jeffy.chen@rock-chips.com>","Copyright (c) Debian contributors","cpe:2.3:a:debian:libdrm-cursor:1.4.1-1:*:*:*:*:*:*:*","pkg:deb/debian/libdrm-cursor@1.4.1-1?arch=arm64","cpe:2.3:a:debian:libdrm-cursor:1.4.1-1:*:*:*:*:*:*:*","pkg:deb/debian/libdrm-cursor@1.4.1-1?arch=arm64","APPLICATION","debian-target"
"libdrm-cursor-dev","1.4.1-1","LGPL-2.0+","","","","","","Organization: Jeffy Chen <jeffy.chen@rock-chips.com>","Copyright (c) Debian contributors","cpe:2.3:a:debian:libdrm-cursor:1.4.1-1:*:*:*:*:*:*:*","pkg:deb/debian/libdrm-cursor@1.4.1-1?arch=arm64","cpe:2.3:a:debian:libdrm-cursor:1.4.1-1:*:*:*:*:*:*:*","pkg:deb/debian/libdrm-cursor@1.4.1-1?arch=arm64","LIBRARY","debian-target"
"libdrm-dev","2.4.124-2","","","","","","","Organization: Debian X Strike Force <debian-x@lists.debian.org>","Copyright (c) Debian contributors","cpe:2.3:a:debian:libdrm:2.4.124-2:*:*:*:*:*:*:*","pkg:deb/debian/libdrm@2.4.124-2?arch=arm64","cpe:2.3:a:debian:libdrm:2.4.124-2:*:*:*:*:*:*:*","pkg:deb/debian/libdrm@2.4.124-2?arch=arm64","LIBRARY","debian-target"
"libdrm-etnaviv1","2.4.124-2","","","","","","","Organization: Debian X Strike Force <debian-x@lists.debian.org>","Copyright (c) Debian contributors","cpe:2.3:a:debian:libdrm:2.4.124-2:*:*:*:*:*:*:*","pkg:deb/debian/libdrm@2.4.124-2?arch=arm64","cpe:2.3:a:debian:libdrm:2.4.124-2:*:*:*:*:*:*:*","pkg:deb/debian/libdrm@2.4.124-2?arch=arm64","LIBRARY","debian-target"
"libdrm-freedreno1","2.4.124-2","","","","","","","Organization: Debian X Strike Force <debian-x@lists.debian.org>","Copyright (c) Debian contributors","cpe:2.3:a:debian:libdrm:2.4.124-2:*:*:*:*:*:*:*","pkg:deb/debian/libdrm@2.4.124-2?arch=arm64","cpe:2.3:a:debian:libdrm:2.4.124-2:*:*:*:*:*:*:*","pkg:deb/debian/libdrm@2.4.124-2?arch=arm64","LIBRARY","debian-target"
"libdrm-nouveau2","2.4.124-2","","","","","","","Organization: Debian X Strike Force <debian-x@lists.debian.org>","Copyright (c) Debian contributors","cpe:2.3:a:debian:libdrm:2.4.124-2:*:*:*:*:*:*:*","pkg:deb/debian/libdrm@2.4.124-2?arch=arm64","cpe:2.3:a:debian:libdrm:2.4.124-2:*:*:*:*:*:*:*","pkg:deb/debian/libdrm@2.4.124-2?arch=arm64","LIBRARY","debian-target"
"libdrm-radeon1","2.4.124-2","","","","","","","Organization: Debian X Strike Force <debian-x@lists.debian.org>","Copyright (c) Debian contributors","cpe:2.3:a:debian:libdrm:2.4.124-2:*:*:*:*:*:*:*","pkg:deb/debian/libdrm@2.4.124-2?arch=arm64","cpe:2.3:a:debian:libdrm:2.4.124-2:*:*:*:*:*:*:*","pkg:deb/debian/libdrm@2.4.124-2?arch=arm64","LIBRARY","debian-target"
"libdrm-tegra0","2.4.124-2","","","","","","","Organization: Debian X Strike Force <debian-x@lists.debian.org>","Copyright (c) Debian contributors","cpe:2.3:a:debian:libdrm:2.4.124-2:*:*:*:*:*:*:*","pkg:deb/debian/libdrm@2.4.124-2?arch=arm64","cpe:2.3:a:debian:libdrm:2.4.124-2:*:*:*:*:*:*:*","pkg:deb/debian/libdrm@2.4.124-2?arch=arm64","LIBRARY","debian-target"
"libdrm2","2.4.124-2","","","","","","","Organization: Debian X Strike Force <debian-x@lists.debian.org>","Copyright (c) Debian contributors","cpe:2.3:a:debian:libdrm:2.4.124-2:*:*:*:*:*:*:*","pkg:deb/debian/libdrm@2.4.124-2?arch=arm64","cpe:2.3:a:debian:libdrm:2.4.124-2:*:*:*:*:*:*:*","pkg:deb/debian/libdrm@2.4.124-2?arch=arm64","LIBRARY","debian-target"
"libduktape207","2.7.0-2+b2","CC0 | expat | unicode","","","","","","Organization: Debian IoT Maintainers <debian-iot-maintainers@lists.alioth.debian.org>","Copyright (c) Debian contributors","cpe:2.3:a:debian:duktape (2.7.0-2):2.7.0-2+b2:*:*:*:*:*:*:*","pkg:deb/debian/duktape (2.7.0-2)@2.7.0-2+b2?arch=arm64","cpe:2.3:a:debian:duktape (2.7.0-2):2.7.0-2+b2:*:*:*:*:*:*:*","pkg:deb/debian/duktape (2.7.0-2)@2.7.0-2+b2?arch=arm64","LIBRARY","debian-target"
"libdv4t64","1.0.0-17.1+b1","GPL-2+ | LGPL-2.1+","","","","","","Organization: Debian QA Group <packages@qa.debian.org>","Copyright (c) Debian contributors","cpe:2.3:a:debian:libdv (1.0.0-17.1):1.0.0-17.1+b1:*:*:*:*:*:*:*","pkg:deb/debian/libdv (1.0.0-17.1)@1.0.0-17.1+b1?arch=arm64","cpe:2.3:a:debian:libdv (1.0.0-17.1):1.0.0-17.1+b1:*:*:*:*:*:*:*","pkg:deb/debian/libdv (1.0.0-17.1)@1.0.0-17.1+b1?arch=arm64","LIBRARY","debian-target"
"libdvbv5-0t64","1.30.1-1","BSD-2-clause | BSD-3-clause | BSD-3-clause or GPL-2 | BSD-3-clause or GPL-2+ | BSD-3-clause or LGPL-2.1 | Expat | FSFULLR | GPL-2 | GPL-2+ | GPL-3+ | HPND-sell-variant | LGPL | LGPL-2+ | LGPL-2.1 | LGPL-2.1+ | jpeg-group","","","","","","Organization: Gregor Jasny <gjasny@googlemail.com>","Copyright (c) Debian contributors","cpe:2.3:a:debian:v4l-utils:1.30.1-1:*:*:*:*:*:*:*","pkg:deb/debian/v4l-utils@1.30.1-1?arch=arm64","cpe:2.3:a:debian:v4l-utils:1.30.1-1:*:*:*:*:*:*:*","pkg:deb/debian/v4l-utils@1.30.1-1?arch=arm64","LIBRARY","debian-target"
"libdvbv5-0t64-dbgsym","1.30.1-1","BSD-2-clause | BSD-3-clause | BSD-3-clause or GPL-2 | BSD-3-clause or GPL-2+ | BSD-3-clause or LGPL-2.1 | Expat | FSFULLR | GPL-2 | GPL-2+ | GPL-3+ | HPND-sell-variant | LGPL | LGPL-2+ | LGPL-2.1 | LGPL-2.1+ | jpeg-group","","","","","","Organization: Gregor Jasny <gjasny@googlemail.com>","Copyright (c) Debian contributors","cpe:2.3:a:debian:v4l-utils:1.30.1-1:*:*:*:*:*:*:*","pkg:deb/debian/v4l-utils@1.30.1-1?arch=arm64","cpe:2.3:a:debian:v4l-utils:1.30.1-1:*:*:*:*:*:*:*","pkg:deb/debian/v4l-utils@1.30.1-1?arch=arm64","APPLICATION","debian-target"
"libdvbv5-dev","1.30.1-1","BSD-2-clause | BSD-3-clause | BSD-3-clause or GPL-2 | BSD-3-clause or GPL-2+ | BSD-3-clause or LGPL-2.1 | Expat | FSFULLR | GPL-2 | GPL-2+ | GPL-3+ | HPND-sell-variant | LGPL | LGPL-2+ | LGPL-2.1 | LGPL-2.1+ | jpeg-group","","","","","","Organization: Gregor Jasny <gjasny@googlemail.com>","Copyright (c) Debian contributors","cpe:2.3:a:debian:v4l-utils:1.30.1-1:*:*:*:*:*:*:*","pkg:deb/debian/v4l-utils@1.30.1-1?arch=arm64","cpe:2.3:a:debian:v4l-utils:1.30.1-1:*:*:*:*:*:*:*","pkg:deb/debian/v4l-utils@1.30.1-1?arch=arm64","LIBRARY","debian-target"
"libdvbv5-doc","1.30.1-1","BSD-2-clause | BSD-3-clause | BSD-3-clause or GPL-2 | BSD-3-clause or GPL-2+ | BSD-3-clause or LGPL-2.1 | Expat | FSFULLR | GPL-2 | GPL-2+ | GPL-3+ | HPND-sell-variant | LGPL | LGPL-2+ | LGPL-2.1 | LGPL-2.1+ | jpeg-group","","","","","","Organization: Gregor Jasny <gjasny@googlemail.com>","Copyright (c) Debian contributors","cpe:2.3:a:debian:v4l-utils:1.30.1-1:*:*:*:*:*:*:*","pkg:deb/debian/v4l-utils@1.30.1-1?arch=all","cpe:2.3:a:debian:v4l-utils:1.30.1-1:*:*:*:*:*:*:*","pkg:deb/debian/v4l-utils@1.30.1-1?arch=all","APPLICATION","debian-target"
"libdvdnav4","6.1.1-3+b1","GPL-2+ | LGPL-2+","","","","","","Organization: Debian Multimedia Maintainers <debian-multimedia@lists.debian.org>","Copyright (c) Debian contributors","cpe:2.3:a:debian:libdvdnav (6.1.1-3):6.1.1-3+b1:*:*:*:*:*:*:*","pkg:deb/debian/libdvdnav (6.1.1-3)@6.1.1-3+b1?arch=arm64","cpe:2.3:a:debian:libdvdnav (6.1.1-3):6.1.1-3+b1:*:*:*:*:*:*:*","pkg:deb/debian/libdvdnav (6.1.1-3)@6.1.1-3+b1?arch=arm64","LIBRARY","debian-target"
"libdvdread8t64","6.1.3-2","GPL-2 | GPL-2 or GPL-3 | GPL-2+ | GPL-3 | LGPL-2.1+","","","","","","Organization: Debian Multimedia Maintainers <debian-multimedia@lists.debian.org>","Copyright (c) Debian contributors","cpe:2.3:a:debian:libdvdread:6.1.3-2:*:*:*:*:*:*:*","pkg:deb/debian/libdvdread@6.1.3-2?arch=arm64","cpe:2.3:a:debian:libdvdread:6.1.3-2:*:*:*:*:*:*:*","pkg:deb/debian/libdvdread@6.1.3-2?arch=arm64","LIBRARY","debian-target"
"libdw1t64","0.192-4","BSD-2-clause | GFDL-NIV-1.3 | GPL-3+ | GPL-3+ with Bison exception | LGPL-2.1+ | LGPL-3+ or GPL-2+","","","","","","Organization: Debian Elfutils Maintainers <debian-gcc@lists.debian.org>","Copyright (c) Debian contributors","cpe:2.3:a:debian:elfutils:0.192-4:*:*:*:*:*:*:*","pkg:deb/debian/elfutils@0.192-4?arch=arm64","cpe:2.3:a:debian:elfutils:0.192-4:*:*:*:*:*:*:*","pkg:deb/debian/elfutils@0.192-4?arch=arm64","LIBRARY","debian-target"
"libebackend-1.2-11t64","3.56.2-0+deb13u1","","","","","","","Organization: Debian GNOME Maintainers <pkg-gnome-maintainers@lists.alioth.debian.org>","Copyright (c) Debian contributors","cpe:2.3:a:debian:evolution-data-server:3.56.2-0+deb13u1:*:*:*:*:*:*:*","pkg:deb/debian/evolution-data-server@3.56.2-0+deb13u1?arch=arm64","cpe:2.3:a:debian:evolution-data-server:3.56.2-0+deb13u1:*:*:*:*:*:*:*","pkg:deb/debian/evolution-data-server@3.56.2-0+deb13u1?arch=arm64","LIBRARY","debian-target"
"libebook-1.2-21t64","3.56.2-0+deb13u1","","","","","","","Organization: Debian GNOME Maintainers <pkg-gnome-maintainers@lists.alioth.debian.org>","Copyright (c) Debian contributors","cpe:2.3:a:debian:evolution-data-server:3.56.2-0+deb13u1:*:*:*:*:*:*:*","pkg:deb/debian/evolution-data-server@3.56.2-0+deb13u1?arch=arm64","cpe:2.3:a:debian:evolution-data-server:3.56.2-0+deb13u1:*:*:*:*:*:*:*","pkg:deb/debian/evolution-data-server@3.56.2-0+deb13u1?arch=arm64","LIBRARY","debian-target"
"libebook-contacts-1.2-4t64","3.56.2-0+deb13u1","","","","","","","Organization: Debian GNOME Maintainers <pkg-gnome-maintainers@lists.alioth.debian.org>","Copyright (c) Debian contributors","cpe:2.3:a:debian:evolution-data-server:3.56.2-0+deb13u1:*:*:*:*:*:*:*","pkg:deb/debian/evolution-data-server@3.56.2-0+deb13u1?arch=arm64","cpe:2.3:a:debian:evolution-data-server:3.56.2-0+deb13u1:*:*:*:*:*:*:*","pkg:deb/debian/evolution-data-server@3.56.2-0+deb13u1?arch=arm64","LIBRARY","debian-target"
"libebur128-1","1.2.6-1+b2","BSD-3-clause | Expat","","","","","","Organization: Debian Multimedia Maintainers <debian-multimedia@lists.debian.org>","Copyright (c) Debian contributors","cpe:2.3:a:debian:libebur128 (1.2.6-1):1.2.6-1+b2:*:*:*:*:*:*:*","pkg:deb/debian/libebur128 (1.2.6-1)@1.2.6-1+b2?arch=arm64","cpe:2.3:a:debian:libebur128 (1.2.6-1):1.2.6-1+b2:*:*:*:*:*:*:*","pkg:deb/debian/libebur128 (1.2.6-1)@1.2.6-1+b2?arch=arm64","LIBRARY","debian-target"
"libecal-2.0-3","3.56.2-0+deb13u1","","","","","","","Organization: Debian GNOME Maintainers <pkg-gnome-maintainers@lists.alioth.debian.org>","Copyright (c) Debian contributors","cpe:2.3:a:debian:evolution-data-server:3.56.2-0+deb13u1:*:*:*:*:*:*:*","pkg:deb/debian/evolution-data-server@3.56.2-0+deb13u1?arch=arm64","cpe:2.3:a:debian:evolution-data-server:3.56.2-0+deb13u1:*:*:*:*:*:*:*","pkg:deb/debian/evolution-data-server@3.56.2-0+deb13u1?arch=arm64","LIBRARY","debian-target"
"libedata-book-1.2-27t64","3.56.2-0+deb13u1","","","","","","","Organization: Debian GNOME Maintainers <pkg-gnome-maintainers@lists.alioth.debian.org>","Copyright (c) Debian contributors","cpe:2.3:a:debian:evolution-data-server:3.56.2-0+deb13u1:*:*:*:*:*:*:*","pkg:deb/debian/evolution-data-server@3.56.2-0+deb13u1?arch=arm64","cpe:2.3:a:debian:evolution-data-server:3.56.2-0+deb13u1:*:*:*:*:*:*:*","pkg:deb/debian/evolution-data-server@3.56.2-0+deb13u1?arch=arm64","LIBRARY","debian-target"
"libedata-cal-2.0-2t64","3.56.2-0+deb13u1","","","","","","","Organization: Debian GNOME Maintainers <pkg-gnome-maintainers@lists.alioth.debian.org>","Copyright (c) Debian contributors","cpe:2.3:a:debian:evolution-data-server:3.56.2-0+deb13u1:*:*:*:*:*:*:*","pkg:deb/debian/evolution-data-server@3.56.2-0+deb13u1?arch=arm64","cpe:2.3:a:debian:evolution-data-server:3.56.2-0+deb13u1:*:*:*:*:*:*:*","pkg:deb/debian/evolution-data-server@3.56.2-0+deb13u1?arch=arm64","LIBRARY","debian-target"
"libedataserver-1.2-27t64","3.56.2-0+deb13u1","","","","","","","Organization: Debian GNOME Maintainers <pkg-gnome-maintainers@lists.alioth.debian.org>","Copyright (c) Debian contributors","cpe:2.3:a:debian:evolution-data-server:3.56.2-0+deb13u1:*:*:*:*:*:*:*","pkg:deb/debian/evolution-data-server@3.56.2-0+deb13u1?arch=arm64","cpe:2.3:a:debian:evolution-data-server:3.56.2-0+deb13u1:*:*:*:*:*:*:*","pkg:deb/debian/evolution-data-server@3.56.2-0+deb13u1?arch=arm64","LIBRARY","debian-target"
"libedataserverui-1.2-4t64","3.56.2-0+deb13u1","","","","","","","Organization: Debian GNOME Maintainers <pkg-gnome-maintainers@lists.alioth.debian.org>","Copyright (c) Debian contributors","cpe:2.3:a:debian:evolution-data-server:3.56.2-0+deb13u1:*:*:*:*:*:*:*","pkg:deb/debian/evolution-data-server@3.56.2-0+deb13u1?arch=arm64","cpe:2.3:a:debian:evolution-data-server:3.56.2-0+deb13u1:*:*:*:*:*:*:*","pkg:deb/debian/evolution-data-server@3.56.2-0+deb13u1?arch=arm64","LIBRARY","debian-target"
"libedataserverui4-1.0-0t64","3.56.2-0+deb13u1","","","","","","","Organization: Debian GNOME Maintainers <pkg-gnome-maintainers@lists.alioth.debian.org>","Copyright (c) Debian contributors","cpe:2.3:a:debian:evolution-data-server:3.56.2-0+deb13u1:*:*:*:*:*:*:*","pkg:deb/debian/evolution-data-server@3.56.2-0+deb13u1?arch=arm64","cpe:2.3:a:debian:evolution-data-server:3.56.2-0+deb13u1:*:*:*:*:*:*:*","pkg:deb/debian/evolution-data-server@3.56.2-0+deb13u1?arch=arm64","LIBRARY","debian-target"
"libedit2","3.1-20250104-1","BSD-3-clause","","","","","","Organization: LLVM Packaging Team <pkg-llvm-team@lists.alioth.debian.org>","Copyright (c) Debian contributors","cpe:2.3:a:debian:libedit:3.1-20250104-1:*:*:*:*:*:*:*","pkg:deb/debian/libedit@3.1-20250104-1?arch=arm64","cpe:2.3:a:debian:libedit:3.1-20250104-1:*:*:*:*:*:*:*","pkg:deb/debian/libedit@3.1-20250104-1?arch=arm64","LIBRARY","debian-target"
"libeditorconfig0","0.12.9+~0.17.1-1","BSD-1-Clause | BSD-2-clause | BSD-2-clause and BSD-3-clause~miscount | BSD-3-clause~Brush | BSD-3-clause~miscount | Expat | GPL-3+","","","","","","Organization: Jonas Smedegaard <dr@jones.dk>","Copyright (c) Debian contributors","cpe:2.3:a:debian:editorconfig-core:0.12.9+~0.17.1-1:*:*:*:*:*:*:*","pkg:deb/debian/editorconfig-core@0.12.9+~0.17.1-1?arch=arm64","cpe:2.3:a:debian:editorconfig-core:0.12.9+~0.17.1-1:*:*:*:*:*:*:*","pkg:deb/debian/editorconfig-core@0.12.9+~0.17.1-1?arch=arm64","LIBRARY","debian-target"
"libegl-dev","1.7.0-1+b2","Apache-2.0 | BSD-1-clause | GPL | GPL-3+ | MIT | public-domain","","","","","","Organization: Debian X Strike Force <debian-x@lists.debian.org>","Copyright (c) Debian contributors","cpe:2.3:a:debian:libglvnd (1.7.0-1):1.7.0-1+b2:*:*:*:*:*:*:*","pkg:deb/debian/libglvnd (1.7.0-1)@1.7.0-1+b2?arch=arm64","cpe:2.3:a:debian:libglvnd (1.7.0-1):1.7.0-1+b2:*:*:*:*:*:*:*","pkg:deb/debian/libglvnd (1.7.0-1)@1.7.0-1+b2?arch=arm64","LIBRARY","debian-target"
"libegl-mesa0","25.0.7-2","Apache-2.0 | BSD-2-clause | BSD-3-google | BSL | GPL | GPL-1+ | GPL-2 | GPL-2 or MIT | Khronos | MIT | MLAA | SGI","","","","","","Organization: Debian X Strike Force <debian-x@lists.debian.org>","Copyright (c) Debian contributors","cpe:2.3:a:debian:mesa:25.0.7-2:*:*:*:*:*:*:*","pkg:deb/debian/mesa@25.0.7-2?arch=arm64","cpe:2.3:a:debian:mesa:25.0.7-2:*:*:*:*:*:*:*","pkg:deb/debian/mesa@25.0.7-2?arch=arm64","LIBRARY","debian-target"
"libegl1","1.7.0-1+b2","Apache-2.0 | BSD-1-clause | GPL | GPL-3+ | MIT | public-domain","","","","","","Organization: Debian X Strike Force <debian-x@lists.debian.org>","Copyright (c) Debian contributors","cpe:2.3:a:debian:libglvnd (1.7.0-1):1.7.0-1+b2:*:*:*:*:*:*:*","pkg:deb/debian/libglvnd (1.7.0-1)@1.7.0-1+b2?arch=arm64","cpe:2.3:a:debian:libglvnd (1.7.0-1):1.7.0-1+b2:*:*:*:*:*:*:*","pkg:deb/debian/libglvnd (1.7.0-1)@1.7.0-1+b2?arch=arm64","LIBRARY","debian-target"
"libegl1-mesa-dev","25.0.7-2","Apache-2.0 | BSD-2-clause | BSD-3-google | BSL | GPL | GPL-1+ | GPL-2 | GPL-2 or MIT | Khronos | MIT | MLAA | SGI","","","","","","Organization: Debian X Strike Force <debian-x@lists.debian.org>","Copyright (c) Debian contributors","cpe:2.3:a:debian:mesa:25.0.7-2:*:*:*:*:*:*:*","pkg:deb/debian/mesa@25.0.7-2?arch=arm64","cpe:2.3:a:debian:mesa:25.0.7-2:*:*:*:*:*:*:*","pkg:deb/debian/mesa@25.0.7-2?arch=arm64","LIBRARY","debian-target"
"libeis1","1.3.901-1","Expat","","","","","","Organization: Debian X Strike Force <debian-x@lists.debian.org>","Copyright (c) Debian contributors","cpe:2.3:a:debian:libei:1.3.901-1:*:*:*:*:*:*:*","pkg:deb/debian/libei@1.3.901-1?arch=arm64","cpe:2.3:a:debian:libei:1.3.901-1:*:*:*:*:*:*:*","pkg:deb/debian/libei@1.3.901-1?arch=arm64","LIBRARY","debian-target"
"libelf1t64","0.192-4","BSD-2-clause | GFDL-NIV-1.3 | GPL-3+ | GPL-3+ with Bison exception | LGPL-2.1+ | LGPL-3+ or GPL-2+","","","","","","Organization: Debian Elfutils Maintainers <debian-gcc@lists.debian.org>","Copyright (c) Debian contributors","cpe:2.3:a:debian:elfutils:0.192-4:*:*:*:*:*:*:*","pkg:deb/debian/elfutils@0.192-4?arch=arm64","cpe:2.3:a:debian:elfutils:0.192-4:*:*:*:*:*:*:*","pkg:deb/debian/elfutils@0.192-4?arch=arm64","LIBRARY","debian-target"
"libenchant-2-2","2.8.2+dfsg1-3","Expat | FSFAP | GPL-2.0+ | GPL-3.0+ | LGPL-2.0+ | LGPL-2.1+ | LGPL-3.0+","","","","","","Organization: Debian GNOME Maintainers <pkg-gnome-maintainers@lists.alioth.debian.org>","Copyright (c) Debian contributors","cpe:2.3:a:debian:enchant-2:2.8.2+dfsg1-3:*:*:*:*:*:*:*","pkg:deb/debian/enchant-2@2.8.2+dfsg1-3?arch=arm64","cpe:2.3:a:debian:enchant-2:2.8.2+dfsg1-3:*:*:*:*:*:*:*","pkg:deb/debian/enchant-2@2.8.2+dfsg1-3?arch=arm64","LIBRARY","debian-target"
"libencode-locale-perl","1.05-3","Artistic | Artistic or GPL-1+ | GPL-1+","","","","","","Organization: Debian Perl Group <pkg-perl-maintainers@lists.alioth.debian.org>","Copyright (c) Debian contributors","cpe:2.3:a:debian:libencode-locale-perl:1.05-3:*:*:*:*:*:*:*","pkg:deb/debian/libencode-locale-perl@1.05-3?arch=all","cpe:2.3:a:debian:libencode-locale-perl:1.05-3:*:*:*:*:*:*:*","pkg:deb/debian/libencode-locale-perl@1.05-3?arch=all","APPLICATION","debian-target"
"libepoxy-dev","1.5.10-2","Expat","","","","","","Organization: Debian X Strike Force <debian-x@lists.debian.org>","Copyright (c) Debian contributors","cpe:2.3:a:debian:libepoxy:1.5.10-2:*:*:*:*:*:*:*","pkg:deb/debian/libepoxy@1.5.10-2?arch=arm64","cpe:2.3:a:debian:libepoxy:1.5.10-2:*:*:*:*:*:*:*","pkg:deb/debian/libepoxy@1.5.10-2?arch=arm64","LIBRARY","debian-target"
"libepoxy0","1.5.10-2","Expat","","","","","","Organization: Debian X Strike Force <debian-x@lists.debian.org>","Copyright (c) Debian contributors","cpe:2.3:a:debian:libepoxy:1.5.10-2:*:*:*:*:*:*:*","pkg:deb/debian/libepoxy@1.5.10-2?arch=arm64","cpe:2.3:a:debian:libepoxy:1.5.10-2:*:*:*:*:*:*:*","pkg:deb/debian/libepoxy@1.5.10-2?arch=arm64","LIBRARY","debian-target"
"liberror-perl","0.17030-1","Artistic | Artistic or GPL-1+ | GPL-1+ | MIT/X11","","","","","","Organization: Debian Perl Group <pkg-perl-maintainers@lists.alioth.debian.org>","Copyright (c) Debian contributors","cpe:2.3:a:debian:liberror-perl:0.17030-1:*:*:*:*:*:*:*","pkg:deb/debian/liberror-perl@0.17030-1?arch=all","cpe:2.3:a:debian:liberror-perl:0.17030-1:*:*:*:*:*:*:*","pkg:deb/debian/liberror-perl@0.17030-1?arch=all","APPLICATION","debian-target"
"libestr0","0.1.11-2","LGPL-2.1+","","","","","","Organization: Florian Ernst <florian@debian.org>","Copyright (c) Debian contributors","cpe:2.3:a:debian:libestr:0.1.11-2:*:*:*:*:*:*:*","pkg:deb/debian/libestr@0.1.11-2?arch=arm64","cpe:2.3:a:debian:libestr:0.1.11-2:*:*:*:*:*:*:*","pkg:deb/debian/libestr@0.1.11-2?arch=arm64","LIBRARY","debian-target"
"libevdev-dev","1.13.4+dfsg-1","Apache-2.0 | BSD-3 | GPL-2 | GPL-2+ | MIT","","","","","","Organization: Stephen Kitt <skitt@debian.org>","Copyright (c) Debian contributors","cpe:2.3:a:debian:libevdev:1.13.4+dfsg-1:*:*:*:*:*:*:*","pkg:deb/debian/libevdev@1.13.4+dfsg-1?arch=arm64","cpe:2.3:a:debian:libevdev:1.13.4+dfsg-1:*:*:*:*:*:*:*","pkg:deb/debian/libevdev@1.13.4+dfsg-1?arch=arm64","LIBRARY","debian-target"
"libevdev2","1.13.4+dfsg-1","Apache-2.0 | BSD-3 | GPL-2 | GPL-2+ | MIT","","","","","","Organization: Stephen Kitt <skitt@debian.org>","Copyright (c) Debian contributors","cpe:2.3:a:debian:libevdev:1.13.4+dfsg-1:*:*:*:*:*:*:*","pkg:deb/debian/libevdev@1.13.4+dfsg-1?arch=arm64","cpe:2.3:a:debian:libevdev:1.13.4+dfsg-1:*:*:*:*:*:*:*","pkg:deb/debian/libevdev@1.13.4+dfsg-1?arch=arm64","LIBRARY","debian-target"
"libevdocument3-4t64","48.1-3+deb13u1","","","","","","","Organization: Debian GNOME Maintainers <pkg-gnome-maintainers@lists.alioth.debian.org>","Copyright (c) Debian contributors","cpe:2.3:a:debian:evince:48.1-3+deb13u1:*:*:*:*:*:*:*","pkg:deb/debian/evince@48.1-3+deb13u1?arch=arm64","cpe:2.3:a:debian:evince:48.1-3+deb13u1:*:*:*:*:*:*:*","pkg:deb/debian/evince@48.1-3+deb13u1?arch=arm64","LIBRARY","debian-target"
"libevent-core-2.1-7t64","2.1.12-stable-10+b1","BSD-2-clause | BSD-3-clause | BSL | Expat | FSFUL | FSFULLR | FSFULLR-No-Warranty | GPL-2+ | GPL-3+ | ISC | curl","","","","","","Organization: Nicolas Mora <babelouest@debian.org>","Copyright (c) Debian contributors","cpe:2.3:a:debian:libevent (2.1.12-stable-10):2.1.12-stable-10+b1:*:*:*:*:*:*:*","pkg:deb/debian/libevent (2.1.12-stable-10)@2.1.12-stable-10+b1?arch=arm64","cpe:2.3:a:debian:libevent (2.1.12-stable-10):2.1.12-stable-10+b1:*:*:*:*:*:*:*","pkg:deb/debian/libevent (2.1.12-stable-10)@2.1.12-stable-10+b1?arch=arm64","LIBRARY","debian-target"
"libevent-pthreads-2.1-7t64","2.1.12-stable-10+b1","BSD-2-clause | BSD-3-clause | BSL | Expat | FSFUL | FSFULLR | FSFULLR-No-Warranty | GPL-2+ | GPL-3+ | ISC | curl","","","","","","Organization: Nicolas Mora <babelouest@debian.org>","Copyright (c) Debian contributors","cpe:2.3:a:debian:libevent (2.1.12-stable-10):2.1.12-stable-10+b1:*:*:*:*:*:*:*","pkg:deb/debian/libevent (2.1.12-stable-10)@2.1.12-stable-10+b1?arch=arm64","cpe:2.3:a:debian:libevent (2.1.12-stable-10):2.1.12-stable-10+b1:*:*:*:*:*:*:*","pkg:deb/debian/libevent (2.1.12-stable-10)@2.1.12-stable-10+b1?arch=arm64","LIBRARY","debian-target"
"libevview3-3t64","48.1-3+deb13u1","","","","","","","Organization: Debian GNOME Maintainers <pkg-gnome-maintainers@lists.alioth.debian.org>","Copyright (c) Debian contributors","cpe:2.3:a:debian:evince:48.1-3+deb13u1:*:*:*:*:*:*:*","pkg:deb/debian/evince@48.1-3+deb13u1?arch=arm64","cpe:2.3:a:debian:evince:48.1-3+deb13u1:*:*:*:*:*:*:*","pkg:deb/debian/evince@48.1-3+deb13u1?arch=arm64","LIBRARY","debian-target"
"libexempi8","2.6.6-2","","","","","","","Organization: Michael Biebl <biebl@debian.org>","Copyright (c) Debian contributors","cpe:2.3:a:debian:exempi:2.6.6-2:*:*:*:*:*:*:*","pkg:deb/debian/exempi@2.6.6-2?arch=arm64","cpe:2.3:a:debian:exempi:2.6.6-2:*:*:*:*:*:*:*","pkg:deb/debian/exempi@2.6.6-2?arch=arm64","LIBRARY","debian-target"
"libexif-dev","0.6.25-1+deb13u1","BSD-3-Clause | CC0-1.0 | GPL-2.0 | LGPL-2.1-or-later | LicenseRef-Wrobel | MIT","","","","","","Organization: Debian PhotoTools Maintainers <pkg-phototools-devel@lists.alioth.debian.org>","Copyright (c) Debian contributors","cpe:2.3:a:debian:libexif:0.6.25-1+deb13u1:*:*:*:*:*:*:*","pkg:deb/debian/libexif@0.6.25-1+deb13u1?arch=arm64","cpe:2.3:a:debian:libexif:0.6.25-1+deb13u1:*:*:*:*:*:*:*","pkg:deb/debian/libexif@0.6.25-1+deb13u1?arch=arm64","LIBRARY","debian-target"
"libexif12","0.6.25-1+deb13u1","BSD-3-Clause | CC0-1.0 | GPL-2.0 | LGPL-2.1-or-later | LicenseRef-Wrobel | MIT","","","","","","Organization: Debian PhotoTools Maintainers <pkg-phototools-devel@lists.alioth.debian.org>","Copyright (c) Debian contributors","cpe:2.3:a:debian:libexif:0.6.25-1+deb13u1:*:*:*:*:*:*:*","pkg:deb/debian/libexif@0.6.25-1+deb13u1?arch=arm64","cpe:2.3:a:debian:libexif:0.6.25-1+deb13u1:*:*:*:*:*:*:*","pkg:deb/debian/libexif@0.6.25-1+deb13u1?arch=arm64","LIBRARY","debian-target"
"libexiv2-28","0.28.5+dfsg-1","BSD-3-clause | GPL-2+","","","","","","Organization: Debian KDE Extras Team <pkg-kde-extras@lists.alioth.debian.org>","Copyright (c) Debian contributors","cpe:2.3:a:debian:exiv2:0.28.5+dfsg-1:*:*:*:*:*:*:*","pkg:deb/debian/exiv2@0.28.5+dfsg-1?arch=arm64","cpe:2.3:a:debian:exiv2:0.28.5+dfsg-1:*:*:*:*:*:*:*","pkg:deb/debian/exiv2@0.28.5+dfsg-1?arch=arm64","LIBRARY","debian-target"
"libexiv2-data","0.28.5+dfsg-1","BSD-3-clause | GPL-2+","","","","","","Organization: Debian KDE Extras Team <pkg-kde-extras@lists.alioth.debian.org>","Copyright (c) Debian contributors","cpe:2.3:a:debian:exiv2:0.28.5+dfsg-1:*:*:*:*:*:*:*","pkg:deb/debian/exiv2@0.28.5+dfsg-1?arch=all","cpe:2.3:a:debian:exiv2:0.28.5+dfsg-1:*:*:*:*:*:*:*","pkg:deb/debian/exiv2@0.28.5+dfsg-1?arch=all","APPLICATION","debian-target"
"libexpat1","2.7.1-2","MIT","","","","","","Organization: Laszlo Boszormenyi (GCS) <gcs@debian.org>","Copyright (c) Debian contributors","cpe:2.3:a:debian:expat:2.7.1-2:*:*:*:*:*:*:*","pkg:deb/debian/expat@2.7.1-2?arch=arm64","cpe:2.3:a:debian:expat:2.7.1-2:*:*:*:*:*:*:*","pkg:deb/debian/expat@2.7.1-2?arch=arm64","LIBRARY","debian-target"
"libexpat1-dev","2.7.1-2","MIT","","","","","","Organization: Laszlo Boszormenyi (GCS) <gcs@debian.org>","Copyright (c) Debian contributors","cpe:2.3:a:debian:expat:2.7.1-2:*:*:*:*:*:*:*","pkg:deb/debian/expat@2.7.1-2?arch=arm64","cpe:2.3:a:debian:expat:2.7.1-2:*:*:*:*:*:*:*","pkg:deb/debian/expat@2.7.1-2?arch=arm64","LIBRARY","debian-target"
"libext2fs-dev","1.47.2-3+b11","0BSD | Apache-2 | BSD-3-Clause | BSD-3-Clause-Variant | BSD-4-Clause-CMU | Expat | GPL or MIT-US-export | GPL-2 | GPL-2+ | GPL-2+ with Texinfo exception | ISC | Kazlib | LGPL-2 | Latex2e","","","","","","Organization: Theodore Y. Ts'o <tytso@mit.edu>","Copyright (c) Debian contributors","cpe:2.3:a:debian:e2fsprogs (1.47.2-3):1.47.2-3+b11:*:*:*:*:*:*:*","pkg:deb/debian/e2fsprogs (1.47.2-3)@1.47.2-3+b11?arch=arm64","cpe:2.3:a:debian:e2fsprogs (1.47.2-3):1.47.2-3+b11:*:*:*:*:*:*:*","pkg:deb/debian/e2fsprogs (1.47.2-3)@1.47.2-3+b11?arch=arm64","LIBRARY","debian-target"
"libext2fs2t64","1.47.2-3+b11","0BSD | Apache-2 | BSD-3-Clause | BSD-3-Clause-Variant | BSD-4-Clause-CMU | Expat | GPL or MIT-US-export | GPL-2 | GPL-2+ | GPL-2+ with Texinfo exception | ISC | Kazlib | LGPL-2 | Latex2e","","","","","","Organization: Theodore Y. Ts'o <tytso@mit.edu>","Copyright (c) Debian contributors","cpe:2.3:a:debian:e2fsprogs (1.47.2-3):1.47.2-3+b11:*:*:*:*:*:*:*","pkg:deb/debian/e2fsprogs (1.47.2-3)@1.47.2-3+b11?arch=arm64","cpe:2.3:a:debian:e2fsprogs (1.47.2-3):1.47.2-3+b11:*:*:*:*:*:*:*","pkg:deb/debian/e2fsprogs (1.47.2-3)@1.47.2-3+b11?arch=arm64","LIBRARY","debian-target"
"libextutils-depends-perl","0.8002-1","Artistic | Artistic or GPL-1+ | GPL-1+","","","","","","Organization: Debian Perl Group <pkg-perl-maintainers@lists.alioth.debian.org>","Copyright (c) Debian contributors","cpe:2.3:a:debian:libextutils-depends-perl:0.8002-1:*:*:*:*:*:*:*","pkg:deb/debian/libextutils-depends-perl@0.8002-1?arch=all","cpe:2.3:a:debian:libextutils-depends-perl:0.8002-1:*:*:*:*:*:*:*","pkg:deb/debian/libextutils-depends-perl@0.8002-1?arch=all","APPLICATION","debian-target"
"libfaad2","2.11.2-1","GPL-2+ | GPL-3+","","","","","","Organization: Debian Multimedia Maintainers <debian-multimedia@lists.debian.org>","Copyright (c) Debian contributors","cpe:2.3:a:debian:faad2:2.11.2-1:*:*:*:*:*:*:*","pkg:deb/debian/faad2@2.11.2-1?arch=arm64","cpe:2.3:a:debian:faad2:2.11.2-1:*:*:*:*:*:*:*","pkg:deb/debian/faad2@2.11.2-1?arch=arm64","LIBRARY","debian-target"
"libfabric1","2.1.0-1.1","BSD-2-clause or GPL-2 | Expat | GPL-2+","","","","","","Organization: Debian HPC Team <debian-hpc@lists.debian.org>","Copyright (c) Debian contributors","cpe:2.3:a:debian:libfabric:2.1.0-1.1:*:*:*:*:*:*:*","pkg:deb/debian/libfabric@2.1.0-1.1?arch=arm64","cpe:2.3:a:debian:libfabric:2.1.0-1.1:*:*:*:*:*:*:*","pkg:deb/debian/libfabric@2.1.0-1.1?arch=arm64","LIBRARY","debian-target"
"libfastjson4","1.2304.0-2","Apache-2.0 | Expat","","","","","","Organization: Michael Biebl <biebl@debian.org>","Copyright (c) Debian contributors","cpe:2.3:a:debian:libfastjson:1.2304.0-2:*:*:*:*:*:*:*","pkg:deb/debian/libfastjson@1.2304.0-2?arch=arm64","cpe:2.3:a:debian:libfastjson:1.2304.0-2:*:*:*:*:*:*:*","pkg:deb/debian/libfastjson@1.2304.0-2?arch=arm64","LIBRARY","debian-target"
"libfdisk1","2.41-5","BSD-2-clause | BSD-3-clause | BSD-4-clause | BSLA | Expat | GPL-2 | GPL-2+ | GPL-3+ | ISC | LGPL | LGPL-2+ | LGPL-2.1+ | LGPL-3+ | public-domain","","","","","","Organization: Chris Hofstaedtler <zeha@debian.org>","Copyright (c) Debian contributors","cpe:2.3:a:debian:util-linux:2.41-5:*:*:*:*:*:*:*","pkg:deb/debian/util-linux@2.41-5?arch=arm64","cpe:2.3:a:debian:util-linux:2.41-5:*:*:*:*:*:*:*","pkg:deb/debian/util-linux@2.41-5?arch=arm64","LIBRARY","debian-target"
"libffado2","2.4.9-2","BSD-3-clause | CC0-1.0 | GPL-2+ | GPL-23 | GPL-3 | GPL-3+ | LGPL-2.1+ | permissive","","","","","","Organization: Debian Multimedia Maintainers <debian-multimedia@lists.debian.org>","Copyright (c) Debian contributors","cpe:2.3:a:debian:libffado:2.4.9-2:*:*:*:*:*:*:*","pkg:deb/debian/libffado@2.4.9-2?arch=arm64","cpe:2.3:a:debian:libffado:2.4.9-2:*:*:*:*:*:*:*","pkg:deb/debian/libffado@2.4.9-2?arch=arm64","LIBRARY","debian-target"
"libffi-dev","3.4.8-2","Expat | GPL | GPL-2+ | GPL-3+ | MPL-1.1 or GPL-2+ or LGPL-2.1+ | X11 | public-domain","","","","","","Organization: Debian GCC Maintainers <debian-gcc@lists.debian.org>","Copyright (c) Debian contributors","cpe:2.3:a:debian:libffi:3.4.8-2:*:*:*:*:*:*:*","pkg:deb/debian/libffi@3.4.8-2?arch=arm64","cpe:2.3:a:debian:libffi:3.4.8-2:*:*:*:*:*:*:*","pkg:deb/debian/libffi@3.4.8-2?arch=arm64","LIBRARY","debian-target"
"libffi8","3.4.8-2","Expat | GPL | GPL-2+ | GPL-3+ | MPL-1.1 or GPL-2+ or LGPL-2.1+ | X11 | public-domain","","","","","","Organization: Debian GCC Maintainers <debian-gcc@lists.debian.org>","Copyright (c) Debian contributors","cpe:2.3:a:debian:libffi:3.4.8-2:*:*:*:*:*:*:*","pkg:deb/debian/libffi@3.4.8-2?arch=arm64","cpe:2.3:a:debian:libffi:3.4.8-2:*:*:*:*:*:*:*","pkg:deb/debian/libffi@3.4.8-2?arch=arm64","LIBRARY","debian-target"
"libfftw3-double3","3.3.10-2+b1","GPL-2+","","","","","","Organization: Debian Science Maintainers <debian-science-maintainers@lists.alioth.debian.org>","Copyright (c) Debian contributors","cpe:2.3:a:debian:fftw3 (3.3.10-2):3.3.10-2+b1:*:*:*:*:*:*:*","pkg:deb/debian/fftw3 (3.3.10-2)@3.3.10-2+b1?arch=arm64","cpe:2.3:a:debian:fftw3 (3.3.10-2):3.3.10-2+b1:*:*:*:*:*:*:*","pkg:deb/debian/fftw3 (3.3.10-2)@3.3.10-2+b1?arch=arm64","LIBRARY","debian-target"
"libfftw3-single3","3.3.10-2+b1","GPL-2+","","","","","","Organization: Debian Science Maintainers <debian-science-maintainers@lists.alioth.debian.org>","Copyright (c) Debian contributors","cpe:2.3:a:debian:fftw3 (3.3.10-2):3.3.10-2+b1:*:*:*:*:*:*:*","pkg:deb/debian/fftw3 (3.3.10-2)@3.3.10-2+b1?arch=arm64","cpe:2.3:a:debian:fftw3 (3.3.10-2):3.3.10-2+b1:*:*:*:*:*:*:*","pkg:deb/debian/fftw3 (3.3.10-2)@3.3.10-2+b1?arch=arm64","LIBRARY","debian-target"
"libfido2-1","1.15.0-1+b1","BSD-2-clause | ISC | ISC and BSD-2-clause | public-domain","","","","","","Organization: Debian Authentication Maintainers <pkg-auth-maintainers@lists.alioth.debian.org>","Copyright (c) Debian contributors","cpe:2.3:a:debian:libfido2 (1.15.0-1):1.15.0-1+b1:*:*:*:*:*:*:*","pkg:deb/debian/libfido2 (1.15.0-1)@1.15.0-1+b1?arch=arm64","cpe:2.3:a:debian:libfido2 (1.15.0-1):1.15.0-1+b1:*:*:*:*:*:*:*","pkg:deb/debian/libfido2 (1.15.0-1)@1.15.0-1+b1?arch=arm64","LIBRARY","debian-target"
"libfile-listing-perl","6.16-1","Artistic | Artistic or GPL-1+ | GPL-1+","","","","","","Organization: Debian Perl Group <pkg-perl-maintainers@lists.alioth.debian.org>","Copyright (c) Debian contributors","cpe:2.3:a:debian:libfile-listing-perl:6.16-1:*:*:*:*:*:*:*","pkg:deb/debian/libfile-listing-perl@6.16-1?arch=all","cpe:2.3:a:debian:libfile-listing-perl:6.16-1:*:*:*:*:*:*:*","pkg:deb/debian/libfile-listing-perl@6.16-1?arch=all","APPLICATION","debian-target"
"libflac14","1.5.0+ds-2","BSD-3-clause | GFDL-1.1+ | GPL-2+ | GPL-2+ or LGPL-2.1+ | ISC | LGPL-2+ | LGPL-2.1+ | Public-domain","","","","","","Organization: Debian Multimedia Maintainers <debian-multimedia@lists.debian.org>","Copyright (c) Debian contributors","cpe:2.3:a:debian:flac:1.5.0+ds-2:*:*:*:*:*:*:*","pkg:deb/debian/flac@1.5.0+ds-2?arch=arm64","cpe:2.3:a:debian:flac:1.5.0+ds-2:*:*:*:*:*:*:*","pkg:deb/debian/flac@1.5.0+ds-2?arch=arm64","LIBRARY","debian-target"
"libflite1","2.2-7","","","","","","","Organization: Debian Accessibility Team <pkg-a11y-devel@alioth-lists.debian.net>","Copyright (c) Debian contributors","cpe:2.3:a:debian:flite:2.2-7:*:*:*:*:*:*:*","pkg:deb/debian/flite@2.2-7?arch=arm64","cpe:2.3:a:debian:flite:2.2-7:*:*:*:*:*:*:*","pkg:deb/debian/flite@2.2-7?arch=arm64","LIBRARY","debian-target"
"libfluidsynth3","2.4.4+dfsg-1+deb13u2","CC-BY-SA-3.0 | LGPL-2+ | LGPL-2.1+ | MIT/X11 | Public-domain","","","","","","Organization: Debian Multimedia Maintainers <debian-multimedia@lists.debian.org>","Copyright (c) Debian contributors","cpe:2.3:a:debian:fluidsynth:2.4.4+dfsg-1+deb13u2:*:*:*:*:*:*:*","pkg:deb/debian/fluidsynth@2.4.4+dfsg-1+deb13u2?arch=arm64","cpe:2.3:a:debian:fluidsynth:2.4.4+dfsg-1+deb13u2:*:*:*:*:*:*:*","pkg:deb/debian/fluidsynth@2.4.4+dfsg-1+deb13u2?arch=arm64","LIBRARY","debian-target"
"libfolks-eds26","0.15.9-5+b1","GPL-2+ | LGPL-2.1+","","","","","","Organization: Debian GNOME Maintainers <pkg-gnome-maintainers@lists.alioth.debian.org>","Copyright (c) Debian contributors","cpe:2.3:a:debian:folks (0.15.9-5):0.15.9-5+b1:*:*:*:*:*:*:*","pkg:deb/debian/folks (0.15.9-5)@0.15.9-5+b1?arch=arm64","cpe:2.3:a:debian:folks (0.15.9-5):0.15.9-5+b1:*:*:*:*:*:*:*","pkg:deb/debian/folks (0.15.9-5)@0.15.9-5+b1?arch=arm64","LIBRARY","debian-target"
"libfolks26","0.15.9-5+b1","GPL-2+ | LGPL-2.1+","","","","","","Organization: Debian GNOME Maintainers <pkg-gnome-maintainers@lists.alioth.debian.org>","Copyright (c) Debian contributors","cpe:2.3:a:debian:folks (0.15.9-5):0.15.9-5+b1:*:*:*:*:*:*:*","pkg:deb/debian/folks (0.15.9-5)@0.15.9-5+b1?arch=arm64","cpe:2.3:a:debian:folks (0.15.9-5):0.15.9-5+b1:*:*:*:*:*:*:*","pkg:deb/debian/folks (0.15.9-5)@0.15.9-5+b1?arch=arm64","LIBRARY","debian-target"
"libfontconfig-dev","2.15.0-2.3","","","","","","","Organization: Debian freedesktop.org maintainers <pkg-freedesktop-maintainers@lists.alioth.debian.org>","Copyright (c) Debian contributors","cpe:2.3:a:debian:fontconfig:2.15.0-2.3:*:*:*:*:*:*:*","pkg:deb/debian/fontconfig@2.15.0-2.3?arch=arm64","cpe:2.3:a:debian:fontconfig:2.15.0-2.3:*:*:*:*:*:*:*","pkg:deb/debian/fontconfig@2.15.0-2.3?arch=arm64","LIBRARY","debian-target"
"libfontconfig1","2.15.0-2.3","","","","","","","Organization: Debian freedesktop.org maintainers <pkg-freedesktop-maintainers@lists.alioth.debian.org>","Copyright (c) Debian contributors","cpe:2.3:a:debian:fontconfig:2.15.0-2.3:*:*:*:*:*:*:*","pkg:deb/debian/fontconfig@2.15.0-2.3?arch=arm64","cpe:2.3:a:debian:fontconfig:2.15.0-2.3:*:*:*:*:*:*:*","pkg:deb/debian/fontconfig@2.15.0-2.3?arch=arm64","LIBRARY","debian-target"
"libfontembed1t64","1.28.17-6+deb13u1","BSD-4-clause | Expat | GPL-2 | GPL-2+ | GPL-3 | GPL-3+ | LGPL-2 | LGPL-2.1+","","","","","","Organization: Debian Printing Team <debian-printing@lists.debian.org>","Copyright (c) Debian contributors","cpe:2.3:a:debian:cups-filters:1.28.17-6+deb13u1:*:*:*:*:*:*:*","pkg:deb/debian/cups-filters@1.28.17-6+deb13u1?arch=arm64","cpe:2.3:a:debian:cups-filters:1.28.17-6+deb13u1:*:*:*:*:*:*:*","pkg:deb/debian/cups-filters@1.28.17-6+deb13u1?arch=arm64","LIBRARY","debian-target"
"libfontenc1","1:1.1.8-1+b2","","","","","","","Organization: Debian X Strike Force <debian-x@lists.debian.org>","Copyright (c) Debian contributors","cpe:2.3:a:debian:libfontenc (1:1.1.8-1):1:1.1.8-1+b2:*:*:*:*:*:*:*","pkg:deb/debian/libfontenc (1:1.1.8-1)@1:1.1.8-1+b2?arch=arm64","cpe:2.3:a:debian:libfontenc (1:1.1.8-1):1:1.1.8-1+b2:*:*:*:*:*:*:*","pkg:deb/debian/libfontenc (1:1.1.8-1)@1:1.1.8-1+b2?arch=arm64","LIBRARY","debian-target"
"libfreeaptx0","0.2.2-1","GPL-2+ | LGPL-2.1+","","","","","","Organization: Kentaro Hayashi <kenhys@xdump.org>","Copyright (c) Debian contributors","cpe:2.3:a:debian:libfreeaptx:0.2.2-1:*:*:*:*:*:*:*","pkg:deb/debian/libfreeaptx@0.2.2-1?arch=arm64","cpe:2.3:a:debian:libfreeaptx:0.2.2-1:*:*:*:*:*:*:*","pkg:deb/debian/libfreeaptx@0.2.2-1?arch=arm64","LIBRARY","debian-target"
"libfreerdp-client3-3","3.15.0+dfsg-2.1+deb13u3","Apache-2.0 | Apache-2.0 or BSD-2-clause or BSD-3-clause or BSL-1.0 or Expat or Zlib or public-domain or OFL-1.1 | BSD-2-clause | BSD-3-clause | BSL-1.0 | Expat | HPND-sell-variant~and/or~NTP~disclaimer | LGPL-2.1+ | OFL-1.1 | Zlib | public-domain","","","","","","Organization: Debian Remote Maintainers <debian-remote@lists.debian.org>","Copyright (c) Debian contributors","cpe:2.3:a:debian:freerdp3:3.15.0+dfsg-2.1+deb13u3:*:*:*:*:*:*:*","pkg:deb/debian/freerdp3@3.15.0+dfsg-2.1+deb13u3?arch=arm64","cpe:2.3:a:debian:freerdp3:3.15.0+dfsg-2.1+deb13u3:*:*:*:*:*:*:*","pkg:deb/debian/freerdp3@3.15.0+dfsg-2.1+deb13u3?arch=arm64","LIBRARY","debian-target"
"libfreerdp-server3-3","3.15.0+dfsg-2.1+deb13u3","Apache-2.0 | Apache-2.0 or BSD-2-clause or BSD-3-clause or BSL-1.0 or Expat or Zlib or public-domain or OFL-1.1 | BSD-2-clause | BSD-3-clause | BSL-1.0 | Expat | HPND-sell-variant~and/or~NTP~disclaimer | LGPL-2.1+ | OFL-1.1 | Zlib | public-domain","","","","","","Organization: Debian Remote Maintainers <debian-remote@lists.debian.org>","Copyright (c) Debian contributors","cpe:2.3:a:debian:freerdp3:3.15.0+dfsg-2.1+deb13u3:*:*:*:*:*:*:*","pkg:deb/debian/freerdp3@3.15.0+dfsg-2.1+deb13u3?arch=arm64","cpe:2.3:a:debian:freerdp3:3.15.0+dfsg-2.1+deb13u3:*:*:*:*:*:*:*","pkg:deb/debian/freerdp3@3.15.0+dfsg-2.1+deb13u3?arch=arm64","LIBRARY","debian-target"
"libfreerdp3-3","3.15.0+dfsg-2.1+deb13u3","Apache-2.0 | Apache-2.0 or BSD-2-clause or BSD-3-clause or BSL-1.0 or Expat or Zlib or public-domain or OFL-1.1 | BSD-2-clause | BSD-3-clause | BSL-1.0 | Expat | HPND-sell-variant~and/or~NTP~disclaimer | LGPL-2.1+ | OFL-1.1 | Zlib | public-domain","","","","","","Organization: Debian Remote Maintainers <debian-remote@lists.debian.org>","Copyright (c) Debian contributors","cpe:2.3:a:debian:freerdp3:3.15.0+dfsg-2.1+deb13u3:*:*:*:*:*:*:*","pkg:deb/debian/freerdp3@3.15.0+dfsg-2.1+deb13u3?arch=arm64","cpe:2.3:a:debian:freerdp3:3.15.0+dfsg-2.1+deb13u3:*:*:*:*:*:*:*","pkg:deb/debian/freerdp3@3.15.0+dfsg-2.1+deb13u3?arch=arm64","LIBRARY","debian-target"
"libfreetype-dev","2.13.3+dfsg-1+deb13u1","BSD-3-Clause | BSL-1.0 | Expat | FSFAP | FTL | FTL and Expat | GPL-2+ | GPL-3+ | MIT-Modern-Variant | MIT-SMC | OpenGroup-MIT | Public-Domain | Zlib","","","","","","Organization: Hugh McMaster <hmc@debian.org>","Copyright (c) Debian contributors","cpe:2.3:a:debian:freetype:2.13.3+dfsg-1+deb13u1:*:*:*:*:*:*:*","pkg:deb/debian/freetype@2.13.3+dfsg-1+deb13u1?arch=arm64","cpe:2.3:a:debian:freetype:2.13.3+dfsg-1+deb13u1:*:*:*:*:*:*:*","pkg:deb/debian/freetype@2.13.3+dfsg-1+deb13u1?arch=arm64","LIBRARY","debian-target"
"libfreetype6","2.13.3+dfsg-1+deb13u1","BSD-3-Clause | BSL-1.0 | Expat | FSFAP | FTL | FTL and Expat | GPL-2+ | GPL-3+ | MIT-Modern-Variant | MIT-SMC | OpenGroup-MIT | Public-Domain | Zlib","","","","","","Organization: Hugh McMaster <hmc@debian.org>","Copyright (c) Debian contributors","cpe:2.3:a:debian:freetype:2.13.3+dfsg-1+deb13u1:*:*:*:*:*:*:*","pkg:deb/debian/freetype@2.13.3+dfsg-1+deb13u1?arch=arm64","cpe:2.3:a:debian:freetype:2.13.3+dfsg-1+deb13u1:*:*:*:*:*:*:*","pkg:deb/debian/freetype@2.13.3+dfsg-1+deb13u1?arch=arm64","LIBRARY","debian-target"
"libfreexl1","2.0.0-1+b3","GPL-2+ | LGPL-2.1+ | MPL-1.1 | MPL-1.1 or GPL-2+ or LGPL-2.1+","","","","","","Organization: Debian GIS Project <pkg-grass-devel@lists.alioth.debian.org>","Copyright (c) Debian contributors","cpe:2.3:a:debian:freexl (2.0.0-1):2.0.0-1+b3:*:*:*:*:*:*:*","pkg:deb/debian/freexl (2.0.0-1)@2.0.0-1+b3?arch=arm64","cpe:2.3:a:debian:freexl (2.0.0-1):2.0.0-1+b3:*:*:*:*:*:*:*","pkg:deb/debian/freexl (2.0.0-1)@2.0.0-1+b3?arch=arm64","LIBRARY","debian-target"
"libfribidi-dev","1.0.16-1","LGPL-2.1+","","","","","","Organization: Debian Hebrew Packaging Team <team+hebrew@tracker.debian.org>","Copyright (c) Debian contributors","cpe:2.3:a:debian:fribidi:1.0.16-1:*:*:*:*:*:*:*","pkg:deb/debian/fribidi@1.0.16-1?arch=arm64","cpe:2.3:a:debian:fribidi:1.0.16-1:*:*:*:*:*:*:*","pkg:deb/debian/fribidi@1.0.16-1?arch=arm64","LIBRARY","debian-target"
"libfribidi0","1.0.16-1","LGPL-2.1+","","","","","","Organization: Debian Hebrew Packaging Team <team+hebrew@tracker.debian.org>","Copyright (c) Debian contributors","cpe:2.3:a:debian:fribidi:1.0.16-1:*:*:*:*:*:*:*","pkg:deb/debian/fribidi@1.0.16-1?arch=arm64","cpe:2.3:a:debian:fribidi:1.0.16-1:*:*:*:*:*:*:*","pkg:deb/debian/fribidi@1.0.16-1?arch=arm64","LIBRARY","debian-target"
"libfuse3-4","3.17.2-3","GPL-2 | GPL-2+ | LGPL-2.1","","","","","","Organization: Laszlo Boszormenyi (GCS) <gcs@debian.org>","Copyright (c) Debian contributors","cpe:2.3:a:debian:fuse3:3.17.2-3:*:*:*:*:*:*:*","pkg:deb/debian/fuse3@3.17.2-3?arch=arm64","cpe:2.3:a:debian:fuse3:3.17.2-3:*:*:*:*:*:*:*","pkg:deb/debian/fuse3@3.17.2-3?arch=arm64","LIBRARY","debian-target"
"libfyba0t64","4.1.1-11+b1","GPL-2.0+ | MIT","","","","","","Organization: Debian GIS Project <pkg-grass-devel@lists.alioth.debian.org>","Copyright (c) Debian contributors","cpe:2.3:a:debian:fyba (4.1.1-11):4.1.1-11+b1:*:*:*:*:*:*:*","pkg:deb/debian/fyba (4.1.1-11)@4.1.1-11+b1?arch=arm64","cpe:2.3:a:debian:fyba (4.1.1-11):4.1.1-11+b1:*:*:*:*:*:*:*","pkg:deb/debian/fyba (4.1.1-11)@4.1.1-11+b1?arch=arm64","LIBRARY","debian-target"
"libgav1-1","0.19.0-3+b1","Apache-2.0 | BSD-3-clause","","","","","","Organization: Debian Multimedia Maintainers <debian-multimedia@lists.debian.org>","Copyright (c) Debian contributors","cpe:2.3:a:debian:libgav1 (0.19.0-3):0.19.0-3+b1:*:*:*:*:*:*:*","pkg:deb/debian/libgav1 (0.19.0-3)@0.19.0-3+b1?arch=arm64","cpe:2.3:a:debian:libgav1 (0.19.0-3):0.19.0-3+b1:*:*:*:*:*:*:*","pkg:deb/debian/libgav1 (0.19.0-3)@0.19.0-3+b1?arch=arm64","LIBRARY","debian-target"
"libgbm-dev","25.0.7-2","Apache-2.0 | BSD-2-clause | BSD-3-google | BSL | GPL | GPL-1+ | GPL-2 | GPL-2 or MIT | Khronos | MIT | MLAA | SGI","","","","","","Organization: Debian X Strike Force <debian-x@lists.debian.org>","Copyright (c) Debian contributors","cpe:2.3:a:debian:mesa:25.0.7-2:*:*:*:*:*:*:*","pkg:deb/debian/mesa@25.0.7-2?arch=arm64","cpe:2.3:a:debian:mesa:25.0.7-2:*:*:*:*:*:*:*","pkg:deb/debian/mesa@25.0.7-2?arch=arm64","LIBRARY","debian-target"
"libgbm1","25.0.7-2","Apache-2.0 | BSD-2-clause | BSD-3-google | BSL | GPL | GPL-1+ | GPL-2 | GPL-2 or MIT | Khronos | MIT | MLAA | SGI","","","","","","Organization: Debian X Strike Force <debian-x@lists.debian.org>","Copyright (c) Debian contributors","cpe:2.3:a:debian:mesa:25.0.7-2:*:*:*:*:*:*:*","pkg:deb/debian/mesa@25.0.7-2?arch=arm64","cpe:2.3:a:debian:mesa:25.0.7-2:*:*:*:*:*:*:*","pkg:deb/debian/mesa@25.0.7-2?arch=arm64","LIBRARY","debian-target"
"libgcc-14-dev","14.2.0-19","","","","","","","Organization: Debian GCC Maintainers <debian-gcc@lists.debian.org>","Copyright (c) Debian contributors","cpe:2.3:a:debian:gcc-14:14.2.0-19:*:*:*:*:*:*:*","pkg:deb/debian/gcc-14@14.2.0-19?arch=arm64","cpe:2.3:a:debian:gcc-14:14.2.0-19:*:*:*:*:*:*:*","pkg:deb/debian/gcc-14@14.2.0-19?arch=arm64","LIBRARY","debian-target"
"libgcc-s1","14.2.0-19","","","","","","","Organization: Debian GCC Maintainers <debian-gcc@lists.debian.org>","Copyright (c) Debian contributors","cpe:2.3:a:debian:gcc-14:14.2.0-19:*:*:*:*:*:*:*","pkg:deb/debian/gcc-14@14.2.0-19?arch=arm64","cpe:2.3:a:debian:gcc-14:14.2.0-19:*:*:*:*:*:*:*","pkg:deb/debian/gcc-14@14.2.0-19?arch=arm64","LIBRARY","debian-target"
"libgck-1-0","3.41.2-3","LGPL-2.1+ | bzip2-1.0.5","","","","","","Organization: Debian GNOME Maintainers <pkg-gnome-maintainers@lists.alioth.debian.org>","Copyright (c) Debian contributors","cpe:2.3:a:debian:gcr:3.41.2-3:*:*:*:*:*:*:*","pkg:deb/debian/gcr@3.41.2-3?arch=arm64","cpe:2.3:a:debian:gcr:3.41.2-3:*:*:*:*:*:*:*","pkg:deb/debian/gcr@3.41.2-3?arch=arm64","LIBRARY","debian-target"
"libgck-2-2","4.4.0.1-3","LGPL-2.1+ | bzip2-1.0.5","","","","","","Organization: Debian GNOME Maintainers <pkg-gnome-maintainers@lists.alioth.debian.org>","Copyright (c) Debian contributors","cpe:2.3:a:debian:gcr4:4.4.0.1-3:*:*:*:*:*:*:*","pkg:deb/debian/gcr4@4.4.0.1-3?arch=arm64","cpe:2.3:a:debian:gcr4:4.4.0.1-3:*:*:*:*:*:*:*","pkg:deb/debian/gcr4@4.4.0.1-3?arch=arm64","LIBRARY","debian-target"
"libgcr-4-4","4.4.0.1-3","LGPL-2.1+ | bzip2-1.0.5","","","","","","Organization: Debian GNOME Maintainers <pkg-gnome-maintainers@lists.alioth.debian.org>","Copyright (c) Debian contributors","cpe:2.3:a:debian:gcr4:4.4.0.1-3:*:*:*:*:*:*:*","pkg:deb/debian/gcr4@4.4.0.1-3?arch=arm64","cpe:2.3:a:debian:gcr4:4.4.0.1-3:*:*:*:*:*:*:*","pkg:deb/debian/gcr4@4.4.0.1-3?arch=arm64","LIBRARY","debian-target"
"libgcr-base-3-1","3.41.2-3","LGPL-2.1+ | bzip2-1.0.5","","","","","","Organization: Debian GNOME Maintainers <pkg-gnome-maintainers@lists.alioth.debian.org>","Copyright (c) Debian contributors","cpe:2.3:a:debian:gcr:3.41.2-3:*:*:*:*:*:*:*","pkg:deb/debian/gcr@3.41.2-3?arch=arm64","cpe:2.3:a:debian:gcr:3.41.2-3:*:*:*:*:*:*:*","pkg:deb/debian/gcr@3.41.2-3?arch=arm64","LIBRARY","debian-target"
"libgcr-ui-3-1","3.41.2-3","LGPL-2.1+ | bzip2-1.0.5","","","","","","Organization: Debian GNOME Maintainers <pkg-gnome-maintainers@lists.alioth.debian.org>","Copyright (c) Debian contributors","cpe:2.3:a:debian:gcr:3.41.2-3:*:*:*:*:*:*:*","pkg:deb/debian/gcr@3.41.2-3?arch=arm64","cpe:2.3:a:debian:gcr:3.41.2-3:*:*:*:*:*:*:*","pkg:deb/debian/gcr@3.41.2-3?arch=arm64","LIBRARY","debian-target"
"libgcrypt20","1.11.0-7+deb13u1","","","","","","","Organization: Debian GnuTLS Maintainers <pkg-gnutls-maint@lists.alioth.debian.org>","Copyright (c) Debian contributors","cpe:2.3:a:debian:libgcrypt20:1.11.0-7+deb13u1:*:*:*:*:*:*:*","pkg:deb/debian/libgcrypt20@1.11.0-7+deb13u1?arch=arm64","cpe:2.3:a:debian:libgcrypt20:1.11.0-7+deb13u1:*:*:*:*:*:*:*","pkg:deb/debian/libgcrypt20@1.11.0-7+deb13u1?arch=arm64","LIBRARY","debian-target"
"libgd3","2.3.3-13","BSD-3-clause | GAP~Makefile.in | GAP~configure | GD | GPL-2+ | GPL-2+ with Autoconf exception | HPND | MIT | WEBP | XFIG","","","","","","Organization: GD Team <team+gd@tracker.debian.org>","Copyright (c) Debian contributors","cpe:2.3:a:debian:libgd2:2.3.3-13:*:*:*:*:*:*:*","pkg:deb/debian/libgd2@2.3.3-13?arch=arm64","cpe:2.3:a:debian:libgd2:2.3.3-13:*:*:*:*:*:*:*","pkg:deb/debian/libgd2@2.3.3-13?arch=arm64","LIBRARY","debian-target"
"libgdal36","3.10.3+dfsg-1","Apache-2.0 | Apache-2.0 and BSD-3-Clause | BSD-3-Clause | Base64 | Expat | Expat and Base64 | Expat and GPL-3+ with Bison exception | Expat and PostgreSQL | Expat and zlib | Expat or LGPL-2+ | GPL-3+ with Bison exception | HPND-3i | HPND-disclaimer | HPND-eos | HPND-p-sl-sgi | HPND-sl-gl-sgi | HPND-sl-sgi | IJG | ISC | ITT | Info-ZIP | LGPL-2+ | PostgreSQL | Qhull | cpl-mem-cache | fontconfig | libpng | public-domain | zlib","","","","","","Organization: Debian GIS Project <pkg-grass-devel@lists.alioth.debian.org>","Copyright (c) Debian contributors","cpe:2.3:a:debian:gdal:3.10.3+dfsg-1:*:*:*:*:*:*:*","pkg:deb/debian/gdal@3.10.3+dfsg-1?arch=arm64","cpe:2.3:a:debian:gdal:3.10.3+dfsg-1:*:*:*:*:*:*:*","pkg:deb/debian/gdal@3.10.3+dfsg-1?arch=arm64","LIBRARY","debian-target"
"libgdata-common","0.18.1-9","LGPL-2.1+","","","","","","Organization: Debian GNOME Maintainers <pkg-gnome-maintainers@lists.alioth.debian.org>","Copyright (c) Debian contributors","cpe:2.3:a:debian:libgdata:0.18.1-9:*:*:*:*:*:*:*","pkg:deb/debian/libgdata@0.18.1-9?arch=all","cpe:2.3:a:debian:libgdata:0.18.1-9:*:*:*:*:*:*:*","pkg:deb/debian/libgdata@0.18.1-9?arch=all","LIBRARY","debian-target"
"libgdata22","0.18.1-9","LGPL-2.1+","","","","","","Organization: Debian GNOME Maintainers <pkg-gnome-maintainers@lists.alioth.debian.org>","Copyright (c) Debian contributors","cpe:2.3:a:debian:libgdata:0.18.1-9:*:*:*:*:*:*:*","pkg:deb/debian/libgdata@0.18.1-9?arch=arm64","cpe:2.3:a:debian:libgdata:0.18.1-9:*:*:*:*:*:*:*","pkg:deb/debian/libgdata@0.18.1-9?arch=arm64","LIBRARY","debian-target"
"libgdbm-compat4t64","1.24-2","GFDL-NIV-1.3+ | GPL-2+ | GPL-3+","","","","","","Organization: Nicolas Mora <babelouest@debian.org>","Copyright (c) Debian contributors","cpe:2.3:a:debian:gdbm:1.24-2:*:*:*:*:*:*:*","pkg:deb/debian/gdbm@1.24-2?arch=arm64","cpe:2.3:a:debian:gdbm:1.24-2:*:*:*:*:*:*:*","pkg:deb/debian/gdbm@1.24-2?arch=arm64","LIBRARY","debian-target"
"libgdbm6t64","1.24-2","GFDL-NIV-1.3+ | GPL-2+ | GPL-3+","","","","","","Organization: Nicolas Mora <babelouest@debian.org>","Copyright (c) Debian contributors","cpe:2.3:a:debian:gdbm:1.24-2:*:*:*:*:*:*:*","pkg:deb/debian/gdbm@1.24-2?arch=arm64","cpe:2.3:a:debian:gdbm:1.24-2:*:*:*:*:*:*:*","pkg:deb/debian/gdbm@1.24-2?arch=arm64","LIBRARY","debian-target"
"libgdcm-dev","3.0.24-5+b3","Apache-2.0 | BSD-2-clause | BSD-3-clause-alike-CREATIS | BSD-3-clause-alike-Jan-de-Vaan | BSD-3-clause-alike-Mathieu-Malaterre | BSD-3-clause-alike-Theodore-Ts | BSD-4-clause | BSL | Expat | LGPL-2+ | Zlib | gdcmjpeg | public-domain | socketxx | zlib/libpng","","","","","","Organization: Debian Med Packaging Team <debian-med-packaging@lists.alioth.debian.org>","Copyright (c) Debian contributors","cpe:2.3:a:debian:gdcm (3.0.24-5):3.0.24-5+b3:*:*:*:*:*:*:*","pkg:deb/debian/gdcm (3.0.24-5)@3.0.24-5+b3?arch=arm64","cpe:2.3:a:debian:gdcm (3.0.24-5):3.0.24-5+b3:*:*:*:*:*:*:*","pkg:deb/debian/gdcm (3.0.24-5)@3.0.24-5+b3?arch=arm64","LIBRARY","debian-target"
"libgdcm3.0t64","3.0.24-5+b3","Apache-2.0 | BSD-2-clause | BSD-3-clause-alike-CREATIS | BSD-3-clause-alike-Jan-de-Vaan | BSD-3-clause-alike-Mathieu-Malaterre | BSD-3-clause-alike-Theodore-Ts | BSD-4-clause | BSL | Expat | LGPL-2+ | Zlib | gdcmjpeg | public-domain | socketxx | zlib/libpng","","","","","","Organization: Debian Med Packaging Team <debian-med-packaging@lists.alioth.debian.org>","Copyright (c) Debian contributors","cpe:2.3:a:debian:gdcm (3.0.24-5):3.0.24-5+b3:*:*:*:*:*:*:*","pkg:deb/debian/gdcm (3.0.24-5)@3.0.24-5+b3?arch=arm64","cpe:2.3:a:debian:gdcm (3.0.24-5):3.0.24-5+b3:*:*:*:*:*:*:*","pkg:deb/debian/gdcm (3.0.24-5)@3.0.24-5+b3?arch=arm64","LIBRARY","debian-target"
"libgdk-pixbuf-2.0-0","2.42.12+dfsg-4+deb13u1","CC0-1.0 | GPL-2+ | LGPL-2+ | LGPL-2+ and LGPL-2.1+ and CC0-1.0 | LGPL-2.1+","","","","","","Organization: Debian GNOME Maintainers <pkg-gnome-maintainers@lists.alioth.debian.org>","Copyright (c) Debian contributors","cpe:2.3:a:debian:gdk-pixbuf:2.42.12+dfsg-4+deb13u1:*:*:*:*:*:*:*","pkg:deb/debian/gdk-pixbuf@2.42.12+dfsg-4+deb13u1?arch=arm64","cpe:2.3:a:debian:gdk-pixbuf:2.42.12+dfsg-4+deb13u1:*:*:*:*:*:*:*","pkg:deb/debian/gdk-pixbuf@2.42.12+dfsg-4+deb13u1?arch=arm64","LIBRARY","debian-target"
"libgdk-pixbuf-2.0-dev","2.42.12+dfsg-4+deb13u1","CC0-1.0 | GPL-2+ | LGPL-2+ | LGPL-2+ and LGPL-2.1+ and CC0-1.0 | LGPL-2.1+","","","","","","Organization: Debian GNOME Maintainers <pkg-gnome-maintainers@lists.alioth.debian.org>","Copyright (c) Debian contributors","cpe:2.3:a:debian:gdk-pixbuf:2.42.12+dfsg-4+deb13u1:*:*:*:*:*:*:*","pkg:deb/debian/gdk-pixbuf@2.42.12+dfsg-4+deb13u1?arch=arm64","cpe:2.3:a:debian:gdk-pixbuf:2.42.12+dfsg-4+deb13u1:*:*:*:*:*:*:*","pkg:deb/debian/gdk-pixbuf@2.42.12+dfsg-4+deb13u1?arch=arm64","LIBRARY","debian-target"
"libgdk-pixbuf2.0-bin","2.42.12+dfsg-4+deb13u1","CC0-1.0 | GPL-2+ | LGPL-2+ | LGPL-2+ and LGPL-2.1+ and CC0-1.0 | LGPL-2.1+","","","","","","Organization: Debian GNOME Maintainers <pkg-gnome-maintainers@lists.alioth.debian.org>","Copyright (c) Debian contributors","cpe:2.3:a:debian:gdk-pixbuf:2.42.12+dfsg-4+deb13u1:*:*:*:*:*:*:*","pkg:deb/debian/gdk-pixbuf@2.42.12+dfsg-4+deb13u1?arch=arm64","cpe:2.3:a:debian:gdk-pixbuf:2.42.12+dfsg-4+deb13u1:*:*:*:*:*:*:*","pkg:deb/debian/gdk-pixbuf@2.42.12+dfsg-4+deb13u1?arch=arm64","LIBRARY","debian-target"
"libgdk-pixbuf2.0-common","2.42.12+dfsg-4+deb13u1","CC0-1.0 | GPL-2+ | LGPL-2+ | LGPL-2+ and LGPL-2.1+ and CC0-1.0 | LGPL-2.1+","","","","","","Organization: Debian GNOME Maintainers <pkg-gnome-maintainers@lists.alioth.debian.org>","Copyright (c) Debian contributors","cpe:2.3:a:debian:gdk-pixbuf:2.42.12+dfsg-4+deb13u1:*:*:*:*:*:*:*","pkg:deb/debian/gdk-pixbuf@2.42.12+dfsg-4+deb13u1?arch=all","cpe:2.3:a:debian:gdk-pixbuf:2.42.12+dfsg-4+deb13u1:*:*:*:*:*:*:*","pkg:deb/debian/gdk-pixbuf@2.42.12+dfsg-4+deb13u1?arch=all","LIBRARY","debian-target"
"libgdm1","48.0-2","","","","","","","Organization: Debian GNOME Maintainers <pkg-gnome-maintainers@lists.alioth.debian.org>","Copyright (c) Debian contributors","cpe:2.3:a:debian:gdm3:48.0-2:*:*:*:*:*:*:*","pkg:deb/debian/gdm3@48.0-2?arch=arm64","cpe:2.3:a:debian:gdm3:48.0-2:*:*:*:*:*:*:*","pkg:deb/debian/gdm3@48.0-2?arch=arm64","LIBRARY","debian-target"
"libgee-0.8-2","0.20.8-1","","","","","","","Organization: Debian GNOME Maintainers <pkg-gnome-maintainers@lists.alioth.debian.org>","Copyright (c) Debian contributors","cpe:2.3:a:debian:libgee-0.8:0.20.8-1:*:*:*:*:*:*:*","pkg:deb/debian/libgee-0.8@0.20.8-1?arch=arm64","cpe:2.3:a:debian:libgee-0.8:0.20.8-1:*:*:*:*:*:*:*","pkg:deb/debian/libgee-0.8@0.20.8-1?arch=arm64","LIBRARY","debian-target"
"libgeoclue-2-0","2.7.2-2","GFDL-NIV-1.1+ | GPL-2+ | LGPL-2+","","","","","","Organization: Laurent Bigonville <bigon@debian.org>","Copyright (c) Debian contributors","cpe:2.3:a:debian:geoclue-2.0:2.7.2-2:*:*:*:*:*:*:*","pkg:deb/debian/geoclue-2.0@2.7.2-2?arch=arm64","cpe:2.3:a:debian:geoclue-2.0:2.7.2-2:*:*:*:*:*:*:*","pkg:deb/debian/geoclue-2.0@2.7.2-2?arch=arm64","LIBRARY","debian-target"
"libgeocode-glib-2-0","3.26.4-1","BSD-3-clause | LGPL-2+ | ODbL-1.0","","","","","","Organization: Debian GNOME Maintainers <pkg-gnome-maintainers@lists.alioth.debian.org>","Copyright (c) Debian contributors","cpe:2.3:a:debian:geocode-glib:3.26.4-1:*:*:*:*:*:*:*","pkg:deb/debian/geocode-glib@3.26.4-1?arch=arm64","cpe:2.3:a:debian:geocode-glib:3.26.4-1:*:*:*:*:*:*:*","pkg:deb/debian/geocode-glib@3.26.4-1?arch=arm64","LIBRARY","debian-target"
"libgeos-c1t64","3.13.1-1","Apache-2.0 | Apache-2.0 or BSL-1.0 | BSL-1.0 | Expat | LGPL-2.1+ | zlib","","","","","","Organization: Debian GIS Project <pkg-grass-devel@lists.alioth.debian.org>","Copyright (c) Debian contributors","cpe:2.3:a:debian:geos:3.13.1-1:*:*:*:*:*:*:*","pkg:deb/debian/geos@3.13.1-1?arch=arm64","cpe:2.3:a:debian:geos:3.13.1-1:*:*:*:*:*:*:*","pkg:deb/debian/geos@3.13.1-1?arch=arm64","LIBRARY","debian-target"
"libgeos3.13.1","3.13.1-1","Apache-2.0 | Apache-2.0 or BSL-1.0 | BSL-1.0 | Expat | LGPL-2.1+ | zlib","","","","","","Organization: Debian GIS Project <pkg-grass-devel@lists.alioth.debian.org>","Copyright (c) Debian contributors","cpe:2.3:a:debian:geos:3.13.1-1:*:*:*:*:*:*:*","pkg:deb/debian/geos@3.13.1-1?arch=arm64","cpe:2.3:a:debian:geos:3.13.1-1:*:*:*:*:*:*:*","pkg:deb/debian/geos@3.13.1-1?arch=arm64","LIBRARY","debian-target"
"libgeotiff5","1.7.4-1","BSD-3-Clause | BSD-4-Clause | GPL-2+ | HPND-sl-sgi | MIT | attribution","","","","","","Organization: Debian GIS Project <pkg-grass-devel@lists.alioth.debian.org>","Copyright (c) Debian contributors","cpe:2.3:a:debian:libgeotiff:1.7.4-1:*:*:*:*:*:*:*","pkg:deb/debian/libgeotiff@1.7.4-1?arch=arm64","cpe:2.3:a:debian:libgeotiff:1.7.4-1:*:*:*:*:*:*:*","pkg:deb/debian/libgeotiff@1.7.4-1?arch=arm64","LIBRARY","debian-target"
"libgexiv2-2","0.14.3-1+b1","GPL-2+ | GPL-3+ | LGPL-2.1 | LGPL-2.1 or MIT | LGPL-2.1+ | MIT","","","","","","Organization: Debian GNOME Maintainers <pkg-gnome-maintainers@lists.alioth.debian.org>","Copyright (c) Debian contributors","cpe:2.3:a:debian:gexiv2 (0.14.3-1):0.14.3-1+b1:*:*:*:*:*:*:*","pkg:deb/debian/gexiv2 (0.14.3-1)@0.14.3-1+b1?arch=arm64","cpe:2.3:a:debian:gexiv2 (0.14.3-1):0.14.3-1+b1:*:*:*:*:*:*:*","pkg:deb/debian/gexiv2 (0.14.3-1)@0.14.3-1+b1?arch=arm64","LIBRARY","debian-target"
"libgfortran5","14.2.0-19","","","","","","","Organization: Debian GCC Maintainers <debian-gcc@lists.debian.org>","Copyright (c) Debian contributors","cpe:2.3:a:debian:gcc-14:14.2.0-19:*:*:*:*:*:*:*","pkg:deb/debian/gcc-14@14.2.0-19?arch=arm64","cpe:2.3:a:debian:gcc-14:14.2.0-19:*:*:*:*:*:*:*","pkg:deb/debian/gcc-14@14.2.0-19?arch=arm64","LIBRARY","debian-target"
"libgif7","5.2.2-1+b1","ISC | MIT","","","","","","Organization: David Suárez <deiv@debian.org>","Copyright (c) Debian contributors","cpe:2.3:a:debian:giflib (5.2.2-1):5.2.2-1+b1:*:*:*:*:*:*:*","pkg:deb/debian/giflib (5.2.2-1)@5.2.2-1+b1?arch=arm64","cpe:2.3:a:debian:giflib (5.2.2-1):5.2.2-1+b1:*:*:*:*:*:*:*","pkg:deb/debian/giflib (5.2.2-1)@5.2.2-1+b1?arch=arm64","LIBRARY","debian-target"
"libgio-2.0-dev","2.84.4-3~deb13u3","AFL-2.0 | AFL-2.0 or LGPL-2.1+ | Apache-2.0 with LLVM exception | CC-BY-SA-3.0 | CC0-1.0 | CC0-1.0 or Mingw-PD | Expat | FSFULLR | GPL-2+ | Iconv-PD | Janik-permissive | Janik-permissive and old-glib-tests | Kuchling-PD | LGPL-2+ | LGPL-2.1+ | LGPL-2.1+ and Kuchling-PD and Plumb-PD | LGPL-3+ | Mingw-PD | Plumb-PD | Unicode-DFS-2016 | bzip2-1.0.6 | cmph | old-glib-tests","","","","","","Organization: Debian GNOME Maintainers <pkg-gnome-maintainers@lists.alioth.debian.org>","Copyright (c) Debian contributors","cpe:2.3:a:debian:glib2.0:2.84.4-3~deb13u3:*:*:*:*:*:*:*","pkg:deb/debian/glib2.0@2.84.4-3~deb13u3?arch=arm64","cpe:2.3:a:debian:glib2.0:2.84.4-3~deb13u3:*:*:*:*:*:*:*","pkg:deb/debian/glib2.0@2.84.4-3~deb13u3?arch=arm64","LIBRARY","debian-target"
"libgio-2.0-dev-bin","2.84.4-3~deb13u3","AFL-2.0 | AFL-2.0 or LGPL-2.1+ | Apache-2.0 with LLVM exception | CC-BY-SA-3.0 | CC0-1.0 | CC0-1.0 or Mingw-PD | Expat | FSFULLR | GPL-2+ | Iconv-PD | Janik-permissive | Janik-permissive and old-glib-tests | Kuchling-PD | LGPL-2+ | LGPL-2.1+ | LGPL-2.1+ and Kuchling-PD and Plumb-PD | LGPL-3+ | Mingw-PD | Plumb-PD | Unicode-DFS-2016 | bzip2-1.0.6 | cmph | old-glib-tests","","","","","","Organization: Debian GNOME Maintainers <pkg-gnome-maintainers@lists.alioth.debian.org>","Copyright (c) Debian contributors","cpe:2.3:a:debian:glib2.0:2.84.4-3~deb13u3:*:*:*:*:*:*:*","pkg:deb/debian/glib2.0@2.84.4-3~deb13u3?arch=arm64","cpe:2.3:a:debian:glib2.0:2.84.4-3~deb13u3:*:*:*:*:*:*:*","pkg:deb/debian/glib2.0@2.84.4-3~deb13u3?arch=arm64","LIBRARY","debian-target"
"libgirepository-1.0-1","1.84.0-1","AFL-2.0 | AFL-2.0 or LGPL-2.1+ | Apache-2.0 with LLVM exception | BSD-2-clause | CC-BY-SA-3.0 | CC0-1.0 | Expat | Expat and GPL-2+ | Expat or LGPL-2+ | FSFAP | FSFAP and FSFULLR | FSFULLR | GPL with Autoconf exception | GPL-2+ | GPL-2+ and LGPL-2+ and Expat | Kuchling-PD | LGPL-2 | LGPL-2 or MPL-1.1 | LGPL-2+ | LGPL-2+ and LGPL-2.1+ and FSFULLR and CC0-1.0 | LGPL-2.1+ | LGPL-2.1+ and Kuchling-PD and Plumb-PD | LGPL-3+ | MPL-1.1 | Plumb-PD | Unicode-DFS-2016 | bzip2-1.0.6","","","","","","Organization: Debian GNOME Maintainers <pkg-gnome-maintainers@lists.alioth.debian.org>","Copyright (c) Debian contributors","cpe:2.3:a:debian:gobject-introspection:1.84.0-1:*:*:*:*:*:*:*","pkg:deb/debian/gobject-introspection@1.84.0-1?arch=arm64","cpe:2.3:a:debian:gobject-introspection:1.84.0-1:*:*:*:*:*:*:*","pkg:deb/debian/gobject-introspection@1.84.0-1?arch=arm64","LIBRARY","debian-target"
"libgirepository-2.0-0","2.84.4-3~deb13u3","AFL-2.0 | AFL-2.0 or LGPL-2.1+ | Apache-2.0 with LLVM exception | CC-BY-SA-3.0 | CC0-1.0 | CC0-1.0 or Mingw-PD | Expat | FSFULLR | GPL-2+ | Iconv-PD | Janik-permissive | Janik-permissive and old-glib-tests | Kuchling-PD | LGPL-2+ | LGPL-2.1+ | LGPL-2.1+ and Kuchling-PD and Plumb-PD | LGPL-3+ | Mingw-PD | Plumb-PD | Unicode-DFS-2016 | bzip2-1.0.6 | cmph | old-glib-tests","","","","","","Organization: Debian GNOME Maintainers <pkg-gnome-maintainers@lists.alioth.debian.org>","Copyright (c) Debian contributors","cpe:2.3:a:debian:glib2.0:2.84.4-3~deb13u3:*:*:*:*:*:*:*","pkg:deb/debian/glib2.0@2.84.4-3~deb13u3?arch=arm64","cpe:2.3:a:debian:glib2.0:2.84.4-3~deb13u3:*:*:*:*:*:*:*","pkg:deb/debian/glib2.0@2.84.4-3~deb13u3?arch=arm64","LIBRARY","debian-target"
"libgjs0g","1.82.3-1","BSD-3-clause | CC0-1.0 | Expat | Expat or LGPL-2+ | GPL-2+ | GPL-2+ and LGPL-2+ and Expat | LGPL-2+ | LGPL-2.1+ | LGPL-2.1+ and Expat | MPL-1.1 or GPL-2+ or LGPL-2.1+ | MPL-2.0","","","","","","Organization: Debian GNOME Maintainers <pkg-gnome-maintainers@lists.alioth.debian.org>","Copyright (c) Debian contributors","cpe:2.3:a:debian:gjs:1.82.3-1:*:*:*:*:*:*:*","pkg:deb/debian/gjs@1.82.3-1?arch=arm64","cpe:2.3:a:debian:gjs:1.82.3-1:*:*:*:*:*:*:*","pkg:deb/debian/gjs@1.82.3-1?arch=arm64","LIBRARY","debian-target"
"libgl-dev","1.7.0-1+b2","Apache-2.0 | BSD-1-clause | GPL | GPL-3+ | MIT | public-domain","","","","","","Organization: Debian X Strike Force <debian-x@lists.debian.org>","Copyright (c) Debian contributors","cpe:2.3:a:debian:libglvnd (1.7.0-1):1.7.0-1+b2:*:*:*:*:*:*:*","pkg:deb/debian/libglvnd (1.7.0-1)@1.7.0-1+b2?arch=arm64","cpe:2.3:a:debian:libglvnd (1.7.0-1):1.7.0-1+b2:*:*:*:*:*:*:*","pkg:deb/debian/libglvnd (1.7.0-1)@1.7.0-1+b2?arch=arm64","LIBRARY","debian-target"
"libgl1","1.7.0-1+b2","Apache-2.0 | BSD-1-clause | GPL | GPL-3+ | MIT | public-domain","","","","","","Organization: Debian X Strike Force <debian-x@lists.debian.org>","Copyright (c) Debian contributors","cpe:2.3:a:debian:libglvnd (1.7.0-1):1.7.0-1+b2:*:*:*:*:*:*:*","pkg:deb/debian/libglvnd (1.7.0-1)@1.7.0-1+b2?arch=arm64","cpe:2.3:a:debian:libglvnd (1.7.0-1):1.7.0-1+b2:*:*:*:*:*:*:*","pkg:deb/debian/libglvnd (1.7.0-1)@1.7.0-1+b2?arch=arm64","LIBRARY","debian-target"
"libgl1-mesa-dri","25.0.7-2","Apache-2.0 | BSD-2-clause | BSD-3-google | BSL | GPL | GPL-1+ | GPL-2 | GPL-2 or MIT | Khronos | MIT | MLAA | SGI","","","","","","Organization: Debian X Strike Force <debian-x@lists.debian.org>","Copyright (c) Debian contributors","cpe:2.3:a:debian:mesa:25.0.7-2:*:*:*:*:*:*:*","pkg:deb/debian/mesa@25.0.7-2?arch=arm64","cpe:2.3:a:debian:mesa:25.0.7-2:*:*:*:*:*:*:*","pkg:deb/debian/mesa@25.0.7-2?arch=arm64","LIBRARY","debian-target"
"libgl2ps1.4","1.4.2+dfsg1-2+b1","GPL-2+ or GL2PS-2+","","","","","","Organization: Debian Science Maintainers <debian-science-maintainers@lists.alioth.debian.org>","Copyright (c) Debian contributors","cpe:2.3:a:debian:gl2ps (1.4.2+dfsg1-2):1.4.2+dfsg1-2+b1:*:*:*:*:*:*:*","pkg:deb/debian/gl2ps (1.4.2+dfsg1-2)@1.4.2+dfsg1-2+b1?arch=arm64","cpe:2.3:a:debian:gl2ps (1.4.2+dfsg1-2):1.4.2+dfsg1-2+b1:*:*:*:*:*:*:*","pkg:deb/debian/gl2ps (1.4.2+dfsg1-2)@1.4.2+dfsg1-2+b1?arch=arm64","LIBRARY","debian-target"
"libgles-dev","1.7.0-1+b2","Apache-2.0 | BSD-1-clause | GPL | GPL-3+ | MIT | public-domain","","","","","","Organization: Debian X Strike Force <debian-x@lists.debian.org>","Copyright (c) Debian contributors","cpe:2.3:a:debian:libglvnd (1.7.0-1):1.7.0-1+b2:*:*:*:*:*:*:*","pkg:deb/debian/libglvnd (1.7.0-1)@1.7.0-1+b2?arch=arm64","cpe:2.3:a:debian:libglvnd (1.7.0-1):1.7.0-1+b2:*:*:*:*:*:*:*","pkg:deb/debian/libglvnd (1.7.0-1)@1.7.0-1+b2?arch=arm64","LIBRARY","debian-target"
"libgles1","1.7.0-1+b2","Apache-2.0 | BSD-1-clause | GPL | GPL-3+ | MIT | public-domain","","","","","","Organization: Debian X Strike Force <debian-x@lists.debian.org>","Copyright (c) Debian contributors","cpe:2.3:a:debian:libglvnd (1.7.0-1):1.7.0-1+b2:*:*:*:*:*:*:*","pkg:deb/debian/libglvnd (1.7.0-1)@1.7.0-1+b2?arch=arm64","cpe:2.3:a:debian:libglvnd (1.7.0-1):1.7.0-1+b2:*:*:*:*:*:*:*","pkg:deb/debian/libglvnd (1.7.0-1)@1.7.0-1+b2?arch=arm64","LIBRARY","debian-target"
"libgles2","1.7.0-1+b2","Apache-2.0 | BSD-1-clause | GPL | GPL-3+ | MIT | public-domain","","","","","","Organization: Debian X Strike Force <debian-x@lists.debian.org>","Copyright (c) Debian contributors","cpe:2.3:a:debian:libglvnd (1.7.0-1):1.7.0-1+b2:*:*:*:*:*:*:*","pkg:deb/debian/libglvnd (1.7.0-1)@1.7.0-1+b2?arch=arm64","cpe:2.3:a:debian:libglvnd (1.7.0-1):1.7.0-1+b2:*:*:*:*:*:*:*","pkg:deb/debian/libglvnd (1.7.0-1)@1.7.0-1+b2?arch=arm64","LIBRARY","debian-target"
"libglew2.2","2.2.0-4+b2","BSD-3-clause | Expat | GPL-2+ | Mesa","","","","","","Organization: Alastair McKinstry <mckinstry@debian.org>","Copyright (c) Debian contributors","cpe:2.3:a:debian:glew (2.2.0-4):2.2.0-4+b2:*:*:*:*:*:*:*","pkg:deb/debian/glew (2.2.0-4)@2.2.0-4+b2?arch=arm64","cpe:2.3:a:debian:glew (2.2.0-4):2.2.0-4+b2:*:*:*:*:*:*:*","pkg:deb/debian/glew (2.2.0-4)@2.2.0-4+b2?arch=arm64","LIBRARY","debian-target"
"libglib-object-introspection-perl","0.051-2+b1","LGPL-2.1+","","","","","","Organization: Debian Perl Group <pkg-perl-maintainers@lists.alioth.debian.org>","Copyright (c) Debian contributors","cpe:2.3:a:debian:libglib-object-introspection-perl (0.051-2):0.051-2+b1:*:*:*:*:*:*:*","pkg:deb/debian/libglib-object-introspection-perl (0.051-2)@0.051-2+b1?arch=arm64","cpe:2.3:a:debian:libglib-object-introspection-perl (0.051-2):0.051-2+b1:*:*:*:*:*:*:*","pkg:deb/debian/libglib-object-introspection-perl (0.051-2)@0.051-2+b1?arch=arm64","APPLICATION","debian-target"
"libglib-perl","3:1.329.3-3+b3","LGPL-2.1+","","","","","","Organization: Debian Perl Group <pkg-perl-maintainers@lists.alioth.debian.org>","Copyright (c) Debian contributors","cpe:2.3:a:debian:libglib-perl (3:1.329.3-3):3:1.329.3-3+b3:*:*:*:*:*:*:*","pkg:deb/debian/libglib-perl (3:1.329.3-3)@3:1.329.3-3+b3?arch=arm64","cpe:2.3:a:debian:libglib-perl (3:1.329.3-3):3:1.329.3-3+b3:*:*:*:*:*:*:*","pkg:deb/debian/libglib-perl (3:1.329.3-3)@3:1.329.3-3+b3?arch=arm64","APPLICATION","debian-target"
"libglib2.0-0t64","2.84.4-3~deb13u3","AFL-2.0 | AFL-2.0 or LGPL-2.1+ | Apache-2.0 with LLVM exception | CC-BY-SA-3.0 | CC0-1.0 | CC0-1.0 or Mingw-PD | Expat | FSFULLR | GPL-2+ | Iconv-PD | Janik-permissive | Janik-permissive and old-glib-tests | Kuchling-PD | LGPL-2+ | LGPL-2.1+ | LGPL-2.1+ and Kuchling-PD and Plumb-PD | LGPL-3+ | Mingw-PD | Plumb-PD | Unicode-DFS-2016 | bzip2-1.0.6 | cmph | old-glib-tests","","","","","","Organization: Debian GNOME Maintainers <pkg-gnome-maintainers@lists.alioth.debian.org>","Copyright (c) Debian contributors","cpe:2.3:a:debian:glib2.0:2.84.4-3~deb13u3:*:*:*:*:*:*:*","pkg:deb/debian/glib2.0@2.84.4-3~deb13u3?arch=arm64","cpe:2.3:a:debian:glib2.0:2.84.4-3~deb13u3:*:*:*:*:*:*:*","pkg:deb/debian/glib2.0@2.84.4-3~deb13u3?arch=arm64","LIBRARY","debian-target"
"libglib2.0-bin","2.84.4-3~deb13u3","AFL-2.0 | AFL-2.0 or LGPL-2.1+ | Apache-2.0 with LLVM exception | CC-BY-SA-3.0 | CC0-1.0 | CC0-1.0 or Mingw-PD | Expat | FSFULLR | GPL-2+ | Iconv-PD | Janik-permissive | Janik-permissive and old-glib-tests | Kuchling-PD | LGPL-2+ | LGPL-2.1+ | LGPL-2.1+ and Kuchling-PD and Plumb-PD | LGPL-3+ | Mingw-PD | Plumb-PD | Unicode-DFS-2016 | bzip2-1.0.6 | cmph | old-glib-tests","","","","","","Organization: Debian GNOME Maintainers <pkg-gnome-maintainers@lists.alioth.debian.org>","Copyright (c) Debian contributors","cpe:2.3:a:debian:glib2.0:2.84.4-3~deb13u3:*:*:*:*:*:*:*","pkg:deb/debian/glib2.0@2.84.4-3~deb13u3?arch=arm64","cpe:2.3:a:debian:glib2.0:2.84.4-3~deb13u3:*:*:*:*:*:*:*","pkg:deb/debian/glib2.0@2.84.4-3~deb13u3?arch=arm64","APPLICATION","debian-target"
"libglib2.0-data","2.84.4-3~deb13u3","AFL-2.0 | AFL-2.0 or LGPL-2.1+ | Apache-2.0 with LLVM exception | CC-BY-SA-3.0 | CC0-1.0 | CC0-1.0 or Mingw-PD | Expat | FSFULLR | GPL-2+ | Iconv-PD | Janik-permissive | Janik-permissive and old-glib-tests | Kuchling-PD | LGPL-2+ | LGPL-2.1+ | LGPL-2.1+ and Kuchling-PD and Plumb-PD | LGPL-3+ | Mingw-PD | Plumb-PD | Unicode-DFS-2016 | bzip2-1.0.6 | cmph | old-glib-tests","","","","","","Organization: Debian GNOME Maintainers <pkg-gnome-maintainers@lists.alioth.debian.org>","Copyright (c) Debian contributors","cpe:2.3:a:debian:glib2.0:2.84.4-3~deb13u3:*:*:*:*:*:*:*","pkg:deb/debian/glib2.0@2.84.4-3~deb13u3?arch=all","cpe:2.3:a:debian:glib2.0:2.84.4-3~deb13u3:*:*:*:*:*:*:*","pkg:deb/debian/glib2.0@2.84.4-3~deb13u3?arch=all","LIBRARY","debian-target"
"libglib2.0-dev","2.84.4-3~deb13u3","AFL-2.0 | AFL-2.0 or LGPL-2.1+ | Apache-2.0 with LLVM exception | CC-BY-SA-3.0 | CC0-1.0 | CC0-1.0 or Mingw-PD | Expat | FSFULLR | GPL-2+ | Iconv-PD | Janik-permissive | Janik-permissive and old-glib-tests | Kuchling-PD | LGPL-2+ | LGPL-2.1+ | LGPL-2.1+ and Kuchling-PD and Plumb-PD | LGPL-3+ | Mingw-PD | Plumb-PD | Unicode-DFS-2016 | bzip2-1.0.6 | cmph | old-glib-tests","","","","","","Organization: Debian GNOME Maintainers <pkg-gnome-maintainers@lists.alioth.debian.org>","Copyright (c) Debian contributors","cpe:2.3:a:debian:glib2.0:2.84.4-3~deb13u3:*:*:*:*:*:*:*","pkg:deb/debian/glib2.0@2.84.4-3~deb13u3?arch=arm64","cpe:2.3:a:debian:glib2.0:2.84.4-3~deb13u3:*:*:*:*:*:*:*","pkg:deb/debian/glib2.0@2.84.4-3~deb13u3?arch=arm64","LIBRARY","debian-target"
"libglib2.0-dev-bin","2.84.4-3~deb13u3","AFL-2.0 | AFL-2.0 or LGPL-2.1+ | Apache-2.0 with LLVM exception | CC-BY-SA-3.0 | CC0-1.0 | CC0-1.0 or Mingw-PD | Expat | FSFULLR | GPL-2+ | Iconv-PD | Janik-permissive | Janik-permissive and old-glib-tests | Kuchling-PD | LGPL-2+ | LGPL-2.1+ | LGPL-2.1+ and Kuchling-PD and Plumb-PD | LGPL-3+ | Mingw-PD | Plumb-PD | Unicode-DFS-2016 | bzip2-1.0.6 | cmph | old-glib-tests","","","","","","Organization: Debian GNOME Maintainers <pkg-gnome-maintainers@lists.alioth.debian.org>","Copyright (c) Debian contributors","cpe:2.3:a:debian:glib2.0:2.84.4-3~deb13u3:*:*:*:*:*:*:*","pkg:deb/debian/glib2.0@2.84.4-3~deb13u3?arch=arm64","cpe:2.3:a:debian:glib2.0:2.84.4-3~deb13u3:*:*:*:*:*:*:*","pkg:deb/debian/glib2.0@2.84.4-3~deb13u3?arch=arm64","LIBRARY","debian-target"
"libglibmm-2.4-1t64","2.66.8-1","GPL-2+ | LGPL-2.1+","","","","","","Organization: Debian GNOME Maintainers <pkg-gnome-maintainers@lists.alioth.debian.org>","Copyright (c) Debian contributors","cpe:2.3:a:debian:glibmm2.4:2.66.8-1:*:*:*:*:*:*:*","pkg:deb/debian/glibmm2.4@2.66.8-1?arch=arm64","cpe:2.3:a:debian:glibmm2.4:2.66.8-1:*:*:*:*:*:*:*","pkg:deb/debian/glibmm2.4@2.66.8-1?arch=arm64","LIBRARY","debian-target"
"libglibmm-2.68-1t64","2.84.0-1","GPL-2+ | GPL-3+ | LGPL-2+ | LGPL-2.1+","","","","","","Organization: Debian GNOME Maintainers <pkg-gnome-maintainers@lists.alioth.debian.org>","Copyright (c) Debian contributors","cpe:2.3:a:debian:glibmm2.68:2.84.0-1:*:*:*:*:*:*:*","pkg:deb/debian/glibmm2.68@2.84.0-1?arch=arm64","cpe:2.3:a:debian:glibmm2.68:2.84.0-1:*:*:*:*:*:*:*","pkg:deb/debian/glibmm2.68@2.84.0-1?arch=arm64","LIBRARY","debian-target"
"libglu1-mesa","9.0.2-1.1+b3","GPL-2 | SGI-1.1 | SGI-2","","","","","","Organization: Debian X Strike Force <debian-x@lists.debian.org>","Copyright (c) Debian contributors","cpe:2.3:a:debian:libglu (9.0.2-1.1):9.0.2-1.1+b3:*:*:*:*:*:*:*","pkg:deb/debian/libglu (9.0.2-1.1)@9.0.2-1.1+b3?arch=arm64","cpe:2.3:a:debian:libglu (9.0.2-1.1):9.0.2-1.1+b3:*:*:*:*:*:*:*","pkg:deb/debian/libglu (9.0.2-1.1)@9.0.2-1.1+b3?arch=arm64","LIBRARY","debian-target"
"libglvnd-core-dev","1.7.0-1+b2","Apache-2.0 | BSD-1-clause | GPL | GPL-3+ | MIT | public-domain","","","","","","Organization: Debian X Strike Force <debian-x@lists.debian.org>","Copyright (c) Debian contributors","cpe:2.3:a:debian:libglvnd (1.7.0-1):1.7.0-1+b2:*:*:*:*:*:*:*","pkg:deb/debian/libglvnd (1.7.0-1)@1.7.0-1+b2?arch=arm64","cpe:2.3:a:debian:libglvnd (1.7.0-1):1.7.0-1+b2:*:*:*:*:*:*:*","pkg:deb/debian/libglvnd (1.7.0-1)@1.7.0-1+b2?arch=arm64","LIBRARY","debian-target"
"libglvnd-dev","1.7.0-1+b2","Apache-2.0 | BSD-1-clause | GPL | GPL-3+ | MIT | public-domain","","","","","","Organization: Debian X Strike Force <debian-x@lists.debian.org>","Copyright (c) Debian contributors","cpe:2.3:a:debian:libglvnd (1.7.0-1):1.7.0-1+b2:*:*:*:*:*:*:*","pkg:deb/debian/libglvnd (1.7.0-1)@1.7.0-1+b2?arch=arm64","cpe:2.3:a:debian:libglvnd (1.7.0-1):1.7.0-1+b2:*:*:*:*:*:*:*","pkg:deb/debian/libglvnd (1.7.0-1)@1.7.0-1+b2?arch=arm64","LIBRARY","debian-target"
"libglvnd0","1.7.0-1+b2","Apache-2.0 | BSD-1-clause | GPL | GPL-3+ | MIT | public-domain","","","","","","Organization: Debian X Strike Force <debian-x@lists.debian.org>","Copyright (c) Debian contributors","cpe:2.3:a:debian:libglvnd (1.7.0-1):1.7.0-1+b2:*:*:*:*:*:*:*","pkg:deb/debian/libglvnd (1.7.0-1)@1.7.0-1+b2?arch=arm64","cpe:2.3:a:debian:libglvnd (1.7.0-1):1.7.0-1+b2:*:*:*:*:*:*:*","pkg:deb/debian/libglvnd (1.7.0-1)@1.7.0-1+b2?arch=arm64","LIBRARY","debian-target"
"libglx-dev","1.7.0-1+b2","Apache-2.0 | BSD-1-clause | GPL | GPL-3+ | MIT | public-domain","","","","","","Organization: Debian X Strike Force <debian-x@lists.debian.org>","Copyright (c) Debian contributors","cpe:2.3:a:debian:libglvnd (1.7.0-1):1.7.0-1+b2:*:*:*:*:*:*:*","pkg:deb/debian/libglvnd (1.7.0-1)@1.7.0-1+b2?arch=arm64","cpe:2.3:a:debian:libglvnd (1.7.0-1):1.7.0-1+b2:*:*:*:*:*:*:*","pkg:deb/debian/libglvnd (1.7.0-1)@1.7.0-1+b2?arch=arm64","LIBRARY","debian-target"
"libglx-mesa0","25.0.7-2","Apache-2.0 | BSD-2-clause | BSD-3-google | BSL | GPL | GPL-1+ | GPL-2 | GPL-2 or MIT | Khronos | MIT | MLAA | SGI","","","","","","Organization: Debian X Strike Force <debian-x@lists.debian.org>","Copyright (c) Debian contributors","cpe:2.3:a:debian:mesa:25.0.7-2:*:*:*:*:*:*:*","pkg:deb/debian/mesa@25.0.7-2?arch=arm64","cpe:2.3:a:debian:mesa:25.0.7-2:*:*:*:*:*:*:*","pkg:deb/debian/mesa@25.0.7-2?arch=arm64","LIBRARY","debian-target"
"libglx0","1.7.0-1+b2","Apache-2.0 | BSD-1-clause | GPL | GPL-3+ | MIT | public-domain","","","","","","Organization: Debian X Strike Force <debian-x@lists.debian.org>","Copyright (c) Debian contributors","cpe:2.3:a:debian:libglvnd (1.7.0-1):1.7.0-1+b2:*:*:*:*:*:*:*","pkg:deb/debian/libglvnd (1.7.0-1)@1.7.0-1+b2?arch=arm64","cpe:2.3:a:debian:libglvnd (1.7.0-1):1.7.0-1+b2:*:*:*:*:*:*:*","pkg:deb/debian/libglvnd (1.7.0-1)@1.7.0-1+b2?arch=arm64","LIBRARY","debian-target"
"libgme0","0.6.3-7+b2","LGPL-2.1+ | MIT","","","","","","Organization: Ileana Dumitrescu <ileanadumitrescu95@gmail.com>","Copyright (c) Debian contributors","cpe:2.3:a:debian:game-music-emu (0.6.3-7):0.6.3-7+b2:*:*:*:*:*:*:*","pkg:deb/debian/game-music-emu (0.6.3-7)@0.6.3-7+b2?arch=arm64","cpe:2.3:a:debian:game-music-emu (0.6.3-7):0.6.3-7+b2:*:*:*:*:*:*:*","pkg:deb/debian/game-music-emu (0.6.3-7)@0.6.3-7+b2?arch=arm64","LIBRARY","debian-target"
"libgmp-dev","2:6.3.0+dfsg-3","GPL-2+ | GPL-2+ or LGPL-3+ | GPL-3+ | GPL-3+ with Bison exception | LGPL-3+","","","","","","Organization: Debian Science Maintainers <debian-science-maintainers@lists.alioth.debian.org>","Copyright (c) Debian contributors","cpe:2.3:a:debian:gmp:2:6.3.0+dfsg-3:*:*:*:*:*:*:*","pkg:deb/debian/gmp@2:6.3.0+dfsg-3?arch=arm64","cpe:2.3:a:debian:gmp:2:6.3.0+dfsg-3:*:*:*:*:*:*:*","pkg:deb/debian/gmp@2:6.3.0+dfsg-3?arch=arm64","LIBRARY","debian-target"
"libgmp10","2:6.3.0+dfsg-3","GPL-2+ | GPL-2+ or LGPL-3+ | GPL-3+ | GPL-3+ with Bison exception | LGPL-3+","","","","","","Organization: Debian Science Maintainers <debian-science-maintainers@lists.alioth.debian.org>","Copyright (c) Debian contributors","cpe:2.3:a:debian:gmp:2:6.3.0+dfsg-3:*:*:*:*:*:*:*","pkg:deb/debian/gmp@2:6.3.0+dfsg-3?arch=arm64","cpe:2.3:a:debian:gmp:2:6.3.0+dfsg-3:*:*:*:*:*:*:*","pkg:deb/debian/gmp@2:6.3.0+dfsg-3?arch=arm64","LIBRARY","debian-target"
"libgmpxx4ldbl","2:6.3.0+dfsg-3","GPL-2+ | GPL-2+ or LGPL-3+ | GPL-3+ | GPL-3+ with Bison exception | LGPL-3+","","","","","","Organization: Debian Science Maintainers <debian-science-maintainers@lists.alioth.debian.org>","Copyright (c) Debian contributors","cpe:2.3:a:debian:gmp:2:6.3.0+dfsg-3:*:*:*:*:*:*:*","pkg:deb/debian/gmp@2:6.3.0+dfsg-3?arch=arm64","cpe:2.3:a:debian:gmp:2:6.3.0+dfsg-3:*:*:*:*:*:*:*","pkg:deb/debian/gmp@2:6.3.0+dfsg-3?arch=arm64","LIBRARY","debian-target"
"libgnome-autoar-0-0","0.4.5-2","LGPL-2.1+","","","","","","Organization: Debian GNOME Maintainers <pkg-gnome-maintainers@lists.alioth.debian.org>","Copyright (c) Debian contributors","cpe:2.3:a:debian:gnome-autoar:0.4.5-2:*:*:*:*:*:*:*","pkg:deb/debian/gnome-autoar@0.4.5-2?arch=arm64","cpe:2.3:a:debian:gnome-autoar:0.4.5-2:*:*:*:*:*:*:*","pkg:deb/debian/gnome-autoar@0.4.5-2?arch=arm64","LIBRARY","debian-target"
"libgnome-bg-4-2t64","44.3-3","Expat | GPL-2+ | LGPL-2+ | LGPL-3+","","","","","","Organization: Debian GNOME Maintainers <pkg-gnome-maintainers@lists.alioth.debian.org>","Copyright (c) Debian contributors","cpe:2.3:a:debian:gnome-desktop:44.3-3:*:*:*:*:*:*:*","pkg:deb/debian/gnome-desktop@44.3-3?arch=arm64","cpe:2.3:a:debian:gnome-desktop:44.3-3:*:*:*:*:*:*:*","pkg:deb/debian/gnome-desktop@44.3-3?arch=arm64","LIBRARY","debian-target"
"libgnome-bluetooth-3.0-13","47.1-1","GPL-2+ | LGPL-2.1+","","","","","","Organization: Debian GNOME Maintainers <pkg-gnome-maintainers@lists.alioth.debian.org>","Copyright (c) Debian contributors","cpe:2.3:a:debian:gnome-bluetooth3:47.1-1:*:*:*:*:*:*:*","pkg:deb/debian/gnome-bluetooth3@47.1-1?arch=arm64","cpe:2.3:a:debian:gnome-bluetooth3:47.1-1:*:*:*:*:*:*:*","pkg:deb/debian/gnome-bluetooth3@47.1-1?arch=arm64","LIBRARY","debian-target"
"libgnome-bluetooth-ui-3.0-13","47.1-1","GPL-2+ | LGPL-2.1+","","","","","","Organization: Debian GNOME Maintainers <pkg-gnome-maintainers@lists.alioth.debian.org>","Copyright (c) Debian contributors","cpe:2.3:a:debian:gnome-bluetooth3:47.1-1:*:*:*:*:*:*:*","pkg:deb/debian/gnome-bluetooth3@47.1-1?arch=arm64","cpe:2.3:a:debian:gnome-bluetooth3:47.1-1:*:*:*:*:*:*:*","pkg:deb/debian/gnome-bluetooth3@47.1-1?arch=arm64","LIBRARY","debian-target"
"libgnome-desktop-3-20t64","44.3-3","Expat | GPL-2+ | LGPL-2+ | LGPL-3+","","","","","","Organization: Debian GNOME Maintainers <pkg-gnome-maintainers@lists.alioth.debian.org>","Copyright (c) Debian contributors","cpe:2.3:a:debian:gnome-desktop:44.3-3:*:*:*:*:*:*:*","pkg:deb/debian/gnome-desktop@44.3-3?arch=arm64","cpe:2.3:a:debian:gnome-desktop:44.3-3:*:*:*:*:*:*:*","pkg:deb/debian/gnome-desktop@44.3-3?arch=arm64","LIBRARY","debian-target"
"libgnome-desktop-4-2t64","44.3-3","Expat | GPL-2+ | LGPL-2+ | LGPL-3+","","","","","","Organization: Debian GNOME Maintainers <pkg-gnome-maintainers@lists.alioth.debian.org>","Copyright (c) Debian contributors","cpe:2.3:a:debian:gnome-desktop:44.3-3:*:*:*:*:*:*:*","pkg:deb/debian/gnome-desktop@44.3-3?arch=arm64","cpe:2.3:a:debian:gnome-desktop:44.3-3:*:*:*:*:*:*:*","pkg:deb/debian/gnome-desktop@44.3-3?arch=arm64","LIBRARY","debian-target"
"libgnome-rr-4-2t64","44.3-3","Expat | GPL-2+ | LGPL-2+ | LGPL-3+","","","","","","Organization: Debian GNOME Maintainers <pkg-gnome-maintainers@lists.alioth.debian.org>","Copyright (c) Debian contributors","cpe:2.3:a:debian:gnome-desktop:44.3-3:*:*:*:*:*:*:*","pkg:deb/debian/gnome-desktop@44.3-3?arch=arm64","cpe:2.3:a:debian:gnome-desktop:44.3-3:*:*:*:*:*:*:*","pkg:deb/debian/gnome-desktop@44.3-3?arch=arm64","LIBRARY","debian-target"
"libgnutls30t64","3.8.9-3+deb13u4","Apache-2.0 | BSD-3-Clause | CC0 license | Expat | FSFAP | GPLv3+ | LGPLv2.1+ | LGPLv3+_or_GPLv2+ | The main library is licensed under GNU Lesser","","","","","","Organization: Debian GnuTLS Maintainers <pkg-gnutls-maint@lists.alioth.debian.org>","Copyright (c) Debian contributors","cpe:2.3:a:debian:gnutls28:3.8.9-3+deb13u4:*:*:*:*:*:*:*","pkg:deb/debian/gnutls28@3.8.9-3+deb13u4?arch=arm64","cpe:2.3:a:debian:gnutls28:3.8.9-3+deb13u4:*:*:*:*:*:*:*","pkg:deb/debian/gnutls28@3.8.9-3+deb13u4?arch=arm64","LIBRARY","debian-target"
"libgoa-1.0-0b","3.54.5-1~deb13u1","LGPL-2.1+","","","","","","Organization: Debian GNOME Maintainers <pkg-gnome-maintainers@lists.alioth.debian.org>","Copyright (c) Debian contributors","cpe:2.3:a:debian:gnome-online-accounts:3.54.5-1~deb13u1:*:*:*:*:*:*:*","pkg:deb/debian/gnome-online-accounts@3.54.5-1~deb13u1?arch=arm64","cpe:2.3:a:debian:gnome-online-accounts:3.54.5-1~deb13u1:*:*:*:*:*:*:*","pkg:deb/debian/gnome-online-accounts@3.54.5-1~deb13u1?arch=arm64","LIBRARY","debian-target"
"libgoa-1.0-common","3.54.5-1~deb13u1","LGPL-2.1+","","","","","","Organization: Debian GNOME Maintainers <pkg-gnome-maintainers@lists.alioth.debian.org>","Copyright (c) Debian contributors","cpe:2.3:a:debian:gnome-online-accounts:3.54.5-1~deb13u1:*:*:*:*:*:*:*","pkg:deb/debian/gnome-online-accounts@3.54.5-1~deb13u1?arch=all","cpe:2.3:a:debian:gnome-online-accounts:3.54.5-1~deb13u1:*:*:*:*:*:*:*","pkg:deb/debian/gnome-online-accounts@3.54.5-1~deb13u1?arch=all","LIBRARY","debian-target"
"libgoa-backend-1.0-2","3.54.5-1~deb13u1","LGPL-2.1+","","","","","","Organization: Debian GNOME Maintainers <pkg-gnome-maintainers@lists.alioth.debian.org>","Copyright (c) Debian contributors","cpe:2.3:a:debian:gnome-online-accounts:3.54.5-1~deb13u1:*:*:*:*:*:*:*","pkg:deb/debian/gnome-online-accounts@3.54.5-1~deb13u1?arch=arm64","cpe:2.3:a:debian:gnome-online-accounts:3.54.5-1~deb13u1:*:*:*:*:*:*:*","pkg:deb/debian/gnome-online-accounts@3.54.5-1~deb13u1?arch=arm64","LIBRARY","debian-target"
"libgom-1.0-0t64","0.5.3-1","GFDL-1.1+ | LGPL-2.1+","","","","","","Organization: Debian GNOME Maintainers <pkg-gnome-maintainers@lists.alioth.debian.org>","Copyright (c) Debian contributors","cpe:2.3:a:debian:libgom:0.5.3-1:*:*:*:*:*:*:*","pkg:deb/debian/libgom@0.5.3-1?arch=arm64","cpe:2.3:a:debian:libgom:0.5.3-1:*:*:*:*:*:*:*","pkg:deb/debian/libgom@0.5.3-1?arch=arm64","LIBRARY","debian-target"
"libgomp1","14.2.0-19","","","","","","","Organization: Debian GCC Maintainers <debian-gcc@lists.debian.org>","Copyright (c) Debian contributors","cpe:2.3:a:debian:gcc-14:14.2.0-19:*:*:*:*:*:*:*","pkg:deb/debian/gcc-14@14.2.0-19?arch=arm64","cpe:2.3:a:debian:gcc-14:14.2.0-19:*:*:*:*:*:*:*","pkg:deb/debian/gcc-14@14.2.0-19?arch=arm64","LIBRARY","debian-target"
"libgpg-error0","1.51-4","BSD-3-clause | GPL-3+ | LGPL-2.1+ | LGPL-2.1+ or BSD-3-clause | g10-permissive","","","","","","Organization: Debian GnuPG Maintainers <pkg-gnupg-maint@lists.alioth.debian.org>","Copyright (c) Debian contributors","cpe:2.3:a:debian:libgpg-error:1.51-4:*:*:*:*:*:*:*","pkg:deb/debian/libgpg-error@1.51-4?arch=arm64","cpe:2.3:a:debian:libgpg-error:1.51-4:*:*:*:*:*:*:*","pkg:deb/debian/libgpg-error@1.51-4?arch=arm64","LIBRARY","debian-target"
"libgpgme11t64","1.24.2-3","GPL-2+ | GPL-3+ | LGPL-2+ | LGPL-2.1+ | LGPL-3+ | LGPL-3+ or GPL-2+","","","","","","Organization: Debian GnuPG Maintainers <pkg-gnupg-maint@lists.alioth.debian.org>","Copyright (c) Debian contributors","cpe:2.3:a:debian:gpgme1.0:1.24.2-3:*:*:*:*:*:*:*","pkg:deb/debian/gpgme1.0@1.24.2-3?arch=arm64","cpe:2.3:a:debian:gpgme1.0:1.24.2-3:*:*:*:*:*:*:*","pkg:deb/debian/gpgme1.0@1.24.2-3?arch=arm64","LIBRARY","debian-target"
"libgpgmepp6t64","1.24.2-3","GPL-2+ | GPL-3+ | LGPL-2+ | LGPL-2.1+ | LGPL-3+ | LGPL-3+ or GPL-2+","","","","","","Organization: Debian GnuPG Maintainers <pkg-gnupg-maint@lists.alioth.debian.org>","Copyright (c) Debian contributors","cpe:2.3:a:debian:gpgme1.0:1.24.2-3:*:*:*:*:*:*:*","pkg:deb/debian/gpgme1.0@1.24.2-3?arch=arm64","cpe:2.3:a:debian:gpgme1.0:1.24.2-3:*:*:*:*:*:*:*","pkg:deb/debian/gpgme1.0@1.24.2-3?arch=arm64","LIBRARY","debian-target"
"libgphoto2-6t64","2.5.31-4","BSD-3-Clause | GPL-1 | GPL-2 | GPL-2+ | GPL-3+ | IJG | LGPL-1.1+ | LGPL-2+ | LGPL-2+ or BSD-3-clause | LGPL-2.1+ | LGPL-3+ | MIT | other-2 | other-3 | public-domain | public-domain-1","","","","","","Organization: Debian PhotoTools Maintainers <pkg-phototools-devel@alioth-lists.debian.net>","Copyright (c) Debian contributors","cpe:2.3:a:debian:libgphoto2:2.5.31-4:*:*:*:*:*:*:*","pkg:deb/debian/libgphoto2@2.5.31-4?arch=arm64","cpe:2.3:a:debian:libgphoto2:2.5.31-4:*:*:*:*:*:*:*","pkg:deb/debian/libgphoto2@2.5.31-4?arch=arm64","LIBRARY","debian-target"
"libgphoto2-dev","2.5.31-4","BSD-3-Clause | GPL-1 | GPL-2 | GPL-2+ | GPL-3+ | IJG | LGPL-1.1+ | LGPL-2+ | LGPL-2+ or BSD-3-clause | LGPL-2.1+ | LGPL-3+ | MIT | other-2 | other-3 | public-domain | public-domain-1","","","","","","Organization: Debian PhotoTools Maintainers <pkg-phototools-devel@alioth-lists.debian.net>","Copyright (c) Debian contributors","cpe:2.3:a:debian:libgphoto2:2.5.31-4:*:*:*:*:*:*:*","pkg:deb/debian/libgphoto2@2.5.31-4?arch=arm64","cpe:2.3:a:debian:libgphoto2:2.5.31-4:*:*:*:*:*:*:*","pkg:deb/debian/libgphoto2@2.5.31-4?arch=arm64","LIBRARY","debian-target"
"libgphoto2-port12t64","2.5.31-4","BSD-3-Clause | GPL-1 | GPL-2 | GPL-2+ | GPL-3+ | IJG | LGPL-1.1+ | LGPL-2+ | LGPL-2+ or BSD-3-clause | LGPL-2.1+ | LGPL-3+ | MIT | other-2 | other-3 | public-domain | public-domain-1","","","","","","Organization: Debian PhotoTools Maintainers <pkg-phototools-devel@alioth-lists.debian.net>","Copyright (c) Debian contributors","cpe:2.3:a:debian:libgphoto2:2.5.31-4:*:*:*:*:*:*:*","pkg:deb/debian/libgphoto2@2.5.31-4?arch=arm64","cpe:2.3:a:debian:libgphoto2:2.5.31-4:*:*:*:*:*:*:*","pkg:deb/debian/libgphoto2@2.5.31-4?arch=arm64","LIBRARY","debian-target"
"libgpm2","1.20.7-11+b2","GPL-2.0+ | GPL-3.0+","","","","","","Organization: Axel Beckert <abe@debian.org>","Copyright (c) Debian contributors","cpe:2.3:a:debian:gpm (1.20.7-11):1.20.7-11+b2:*:*:*:*:*:*:*","pkg:deb/debian/gpm (1.20.7-11)@1.20.7-11+b2?arch=arm64","cpe:2.3:a:debian:gpm (1.20.7-11):1.20.7-11+b2:*:*:*:*:*:*:*","pkg:deb/debian/gpm (1.20.7-11)@1.20.7-11+b2?arch=arm64","LIBRARY","debian-target"
"libgprofng0","2.44-3","","","","","","","Organization: Matthias Klose <doko@debian.org>","Copyright (c) Debian contributors","cpe:2.3:a:debian:binutils:2.44-3:*:*:*:*:*:*:*","pkg:deb/debian/binutils@2.44-3?arch=arm64","cpe:2.3:a:debian:binutils:2.44-3:*:*:*:*:*:*:*","pkg:deb/debian/binutils@2.44-3?arch=arm64","LIBRARY","debian-target"
"libgraphene-1.0-0","1.10.8-5","Expat","","","","","","Organization: Debian GNOME Maintainers <pkg-gnome-maintainers@lists.alioth.debian.org>","Copyright (c) Debian contributors","cpe:2.3:a:debian:graphene:1.10.8-5:*:*:*:*:*:*:*","pkg:deb/debian/graphene@1.10.8-5?arch=arm64","cpe:2.3:a:debian:graphene:1.10.8-5:*:*:*:*:*:*:*","pkg:deb/debian/graphene@1.10.8-5?arch=arm64","LIBRARY","debian-target"
"libgraphite2-3","1.3.14-2+b1","Artistic | Artistic or GPL-1+ | GPL-1+ | GPL-2+ | LGPL-2.1+ | LGPL-2.1+ or GPL-2+ or MPL-1.1 | LGPL-2.1+ or MPL-1.1 or GPL-2+ | MPL-1.1 | custom-sil-open-font-license | public-domain","","","","","","Organization: Debian LibreOffice Maintainers <debian-openoffice@lists.debian.org>","Copyright (c) Debian contributors","cpe:2.3:a:debian:graphite2 (1.3.14-2):1.3.14-2+b1:*:*:*:*:*:*:*","pkg:deb/debian/graphite2 (1.3.14-2)@1.3.14-2+b1?arch=arm64","cpe:2.3:a:debian:graphite2 (1.3.14-2):1.3.14-2+b1:*:*:*:*:*:*:*","pkg:deb/debian/graphite2 (1.3.14-2)@1.3.14-2+b1?arch=arm64","LIBRARY","debian-target"
"libgraphite2-dev","1.3.14-2+b1","Artistic | Artistic or GPL-1+ | GPL-1+ | GPL-2+ | LGPL-2.1+ | LGPL-2.1+ or GPL-2+ or MPL-1.1 | LGPL-2.1+ or MPL-1.1 or GPL-2+ | MPL-1.1 | custom-sil-open-font-license | public-domain","","","","","","Organization: Debian LibreOffice Maintainers <debian-openoffice@lists.debian.org>","Copyright (c) Debian contributors","cpe:2.3:a:debian:graphite2 (1.3.14-2):1.3.14-2+b1:*:*:*:*:*:*:*","pkg:deb/debian/graphite2 (1.3.14-2)@1.3.14-2+b1?arch=arm64","cpe:2.3:a:debian:graphite2 (1.3.14-2):1.3.14-2+b1:*:*:*:*:*:*:*","pkg:deb/debian/graphite2 (1.3.14-2)@1.3.14-2+b1?arch=arm64","LIBRARY","debian-target"
"libgrilo-0.3-0","0.3.16-2","LGPL-2.1+","","","","","","Organization: Alberto Garcia <berto@igalia.com>","Copyright (c) Debian contributors","cpe:2.3:a:debian:grilo:0.3.16-2:*:*:*:*:*:*:*","pkg:deb/debian/grilo@0.3.16-2?arch=arm64","cpe:2.3:a:debian:grilo:0.3.16-2:*:*:*:*:*:*:*","pkg:deb/debian/grilo@0.3.16-2?arch=arm64","LIBRARY","debian-target"
"libgs-common","10.05.1~dfsg-1+deb13u1","AGPL-3 | AGPL-3+ | AGPL-3+ and FTL | AGPL-3+ with font exception | Apache-2.0 | BSD-3-Clause | BSD-3-Clause~Adobe | Expat | Expat~Ghostgum | Expat~SunSoft | Expat~SunSoft with SunSoft exception | FTL | GAP~configure | GPL-1+ | GPL-2 | GPL-2+ | GPL-3+ | GPL-3+ with Autoconf exception | ISC | LGPL-2.1 | MIT-Open-Group | NTP~Lucent | NTP~WSU | X11 | ZLIB | none | public-domain","","","","","","Organization: Debian Printing Team <debian-printing@lists.debian.org>","Copyright (c) Debian contributors","cpe:2.3:a:debian:ghostscript:10.05.1~dfsg-1+deb13u1:*:*:*:*:*:*:*","pkg:deb/debian/ghostscript@10.05.1~dfsg-1+deb13u1?arch=all","cpe:2.3:a:debian:ghostscript:10.05.1~dfsg-1+deb13u1:*:*:*:*:*:*:*","pkg:deb/debian/ghostscript@10.05.1~dfsg-1+deb13u1?arch=all","LIBRARY","debian-target"
"libgs10","10.05.1~dfsg-1+deb13u1","AGPL-3 | AGPL-3+ | AGPL-3+ and FTL | AGPL-3+ with font exception | Apache-2.0 | BSD-3-Clause | BSD-3-Clause~Adobe | Expat | Expat~Ghostgum | Expat~SunSoft | Expat~SunSoft with SunSoft exception | FTL | GAP~configure | GPL-1+ | GPL-2 | GPL-2+ | GPL-3+ | GPL-3+ with Autoconf exception | ISC | LGPL-2.1 | MIT-Open-Group | NTP~Lucent | NTP~WSU | X11 | ZLIB | none | public-domain","","","","","","Organization: Debian Printing Team <debian-printing@lists.debian.org>","Copyright (c) Debian contributors","cpe:2.3:a:debian:ghostscript:10.05.1~dfsg-1+deb13u1:*:*:*:*:*:*:*","pkg:deb/debian/ghostscript@10.05.1~dfsg-1+deb13u1?arch=arm64","cpe:2.3:a:debian:ghostscript:10.05.1~dfsg-1+deb13u1:*:*:*:*:*:*:*","pkg:deb/debian/ghostscript@10.05.1~dfsg-1+deb13u1?arch=arm64","LIBRARY","debian-target"
"libgs10-common","10.05.1~dfsg-1+deb13u1","AGPL-3 | AGPL-3+ | AGPL-3+ and FTL | AGPL-3+ with font exception | Apache-2.0 | BSD-3-Clause | BSD-3-Clause~Adobe | Expat | Expat~Ghostgum | Expat~SunSoft | Expat~SunSoft with SunSoft exception | FTL | GAP~configure | GPL-1+ | GPL-2 | GPL-2+ | GPL-3+ | GPL-3+ with Autoconf exception | ISC | LGPL-2.1 | MIT-Open-Group | NTP~Lucent | NTP~WSU | X11 | ZLIB | none | public-domain","","","","","","Organization: Debian Printing Team <debian-printing@lists.debian.org>","Copyright (c) Debian contributors","cpe:2.3:a:debian:ghostscript:10.05.1~dfsg-1+deb13u1:*:*:*:*:*:*:*","pkg:deb/debian/ghostscript@10.05.1~dfsg-1+deb13u1?arch=all","cpe:2.3:a:debian:ghostscript:10.05.1~dfsg-1+deb13u1:*:*:*:*:*:*:*","pkg:deb/debian/ghostscript@10.05.1~dfsg-1+deb13u1?arch=all","LIBRARY","debian-target"
"libgsf-1-114","1.14.53-1","FSF-UL | GPL-2+ | GPL-2+ and exception-GPL-Autoconf | LGPL-2.1 | exception-GPL-Autoconf | local-m4a","","","","","","Organization: Dmitry Smirnov <onlyjob@debian.org>","Copyright (c) Debian contributors","cpe:2.3:a:debian:libgsf:1.14.53-1:*:*:*:*:*:*:*","pkg:deb/debian/libgsf@1.14.53-1?arch=arm64","cpe:2.3:a:debian:libgsf:1.14.53-1:*:*:*:*:*:*:*","pkg:deb/debian/libgsf@1.14.53-1?arch=arm64","LIBRARY","debian-target"
"libgsf-1-common","1.14.53-1","FSF-UL | GPL-2+ | GPL-2+ and exception-GPL-Autoconf | LGPL-2.1 | exception-GPL-Autoconf | local-m4a","","","","","","Organization: Dmitry Smirnov <onlyjob@debian.org>","Copyright (c) Debian contributors","cpe:2.3:a:debian:libgsf:1.14.53-1:*:*:*:*:*:*:*","pkg:deb/debian/libgsf@1.14.53-1?arch=all","cpe:2.3:a:debian:libgsf:1.14.53-1:*:*:*:*:*:*:*","pkg:deb/debian/libgsf@1.14.53-1?arch=all","LIBRARY","debian-target"
"libgsm1","1.0.22-1+b2","TU-Berlin-2.0","","","","","","Organization: Debian Mobcom Maintainers <Debian-mobcom-maintainers@lists.alioth.debian.org>","Copyright (c) Debian contributors","cpe:2.3:a:debian:libgsm (1.0.22-1):1.0.22-1+b2:*:*:*:*:*:*:*","pkg:deb/debian/libgsm (1.0.22-1)@1.0.22-1+b2?arch=arm64","cpe:2.3:a:debian:libgsm (1.0.22-1):1.0.22-1+b2:*:*:*:*:*:*:*","pkg:deb/debian/libgsm (1.0.22-1)@1.0.22-1+b2?arch=arm64","LIBRARY","debian-target"
"libgsound0t64","1.0.3-3.2+b4","LGPL-2.1+","","","","","","Organization: Debian GNOME Maintainers <pkg-gnome-maintainers@lists.alioth.debian.org>","Copyright (c) Debian contributors","cpe:2.3:a:debian:gsound (1.0.3-3.2):1.0.3-3.2+b4:*:*:*:*:*:*:*","pkg:deb/debian/gsound (1.0.3-3.2)@1.0.3-3.2+b4?arch=arm64","cpe:2.3:a:debian:gsound (1.0.3-3.2):1.0.3-3.2+b4:*:*:*:*:*:*:*","pkg:deb/debian/gsound (1.0.3-3.2)@1.0.3-3.2+b4?arch=arm64","LIBRARY","debian-target"
"libgspell-1-3","1.14.0-2+b1","CC0-1.0 | LGPL-2.1+","","","","","","Organization: Debian GNOME Maintainers <pkg-gnome-maintainers@lists.alioth.debian.org>","Copyright (c) Debian contributors","cpe:2.3:a:debian:gspell (1.14.0-2):1.14.0-2+b1:*:*:*:*:*:*:*","pkg:deb/debian/gspell (1.14.0-2)@1.14.0-2+b1?arch=arm64","cpe:2.3:a:debian:gspell (1.14.0-2):1.14.0-2+b1:*:*:*:*:*:*:*","pkg:deb/debian/gspell (1.14.0-2)@1.14.0-2+b1?arch=arm64","LIBRARY","debian-target"
"libgspell-1-common","1.14.0-2","CC0-1.0 | LGPL-2.1+","","","","","","Organization: Debian GNOME Maintainers <pkg-gnome-maintainers@lists.alioth.debian.org>","Copyright (c) Debian contributors","cpe:2.3:a:debian:gspell:1.14.0-2:*:*:*:*:*:*:*","pkg:deb/debian/gspell@1.14.0-2?arch=all","cpe:2.3:a:debian:gspell:1.14.0-2:*:*:*:*:*:*:*","pkg:deb/debian/gspell@1.14.0-2?arch=all","LIBRARY","debian-target"
"libgssapi-krb5-2","1.21.3-5+deb13u1","","","","","","","Organization: Sam Hartman <hartmans@debian.org>","Copyright (c) Debian contributors","cpe:2.3:a:debian:krb5:1.21.3-5+deb13u1:*:*:*:*:*:*:*","pkg:deb/debian/krb5@1.21.3-5+deb13u1?arch=arm64","cpe:2.3:a:debian:krb5:1.21.3-5+deb13u1:*:*:*:*:*:*:*","pkg:deb/debian/krb5@1.21.3-5+deb13u1?arch=arm64","LIBRARY","debian-target"
"libgssdp-1.6-0","1.6.4-1~deb13u1","LGPL-2.1+","","","","","","Organization: Debian GNOME Maintainers <pkg-gnome-maintainers@lists.alioth.debian.org>","Copyright (c) Debian contributors","cpe:2.3:a:debian:gssdp:1.6.4-1~deb13u1:*:*:*:*:*:*:*","pkg:deb/debian/gssdp@1.6.4-1~deb13u1?arch=arm64","cpe:2.3:a:debian:gssdp:1.6.4-1~deb13u1:*:*:*:*:*:*:*","pkg:deb/debian/gssdp@1.6.4-1~deb13u1?arch=arm64","LIBRARY","debian-target"
"libgstreamer-gl1.0-0","1.26.10-1","BSD-3-clause | CC-BY-SA-4.0 | GPL-2+ | LGPL | LGPL-2+ | LGPL-2.1+ | MIT | MIT or LGPL-2+ | public-domain","","","","","","Organization: Maintainers of GStreamer packages <gst-plugins-base1.0@packages.debian.org>","Copyright (c) Debian contributors","cpe:2.3:a:debian:gst-plugins-base1.0:1.26.10-1:*:*:*:*:*:*:*","pkg:deb/debian/gst-plugins-base1.0@1.26.10-1?arch=arm64","cpe:2.3:a:debian:gst-plugins-base1.0:1.26.10-1:*:*:*:*:*:*:*","pkg:deb/debian/gst-plugins-base1.0@1.26.10-1?arch=arm64","LIBRARY","debian-target"
"libgstreamer-gl1.0-0-dbgsym","1.26.10-1","BSD-3-clause | CC-BY-SA-4.0 | GPL-2+ | LGPL | LGPL-2+ | LGPL-2.1+ | MIT | MIT or LGPL-2+ | public-domain","","","","","","Organization: Maintainers of GStreamer packages <gst-plugins-base1.0@packages.debian.org>","Copyright (c) Debian contributors","cpe:2.3:a:debian:gst-plugins-base1.0:1.26.10-1:*:*:*:*:*:*:*","pkg:deb/debian/gst-plugins-base1.0@1.26.10-1?arch=arm64","cpe:2.3:a:debian:gst-plugins-base1.0:1.26.10-1:*:*:*:*:*:*:*","pkg:deb/debian/gst-plugins-base1.0@1.26.10-1?arch=arm64","APPLICATION","debian-target"
"libgstreamer-opencv1.0-0","1.26.10-2","BSD-2-clause | GPL-2+ | GPL-3+ | ISC | LGPL-2+ | LGPL-2.1+ | MIT | MIT or LGPL-2+ | MPL-1.1 | MPL-1.1 or LGPL-2+ | MPL-1.1 or MIT or LGPL-2+","","","","","","Organization: Maintainers of GStreamer packages <gst-plugins-bad1.0@packages.debian.org>","Copyright (c) Debian contributors","cpe:2.3:a:debian:gst-plugins-bad1.0:1.26.10-2:*:*:*:*:*:*:*","pkg:deb/debian/gst-plugins-bad1.0@1.26.10-2?arch=arm64","cpe:2.3:a:debian:gst-plugins-bad1.0:1.26.10-2:*:*:*:*:*:*:*","pkg:deb/debian/gst-plugins-bad1.0@1.26.10-2?arch=arm64","LIBRARY","debian-target"
"libgstreamer-opencv1.0-0-dbgsym","1.26.10-2","BSD-2-clause | GPL-2+ | GPL-3+ | ISC | LGPL-2+ | LGPL-2.1+ | MIT | MIT or LGPL-2+ | MPL-1.1 | MPL-1.1 or LGPL-2+ | MPL-1.1 or MIT or LGPL-2+","","","","","","Organization: Maintainers of GStreamer packages <gst-plugins-bad1.0@packages.debian.org>","Copyright (c) Debian contributors","cpe:2.3:a:debian:gst-plugins-bad1.0:1.26.10-2:*:*:*:*:*:*:*","pkg:deb/debian/gst-plugins-bad1.0@1.26.10-2?arch=arm64","cpe:2.3:a:debian:gst-plugins-bad1.0:1.26.10-2:*:*:*:*:*:*:*","pkg:deb/debian/gst-plugins-bad1.0@1.26.10-2?arch=arm64","APPLICATION","debian-target"
"libgstreamer-plugins-bad1.0-0","1.26.10-2","BSD-2-clause | GPL-2+ | GPL-3+ | ISC | LGPL-2+ | LGPL-2.1+ | MIT | MIT or LGPL-2+ | MPL-1.1 | MPL-1.1 or LGPL-2+ | MPL-1.1 or MIT or LGPL-2+","","","","","","Organization: Maintainers of GStreamer packages <gst-plugins-bad1.0@packages.debian.org>","Copyright (c) Debian contributors","cpe:2.3:a:debian:gst-plugins-bad1.0:1.26.10-2:*:*:*:*:*:*:*","pkg:deb/debian/gst-plugins-bad1.0@1.26.10-2?arch=arm64","cpe:2.3:a:debian:gst-plugins-bad1.0:1.26.10-2:*:*:*:*:*:*:*","pkg:deb/debian/gst-plugins-bad1.0@1.26.10-2?arch=arm64","LIBRARY","debian-target"
"libgstreamer-plugins-bad1.0-0-dbgsym","1.26.10-2","BSD-2-clause | GPL-2+ | GPL-3+ | ISC | LGPL-2+ | LGPL-2.1+ | MIT | MIT or LGPL-2+ | MPL-1.1 | MPL-1.1 or LGPL-2+ | MPL-1.1 or MIT or LGPL-2+","","","","","","Organization: Maintainers of GStreamer packages <gst-plugins-bad1.0@packages.debian.org>","Copyright (c) Debian contributors","cpe:2.3:a:debian:gst-plugins-bad1.0:1.26.10-2:*:*:*:*:*:*:*","pkg:deb/debian/gst-plugins-bad1.0@1.26.10-2?arch=arm64","cpe:2.3:a:debian:gst-plugins-bad1.0:1.26.10-2:*:*:*:*:*:*:*","pkg:deb/debian/gst-plugins-bad1.0@1.26.10-2?arch=arm64","APPLICATION","debian-target"
"libgstreamer-plugins-bad1.0-dev","1.26.10-2","BSD-2-clause | GPL-2+ | GPL-3+ | ISC | LGPL-2+ | LGPL-2.1+ | MIT | MIT or LGPL-2+ | MPL-1.1 | MPL-1.1 or LGPL-2+ | MPL-1.1 or MIT or LGPL-2+","","","","","","Organization: Maintainers of GStreamer packages <gst-plugins-bad1.0@packages.debian.org>","Copyright (c) Debian contributors","cpe:2.3:a:debian:gst-plugins-bad1.0:1.26.10-2:*:*:*:*:*:*:*","pkg:deb/debian/gst-plugins-bad1.0@1.26.10-2?arch=arm64","cpe:2.3:a:debian:gst-plugins-bad1.0:1.26.10-2:*:*:*:*:*:*:*","pkg:deb/debian/gst-plugins-bad1.0@1.26.10-2?arch=arm64","LIBRARY","debian-target"
"libgstreamer-plugins-base1.0-0","1.26.10-1","BSD-3-clause | CC-BY-SA-4.0 | GPL-2+ | LGPL | LGPL-2+ | LGPL-2.1+ | MIT | MIT or LGPL-2+ | public-domain","","","","","","Organization: Maintainers of GStreamer packages <gst-plugins-base1.0@packages.debian.org>","Copyright (c) Debian contributors","cpe:2.3:a:debian:gst-plugins-base1.0:1.26.10-1:*:*:*:*:*:*:*","pkg:deb/debian/gst-plugins-base1.0@1.26.10-1?arch=arm64","cpe:2.3:a:debian:gst-plugins-base1.0:1.26.10-1:*:*:*:*:*:*:*","pkg:deb/debian/gst-plugins-base1.0@1.26.10-1?arch=arm64","LIBRARY","debian-target"
"libgstreamer-plugins-base1.0-0-dbgsym","1.26.10-1","BSD-3-clause | CC-BY-SA-4.0 | GPL-2+ | LGPL | LGPL-2+ | LGPL-2.1+ | MIT | MIT or LGPL-2+ | public-domain","","","","","","Organization: Maintainers of GStreamer packages <gst-plugins-base1.0@packages.debian.org>","Copyright (c) Debian contributors","cpe:2.3:a:debian:gst-plugins-base1.0:1.26.10-1:*:*:*:*:*:*:*","pkg:deb/debian/gst-plugins-base1.0@1.26.10-1?arch=arm64","cpe:2.3:a:debian:gst-plugins-base1.0:1.26.10-1:*:*:*:*:*:*:*","pkg:deb/debian/gst-plugins-base1.0@1.26.10-1?arch=arm64","APPLICATION","debian-target"
"libgstreamer-plugins-base1.0-dev","1.26.10-1","BSD-3-clause | CC-BY-SA-4.0 | GPL-2+ | LGPL | LGPL-2+ | LGPL-2.1+ | MIT | MIT or LGPL-2+ | public-domain","","","","","","Organization: Maintainers of GStreamer packages <gst-plugins-base1.0@packages.debian.org>","Copyright (c) Debian contributors","cpe:2.3:a:debian:gst-plugins-base1.0:1.26.10-1:*:*:*:*:*:*:*","pkg:deb/debian/gst-plugins-base1.0@1.26.10-1?arch=arm64","cpe:2.3:a:debian:gst-plugins-base1.0:1.26.10-1:*:*:*:*:*:*:*","pkg:deb/debian/gst-plugins-base1.0@1.26.10-1?arch=arm64","LIBRARY","debian-target"
"libgstreamer1.0-0","1.26.10-1","CC-BY-SA-4.0 | GFDL | LGPL | LGPL-2+ | LGPL-2.1+ | MPL-2.0 | public-domain","","","","","","Organization: Maintainers of GStreamer packages <gstreamer1.0@packages.debian.org>","Copyright (c) Debian contributors","cpe:2.3:a:debian:gstreamer1.0:1.26.10-1:*:*:*:*:*:*:*","pkg:deb/debian/gstreamer1.0@1.26.10-1?arch=arm64","cpe:2.3:a:debian:gstreamer1.0:1.26.10-1:*:*:*:*:*:*:*","pkg:deb/debian/gstreamer1.0@1.26.10-1?arch=arm64","LIBRARY","debian-target"
"libgstreamer1.0-0-dbgsym","1.26.10-1","CC-BY-SA-4.0 | GFDL | LGPL | LGPL-2+ | LGPL-2.1+ | MPL-2.0 | public-domain","","","","","","Organization: Maintainers of GStreamer packages <gstreamer1.0@packages.debian.org>","Copyright (c) Debian contributors","cpe:2.3:a:debian:gstreamer1.0:1.26.10-1:*:*:*:*:*:*:*","pkg:deb/debian/gstreamer1.0@1.26.10-1?arch=arm64","cpe:2.3:a:debian:gstreamer1.0:1.26.10-1:*:*:*:*:*:*:*","pkg:deb/debian/gstreamer1.0@1.26.10-1?arch=arm64","APPLICATION","debian-target"
"libgstreamer1.0-dev","1.26.10-1","CC-BY-SA-4.0 | GFDL | LGPL | LGPL-2+ | LGPL-2.1+ | MPL-2.0 | public-domain","","","","","","Organization: Maintainers of GStreamer packages <gstreamer1.0@packages.debian.org>","Copyright (c) Debian contributors","cpe:2.3:a:debian:gstreamer1.0:1.26.10-1:*:*:*:*:*:*:*","pkg:deb/debian/gstreamer1.0@1.26.10-1?arch=arm64","cpe:2.3:a:debian:gstreamer1.0:1.26.10-1:*:*:*:*:*:*:*","pkg:deb/debian/gstreamer1.0@1.26.10-1?arch=arm64","LIBRARY","debian-target"
"libgstreamer1.0-dev-dbgsym","1.26.10-1","CC-BY-SA-4.0 | GFDL | LGPL | LGPL-2+ | LGPL-2.1+ | MPL-2.0 | public-domain","","","","","","Organization: Maintainers of GStreamer packages <gstreamer1.0@packages.debian.org>","Copyright (c) Debian contributors","cpe:2.3:a:debian:gstreamer1.0:1.26.10-1:*:*:*:*:*:*:*","pkg:deb/debian/gstreamer1.0@1.26.10-1?arch=arm64","cpe:2.3:a:debian:gstreamer1.0:1.26.10-1:*:*:*:*:*:*:*","pkg:deb/debian/gstreamer1.0@1.26.10-1?arch=arm64","APPLICATION","debian-target"
"libgtk-3-0t64","3.24.49-3","Apache-2.0 | CC-BY-SA-4.0 | Expat | GPL-3+ | LGPL-2+ | LGPL-2+ and LGPL-2.1+ and Expat | LGPL-2+ and ZPL-2.1 | LGPL-2+ or SWL | LGPL-2.1+ | SWL | X11R5-permissive | ZPL-2.1 | check-gdk-cairo-permissive | other | unencumbered","","","","","","Organization: Debian GNOME Maintainers <pkg-gnome-maintainers@lists.alioth.debian.org>","Copyright (c) Debian contributors","cpe:2.3:a:debian:gtk+3.0:3.24.49-3:*:*:*:*:*:*:*","pkg:deb/debian/gtk+3.0@3.24.49-3?arch=arm64","cpe:2.3:a:debian:gtk+3.0:3.24.49-3:*:*:*:*:*:*:*","pkg:deb/debian/gtk+3.0@3.24.49-3?arch=arm64","LIBRARY","debian-target"
"libgtk-3-common","3.24.49-3","Apache-2.0 | CC-BY-SA-4.0 | Expat | GPL-3+ | LGPL-2+ | LGPL-2+ and LGPL-2.1+ and Expat | LGPL-2+ and ZPL-2.1 | LGPL-2+ or SWL | LGPL-2.1+ | SWL | X11R5-permissive | ZPL-2.1 | check-gdk-cairo-permissive | other | unencumbered","","","","","","Organization: Debian GNOME Maintainers <pkg-gnome-maintainers@lists.alioth.debian.org>","Copyright (c) Debian contributors","cpe:2.3:a:debian:gtk+3.0:3.24.49-3:*:*:*:*:*:*:*","pkg:deb/debian/gtk+3.0@3.24.49-3?arch=all","cpe:2.3:a:debian:gtk+3.0:3.24.49-3:*:*:*:*:*:*:*","pkg:deb/debian/gtk+3.0@3.24.49-3?arch=all","APPLICATION","debian-target"
"libgtk-3-dev","3.24.49-3","Apache-2.0 | CC-BY-SA-4.0 | Expat | GPL-3+ | LGPL-2+ | LGPL-2+ and LGPL-2.1+ and Expat | LGPL-2+ and ZPL-2.1 | LGPL-2+ or SWL | LGPL-2.1+ | SWL | X11R5-permissive | ZPL-2.1 | check-gdk-cairo-permissive | other | unencumbered","","","","","","Organization: Debian GNOME Maintainers <pkg-gnome-maintainers@lists.alioth.debian.org>","Copyright (c) Debian contributors","cpe:2.3:a:debian:gtk+3.0:3.24.49-3:*:*:*:*:*:*:*","pkg:deb/debian/gtk+3.0@3.24.49-3?arch=arm64","cpe:2.3:a:debian:gtk+3.0:3.24.49-3:*:*:*:*:*:*:*","pkg:deb/debian/gtk+3.0@3.24.49-3?arch=arm64","LIBRARY","debian-target"
"libgtk-4-1","4.18.6+ds-2","Apache-2.0 | Apache-2.0 with LLVM exception | BSD-3-clause-Google | CC0-1.0 | Expat | GPL-3+ | LGPL-2+ | LGPL-2+ and LGPL-2.1+ and sun-permissive and lcs-telegraphics-permissive and X11R5-permissive and Expat and BSD-3-clause-Google and Apache-2.0 and CC0-1.0 and ZPL-2.1 | LGPL-2.1+ | Unicode-DFS-2016 | X11R5-permissive | ZPL-2.1 | lcs-telegraphics-permissive | sun-permissive","","","","","","Organization: Debian GNOME Maintainers <pkg-gnome-maintainers@lists.alioth.debian.org>","Copyright (c) Debian contributors","cpe:2.3:a:debian:gtk4:4.18.6+ds-2:*:*:*:*:*:*:*","pkg:deb/debian/gtk4@4.18.6+ds-2?arch=arm64","cpe:2.3:a:debian:gtk4:4.18.6+ds-2:*:*:*:*:*:*:*","pkg:deb/debian/gtk4@4.18.6+ds-2?arch=arm64","LIBRARY","debian-target"
"libgtk-4-common","4.18.6+ds-2","Apache-2.0 | Apache-2.0 with LLVM exception | BSD-3-clause-Google | CC0-1.0 | Expat | GPL-3+ | LGPL-2+ | LGPL-2+ and LGPL-2.1+ and sun-permissive and lcs-telegraphics-permissive and X11R5-permissive and Expat and BSD-3-clause-Google and Apache-2.0 and CC0-1.0 and ZPL-2.1 | LGPL-2.1+ | Unicode-DFS-2016 | X11R5-permissive | ZPL-2.1 | lcs-telegraphics-permissive | sun-permissive","","","","","","Organization: Debian GNOME Maintainers <pkg-gnome-maintainers@lists.alioth.debian.org>","Copyright (c) Debian contributors","cpe:2.3:a:debian:gtk4:4.18.6+ds-2:*:*:*:*:*:*:*","pkg:deb/debian/gtk4@4.18.6+ds-2?arch=all","cpe:2.3:a:debian:gtk4:4.18.6+ds-2:*:*:*:*:*:*:*","pkg:deb/debian/gtk4@4.18.6+ds-2?arch=all","APPLICATION","debian-target"
"libgtk-4-media-gstreamer","4.18.6+ds-2","Apache-2.0 | Apache-2.0 with LLVM exception | BSD-3-clause-Google | CC0-1.0 | Expat | GPL-3+ | LGPL-2+ | LGPL-2+ and LGPL-2.1+ and sun-permissive and lcs-telegraphics-permissive and X11R5-permissive and Expat and BSD-3-clause-Google and Apache-2.0 and CC0-1.0 and ZPL-2.1 | LGPL-2.1+ | Unicode-DFS-2016 | X11R5-permissive | ZPL-2.1 | lcs-telegraphics-permissive | sun-permissive","","","","","","Organization: Debian GNOME Maintainers <pkg-gnome-maintainers@lists.alioth.debian.org>","Copyright (c) Debian contributors","cpe:2.3:a:debian:gtk4:4.18.6+ds-2:*:*:*:*:*:*:*","pkg:deb/debian/gtk4@4.18.6+ds-2?arch=arm64","cpe:2.3:a:debian:gtk4:4.18.6+ds-2:*:*:*:*:*:*:*","pkg:deb/debian/gtk4@4.18.6+ds-2?arch=arm64","APPLICATION","debian-target"
"libgtk-vnc-2.0-0","1.5.0-1","GPL-3+ | LGPL-2 or LGPL-2+ | LGPL-2+ | LGPL-2.1+ | MIT | MIT and LGPL-2","","","","","","Organization: Debian Libvirt Maintainers <pkg-libvirt-maintainers@lists.alioth.debian.org>","Copyright (c) Debian contributors","cpe:2.3:a:debian:gtk-vnc:1.5.0-1:*:*:*:*:*:*:*","pkg:deb/debian/gtk-vnc@1.5.0-1?arch=arm64","cpe:2.3:a:debian:gtk-vnc:1.5.0-1:*:*:*:*:*:*:*","pkg:deb/debian/gtk-vnc@1.5.0-1?arch=arm64","LIBRARY","debian-target"
"libgtk2.0-0t64","2.24.33-7","other","","","","","","Organization: Debian GNOME Maintainers <pkg-gnome-maintainers@lists.alioth.debian.org>","Copyright (c) Debian contributors","cpe:2.3:a:debian:gtk+2.0:2.24.33-7:*:*:*:*:*:*:*","pkg:deb/debian/gtk+2.0@2.24.33-7?arch=arm64","cpe:2.3:a:debian:gtk+2.0:2.24.33-7:*:*:*:*:*:*:*","pkg:deb/debian/gtk+2.0@2.24.33-7?arch=arm64","APPLICATION","debian-target"
"libgtk2.0-common","2.24.33-7","other","","","","","","Organization: Debian GNOME Maintainers <pkg-gnome-maintainers@lists.alioth.debian.org>","Copyright (c) Debian contributors","cpe:2.3:a:debian:gtk+2.0:2.24.33-7:*:*:*:*:*:*:*","pkg:deb/debian/gtk+2.0@2.24.33-7?arch=all","cpe:2.3:a:debian:gtk+2.0:2.24.33-7:*:*:*:*:*:*:*","pkg:deb/debian/gtk+2.0@2.24.33-7?arch=all","APPLICATION","debian-target"
"libgtk2.0-dev","2.24.33-7","other","","","","","","Organization: Debian GNOME Maintainers <pkg-gnome-maintainers@lists.alioth.debian.org>","Copyright (c) Debian contributors","cpe:2.3:a:debian:gtk+2.0:2.24.33-7:*:*:*:*:*:*:*","pkg:deb/debian/gtk+2.0@2.24.33-7?arch=arm64","cpe:2.3:a:debian:gtk+2.0:2.24.33-7:*:*:*:*:*:*:*","pkg:deb/debian/gtk+2.0@2.24.33-7?arch=arm64","APPLICATION","debian-target"
"libgtk3-perl","0.038-3","LGPL-2.1+","","","","","","Organization: Debian Perl Group <pkg-perl-maintainers@lists.alioth.debian.org>","Copyright (c) Debian contributors","cpe:2.3:a:debian:libgtk3-perl:0.038-3:*:*:*:*:*:*:*","pkg:deb/debian/libgtk3-perl@0.038-3?arch=all","cpe:2.3:a:debian:libgtk3-perl:0.038-3:*:*:*:*:*:*:*","pkg:deb/debian/libgtk3-perl@0.038-3?arch=all","APPLICATION","debian-target"
"libgtkmm-4.0-0","4.18.0-1","GPL-2+ | LGPL-2.1+","","","","","","Organization: Debian GNOME Maintainers <pkg-gnome-maintainers@lists.alioth.debian.org>","Copyright (c) Debian contributors","cpe:2.3:a:debian:gtkmm4.0:4.18.0-1:*:*:*:*:*:*:*","pkg:deb/debian/gtkmm4.0@4.18.0-1?arch=arm64","cpe:2.3:a:debian:gtkmm4.0:4.18.0-1:*:*:*:*:*:*:*","pkg:deb/debian/gtkmm4.0@4.18.0-1?arch=arm64","LIBRARY","debian-target"
"libgtksourceview-4-0","4.8.4-6","","","","","","","Organization: Debian GNOME Maintainers <pkg-gnome-maintainers@lists.alioth.debian.org>","Copyright (c) Debian contributors","cpe:2.3:a:debian:gtksourceview4:4.8.4-6:*:*:*:*:*:*:*","pkg:deb/debian/gtksourceview4@4.8.4-6?arch=arm64","cpe:2.3:a:debian:gtksourceview4:4.8.4-6:*:*:*:*:*:*:*","pkg:deb/debian/gtksourceview4@4.8.4-6?arch=arm64","LIBRARY","debian-target"
"libgtksourceview-4-common","4.8.4-6","","","","","","","Organization: Debian GNOME Maintainers <pkg-gnome-maintainers@lists.alioth.debian.org>","Copyright (c) Debian contributors","cpe:2.3:a:debian:gtksourceview4:4.8.4-6:*:*:*:*:*:*:*","pkg:deb/debian/gtksourceview4@4.8.4-6?arch=all","cpe:2.3:a:debian:gtksourceview4:4.8.4-6:*:*:*:*:*:*:*","pkg:deb/debian/gtksourceview4@4.8.4-6?arch=all","LIBRARY","debian-target"
"libgtksourceview-5-0","5.16.0-1","","","","","","","Organization: Debian GNOME Maintainers <pkg-gnome-maintainers@lists.alioth.debian.org>","Copyright (c) Debian contributors","cpe:2.3:a:debian:gtksourceview5:5.16.0-1:*:*:*:*:*:*:*","pkg:deb/debian/gtksourceview5@5.16.0-1?arch=arm64","cpe:2.3:a:debian:gtksourceview5:5.16.0-1:*:*:*:*:*:*:*","pkg:deb/debian/gtksourceview5@5.16.0-1?arch=arm64","LIBRARY","debian-target"
"libgtksourceview-5-common","5.16.0-1","","","","","","","Organization: Debian GNOME Maintainers <pkg-gnome-maintainers@lists.alioth.debian.org>","Copyright (c) Debian contributors","cpe:2.3:a:debian:gtksourceview5:5.16.0-1:*:*:*:*:*:*:*","pkg:deb/debian/gtksourceview5@5.16.0-1?arch=all","cpe:2.3:a:debian:gtksourceview5:5.16.0-1:*:*:*:*:*:*:*","pkg:deb/debian/gtksourceview5@5.16.0-1?arch=all","LIBRARY","debian-target"
"libgtop-2.0-11","2.41.3-1+b2","","","","","","","Organization: Debian GNOME Maintainers <pkg-gnome-maintainers@lists.alioth.debian.org>","Copyright (c) Debian contributors","cpe:2.3:a:debian:libgtop2 (2.41.3-1):2.41.3-1+b2:*:*:*:*:*:*:*","pkg:deb/debian/libgtop2 (2.41.3-1)@2.41.3-1+b2?arch=arm64","cpe:2.3:a:debian:libgtop2 (2.41.3-1):2.41.3-1+b2:*:*:*:*:*:*:*","pkg:deb/debian/libgtop2 (2.41.3-1)@2.41.3-1+b2?arch=arm64","LIBRARY","debian-target"
"libgtop2-common","2.41.3-1","","","","","","","Organization: Debian GNOME Maintainers <pkg-gnome-maintainers@lists.alioth.debian.org>","Copyright (c) Debian contributors","cpe:2.3:a:debian:libgtop2:2.41.3-1:*:*:*:*:*:*:*","pkg:deb/debian/libgtop2@2.41.3-1?arch=all","cpe:2.3:a:debian:libgtop2:2.41.3-1:*:*:*:*:*:*:*","pkg:deb/debian/libgtop2@2.41.3-1?arch=all","LIBRARY","debian-target"
"libgudev-1.0-0","238-6","LGPL-2+","","","","","","Organization: Debian GNOME Maintainers <pkg-gnome-maintainers@lists.alioth.debian.org>","Copyright (c) Debian contributors","cpe:2.3:a:debian:libgudev:238-6:*:*:*:*:*:*:*","pkg:deb/debian/libgudev@238-6?arch=arm64","cpe:2.3:a:debian:libgudev:238-6:*:*:*:*:*:*:*","pkg:deb/debian/libgudev@238-6?arch=arm64","LIBRARY","debian-target"
"libgudev-1.0-dev","238-6","LGPL-2+","","","","","","Organization: Debian GNOME Maintainers <pkg-gnome-maintainers@lists.alioth.debian.org>","Copyright (c) Debian contributors","cpe:2.3:a:debian:libgudev:238-6:*:*:*:*:*:*:*","pkg:deb/debian/libgudev@238-6?arch=arm64","cpe:2.3:a:debian:libgudev:238-6:*:*:*:*:*:*:*","pkg:deb/debian/libgudev@238-6?arch=arm64","LIBRARY","debian-target"
"libgupnp-1.6-0","1.6.8-2","LGPL-2+","","","","","","Organization: Debian GNOME Maintainers <pkg-gnome-maintainers@lists.alioth.debian.org>","Copyright (c) Debian contributors","cpe:2.3:a:debian:gupnp:1.6.8-2:*:*:*:*:*:*:*","pkg:deb/debian/gupnp@1.6.8-2?arch=arm64","cpe:2.3:a:debian:gupnp:1.6.8-2:*:*:*:*:*:*:*","pkg:deb/debian/gupnp@1.6.8-2?arch=arm64","LIBRARY","debian-target"
"libgupnp-igd-1.6-0","1.6.0-4+b1","BSD-2-clause | GPL-3 | LGPL-2.1+","","","","","","Organization: Debian GNOME Maintainers <pkg-gnome-maintainers@lists.alioth.debian.org>","Copyright (c) Debian contributors","cpe:2.3:a:debian:gupnp-igd (1.6.0-4):1.6.0-4+b1:*:*:*:*:*:*:*","pkg:deb/debian/gupnp-igd (1.6.0-4)@1.6.0-4+b1?arch=arm64","cpe:2.3:a:debian:gupnp-igd (1.6.0-4):1.6.0-4+b1:*:*:*:*:*:*:*","pkg:deb/debian/gupnp-igd (1.6.0-4)@1.6.0-4+b1?arch=arm64","LIBRARY","debian-target"
"libgusb2","0.4.9-1+b1","CC0-1.0 | GPL-2.0+ | LGPL-2.1+","","","","","","Organization: Debian UEFI Maintainers <debian-efi@lists.debian.org>","Copyright (c) Debian contributors","cpe:2.3:a:debian:libgusb (0.4.9-1):0.4.9-1+b1:*:*:*:*:*:*:*","pkg:deb/debian/libgusb (0.4.9-1)@0.4.9-1+b1?arch=arm64","cpe:2.3:a:debian:libgusb (0.4.9-1):0.4.9-1+b1:*:*:*:*:*:*:*","pkg:deb/debian/libgusb (0.4.9-1)@0.4.9-1+b1?arch=arm64","LIBRARY","debian-target"
"libgvnc-1.0-0","1.5.0-1","GPL-3+ | LGPL-2 or LGPL-2+ | LGPL-2+ | LGPL-2.1+ | MIT | MIT and LGPL-2","","","","","","Organization: Debian Libvirt Maintainers <pkg-libvirt-maintainers@lists.alioth.debian.org>","Copyright (c) Debian contributors","cpe:2.3:a:debian:gtk-vnc:1.5.0-1:*:*:*:*:*:*:*","pkg:deb/debian/gtk-vnc@1.5.0-1?arch=arm64","cpe:2.3:a:debian:gtk-vnc:1.5.0-1:*:*:*:*:*:*:*","pkg:deb/debian/gtk-vnc@1.5.0-1?arch=arm64","LIBRARY","debian-target"
"libgweather-4-0t64","4.4.4-1","GPL-2+ | LGPL-2+ | LGPL-2.1+","","","","","","Organization: Debian GNOME Maintainers <pkg-gnome-maintainers@lists.alioth.debian.org>","Copyright (c) Debian contributors","cpe:2.3:a:debian:libgweather4:4.4.4-1:*:*:*:*:*:*:*","pkg:deb/debian/libgweather4@4.4.4-1?arch=arm64","cpe:2.3:a:debian:libgweather4:4.4.4-1:*:*:*:*:*:*:*","pkg:deb/debian/libgweather4@4.4.4-1?arch=arm64","LIBRARY","debian-target"
"libgweather-4-common","4.4.4-1","GPL-2+ | LGPL-2+ | LGPL-2.1+","","","","","","Organization: Debian GNOME Maintainers <pkg-gnome-maintainers@lists.alioth.debian.org>","Copyright (c) Debian contributors","cpe:2.3:a:debian:libgweather4:4.4.4-1:*:*:*:*:*:*:*","pkg:deb/debian/libgweather4@4.4.4-1?arch=all","cpe:2.3:a:debian:libgweather4:4.4.4-1:*:*:*:*:*:*:*","pkg:deb/debian/libgweather4@4.4.4-1?arch=all","LIBRARY","debian-target"
"libgxps2t64","0.3.2-4+b2","LGPL-2.1+","","","","","","Organization: Debian GNOME Maintainers <pkg-gnome-maintainers@lists.alioth.debian.org>","Copyright (c) Debian contributors","cpe:2.3:a:debian:libgxps (0.3.2-4):0.3.2-4+b2:*:*:*:*:*:*:*","pkg:deb/debian/libgxps (0.3.2-4)@0.3.2-4+b2?arch=arm64","cpe:2.3:a:debian:libgxps (0.3.2-4):0.3.2-4+b2:*:*:*:*:*:*:*","pkg:deb/debian/libgxps (0.3.2-4)@0.3.2-4+b2?arch=arm64","LIBRARY","debian-target"
"libhandy-1-0","1.8.3-2","LGPL-2.1+","","","","","","Organization: Debian GNOME Maintainers <pkg-gnome-maintainers@lists.alioth.debian.org>","Copyright (c) Debian contributors","cpe:2.3:a:debian:libhandy-1:1.8.3-2:*:*:*:*:*:*:*","pkg:deb/debian/libhandy-1@1.8.3-2?arch=arm64","cpe:2.3:a:debian:libhandy-1:1.8.3-2:*:*:*:*:*:*:*","pkg:deb/debian/libhandy-1@1.8.3-2?arch=arm64","LIBRARY","debian-target"
"libharfbuzz-cairo0","10.2.0-1+deb13u1","Apache-2.0 | CC0-1.0 | Expat | FSFAP | FSFUL | FSFULLR | GPL-2+ with AutoConf exception | GPL-2+ with Font exception | GPL-2+ with LibTool exception | GPL-3+ | GPL-3+ with AutoConf exception | ISC | LGPL-2.1+ | MIT | Monotype | OFL-1.1 | UFL-1.0 | Unicode","","","","","","Organization: أحمد المحمودي (Ahmed El-Mahmoudy) <aelmahmoudy@users.sourceforge.net>","Copyright (c) Debian contributors","cpe:2.3:a:debian:harfbuzz:10.2.0-1+deb13u1:*:*:*:*:*:*:*","pkg:deb/debian/harfbuzz@10.2.0-1+deb13u1?arch=arm64","cpe:2.3:a:debian:harfbuzz:10.2.0-1+deb13u1:*:*:*:*:*:*:*","pkg:deb/debian/harfbuzz@10.2.0-1+deb13u1?arch=arm64","LIBRARY","debian-target"
"libharfbuzz-dev","10.2.0-1+deb13u1","Apache-2.0 | CC0-1.0 | Expat | FSFAP | FSFUL | FSFULLR | GPL-2+ with AutoConf exception | GPL-2+ with Font exception | GPL-2+ with LibTool exception | GPL-3+ | GPL-3+ with AutoConf exception | ISC | LGPL-2.1+ | MIT | Monotype | OFL-1.1 | UFL-1.0 | Unicode","","","","","","Organization: أحمد المحمودي (Ahmed El-Mahmoudy) <aelmahmoudy@users.sourceforge.net>","Copyright (c) Debian contributors","cpe:2.3:a:debian:harfbuzz:10.2.0-1+deb13u1:*:*:*:*:*:*:*","pkg:deb/debian/harfbuzz@10.2.0-1+deb13u1?arch=arm64","cpe:2.3:a:debian:harfbuzz:10.2.0-1+deb13u1:*:*:*:*:*:*:*","pkg:deb/debian/harfbuzz@10.2.0-1+deb13u1?arch=arm64","LIBRARY","debian-target"
"libharfbuzz-gobject0","10.2.0-1+deb13u1","Apache-2.0 | CC0-1.0 | Expat | FSFAP | FSFUL | FSFULLR | GPL-2+ with AutoConf exception | GPL-2+ with Font exception | GPL-2+ with LibTool exception | GPL-3+ | GPL-3+ with AutoConf exception | ISC | LGPL-2.1+ | MIT | Monotype | OFL-1.1 | UFL-1.0 | Unicode","","","","","","Organization: أحمد المحمودي (Ahmed El-Mahmoudy) <aelmahmoudy@users.sourceforge.net>","Copyright (c) Debian contributors","cpe:2.3:a:debian:harfbuzz:10.2.0-1+deb13u1:*:*:*:*:*:*:*","pkg:deb/debian/harfbuzz@10.2.0-1+deb13u1?arch=arm64","cpe:2.3:a:debian:harfbuzz:10.2.0-1+deb13u1:*:*:*:*:*:*:*","pkg:deb/debian/harfbuzz@10.2.0-1+deb13u1?arch=arm64","LIBRARY","debian-target"
"libharfbuzz-icu0","10.2.0-1+deb13u1","Apache-2.0 | CC0-1.0 | Expat | FSFAP | FSFUL | FSFULLR | GPL-2+ with AutoConf exception | GPL-2+ with Font exception | GPL-2+ with LibTool exception | GPL-3+ | GPL-3+ with AutoConf exception | ISC | LGPL-2.1+ | MIT | Monotype | OFL-1.1 | UFL-1.0 | Unicode","","","","","","Organization: أحمد المحمودي (Ahmed El-Mahmoudy) <aelmahmoudy@users.sourceforge.net>","Copyright (c) Debian contributors","cpe:2.3:a:debian:harfbuzz:10.2.0-1+deb13u1:*:*:*:*:*:*:*","pkg:deb/debian/harfbuzz@10.2.0-1+deb13u1?arch=arm64","cpe:2.3:a:debian:harfbuzz:10.2.0-1+deb13u1:*:*:*:*:*:*:*","pkg:deb/debian/harfbuzz@10.2.0-1+deb13u1?arch=arm64","LIBRARY","debian-target"
"libharfbuzz-subset0","10.2.0-1+deb13u1","Apache-2.0 | CC0-1.0 | Expat | FSFAP | FSFUL | FSFULLR | GPL-2+ with AutoConf exception | GPL-2+ with Font exception | GPL-2+ with LibTool exception | GPL-3+ | GPL-3+ with AutoConf exception | ISC | LGPL-2.1+ | MIT | Monotype | OFL-1.1 | UFL-1.0 | Unicode","","","","","","Organization: أحمد المحمودي (Ahmed El-Mahmoudy) <aelmahmoudy@users.sourceforge.net>","Copyright (c) Debian contributors","cpe:2.3:a:debian:harfbuzz:10.2.0-1+deb13u1:*:*:*:*:*:*:*","pkg:deb/debian/harfbuzz@10.2.0-1+deb13u1?arch=arm64","cpe:2.3:a:debian:harfbuzz:10.2.0-1+deb13u1:*:*:*:*:*:*:*","pkg:deb/debian/harfbuzz@10.2.0-1+deb13u1?arch=arm64","LIBRARY","debian-target"
"libharfbuzz0b","10.2.0-1+deb13u1","Apache-2.0 | CC0-1.0 | Expat | FSFAP | FSFUL | FSFULLR | GPL-2+ with AutoConf exception | GPL-2+ with Font exception | GPL-2+ with LibTool exception | GPL-3+ | GPL-3+ with AutoConf exception | ISC | LGPL-2.1+ | MIT | Monotype | OFL-1.1 | UFL-1.0 | Unicode","","","","","","Organization: أحمد المحمودي (Ahmed El-Mahmoudy) <aelmahmoudy@users.sourceforge.net>","Copyright (c) Debian contributors","cpe:2.3:a:debian:harfbuzz:10.2.0-1+deb13u1:*:*:*:*:*:*:*","pkg:deb/debian/harfbuzz@10.2.0-1+deb13u1?arch=arm64","cpe:2.3:a:debian:harfbuzz:10.2.0-1+deb13u1:*:*:*:*:*:*:*","pkg:deb/debian/harfbuzz@10.2.0-1+deb13u1?arch=arm64","LIBRARY","debian-target"
"libhdf4-0-alt","4.3.0-1+b1","Apache-2.0 | BSD-3-Clause | GPL-2+ | GPL-3+ with Bison exception | HDF4 | HDF4Examples | HPND-sl-gl-sgi | NetCDF | NetCDF and HDF4","","","","","","Organization: Debian GIS Project <pkg-grass-devel@lists.alioth.debian.org>","Copyright (c) Debian contributors","cpe:2.3:a:debian:libhdf4 (4.3.0-1):4.3.0-1+b1:*:*:*:*:*:*:*","pkg:deb/debian/libhdf4 (4.3.0-1)@4.3.0-1+b1?arch=arm64","cpe:2.3:a:debian:libhdf4 (4.3.0-1):4.3.0-1+b1:*:*:*:*:*:*:*","pkg:deb/debian/libhdf4 (4.3.0-1)@4.3.0-1+b1?arch=arm64","LIBRARY","debian-target"
"libhdf5-310","1.14.5+repack-3","Apache-2.0 | BSD-3-clause | GPL-2+","","","","","","Organization: Gilles Filippini <pini@debian.org>","Copyright (c) Debian contributors","cpe:2.3:a:debian:hdf5:1.14.5+repack-3:*:*:*:*:*:*:*","pkg:deb/debian/hdf5@1.14.5+repack-3?arch=arm64","cpe:2.3:a:debian:hdf5:1.14.5+repack-3:*:*:*:*:*:*:*","pkg:deb/debian/hdf5@1.14.5+repack-3?arch=arm64","LIBRARY","debian-target"
"libhdf5-hl-310","1.14.5+repack-3","Apache-2.0 | BSD-3-clause | GPL-2+","","","","","","Organization: Gilles Filippini <pini@debian.org>","Copyright (c) Debian contributors","cpe:2.3:a:debian:hdf5:1.14.5+repack-3:*:*:*:*:*:*:*","pkg:deb/debian/hdf5@1.14.5+repack-3?arch=arm64","cpe:2.3:a:debian:hdf5:1.14.5+repack-3:*:*:*:*:*:*:*","pkg:deb/debian/hdf5@1.14.5+repack-3?arch=arm64","LIBRARY","debian-target"
"libheif-plugin-dav1d","1.19.8-1","BSD-2-clause | BSD-3-clause | BSD-4-Clause-UC | BSL-1.0 | Expat | GPL-3+ | LGPL-3+ | LGPL-3+ and BSD-2-clause","","","","","","Organization: Debian Multimedia Maintainers <debian-multimedia@lists.debian.org>","Copyright (c) Debian contributors","cpe:2.3:a:debian:libheif:1.19.8-1:*:*:*:*:*:*:*","pkg:deb/debian/libheif@1.19.8-1?arch=arm64","cpe:2.3:a:debian:libheif:1.19.8-1:*:*:*:*:*:*:*","pkg:deb/debian/libheif@1.19.8-1?arch=arm64","LIBRARY","debian-target"
"libheif-plugin-libde265","1.19.8-1","BSD-2-clause | BSD-3-clause | BSD-4-Clause-UC | BSL-1.0 | Expat | GPL-3+ | LGPL-3+ | LGPL-3+ and BSD-2-clause","","","","","","Organization: Debian Multimedia Maintainers <debian-multimedia@lists.debian.org>","Copyright (c) Debian contributors","cpe:2.3:a:debian:libheif:1.19.8-1:*:*:*:*:*:*:*","pkg:deb/debian/libheif@1.19.8-1?arch=arm64","cpe:2.3:a:debian:libheif:1.19.8-1:*:*:*:*:*:*:*","pkg:deb/debian/libheif@1.19.8-1?arch=arm64","LIBRARY","debian-target"
"libheif1","1.19.8-1","BSD-2-clause | BSD-3-clause | BSD-4-Clause-UC | BSL-1.0 | Expat | GPL-3+ | LGPL-3+ | LGPL-3+ and BSD-2-clause","","","","","","Organization: Debian Multimedia Maintainers <debian-multimedia@lists.debian.org>","Copyright (c) Debian contributors","cpe:2.3:a:debian:libheif:1.19.8-1:*:*:*:*:*:*:*","pkg:deb/debian/libheif@1.19.8-1?arch=arm64","cpe:2.3:a:debian:libheif:1.19.8-1:*:*:*:*:*:*:*","pkg:deb/debian/libheif@1.19.8-1?arch=arm64","LIBRARY","debian-target"
"libhidapi-hidraw0","0.14.0-1+b2","BSD-3-clause | GPL-2+ | GPL-3+ with Autoconf exception | GPL-3.0 | GPL-3.0 or BSD-3-clause or HIDAPI | HIDAPI","","","","","","Organization: Scott Talbert <swt@techie.net>","Copyright (c) Debian contributors","cpe:2.3:a:debian:hidapi (0.14.0-1):0.14.0-1+b2:*:*:*:*:*:*:*","pkg:deb/debian/hidapi (0.14.0-1)@0.14.0-1+b2?arch=arm64","cpe:2.3:a:debian:hidapi (0.14.0-1):0.14.0-1+b2:*:*:*:*:*:*:*","pkg:deb/debian/hidapi (0.14.0-1)@0.14.0-1+b2?arch=arm64","LIBRARY","debian-target"
"libhogweed6t64","3.10.1-1","Expat | GAP | GPL-2 | GPL-2+ | GPL-3+ with Autoconf exception | LGPL-2+ | LGPL-3+ | LGPL-3+ or GPL-2+ | public-domain","","","","","","Organization: Magnus Holmgren <holmgren@debian.org>","Copyright (c) Debian contributors","cpe:2.3:a:debian:nettle:3.10.1-1:*:*:*:*:*:*:*","pkg:deb/debian/nettle@3.10.1-1?arch=arm64","cpe:2.3:a:debian:nettle:3.10.1-1:*:*:*:*:*:*:*","pkg:deb/debian/nettle@3.10.1-1?arch=arm64","LIBRARY","debian-target"
"libhsa-runtime64-1","6.1.2-3","BSD-3-clause | Expat | Expat-Intel | NCSA","","","","","","Organization: Debian ROCm Team <debian-ai@lists.debian.org>","Copyright (c) Debian contributors","cpe:2.3:a:debian:rocr-runtime:6.1.2-3:*:*:*:*:*:*:*","pkg:deb/debian/rocr-runtime@6.1.2-3?arch=arm64","cpe:2.3:a:debian:rocr-runtime:6.1.2-3:*:*:*:*:*:*:*","pkg:deb/debian/rocr-runtime@6.1.2-3?arch=arm64","LIBRARY","debian-target"
"libhsakmt1","6.2.4+ds-1","BSD-2-clause | Expat | NCSA","","","","","","Organization: Debian ROCm Team <debian-ai@lists.debian.org>","Copyright (c) Debian contributors","cpe:2.3:a:debian:roct-thunk-interface:6.2.4+ds-1:*:*:*:*:*:*:*","pkg:deb/debian/roct-thunk-interface@6.2.4+ds-1?arch=arm64","cpe:2.3:a:debian:roct-thunk-interface:6.2.4+ds-1:*:*:*:*:*:*:*","pkg:deb/debian/roct-thunk-interface@6.2.4+ds-1?arch=arm64","LIBRARY","debian-target"
"libhtml-parser-perl","3.83-1+b2","Artistic | Artistic or GPL-1+ | GPL-1+","","","","","","Organization: Debian Perl Group <pkg-perl-maintainers@lists.alioth.debian.org>","Copyright (c) Debian contributors","cpe:2.3:a:debian:libhtml-parser-perl (3.83-1):3.83-1+b2:*:*:*:*:*:*:*","pkg:deb/debian/libhtml-parser-perl (3.83-1)@3.83-1+b2?arch=arm64","cpe:2.3:a:debian:libhtml-parser-perl (3.83-1):3.83-1+b2:*:*:*:*:*:*:*","pkg:deb/debian/libhtml-parser-perl (3.83-1)@3.83-1+b2?arch=arm64","APPLICATION","debian-target"
"libhtml-tagset-perl","3.24-1","Artistic | Artistic or GPL-1+ | Artistic-2.0 | GPL-1+","","","","","","Organization: Debian Perl Group <pkg-perl-maintainers@lists.alioth.debian.org>","Copyright (c) Debian contributors","cpe:2.3:a:debian:libhtml-tagset-perl:3.24-1:*:*:*:*:*:*:*","pkg:deb/debian/libhtml-tagset-perl@3.24-1?arch=all","cpe:2.3:a:debian:libhtml-tagset-perl:3.24-1:*:*:*:*:*:*:*","pkg:deb/debian/libhtml-tagset-perl@3.24-1?arch=all","APPLICATION","debian-target"
"libhtml-tree-perl","5.07-3","Artistic | Artistic or GPL-1+ | GPL-1+","","","","","","Organization: Debian Perl Group <pkg-perl-maintainers@lists.alioth.debian.org>","Copyright (c) Debian contributors","cpe:2.3:a:debian:libhtml-tree-perl:5.07-3:*:*:*:*:*:*:*","pkg:deb/debian/libhtml-tree-perl@5.07-3?arch=all","cpe:2.3:a:debian:libhtml-tree-perl:5.07-3:*:*:*:*:*:*:*","pkg:deb/debian/libhtml-tree-perl@5.07-3?arch=all","APPLICATION","debian-target"
"libhttp-cookies-perl","6.11-1","Artistic | Artistic or GPL-1+ | GPL-1+","","","","","","Organization: Debian Perl Group <pkg-perl-maintainers@lists.alioth.debian.org>","Copyright (c) Debian contributors","cpe:2.3:a:debian:libhttp-cookies-perl:6.11-1:*:*:*:*:*:*:*","pkg:deb/debian/libhttp-cookies-perl@6.11-1?arch=all","cpe:2.3:a:debian:libhttp-cookies-perl:6.11-1:*:*:*:*:*:*:*","pkg:deb/debian/libhttp-cookies-perl@6.11-1?arch=all","APPLICATION","debian-target"
"libhttp-date-perl","6.06-1","Artistic | Artistic or GPL-1+ | GPL-1+","","","","","","Organization: Debian Perl Group <pkg-perl-maintainers@lists.alioth.debian.org>","Copyright (c) Debian contributors","cpe:2.3:a:debian:libhttp-date-perl:6.06-1:*:*:*:*:*:*:*","pkg:deb/debian/libhttp-date-perl@6.06-1?arch=all","cpe:2.3:a:debian:libhttp-date-perl:6.06-1:*:*:*:*:*:*:*","pkg:deb/debian/libhttp-date-perl@6.06-1?arch=all","APPLICATION","debian-target"
"libhttp-message-perl","7.00-2","Artistic | Artistic or GPL-1+ | GPL-1+","","","","","","Organization: Debian Perl Group <pkg-perl-maintainers@lists.alioth.debian.org>","Copyright (c) Debian contributors","cpe:2.3:a:debian:libhttp-message-perl:7.00-2:*:*:*:*:*:*:*","pkg:deb/debian/libhttp-message-perl@7.00-2?arch=all","cpe:2.3:a:debian:libhttp-message-perl:7.00-2:*:*:*:*:*:*:*","pkg:deb/debian/libhttp-message-perl@7.00-2?arch=all","APPLICATION","debian-target"
"libhttp-negotiate-perl","6.01-2","Artistic | Artistic or GPL-1+ | GPL-1+","","","","","","Organization: Debian Perl Group <pkg-perl-maintainers@lists.alioth.debian.org>","Copyright (c) Debian contributors","cpe:2.3:a:debian:libhttp-negotiate-perl:6.01-2:*:*:*:*:*:*:*","pkg:deb/debian/libhttp-negotiate-perl@6.01-2?arch=all","cpe:2.3:a:debian:libhttp-negotiate-perl:6.01-2:*:*:*:*:*:*:*","pkg:deb/debian/libhttp-negotiate-perl@6.01-2?arch=all","APPLICATION","debian-target"
"libhunspell-1.7-0","1.7.2+really1.7.2-10+b4","","","","","","","Organization: Debian LibreOffice Maintainers <debian-openoffice@lists.debian.org>","Copyright (c) Debian contributors","cpe:2.3:a:debian:hunspell (1.7.2+really1.7.2-10):1.7.2+really1.7.2-10+b4:*:*:*:*:*:*:*","pkg:deb/debian/hunspell (1.7.2+really1.7.2-10)@1.7.2+really1.7.2-10+b4?arch=arm64","cpe:2.3:a:debian:hunspell (1.7.2+really1.7.2-10):1.7.2+really1.7.2-10+b4:*:*:*:*:*:*:*","pkg:deb/debian/hunspell (1.7.2+really1.7.2-10)@1.7.2+really1.7.2-10+b4?arch=arm64","LIBRARY","debian-target"
"libhwasan0","14.2.0-19","","","","","","","Organization: Debian GCC Maintainers <debian-gcc@lists.debian.org>","Copyright (c) Debian contributors","cpe:2.3:a:debian:gcc-14:14.2.0-19:*:*:*:*:*:*:*","pkg:deb/debian/gcc-14@14.2.0-19?arch=arm64","cpe:2.3:a:debian:gcc-14:14.2.0-19:*:*:*:*:*:*:*","pkg:deb/debian/gcc-14@14.2.0-19?arch=arm64","LIBRARY","debian-target"
"libhwloc-plugins","2.12.0-4","","","","","","","Organization: Samuel Thibault <sthibault@debian.org>","Copyright (c) Debian contributors","cpe:2.3:a:debian:hwloc:2.12.0-4:*:*:*:*:*:*:*","pkg:deb/debian/hwloc@2.12.0-4?arch=arm64","cpe:2.3:a:debian:hwloc:2.12.0-4:*:*:*:*:*:*:*","pkg:deb/debian/hwloc@2.12.0-4?arch=arm64","LIBRARY","debian-target"
"libhwloc15","2.12.0-4","","","","","","","Organization: Samuel Thibault <sthibault@debian.org>","Copyright (c) Debian contributors","cpe:2.3:a:debian:hwloc:2.12.0-4:*:*:*:*:*:*:*","pkg:deb/debian/hwloc@2.12.0-4?arch=arm64","cpe:2.3:a:debian:hwloc:2.12.0-4:*:*:*:*:*:*:*","pkg:deb/debian/hwloc@2.12.0-4?arch=arm64","LIBRARY","debian-target"
"libhwy1t64","1.2.0-2+b2","Apache-2.0","","","","","","Organization: Debian PhotoTools Maintainers <pkg-phototools-devel@lists.alioth.debian.org>","Copyright (c) Debian contributors","cpe:2.3:a:debian:highway (1.2.0-2):1.2.0-2+b2:*:*:*:*:*:*:*","pkg:deb/debian/highway (1.2.0-2)@1.2.0-2+b2?arch=arm64","cpe:2.3:a:debian:highway (1.2.0-2):1.2.0-2+b2:*:*:*:*:*:*:*","pkg:deb/debian/highway (1.2.0-2)@1.2.0-2+b2?arch=arm64","LIBRARY","debian-target"
"libhyphen0","2.8.8-7+b2","GPL-2+ | GPL-2+ or LGPL-2.1+ or MPL-1.1+ | LGPL-2.1+ | MPL-1.1+","","","","","","Organization: Debian LibreOffice Maintainers <debian-openoffice@lists.debian.org>","Copyright (c) Debian contributors","cpe:2.3:a:debian:hyphen (2.8.8-7):2.8.8-7+b2:*:*:*:*:*:*:*","pkg:deb/debian/hyphen (2.8.8-7)@2.8.8-7+b2?arch=arm64","cpe:2.3:a:debian:hyphen (2.8.8-7):2.8.8-7+b2:*:*:*:*:*:*:*","pkg:deb/debian/hyphen (2.8.8-7)@2.8.8-7+b2?arch=arm64","LIBRARY","debian-target"
"libi2c0","4.4-2","GPL-2 | GPL-2+ | LGPL-2.1+","","","","","","Organization: Aurelien Jarno <aurel32@debian.org>","Copyright (c) Debian contributors","cpe:2.3:a:debian:i2c-tools:4.4-2:*:*:*:*:*:*:*","pkg:deb/debian/i2c-tools@4.4-2?arch=arm64","cpe:2.3:a:debian:i2c-tools:4.4-2:*:*:*:*:*:*:*","pkg:deb/debian/i2c-tools@4.4-2?arch=arm64","LIBRARY","debian-target"
"libibmad5","56.1-1","BSD-2-clause | BSD-2-clause or GPL-2 | BSD-3-clause | BSD-3-clause or GPL-2 | BSD-MIT | BSD-MIT or GPL-2 | CC0 | CPL-1.0 | CPL-1.0 or BSD-2-clause or GPL-2 | GPL-2 | GPL-2 or BSD-2-clause | GPL-2 or BSD-3-clause | GPL-2+ | MIT","","","","","","Organization: Benjamin Drung <bdrung@ubuntu.com>","Copyright (c) Debian contributors","cpe:2.3:a:debian:rdma-core:56.1-1:*:*:*:*:*:*:*","pkg:deb/debian/rdma-core@56.1-1?arch=arm64","cpe:2.3:a:debian:rdma-core:56.1-1:*:*:*:*:*:*:*","pkg:deb/debian/rdma-core@56.1-1?arch=arm64","LIBRARY","debian-target"
"libibumad3","56.1-1","BSD-2-clause | BSD-2-clause or GPL-2 | BSD-3-clause | BSD-3-clause or GPL-2 | BSD-MIT | BSD-MIT or GPL-2 | CC0 | CPL-1.0 | CPL-1.0 or BSD-2-clause or GPL-2 | GPL-2 | GPL-2 or BSD-2-clause | GPL-2 or BSD-3-clause | GPL-2+ | MIT","","","","","","Organization: Benjamin Drung <bdrung@ubuntu.com>","Copyright (c) Debian contributors","cpe:2.3:a:debian:rdma-core:56.1-1:*:*:*:*:*:*:*","pkg:deb/debian/rdma-core@56.1-1?arch=arm64","cpe:2.3:a:debian:rdma-core:56.1-1:*:*:*:*:*:*:*","pkg:deb/debian/rdma-core@56.1-1?arch=arm64","LIBRARY","debian-target"
"libibus-1.0-5","1.5.32-2","GPL-2.0+ with autoconf exception | GPL-3.0+ with autoconf exception | ISC-Fujitsu | ISC-Intel | ISC-NCR | ISC-Sun | LGPL-2.0+ | LGPL-2.1+ | MIT | MIT and ISC-NCR | permissive | permissive-author-grant-attribution | permissive-autoconf-m4 | permissive-fsf-grant | permissive-fsf-grant-attribution | permissive-makefile-in","","","","","","Organization: Debian Input Method Team <debian-input-method@lists.debian.org>","Copyright (c) Debian contributors","cpe:2.3:a:debian:ibus:1.5.32-2:*:*:*:*:*:*:*","pkg:deb/debian/ibus@1.5.32-2?arch=arm64","cpe:2.3:a:debian:ibus:1.5.32-2:*:*:*:*:*:*:*","pkg:deb/debian/ibus@1.5.32-2?arch=arm64","LIBRARY","debian-target"
"libibverbs1","56.1-1","BSD-2-clause | BSD-2-clause or GPL-2 | BSD-3-clause | BSD-3-clause or GPL-2 | BSD-MIT | BSD-MIT or GPL-2 | CC0 | CPL-1.0 | CPL-1.0 or BSD-2-clause or GPL-2 | GPL-2 | GPL-2 or BSD-2-clause | GPL-2 or BSD-3-clause | GPL-2+ | MIT","","","","","","Organization: Benjamin Drung <bdrung@ubuntu.com>","Copyright (c) Debian contributors","cpe:2.3:a:debian:rdma-core:56.1-1:*:*:*:*:*:*:*","pkg:deb/debian/rdma-core@56.1-1?arch=arm64","cpe:2.3:a:debian:rdma-core:56.1-1:*:*:*:*:*:*:*","pkg:deb/debian/rdma-core@56.1-1?arch=arm64","LIBRARY","debian-target"
"libical3t64","3.0.20-1+b1","BSD-3-Clause | BSD-3-clause | GPL-1+ or Artistic-1 | LGPL-2.1 | LGPL-2.1 or MPL-2.0 | MPL-2.0","","","","","","Organization: Nicolas Mora <babelouest@debian.org>","Copyright (c) Debian contributors","cpe:2.3:a:debian:libical3 (3.0.20-1):3.0.20-1+b1:*:*:*:*:*:*:*","pkg:deb/debian/libical3 (3.0.20-1)@3.0.20-1+b1?arch=arm64","cpe:2.3:a:debian:libical3 (3.0.20-1):3.0.20-1+b1:*:*:*:*:*:*:*","pkg:deb/debian/libical3 (3.0.20-1)@3.0.20-1+b1?arch=arm64","LIBRARY","debian-target"
"libice-dev","2:1.1.1-1","","","","","","","Organization: Debian X Strike Force <debian-x@lists.debian.org>","Copyright (c) Debian contributors","cpe:2.3:a:debian:libice:2:1.1.1-1:*:*:*:*:*:*:*","pkg:deb/debian/libice@2:1.1.1-1?arch=arm64","cpe:2.3:a:debian:libice:2:1.1.1-1:*:*:*:*:*:*:*","pkg:deb/debian/libice@2:1.1.1-1?arch=arm64","LIBRARY","debian-target"
"libice6","2:1.1.1-1","","","","","","","Organization: Debian X Strike Force <debian-x@lists.debian.org>","Copyright (c) Debian contributors","cpe:2.3:a:debian:libice:2:1.1.1-1:*:*:*:*:*:*:*","pkg:deb/debian/libice@2:1.1.1-1?arch=arm64","cpe:2.3:a:debian:libice:2:1.1.1-1:*:*:*:*:*:*:*","pkg:deb/debian/libice@2:1.1.1-1?arch=arm64","LIBRARY","debian-target"
"libicu-dev","76.1-4","GPL-3 | MIT","","","","","","Organization: Laszlo Boszormenyi (GCS) <gcs@debian.org>","Copyright (c) Debian contributors","cpe:2.3:a:debian:icu:76.1-4:*:*:*:*:*:*:*","pkg:deb/debian/icu@76.1-4?arch=arm64","cpe:2.3:a:debian:icu:76.1-4:*:*:*:*:*:*:*","pkg:deb/debian/icu@76.1-4?arch=arm64","LIBRARY","debian-target"
"libicu76","76.1-4","GPL-3 | MIT","","","","","","Organization: Laszlo Boszormenyi (GCS) <gcs@debian.org>","Copyright (c) Debian contributors","cpe:2.3:a:debian:icu:76.1-4:*:*:*:*:*:*:*","pkg:deb/debian/icu@76.1-4?arch=arm64","cpe:2.3:a:debian:icu:76.1-4:*:*:*:*:*:*:*","pkg:deb/debian/icu@76.1-4?arch=arm64","LIBRARY","debian-target"
"libid3tag0","0.16.3-1","GPL-2+","","","","","","Organization: Debian Multimedia Maintainers <debian-multimedia@lists.debian.org>","Copyright (c) Debian contributors","cpe:2.3:a:debian:libid3tag:0.16.3-1:*:*:*:*:*:*:*","pkg:deb/debian/libid3tag@0.16.3-1?arch=arm64","cpe:2.3:a:debian:libid3tag:0.16.3-1:*:*:*:*:*:*:*","pkg:deb/debian/libid3tag@0.16.3-1?arch=arm64","LIBRARY","debian-target"
"libidn12","1.43-1","Expat | FSFAP | FSFAP-no-warranty | GFDL-NIV-1.3+ | GPL-2+ | GPL-2+-Autoconf | GPL-2+-Autoconf-Archive | GPL-3+ | LGPL-3+ | LGPL-3+ or GPL-2+","","","","","","Organization: Debian Libidn Team <help-libidn@gnu.org>","Copyright (c) Debian contributors","cpe:2.3:a:debian:libidn:1.43-1:*:*:*:*:*:*:*","pkg:deb/debian/libidn@1.43-1?arch=arm64","cpe:2.3:a:debian:libidn:1.43-1:*:*:*:*:*:*:*","pkg:deb/debian/libidn@1.43-1?arch=arm64","LIBRARY","debian-target"
"libidn2-0","2.3.8-2","Expat | GPL-2+ | GPL-3+ | LGPL-3+ | LGPL-3+ or GPL-2+ | Unicode","","","","","","Organization: Debian Libidn team <help-libidn@gnu.org>","Copyright (c) Debian contributors","cpe:2.3:a:debian:libidn2:2.3.8-2:*:*:*:*:*:*:*","pkg:deb/debian/libidn2@2.3.8-2?arch=arm64","cpe:2.3:a:debian:libidn2:2.3.8-2:*:*:*:*:*:*:*","pkg:deb/debian/libidn2@2.3.8-2?arch=arm64","LIBRARY","debian-target"
"libiec61883-0","1.2.0-7","GPL-2+ | LGPL-2+ | LGPL-2.1+","","","","","","Organization: Debian QA Group <packages@qa.debian.org>","Copyright (c) Debian contributors","cpe:2.3:a:debian:libiec61883:1.2.0-7:*:*:*:*:*:*:*","pkg:deb/debian/libiec61883@1.2.0-7?arch=arm64","cpe:2.3:a:debian:libiec61883:1.2.0-7:*:*:*:*:*:*:*","pkg:deb/debian/libiec61883@1.2.0-7?arch=arm64","LIBRARY","debian-target"
"libieee1284-3t64","0.2.11-14.1+b1","","","","","","","Organization: Laszlo Boszormenyi (GCS) <gcs@debian.org>","Copyright (c) Debian contributors","cpe:2.3:a:debian:libieee1284 (0.2.11-14.1):0.2.11-14.1+b1:*:*:*:*:*:*:*","pkg:deb/debian/libieee1284 (0.2.11-14.1)@0.2.11-14.1+b1?arch=arm64","cpe:2.3:a:debian:libieee1284 (0.2.11-14.1):0.2.11-14.1+b1:*:*:*:*:*:*:*","pkg:deb/debian/libieee1284 (0.2.11-14.1)@0.2.11-14.1+b1?arch=arm64","LIBRARY","debian-target"
"libijs-0.35","0.35-15.2","Expat | Expat~X | Expat~X with X exception | GAP | GAP~Makefile.in | GAP~configure | GPL-2+ | GPL-2+ with Autoconf exception","","","","","","Organization: Debian Printing Team <debian-printing@lists.debian.org>","Copyright (c) Debian contributors","cpe:2.3:a:debian:ijs:0.35-15.2:*:*:*:*:*:*:*","pkg:deb/debian/ijs@0.35-15.2?arch=arm64","cpe:2.3:a:debian:ijs:0.35-15.2:*:*:*:*:*:*:*","pkg:deb/debian/ijs@0.35-15.2?arch=arm64","LIBRARY","debian-target"
"libimagequant0","2.18.0-1+b2","CC0 | GPL-3.0+ | MIT","","","","","","Organization: Debian PhotoTools Maintainers <pkg-phototools-devel@lists.alioth.debian.org>","Copyright (c) Debian contributors","cpe:2.3:a:debian:libimagequant (2.18.0-1):2.18.0-1+b2:*:*:*:*:*:*:*","pkg:deb/debian/libimagequant (2.18.0-1)@2.18.0-1+b2?arch=arm64","cpe:2.3:a:debian:libimagequant (2.18.0-1):2.18.0-1+b2:*:*:*:*:*:*:*","pkg:deb/debian/libimagequant (2.18.0-1)@2.18.0-1+b2?arch=arm64","LIBRARY","debian-target"
"libimath-3-1-29t64","3.1.12-1+b3","imath","","","","","","Organization: Debian PhotoTools Maintainers <pkg-phototools-devel@lists.alioth.debian.org>","Copyright (c) Debian contributors","cpe:2.3:a:debian:imath (3.1.12-1):3.1.12-1+b3:*:*:*:*:*:*:*","pkg:deb/debian/imath (3.1.12-1)@3.1.12-1+b3?arch=arm64","cpe:2.3:a:debian:imath (3.1.12-1):3.1.12-1+b3:*:*:*:*:*:*:*","pkg:deb/debian/imath (3.1.12-1)@3.1.12-1+b3?arch=arm64","LIBRARY","debian-target"
"libimath-dev","3.1.12-1+b3","imath","","","","","","Organization: Debian PhotoTools Maintainers <pkg-phototools-devel@lists.alioth.debian.org>","Copyright (c) Debian contributors","cpe:2.3:a:debian:imath (3.1.12-1):3.1.12-1+b3:*:*:*:*:*:*:*","pkg:deb/debian/imath (3.1.12-1)@3.1.12-1+b3?arch=arm64","cpe:2.3:a:debian:imath (3.1.12-1):3.1.12-1+b3:*:*:*:*:*:*:*","pkg:deb/debian/imath (3.1.12-1)@3.1.12-1+b3?arch=arm64","LIBRARY","debian-target"
"libimlib2t64","1.12.4-2","imlib2-license","","","","","","Organization: Markus Koschany <apo@debian.org>","Copyright (c) Debian contributors","cpe:2.3:a:debian:imlib2:1.12.4-2:*:*:*:*:*:*:*","pkg:deb/debian/imlib2@1.12.4-2?arch=arm64","cpe:2.3:a:debian:imlib2:1.12.4-2:*:*:*:*:*:*:*","pkg:deb/debian/imlib2@1.12.4-2?arch=arm64","LIBRARY","debian-target"
"libimobiledevice-1.0-6","1.3.0+git20250228-2","GPL-3+ | LGPL-2.1+","","","","","","Organization: gtkpod Maintainers <pkg-gtkpod-devel@alioth-lists.debian.net>","Copyright (c) Debian contributors","cpe:2.3:a:debian:libimobiledevice:1.3.0+git20250228-2:*:*:*:*:*:*:*","pkg:deb/debian/libimobiledevice@1.3.0+git20250228-2?arch=arm64","cpe:2.3:a:debian:libimobiledevice:1.3.0+git20250228-2:*:*:*:*:*:*:*","pkg:deb/debian/libimobiledevice@1.3.0+git20250228-2?arch=arm64","LIBRARY","debian-target"
"libimobiledevice-glue-1.0-0","1.3.1-1","LGPL-2.1-only | LGPL-2.1-or-later | permissive-1","","","","","","Organization: gtkpod Maintainers <pkg-gtkpod-devel@alioth-lists.debian.net>","Copyright (c) Debian contributors","cpe:2.3:a:debian:libimobiledevice-glue:1.3.1-1:*:*:*:*:*:*:*","pkg:deb/debian/libimobiledevice-glue@1.3.1-1?arch=arm64","cpe:2.3:a:debian:libimobiledevice-glue:1.3.1-1:*:*:*:*:*:*:*","pkg:deb/debian/libimobiledevice-glue@1.3.1-1?arch=arm64","LIBRARY","debian-target"
"libinih1","59-1","BSD-3-Clause","","","","","","Organization: Yangfl <mmyangfl@gmail.com>","Copyright (c) Debian contributors","cpe:2.3:a:debian:libinih:59-1:*:*:*:*:*:*:*","pkg:deb/debian/libinih@59-1?arch=arm64","cpe:2.3:a:debian:libinih:59-1:*:*:*:*:*:*:*","pkg:deb/debian/libinih@59-1?arch=arm64","LIBRARY","debian-target"
"libinireader0","59-1","BSD-3-Clause","","","","","","Organization: Yangfl <mmyangfl@gmail.com>","Copyright (c) Debian contributors","cpe:2.3:a:debian:libinih:59-1:*:*:*:*:*:*:*","pkg:deb/debian/libinih@59-1?arch=arm64","cpe:2.3:a:debian:libinih:59-1:*:*:*:*:*:*:*","pkg:deb/debian/libinih@59-1?arch=arm64","LIBRARY","debian-target"
"libinput-bin","1.28.1-1+deb13u1","Expat | GPL-2","","","","","","Organization: Debian X Strike Force <debian-x@lists.debian.org>","Copyright (c) Debian contributors","cpe:2.3:a:debian:libinput:1.28.1-1+deb13u1:*:*:*:*:*:*:*","pkg:deb/debian/libinput@1.28.1-1+deb13u1?arch=arm64","cpe:2.3:a:debian:libinput:1.28.1-1+deb13u1:*:*:*:*:*:*:*","pkg:deb/debian/libinput@1.28.1-1+deb13u1?arch=arm64","LIBRARY","debian-target"
"libinput-dev","1.28.1-1+deb13u1","Expat | GPL-2","","","","","","Organization: Debian X Strike Force <debian-x@lists.debian.org>","Copyright (c) Debian contributors","cpe:2.3:a:debian:libinput:1.28.1-1+deb13u1:*:*:*:*:*:*:*","pkg:deb/debian/libinput@1.28.1-1+deb13u1?arch=arm64","cpe:2.3:a:debian:libinput:1.28.1-1+deb13u1:*:*:*:*:*:*:*","pkg:deb/debian/libinput@1.28.1-1+deb13u1?arch=arm64","LIBRARY","debian-target"
"libinput10","1.28.1-1+deb13u1","Expat | GPL-2","","","","","","Organization: Debian X Strike Force <debian-x@lists.debian.org>","Copyright (c) Debian contributors","cpe:2.3:a:debian:libinput:1.28.1-1+deb13u1:*:*:*:*:*:*:*","pkg:deb/debian/libinput@1.28.1-1+deb13u1?arch=arm64","cpe:2.3:a:debian:libinput:1.28.1-1+deb13u1:*:*:*:*:*:*:*","pkg:deb/debian/libinput@1.28.1-1+deb13u1?arch=arm64","LIBRARY","debian-target"
"libinstpatch-1.0-2","1.1.6-1+b2","LGPL-2.1 | Public_Domain_1 | Public_Domain_2","","","","","","Organization: Debian Multimedia Maintainers <debian-multimedia@lists.debian.org>","Copyright (c) Debian contributors","cpe:2.3:a:debian:libinstpatch (1.1.6-1):1.1.6-1+b2:*:*:*:*:*:*:*","pkg:deb/debian/libinstpatch (1.1.6-1)@1.1.6-1+b2?arch=arm64","cpe:2.3:a:debian:libinstpatch (1.1.6-1):1.1.6-1+b2:*:*:*:*:*:*:*","pkg:deb/debian/libinstpatch (1.1.6-1)@1.1.6-1+b2?arch=arm64","LIBRARY","debian-target"
"libio-html-perl","1.004-3","Artistic | Artistic or GPL-1+ | GPL-1+ | GPL-3+","","","","","","Organization: Debian Perl Group <pkg-perl-maintainers@lists.alioth.debian.org>","Copyright (c) Debian contributors","cpe:2.3:a:debian:libio-html-perl:1.004-3:*:*:*:*:*:*:*","pkg:deb/debian/libio-html-perl@1.004-3?arch=all","cpe:2.3:a:debian:libio-html-perl:1.004-3:*:*:*:*:*:*:*","pkg:deb/debian/libio-html-perl@1.004-3?arch=all","APPLICATION","debian-target"
"libio-socket-ssl-perl","2.089-1","Artistic | Artistic or GPL-1+ | GPL-1+","","","","","","Organization: Debian Perl Group <pkg-perl-maintainers@lists.alioth.debian.org>","Copyright (c) Debian contributors","cpe:2.3:a:debian:libio-socket-ssl-perl:2.089-1:*:*:*:*:*:*:*","pkg:deb/debian/libio-socket-ssl-perl@2.089-1?arch=all","cpe:2.3:a:debian:libio-socket-ssl-perl:2.089-1:*:*:*:*:*:*:*","pkg:deb/debian/libio-socket-ssl-perl@2.089-1?arch=all","APPLICATION","debian-target"
"libip4tc2","1.8.11-2","Artistic | GPL-2 | GPL-2+ | custom","","","","","","Organization: Debian Netfilter Packaging Team <team+pkg-netfilter-team@tracker.debian.org>","Copyright (c) Debian contributors","cpe:2.3:a:debian:iptables:1.8.11-2:*:*:*:*:*:*:*","pkg:deb/debian/iptables@1.8.11-2?arch=arm64","cpe:2.3:a:debian:iptables:1.8.11-2:*:*:*:*:*:*:*","pkg:deb/debian/iptables@1.8.11-2?arch=arm64","LIBRARY","debian-target"
"libip6tc2","1.8.11-2","Artistic | GPL-2 | GPL-2+ | custom","","","","","","Organization: Debian Netfilter Packaging Team <team+pkg-netfilter-team@tracker.debian.org>","Copyright (c) Debian contributors","cpe:2.3:a:debian:iptables:1.8.11-2:*:*:*:*:*:*:*","pkg:deb/debian/iptables@1.8.11-2?arch=arm64","cpe:2.3:a:debian:iptables:1.8.11-2:*:*:*:*:*:*:*","pkg:deb/debian/iptables@1.8.11-2?arch=arm64","LIBRARY","debian-target"
"libiptcdata0","1.0.5-2.4","","","","","","","Organization: Ian Wienand <ianw@debian.org>","Copyright (c) Debian contributors","cpe:2.3:a:debian:libiptcdata:1.0.5-2.4:*:*:*:*:*:*:*","pkg:deb/debian/libiptcdata@1.0.5-2.4?arch=arm64","cpe:2.3:a:debian:libiptcdata:1.0.5-2.4:*:*:*:*:*:*:*","pkg:deb/debian/libiptcdata@1.0.5-2.4?arch=arm64","LIBRARY","debian-target"
"libisl23","0.27-1","BSD-2-clause | LGPL-2.1+ | MIT","","","","","","Organization: Debian GCC Maintainers <debian-gcc@lists.debian.org>","Copyright (c) Debian contributors","cpe:2.3:a:debian:isl:0.27-1:*:*:*:*:*:*:*","pkg:deb/debian/isl@0.27-1?arch=arm64","cpe:2.3:a:debian:isl:0.27-1:*:*:*:*:*:*:*","pkg:deb/debian/isl@0.27-1?arch=arm64","LIBRARY","debian-target"
"libitm1","14.2.0-19","","","","","","","Organization: Debian GCC Maintainers <debian-gcc@lists.debian.org>","Copyright (c) Debian contributors","cpe:2.3:a:debian:gcc-14:14.2.0-19:*:*:*:*:*:*:*","pkg:deb/debian/gcc-14@14.2.0-19?arch=arm64","cpe:2.3:a:debian:gcc-14:14.2.0-19:*:*:*:*:*:*:*","pkg:deb/debian/gcc-14@14.2.0-19?arch=arm64","LIBRARY","debian-target"
"libiw30t64","30~pre9-18+b1","","","","","","","Organization: Debian QA Group <packages@qa.debian.org>","Copyright (c) Debian contributors","cpe:2.3:a:debian:wireless-tools (30~pre9-18):30~pre9-18+b1:*:*:*:*:*:*:*","pkg:deb/debian/wireless-tools (30~pre9-18)@30~pre9-18+b1?arch=arm64","cpe:2.3:a:debian:wireless-tools (30~pre9-18):30~pre9-18+b1:*:*:*:*:*:*:*","pkg:deb/debian/wireless-tools (30~pre9-18)@30~pre9-18+b1?arch=arm64","LIBRARY","debian-target"
"libjack-jackd2-0","1.9.22~dfsg-4","BSD-2-clause | BSD-3-clause | Expat | GPL-2 | GPL-2+ | GPL-2~either | GPL-2~or | LGPL-2+ | LGPL-2.1+ | public-domain~Kroon","","","","","","Organization: Debian Multimedia Maintainers <debian-multimedia@lists.debian.org>","Copyright (c) Debian contributors","cpe:2.3:a:debian:jackd2:1.9.22~dfsg-4:*:*:*:*:*:*:*","pkg:deb/debian/jackd2@1.9.22~dfsg-4?arch=arm64","cpe:2.3:a:debian:jackd2:1.9.22~dfsg-4:*:*:*:*:*:*:*","pkg:deb/debian/jackd2@1.9.22~dfsg-4?arch=arm64","LIBRARY","debian-target"
"libjansson4","2.14-2+b3","Expat","","","","","","Organization: Alessandro Ghedini <ghedo@debian.org>","Copyright (c) Debian contributors","cpe:2.3:a:debian:jansson (2.14-2):2.14-2+b3:*:*:*:*:*:*:*","pkg:deb/debian/jansson (2.14-2)@2.14-2+b3?arch=arm64","cpe:2.3:a:debian:jansson (2.14-2):2.14-2+b3:*:*:*:*:*:*:*","pkg:deb/debian/jansson (2.14-2)@2.14-2+b3?arch=arm64","LIBRARY","debian-target"
"libjavascriptcoregtk-4.1-0","2.52.3-2~deb13u1","AFL-2.0 | AFL-2.0 or LGPL-2+ | Apache-2.0 | BSD-2-Clause-Patent | BSD-2-clause | BSD-2-clause or BSL-1.0 | BSD-2-clause or Expat | BSD-3-clause-adam-barth | BSD-3-clause-apple | BSD-3-clause-canon | BSD-3-clause-code-aurora | BSD-3-clause-copyright-holder | BSD-3-clause-ericsson | BSD-3-clause-google | BSD-3-clause-jochen-kalmbach | BSD-3-clause-microsoft | BSD-3-clause-motorola | BSD-3-clause-opera | BSD-4-clause-valgrind | BSL-1.0 | Expat | GPL-2+ | GPL-2+ or LGPL-2.1+ or MPL-1.1 | GPL-2+ with Bison exception | GPL-3+ | GPL-3+ with Bison exception | ISC | LGPL-2 | LGPL-2+ | LGPL-2+ or MPL-1.1 | LGPL-2.1 | LGPL-2.1+ | LGPL-2.1+ or MPL-1.1 | MPL-1.1 | MPL-2.0","","","","","","Organization: Debian WebKit Maintainers <pkg-webkit-maintainers@lists.alioth.debian.org>","Copyright (c) Debian contributors","cpe:2.3:a:debian:webkit2gtk:2.52.3-2~deb13u1:*:*:*:*:*:*:*","pkg:deb/debian/webkit2gtk@2.52.3-2~deb13u1?arch=arm64","cpe:2.3:a:debian:webkit2gtk:2.52.3-2~deb13u1:*:*:*:*:*:*:*","pkg:deb/debian/webkit2gtk@2.52.3-2~deb13u1?arch=arm64","LIBRARY","debian-target"
"libjavascriptcoregtk-6.0-1","2.52.3-2~deb13u1","AFL-2.0 | AFL-2.0 or LGPL-2+ | Apache-2.0 | BSD-2-Clause-Patent | BSD-2-clause | BSD-2-clause or BSL-1.0 | BSD-2-clause or Expat | BSD-3-clause-adam-barth | BSD-3-clause-apple | BSD-3-clause-canon | BSD-3-clause-code-aurora | BSD-3-clause-copyright-holder | BSD-3-clause-ericsson | BSD-3-clause-google | BSD-3-clause-jochen-kalmbach | BSD-3-clause-microsoft | BSD-3-clause-motorola | BSD-3-clause-opera | BSD-4-clause-valgrind | BSL-1.0 | Expat | GPL-2+ | GPL-2+ or LGPL-2.1+ or MPL-1.1 | GPL-2+ with Bison exception | GPL-3+ | GPL-3+ with Bison exception | ISC | LGPL-2 | LGPL-2+ | LGPL-2+ or MPL-1.1 | LGPL-2.1 | LGPL-2.1+ | LGPL-2.1+ or MPL-1.1 | MPL-1.1 | MPL-2.0","","","","","","Organization: Debian WebKit Maintainers <pkg-webkit-maintainers@lists.alioth.debian.org>","Copyright (c) Debian contributors","cpe:2.3:a:debian:webkit2gtk:2.52.3-2~deb13u1:*:*:*:*:*:*:*","pkg:deb/debian/webkit2gtk@2.52.3-2~deb13u1?arch=arm64","cpe:2.3:a:debian:webkit2gtk:2.52.3-2~deb13u1:*:*:*:*:*:*:*","pkg:deb/debian/webkit2gtk@2.52.3-2~deb13u1?arch=arm64","LIBRARY","debian-target"
"libjbig-dev","2.1-6.1+b2","GPL-2+","","","","","","Organization: Michael van der Kolff <mvanderkolff@gmail.com>","Copyright (c) Debian contributors","cpe:2.3:a:debian:jbigkit (2.1-6.1):2.1-6.1+b2:*:*:*:*:*:*:*","pkg:deb/debian/jbigkit (2.1-6.1)@2.1-6.1+b2?arch=arm64","cpe:2.3:a:debian:jbigkit (2.1-6.1):2.1-6.1+b2:*:*:*:*:*:*:*","pkg:deb/debian/jbigkit (2.1-6.1)@2.1-6.1+b2?arch=arm64","LIBRARY","debian-target"
"libjbig0","2.1-6.1+b2","GPL-2+","","","","","","Organization: Michael van der Kolff <mvanderkolff@gmail.com>","Copyright (c) Debian contributors","cpe:2.3:a:debian:jbigkit (2.1-6.1):2.1-6.1+b2:*:*:*:*:*:*:*","pkg:deb/debian/jbigkit (2.1-6.1)@2.1-6.1+b2?arch=arm64","cpe:2.3:a:debian:jbigkit (2.1-6.1):2.1-6.1+b2:*:*:*:*:*:*:*","pkg:deb/debian/jbigkit (2.1-6.1)@2.1-6.1+b2?arch=arm64","LIBRARY","debian-target"
"libjbig2dec0","0.20-1+b3","AGPL-3+ | BSD-2-clause | GPL-3+ | LGPL-2.1+ | pubic-domain | public-domain","","","","","","Organization: Debian Printing Team <debian-printing@lists.debian.org>","Copyright (c) Debian contributors","cpe:2.3:a:debian:jbig2dec (0.20-1):0.20-1+b3:*:*:*:*:*:*:*","pkg:deb/debian/jbig2dec (0.20-1)@0.20-1+b3?arch=arm64","cpe:2.3:a:debian:jbig2dec (0.20-1):0.20-1+b3:*:*:*:*:*:*:*","pkg:deb/debian/jbig2dec (0.20-1)@0.20-1+b3?arch=arm64","LIBRARY","debian-target"
"libjim0.83","0.83-2","BSD-2-clause | ISC | NTP | TCL","","","","","","Organization: Bo YU <tsu.yubo@gmail.com>","Copyright (c) Debian contributors","cpe:2.3:a:debian:jimtcl:0.83-2:*:*:*:*:*:*:*","pkg:deb/debian/jimtcl@0.83-2?arch=arm64","cpe:2.3:a:debian:jimtcl:0.83-2:*:*:*:*:*:*:*","pkg:deb/debian/jimtcl@0.83-2?arch=arm64","LIBRARY","debian-target"
"libjpeg-dev","1:2.1.5-4","BSD-3-clause | BSD-BY-LC-NE | Expat | NTP | Zlib | zlib","","","","","","Organization: Ondřej Surý <ondrej@debian.org>","Copyright (c) Debian contributors","cpe:2.3:a:debian:libjpeg-turbo:1:2.1.5-4:*:*:*:*:*:*:*","pkg:deb/debian/libjpeg-turbo@1:2.1.5-4?arch=arm64","cpe:2.3:a:debian:libjpeg-turbo:1:2.1.5-4:*:*:*:*:*:*:*","pkg:deb/debian/libjpeg-turbo@1:2.1.5-4?arch=arm64","LIBRARY","debian-target"
"libjpeg62-turbo","1:2.1.5-4","BSD-3-clause | BSD-BY-LC-NE | Expat | NTP | Zlib | zlib","","","","","","Organization: Ondřej Surý <ondrej@debian.org>","Copyright (c) Debian contributors","cpe:2.3:a:debian:libjpeg-turbo:1:2.1.5-4:*:*:*:*:*:*:*","pkg:deb/debian/libjpeg-turbo@1:2.1.5-4?arch=arm64","cpe:2.3:a:debian:libjpeg-turbo:1:2.1.5-4:*:*:*:*:*:*:*","pkg:deb/debian/libjpeg-turbo@1:2.1.5-4?arch=arm64","LIBRARY","debian-target"
"libjpeg62-turbo-dev","1:2.1.5-4","BSD-3-clause | BSD-BY-LC-NE | Expat | NTP | Zlib | zlib","","","","","","Organization: Ondřej Surý <ondrej@debian.org>","Copyright (c) Debian contributors","cpe:2.3:a:debian:libjpeg-turbo:1:2.1.5-4:*:*:*:*:*:*:*","pkg:deb/debian/libjpeg-turbo@1:2.1.5-4?arch=arm64","cpe:2.3:a:debian:libjpeg-turbo:1:2.1.5-4:*:*:*:*:*:*:*","pkg:deb/debian/libjpeg-turbo@1:2.1.5-4?arch=arm64","LIBRARY","debian-target"
"libjson-c5","0.18+ds-1","Expat","","","","","","Organization: Nicolas Mora <babelouest@debian.org>","Copyright (c) Debian contributors","cpe:2.3:a:debian:json-c:0.18+ds-1:*:*:*:*:*:*:*","pkg:deb/debian/json-c@0.18+ds-1?arch=arm64","cpe:2.3:a:debian:json-c:0.18+ds-1:*:*:*:*:*:*:*","pkg:deb/debian/json-c@0.18+ds-1?arch=arm64","LIBRARY","debian-target"
"libjson-glib-1.0-0","1.10.6+ds-2","CC0-1.0 | Expat | LGPL-2.1+","","","","","","Organization: Debian GNOME Maintainers <pkg-gnome-maintainers@lists.alioth.debian.org>","Copyright (c) Debian contributors","cpe:2.3:a:debian:json-glib:1.10.6+ds-2:*:*:*:*:*:*:*","pkg:deb/debian/json-glib@1.10.6+ds-2?arch=arm64","cpe:2.3:a:debian:json-glib:1.10.6+ds-2:*:*:*:*:*:*:*","pkg:deb/debian/json-glib@1.10.6+ds-2?arch=arm64","LIBRARY","debian-target"
"libjson-glib-1.0-common","1.10.6+ds-2","CC0-1.0 | Expat | LGPL-2.1+","","","","","","Organization: Debian GNOME Maintainers <pkg-gnome-maintainers@lists.alioth.debian.org>","Copyright (c) Debian contributors","cpe:2.3:a:debian:json-glib:1.10.6+ds-2:*:*:*:*:*:*:*","pkg:deb/debian/json-glib@1.10.6+ds-2?arch=all","cpe:2.3:a:debian:json-glib:1.10.6+ds-2:*:*:*:*:*:*:*","pkg:deb/debian/json-glib@1.10.6+ds-2?arch=all","LIBRARY","debian-target"
"libjson-glib-dev","1.10.6+ds-2","CC0-1.0 | Expat | LGPL-2.1+","","","","","","Organization: Debian GNOME Maintainers <pkg-gnome-maintainers@lists.alioth.debian.org>","Copyright (c) Debian contributors","cpe:2.3:a:debian:json-glib:1.10.6+ds-2:*:*:*:*:*:*:*","pkg:deb/debian/json-glib@1.10.6+ds-2?arch=arm64","cpe:2.3:a:debian:json-glib:1.10.6+ds-2:*:*:*:*:*:*:*","pkg:deb/debian/json-glib@1.10.6+ds-2?arch=arm64","LIBRARY","debian-target"
"libjsoncpp26","1.9.6-3","Expat_or_PublicDomain_or_DualExpatPD | GPL-3+","","","","","","Organization: Timo Röhling <roehling@debian.org>","Copyright (c) Debian contributors","cpe:2.3:a:debian:libjsoncpp:1.9.6-3:*:*:*:*:*:*:*","pkg:deb/debian/libjsoncpp@1.9.6-3?arch=arm64","cpe:2.3:a:debian:libjsoncpp:1.9.6-3:*:*:*:*:*:*:*","pkg:deb/debian/libjsoncpp@1.9.6-3?arch=arm64","LIBRARY","debian-target"
"libjudydebian1","1.0.5-5.1+b1","","","","","","","Organization: Troy Heber <troyh@debian.org>","Copyright (c) Debian contributors","cpe:2.3:a:debian:judy (1.0.5-5.1):1.0.5-5.1+b1:*:*:*:*:*:*:*","pkg:deb/debian/judy (1.0.5-5.1)@1.0.5-5.1+b1?arch=arm64","cpe:2.3:a:debian:judy (1.0.5-5.1):1.0.5-5.1+b1:*:*:*:*:*:*:*","pkg:deb/debian/judy (1.0.5-5.1)@1.0.5-5.1+b1?arch=arm64","LIBRARY","debian-target"
"libjxl-gdk-pixbuf","0.11.2-0.1~deb13u2","BSD-3-clause-Google | ISC-License","","","","","","Organization: Debian PhotoTools Maintainers <pkg-phototools-devel@lists.alioth.debian.org>","Copyright (c) Debian contributors","cpe:2.3:a:debian:jpeg-xl:0.11.2-0.1~deb13u2:*:*:*:*:*:*:*","pkg:deb/debian/jpeg-xl@0.11.2-0.1~deb13u2?arch=arm64","cpe:2.3:a:debian:jpeg-xl:0.11.2-0.1~deb13u2:*:*:*:*:*:*:*","pkg:deb/debian/jpeg-xl@0.11.2-0.1~deb13u2?arch=arm64","LIBRARY","debian-target"
"libjxl0.11","0.11.2-0.1~deb13u2","BSD-3-clause-Google | ISC-License","","","","","","Organization: Debian PhotoTools Maintainers <pkg-phototools-devel@lists.alioth.debian.org>","Copyright (c) Debian contributors","cpe:2.3:a:debian:jpeg-xl:0.11.2-0.1~deb13u2:*:*:*:*:*:*:*","pkg:deb/debian/jpeg-xl@0.11.2-0.1~deb13u2?arch=arm64","cpe:2.3:a:debian:jpeg-xl:0.11.2-0.1~deb13u2:*:*:*:*:*:*:*","pkg:deb/debian/jpeg-xl@0.11.2-0.1~deb13u2?arch=arm64","LIBRARY","debian-target"
"libk5crypto3","1.21.3-5+deb13u1","","","","","","","Organization: Sam Hartman <hartmans@debian.org>","Copyright (c) Debian contributors","cpe:2.3:a:debian:krb5:1.21.3-5+deb13u1:*:*:*:*:*:*:*","pkg:deb/debian/krb5@1.21.3-5+deb13u1?arch=arm64","cpe:2.3:a:debian:krb5:1.21.3-5+deb13u1:*:*:*:*:*:*:*","pkg:deb/debian/krb5@1.21.3-5+deb13u1?arch=arm64","LIBRARY","debian-target"
"libkeyutils1","1.6.3-6","GPL-2+ | LGPL-2+","","","","","","Organization: Christian Kastner <ckk@debian.org>","Copyright (c) Debian contributors","cpe:2.3:a:debian:keyutils:1.6.3-6:*:*:*:*:*:*:*","pkg:deb/debian/keyutils@1.6.3-6?arch=arm64","cpe:2.3:a:debian:keyutils:1.6.3-6:*:*:*:*:*:*:*","pkg:deb/debian/keyutils@1.6.3-6?arch=arm64","LIBRARY","debian-target"
"libklibc","2.0.14-1","","","","","","","Organization: Debian Kernel Team <debian-kernel@lists.debian.org>","Copyright (c) Debian contributors","cpe:2.3:a:debian:klibc:2.0.14-1:*:*:*:*:*:*:*","pkg:deb/debian/klibc@2.0.14-1?arch=arm64","cpe:2.3:a:debian:klibc:2.0.14-1:*:*:*:*:*:*:*","pkg:deb/debian/klibc@2.0.14-1?arch=arm64","LIBRARY","debian-target"
"libkmlbase1t64","1.3.0-12+b2","BSD-3-Clause | GPL-3+ | zlib","","","","","","Organization: Debian GIS Project <pkg-grass-devel@lists.alioth.debian.org>","Copyright (c) Debian contributors","cpe:2.3:a:debian:libkml (1.3.0-12):1.3.0-12+b2:*:*:*:*:*:*:*","pkg:deb/debian/libkml (1.3.0-12)@1.3.0-12+b2?arch=arm64","cpe:2.3:a:debian:libkml (1.3.0-12):1.3.0-12+b2:*:*:*:*:*:*:*","pkg:deb/debian/libkml (1.3.0-12)@1.3.0-12+b2?arch=arm64","LIBRARY","debian-target"
"libkmldom1t64","1.3.0-12+b2","BSD-3-Clause | GPL-3+ | zlib","","","","","","Organization: Debian GIS Project <pkg-grass-devel@lists.alioth.debian.org>","Copyright (c) Debian contributors","cpe:2.3:a:debian:libkml (1.3.0-12):1.3.0-12+b2:*:*:*:*:*:*:*","pkg:deb/debian/libkml (1.3.0-12)@1.3.0-12+b2?arch=arm64","cpe:2.3:a:debian:libkml (1.3.0-12):1.3.0-12+b2:*:*:*:*:*:*:*","pkg:deb/debian/libkml (1.3.0-12)@1.3.0-12+b2?arch=arm64","LIBRARY","debian-target"
"libkmlengine1t64","1.3.0-12+b2","BSD-3-Clause | GPL-3+ | zlib","","","","","","Organization: Debian GIS Project <pkg-grass-devel@lists.alioth.debian.org>","Copyright (c) Debian contributors","cpe:2.3:a:debian:libkml (1.3.0-12):1.3.0-12+b2:*:*:*:*:*:*:*","pkg:deb/debian/libkml (1.3.0-12)@1.3.0-12+b2?arch=arm64","cpe:2.3:a:debian:libkml (1.3.0-12):1.3.0-12+b2:*:*:*:*:*:*:*","pkg:deb/debian/libkml (1.3.0-12)@1.3.0-12+b2?arch=arm64","LIBRARY","debian-target"
"libkmod2","34.2-2","GPL-2+ | LGPL-2.1+","","","","","","Organization: Marco d'Itri <md@linux.it>","Copyright (c) Debian contributors","cpe:2.3:a:debian:kmod:34.2-2:*:*:*:*:*:*:*","pkg:deb/debian/kmod@34.2-2?arch=arm64","cpe:2.3:a:debian:kmod:34.2-2:*:*:*:*:*:*:*","pkg:deb/debian/kmod@34.2-2?arch=arm64","LIBRARY","debian-target"
"libkpathsea6","2024.20240313.70630+ds-6","GPL-2+ | LPPL | MIT | TeX-Live","","","","","","Organization: Debian TeX Task Force <debian-tex-maint@lists.debian.org>","Copyright (c) Debian contributors","cpe:2.3:a:debian:texlive-bin:2024.20240313.70630+ds-6:*:*:*:*:*:*:*","pkg:deb/debian/texlive-bin@2024.20240313.70630+ds-6?arch=arm64","cpe:2.3:a:debian:texlive-bin:2024.20240313.70630+ds-6:*:*:*:*:*:*:*","pkg:deb/debian/texlive-bin@2024.20240313.70630+ds-6?arch=arm64","LIBRARY","debian-target"
"libkrb5-3","1.21.3-5+deb13u1","","","","","","","Organization: Sam Hartman <hartmans@debian.org>","Copyright (c) Debian contributors","cpe:2.3:a:debian:krb5:1.21.3-5+deb13u1:*:*:*:*:*:*:*","pkg:deb/debian/krb5@1.21.3-5+deb13u1?arch=arm64","cpe:2.3:a:debian:krb5:1.21.3-5+deb13u1:*:*:*:*:*:*:*","pkg:deb/debian/krb5@1.21.3-5+deb13u1?arch=arm64","LIBRARY","debian-target"
"libkrb5support0","1.21.3-5+deb13u1","","","","","","","Organization: Sam Hartman <hartmans@debian.org>","Copyright (c) Debian contributors","cpe:2.3:a:debian:krb5:1.21.3-5+deb13u1:*:*:*:*:*:*:*","pkg:deb/debian/krb5@1.21.3-5+deb13u1?arch=arm64","cpe:2.3:a:debian:krb5:1.21.3-5+deb13u1:*:*:*:*:*:*:*","pkg:deb/debian/krb5@1.21.3-5+deb13u1?arch=arm64","LIBRARY","debian-target"
"libksba8","1.6.7-2+b1","FSFUL | LGPL-2.1-or-later","","","","","","Organization: Debian GnuTLS Maintainers <pkg-gnutls-maint@lists.alioth.debian.org>","Copyright (c) Debian contributors","cpe:2.3:a:debian:libksba (1.6.7-2):1.6.7-2+b1:*:*:*:*:*:*:*","pkg:deb/debian/libksba (1.6.7-2)@1.6.7-2+b1?arch=arm64","cpe:2.3:a:debian:libksba (1.6.7-2):1.6.7-2+b1:*:*:*:*:*:*:*","pkg:deb/debian/libksba (1.6.7-2)@1.6.7-2+b1?arch=arm64","LIBRARY","debian-target"
"liblapack3","3.12.1-6","BSD-3-clause | BSD-3-clause-intel","","","","","","Organization: Debian Science Team <debian-science-maintainers@lists.alioth.debian.org>","Copyright (c) Debian contributors","cpe:2.3:a:debian:lapack:3.12.1-6:*:*:*:*:*:*:*","pkg:deb/debian/lapack@3.12.1-6?arch=arm64","cpe:2.3:a:debian:lapack:3.12.1-6:*:*:*:*:*:*:*","pkg:deb/debian/lapack@3.12.1-6?arch=arm64","LIBRARY","debian-target"
"liblastlog2-2","2.41-5","BSD-2-clause | BSD-3-clause | BSD-4-clause | BSLA | Expat | GPL-2 | GPL-2+ | GPL-3+ | ISC | LGPL | LGPL-2+ | LGPL-2.1+ | LGPL-3+ | public-domain","","","","","","Organization: Chris Hofstaedtler <zeha@debian.org>","Copyright (c) Debian contributors","cpe:2.3:a:debian:util-linux:2.41-5:*:*:*:*:*:*:*","pkg:deb/debian/util-linux@2.41-5?arch=arm64","cpe:2.3:a:debian:util-linux:2.41-5:*:*:*:*:*:*:*","pkg:deb/debian/util-linux@2.41-5?arch=arm64","LIBRARY","debian-target"
"liblc3-1","1.1.3+dfsg-1","Apache-2.0","","","","","","Organization: Debian Multimedia Maintainers <debian-multimedia@lists.debian.org>","Copyright (c) Debian contributors","cpe:2.3:a:debian:liblc3:1.1.3+dfsg-1:*:*:*:*:*:*:*","pkg:deb/debian/liblc3@1.1.3+dfsg-1?arch=arm64","cpe:2.3:a:debian:liblc3:1.1.3+dfsg-1:*:*:*:*:*:*:*","pkg:deb/debian/liblc3@1.1.3+dfsg-1?arch=arm64","LIBRARY","debian-target"
"liblcms2-2","2.16-2+deb13u2","GPL-2+ | GPL-3 | IJG | MIT","","","","","","Organization: Thomas Weber <tweber@debian.org>","Copyright (c) Debian contributors","cpe:2.3:a:debian:lcms2:2.16-2+deb13u2:*:*:*:*:*:*:*","pkg:deb/debian/lcms2@2.16-2+deb13u2?arch=arm64","cpe:2.3:a:debian:lcms2:2.16-2+deb13u2:*:*:*:*:*:*:*","pkg:deb/debian/lcms2@2.16-2+deb13u2?arch=arm64","LIBRARY","debian-target"
"libldacbt-abr2","2.0.2.3+git20200429+ed310a0-5","Apache-2","","","","","","Organization: Debian Multimedia Maintainers <debian-multimedia@lists.debian.org>","Copyright (c) Debian contributors","cpe:2.3:a:debian:libldac:2.0.2.3+git20200429+ed310a0-5:*:*:*:*:*:*:*","pkg:deb/debian/libldac@2.0.2.3+git20200429+ed310a0-5?arch=arm64","cpe:2.3:a:debian:libldac:2.0.2.3+git20200429+ed310a0-5:*:*:*:*:*:*:*","pkg:deb/debian/libldac@2.0.2.3+git20200429+ed310a0-5?arch=arm64","LIBRARY","debian-target"
"libldacbt-enc2","2.0.2.3+git20200429+ed310a0-5","Apache-2","","","","","","Organization: Debian Multimedia Maintainers <debian-multimedia@lists.debian.org>","Copyright (c) Debian contributors","cpe:2.3:a:debian:libldac:2.0.2.3+git20200429+ed310a0-5:*:*:*:*:*:*:*","pkg:deb/debian/libldac@2.0.2.3+git20200429+ed310a0-5?arch=arm64","cpe:2.3:a:debian:libldac:2.0.2.3+git20200429+ed310a0-5:*:*:*:*:*:*:*","pkg:deb/debian/libldac@2.0.2.3+git20200429+ed310a0-5?arch=arm64","LIBRARY","debian-target"
"libldap2","2.6.10+dfsg-1","BSD-3-clause | BSD-3-clause-California | BSD-3-clause-variant | BSD-4-clause-California | Beerware | Expat | Expat-ISC | Expat-UNM | F5 | FSF-unlimited | FSF-unlimited and GPL-2+ with Autoconf exception | FSF-unlimited and GPL-2+ with Libtool exception | FSF-unlimited and OpenLDAP-2.8 | GPL-2+ | GPL-2+ with Autoconf exception | GPL-2+ with Libtool exception | GPL-2+ with Libtool exception and GPL-3+ with Libtool exception and GPL-3+ | GPL-3+ | GPL-3+ with Autoconf exception | GPL-3+ with Libtool exception | JCG | MIT-XC | NeoSoft-permissive | OpenLDAP-2.8 | OpenLDAP-2.8 and BSD-3-clause | OpenLDAP-2.8 and BSD-3-clause-variant | OpenLDAP-2.8 and BSD-4-clause-California | OpenLDAP-2.8 and Beerware | OpenLDAP-2.8 and Expat | OpenLDAP-2.8 and Expat-ISC | OpenLDAP-2.8 and Expat-UNM | OpenLDAP-2.8 and FSF-unlimited and GPL-2+ with Libtool exception | OpenLDAP-2.8 and JCG and UMich | OpenLDAP-2.8 and UMich | OpenLDAP-2.8 and UMich and F5 | UMich | public-domain","","","","","","Organization: Debian OpenLDAP Maintainers <pkg-openldap-devel@lists.alioth.debian.org>","Copyright (c) Debian contributors","cpe:2.3:a:debian:openldap:2.6.10+dfsg-1:*:*:*:*:*:*:*","pkg:deb/debian/openldap@2.6.10+dfsg-1?arch=arm64","cpe:2.3:a:debian:openldap:2.6.10+dfsg-1:*:*:*:*:*:*:*","pkg:deb/debian/openldap@2.6.10+dfsg-1?arch=arm64","LIBRARY","debian-target"
"libldb2","2:2.11.0+samba4.22.8+dfsg-0+deb13u2","BSD-3 | GPL-3 | GPL-3.0+ | ISC | LGPL-3.0+ | MS-ADSL | PostgreSQL","","","","","","Organization: Debian Samba Maintainers <pkg-samba-maint@lists.alioth.debian.org>","Copyright (c) Debian contributors","cpe:2.3:a:debian:samba (2:4.22.8+dfsg-0+deb13u2):2:2.11.0+samba4.22.8+dfsg-0+deb13u2:*:*:*:*:*:*:*","pkg:deb/debian/samba (2:4.22.8+dfsg-0+deb13u2)@2:2.11.0+samba4.22.8+dfsg-0+deb13u2?arch=arm64","cpe:2.3:a:debian:samba (2:4.22.8+dfsg-0+deb13u2):2:2.11.0+samba4.22.8+dfsg-0+deb13u2:*:*:*:*:*:*:*","pkg:deb/debian/samba (2:4.22.8+dfsg-0+deb13u2)@2:2.11.0+samba4.22.8+dfsg-0+deb13u2?arch=arm64","LIBRARY","debian-target"
"libleptonica6","1.84.1-4","","","","","","","Organization: Jeff Breidenbach <jab@debian.org>","Copyright (c) Debian contributors","cpe:2.3:a:debian:leptonlib:1.84.1-4:*:*:*:*:*:*:*","pkg:deb/debian/leptonlib@1.84.1-4?arch=arm64","cpe:2.3:a:debian:leptonlib:1.84.1-4:*:*:*:*:*:*:*","pkg:deb/debian/leptonlib@1.84.1-4?arch=arm64","LIBRARY","debian-target"
"liblerc-dev","4.0.0+ds-5","Apache-2.0","","","","","","Organization: Debian GIS Project <pkg-grass-devel@lists.alioth.debian.org>","Copyright (c) Debian contributors","cpe:2.3:a:debian:lerc:4.0.0+ds-5:*:*:*:*:*:*:*","pkg:deb/debian/lerc@4.0.0+ds-5?arch=arm64","cpe:2.3:a:debian:lerc:4.0.0+ds-5:*:*:*:*:*:*:*","pkg:deb/debian/lerc@4.0.0+ds-5?arch=arm64","LIBRARY","debian-target"
"liblerc4","4.0.0+ds-5","Apache-2.0","","","","","","Organization: Debian GIS Project <pkg-grass-devel@lists.alioth.debian.org>","Copyright (c) Debian contributors","cpe:2.3:a:debian:lerc:4.0.0+ds-5:*:*:*:*:*:*:*","pkg:deb/debian/lerc@4.0.0+ds-5?arch=arm64","cpe:2.3:a:debian:lerc:4.0.0+ds-5:*:*:*:*:*:*:*","pkg:deb/debian/lerc@4.0.0+ds-5?arch=arm64","LIBRARY","debian-target"
"liblilv-0-0","0.24.26-1","0BSD | ISC","","","","","","Organization: Debian Multimedia Maintainers <debian-multimedia@lists.debian.org>","Copyright (c) Debian contributors","cpe:2.3:a:debian:lilv:0.24.26-1:*:*:*:*:*:*:*","pkg:deb/debian/lilv@0.24.26-1?arch=arm64","cpe:2.3:a:debian:lilv:0.24.26-1:*:*:*:*:*:*:*","pkg:deb/debian/lilv@0.24.26-1?arch=arm64","LIBRARY","debian-target"
"libllvm17t64","1:17.0.6-22+b2","APACHE-2-LLVM-EXCEPTIONS | BSD-3-Clause | BSD-3-clause | MIT | Python | solar-public-domain","","","","","","Organization: LLVM Packaging Team <pkg-llvm-team@lists.alioth.debian.org>","Copyright (c) Debian contributors","cpe:2.3:a:debian:llvm-toolchain-17 (1:17.0.6-22):1:17.0.6-22+b2:*:*:*:*:*:*:*","pkg:deb/debian/llvm-toolchain-17 (1:17.0.6-22)@1:17.0.6-22+b2?arch=arm64","cpe:2.3:a:debian:llvm-toolchain-17 (1:17.0.6-22):1:17.0.6-22+b2:*:*:*:*:*:*:*","pkg:deb/debian/llvm-toolchain-17 (1:17.0.6-22)@1:17.0.6-22+b2?arch=arm64","LIBRARY","debian-target"
"libllvm19","1:19.1.7-3+b1","APACHE-2-LLVM-EXCEPTIONS | BSD-3-Clause | BSD-3-clause | MIT | Python | solar-public-domain","","","","","","Organization: LLVM Packaging Team <pkg-llvm-team@lists.alioth.debian.org>","Copyright (c) Debian contributors","cpe:2.3:a:debian:llvm-toolchain-19 (1:19.1.7-3):1:19.1.7-3+b1:*:*:*:*:*:*:*","pkg:deb/debian/llvm-toolchain-19 (1:19.1.7-3)@1:19.1.7-3+b1?arch=arm64","cpe:2.3:a:debian:llvm-toolchain-19 (1:19.1.7-3):1:19.1.7-3+b1:*:*:*:*:*:*:*","pkg:deb/debian/llvm-toolchain-19 (1:19.1.7-3)@1:19.1.7-3+b1?arch=arm64","LIBRARY","debian-target"
"liblmdb0","0.9.31-1+b2","OpenLDAP-2.8","","","","","","Organization: LMDB <lmdb@packages.debian.org>","Copyright (c) Debian contributors","cpe:2.3:a:debian:lmdb (0.9.31-1):0.9.31-1+b2:*:*:*:*:*:*:*","pkg:deb/debian/lmdb (0.9.31-1)@0.9.31-1+b2?arch=arm64","cpe:2.3:a:debian:lmdb (0.9.31-1):0.9.31-1+b2:*:*:*:*:*:*:*","pkg:deb/debian/lmdb (0.9.31-1)@0.9.31-1+b2?arch=arm64","LIBRARY","debian-target"
"liblocale-gettext-perl","1.07-7+b1","Artistic | Artistic or GPL-1+ | GPL-1+","","","","","","Organization: Debian Perl Group <pkg-perl-maintainers@lists.alioth.debian.org>","Copyright (c) Debian contributors","cpe:2.3:a:debian:liblocale-gettext-perl (1.07-7):1.07-7+b1:*:*:*:*:*:*:*","pkg:deb/debian/liblocale-gettext-perl (1.07-7)@1.07-7+b1?arch=arm64","cpe:2.3:a:debian:liblocale-gettext-perl (1.07-7):1.07-7+b1:*:*:*:*:*:*:*","pkg:deb/debian/liblocale-gettext-perl (1.07-7)@1.07-7+b1?arch=arm64","APPLICATION","debian-target"
"liblognorm5","2.0.6-5","Apache-2.0 | LGPL-2.1+","","","","","","Organization: Florian Ernst <florian@debian.org>","Copyright (c) Debian contributors","cpe:2.3:a:debian:liblognorm:2.0.6-5:*:*:*:*:*:*:*","pkg:deb/debian/liblognorm@2.0.6-5?arch=arm64","cpe:2.3:a:debian:liblognorm:2.0.6-5:*:*:*:*:*:*:*","pkg:deb/debian/liblognorm@2.0.6-5?arch=arm64","LIBRARY","debian-target"
"liblouis-data","3.33.0-1","","","","","","","Organization: Debian Accessibility Team <pkg-a11y-devel@alioth-lists.debian.net>","Copyright (c) Debian contributors","cpe:2.3:a:debian:liblouis:3.33.0-1:*:*:*:*:*:*:*","pkg:deb/debian/liblouis@3.33.0-1?arch=all","cpe:2.3:a:debian:liblouis:3.33.0-1:*:*:*:*:*:*:*","pkg:deb/debian/liblouis@3.33.0-1?arch=all","APPLICATION","debian-target"
"liblouis20","3.33.0-1","","","","","","","Organization: Debian Accessibility Team <pkg-a11y-devel@alioth-lists.debian.net>","Copyright (c) Debian contributors","cpe:2.3:a:debian:liblouis:3.33.0-1:*:*:*:*:*:*:*","pkg:deb/debian/liblouis@3.33.0-1?arch=arm64","cpe:2.3:a:debian:liblouis:3.33.0-1:*:*:*:*:*:*:*","pkg:deb/debian/liblouis@3.33.0-1?arch=arm64","LIBRARY","debian-target"
"liblrdf0","0.6.1-4+b2","FSFUL~documentation | GPL-2 | GPL-2+ | LGPL-2.1+ | X11 | public-domain","","","","","","Organization: Debian Multimedia Maintainers <debian-multimedia@lists.debian.org>","Copyright (c) Debian contributors","cpe:2.3:a:debian:liblrdf (0.6.1-4):0.6.1-4+b2:*:*:*:*:*:*:*","pkg:deb/debian/liblrdf (0.6.1-4)@0.6.1-4+b2?arch=arm64","cpe:2.3:a:debian:liblrdf (0.6.1-4):0.6.1-4+b2:*:*:*:*:*:*:*","pkg:deb/debian/liblrdf (0.6.1-4)@0.6.1-4+b2?arch=arm64","LIBRARY","debian-target"
"liblsan0","14.2.0-19","","","","","","","Organization: Debian GCC Maintainers <debian-gcc@lists.debian.org>","Copyright (c) Debian contributors","cpe:2.3:a:debian:gcc-14:14.2.0-19:*:*:*:*:*:*:*","pkg:deb/debian/gcc-14@14.2.0-19?arch=arm64","cpe:2.3:a:debian:gcc-14:14.2.0-19:*:*:*:*:*:*:*","pkg:deb/debian/gcc-14@14.2.0-19?arch=arm64","LIBRARY","debian-target"
"liblsof0","4.99.4+dfsg-2","BSD-4-clause | FSFAP | GPL-2+ | PD | Purdue","","","","","","Organization: Andres Salomon <dilinger@debian.org>","Copyright (c) Debian contributors","cpe:2.3:a:debian:lsof:4.99.4+dfsg-2:*:*:*:*:*:*:*","pkg:deb/debian/lsof@4.99.4+dfsg-2?arch=arm64","cpe:2.3:a:debian:lsof:4.99.4+dfsg-2:*:*:*:*:*:*:*","pkg:deb/debian/lsof@4.99.4+dfsg-2?arch=arm64","LIBRARY","debian-target"
"libltc11","1.3.2-1+b2","LGPL-3+","","","","","","Organization: Debian Multimedia Maintainers <debian-multimedia@lists.debian.org>","Copyright (c) Debian contributors","cpe:2.3:a:debian:libltc (1.3.2-1):1.3.2-1+b2:*:*:*:*:*:*:*","pkg:deb/debian/libltc (1.3.2-1)@1.3.2-1+b2?arch=arm64","cpe:2.3:a:debian:libltc (1.3.2-1):1.3.2-1+b2:*:*:*:*:*:*:*","pkg:deb/debian/libltc (1.3.2-1)@1.3.2-1+b2?arch=arm64","LIBRARY","debian-target"
"libltdl7","2.5.4-4","GFDL-NIV-1.3+ | GPL-2+","","","","","","Organization: Alastair McKinstry <mckinstry@debian.org>","Copyright (c) Debian contributors","cpe:2.3:a:debian:libtool:2.5.4-4:*:*:*:*:*:*:*","pkg:deb/debian/libtool@2.5.4-4?arch=arm64","cpe:2.3:a:debian:libtool:2.5.4-4:*:*:*:*:*:*:*","pkg:deb/debian/libtool@2.5.4-4?arch=arm64","LIBRARY","debian-target"
"liblttng-ust-common1t64","2.13.9-1","BSD-2-clause | BSD-3-clause | Expat | FSFAP | GPL-2 | GPL-2+ | GPL-3 | GPL-3+ | LGPL-2.1 | LGPL-2.1+","","","","","","Organization: Jon Bernard <jbernard@debian.org>","Copyright (c) Debian contributors","cpe:2.3:a:debian:ust:2.13.9-1:*:*:*:*:*:*:*","pkg:deb/debian/ust@2.13.9-1?arch=arm64","cpe:2.3:a:debian:ust:2.13.9-1:*:*:*:*:*:*:*","pkg:deb/debian/ust@2.13.9-1?arch=arm64","LIBRARY","debian-target"
"liblttng-ust-ctl5t64","2.13.9-1","BSD-2-clause | BSD-3-clause | Expat | FSFAP | GPL-2 | GPL-2+ | GPL-3 | GPL-3+ | LGPL-2.1 | LGPL-2.1+","","","","","","Organization: Jon Bernard <jbernard@debian.org>","Copyright (c) Debian contributors","cpe:2.3:a:debian:ust:2.13.9-1:*:*:*:*:*:*:*","pkg:deb/debian/ust@2.13.9-1?arch=arm64","cpe:2.3:a:debian:ust:2.13.9-1:*:*:*:*:*:*:*","pkg:deb/debian/ust@2.13.9-1?arch=arm64","LIBRARY","debian-target"
"liblttng-ust1t64","2.13.9-1","BSD-2-clause | BSD-3-clause | Expat | FSFAP | GPL-2 | GPL-2+ | GPL-3 | GPL-3+ | LGPL-2.1 | LGPL-2.1+","","","","","","Organization: Jon Bernard <jbernard@debian.org>","Copyright (c) Debian contributors","cpe:2.3:a:debian:ust:2.13.9-1:*:*:*:*:*:*:*","pkg:deb/debian/ust@2.13.9-1?arch=arm64","cpe:2.3:a:debian:ust:2.13.9-1:*:*:*:*:*:*:*","pkg:deb/debian/ust@2.13.9-1?arch=arm64","LIBRARY","debian-target"
"liblua5.4-0","5.4.7-1+b2","Expat","","","","","","Organization: Debian Lua Team <pkg-lua-devel@lists.alioth.debian.org>","Copyright (c) Debian contributors","cpe:2.3:a:debian:lua5.4 (5.4.7-1):5.4.7-1+b2:*:*:*:*:*:*:*","pkg:deb/debian/lua5.4 (5.4.7-1)@5.4.7-1+b2?arch=arm64","cpe:2.3:a:debian:lua5.4 (5.4.7-1):5.4.7-1+b2:*:*:*:*:*:*:*","pkg:deb/debian/lua5.4 (5.4.7-1)@5.4.7-1+b2?arch=arm64","LIBRARY","debian-target"
"liblwp-mediatypes-perl","6.04-2","Artistic | Artistic or GPL-1+ | GPL-1+","","","","","","Organization: Debian Perl Group <pkg-perl-maintainers@lists.alioth.debian.org>","Copyright (c) Debian contributors","cpe:2.3:a:debian:liblwp-mediatypes-perl:6.04-2:*:*:*:*:*:*:*","pkg:deb/debian/liblwp-mediatypes-perl@6.04-2?arch=all","cpe:2.3:a:debian:liblwp-mediatypes-perl:6.04-2:*:*:*:*:*:*:*","pkg:deb/debian/liblwp-mediatypes-perl@6.04-2?arch=all","APPLICATION","debian-target"
"liblwp-protocol-https-perl","6.14-1","Artistic | Artistic or GPL-1+ | GPL-1+","","","","","","Organization: Debian Perl Group <pkg-perl-maintainers@lists.alioth.debian.org>","Copyright (c) Debian contributors","cpe:2.3:a:debian:liblwp-protocol-https-perl:6.14-1:*:*:*:*:*:*:*","pkg:deb/debian/liblwp-protocol-https-perl@6.14-1?arch=all","cpe:2.3:a:debian:liblwp-protocol-https-perl:6.14-1:*:*:*:*:*:*:*","pkg:deb/debian/liblwp-protocol-https-perl@6.14-1?arch=all","APPLICATION","debian-target"
"liblz4-1","1.10.0-4","BSD-2-clause | BSD-2-clause or GPL-2+ | GPL-2+","","","","","","Organization: Nobuhiro Iwamatsu <iwamatsu@debian.org>","Copyright (c) Debian contributors","cpe:2.3:a:debian:lz4:1.10.0-4:*:*:*:*:*:*:*","pkg:deb/debian/lz4@1.10.0-4?arch=arm64","cpe:2.3:a:debian:lz4:1.10.0-4:*:*:*:*:*:*:*","pkg:deb/debian/lz4@1.10.0-4?arch=arm64","LIBRARY","debian-target"
"liblz4-dev","1.10.0-4","BSD-2-clause | BSD-2-clause or GPL-2+ | GPL-2+","","","","","","Organization: Nobuhiro Iwamatsu <iwamatsu@debian.org>","Copyright (c) Debian contributors","cpe:2.3:a:debian:lz4:1.10.0-4:*:*:*:*:*:*:*","pkg:deb/debian/lz4@1.10.0-4?arch=arm64","cpe:2.3:a:debian:lz4:1.10.0-4:*:*:*:*:*:*:*","pkg:deb/debian/lz4@1.10.0-4?arch=arm64","LIBRARY","debian-target"
"liblzma-dev","5.8.1-1","0BSD | FSFUL | FSFULLR | GPL-2+ | GPL-3.0-or-later-WITH-Autoconf-exception-macro | LGPL-2.1+ | PD | PD-debian | noderivs | none | permissive-nowarranty","","","","","","Organization: Sebastian Andrzej Siewior <sebastian@breakpoint.cc>","Copyright (c) Debian contributors","cpe:2.3:a:debian:xz-utils:5.8.1-1:*:*:*:*:*:*:*","pkg:deb/debian/xz-utils@5.8.1-1?arch=arm64","cpe:2.3:a:debian:xz-utils:5.8.1-1:*:*:*:*:*:*:*","pkg:deb/debian/xz-utils@5.8.1-1?arch=arm64","LIBRARY","debian-target"
"liblzma5","5.8.1-1","0BSD | FSFUL | FSFULLR | GPL-2+ | GPL-3.0-or-later-WITH-Autoconf-exception-macro | LGPL-2.1+ | PD | PD-debian | noderivs | none | permissive-nowarranty","","","","","","Organization: Sebastian Andrzej Siewior <sebastian@breakpoint.cc>","Copyright (c) Debian contributors","cpe:2.3:a:debian:xz-utils:5.8.1-1:*:*:*:*:*:*:*","pkg:deb/debian/xz-utils@5.8.1-1?arch=arm64","cpe:2.3:a:debian:xz-utils:5.8.1-1:*:*:*:*:*:*:*","pkg:deb/debian/xz-utils@5.8.1-1?arch=arm64","LIBRARY","debian-target"
"liblzo2-2","2.10-3+b1","GPL-2+","","","","","","Organization: Stephen Kitt <skitt@debian.org>","Copyright (c) Debian contributors","cpe:2.3:a:debian:lzo2 (2.10-3):2.10-3+b1:*:*:*:*:*:*:*","pkg:deb/debian/lzo2 (2.10-3)@2.10-3+b1?arch=arm64","cpe:2.3:a:debian:lzo2 (2.10-3):2.10-3+b1:*:*:*:*:*:*:*","pkg:deb/debian/lzo2 (2.10-3)@2.10-3+b1?arch=arm64","LIBRARY","debian-target"
"libmad0","0.15.1b-11+b1","GPL-2+","","","","","","Organization: Debian Multimedia Maintainers <debian-multimedia@lists.debian.org>","Copyright (c) Debian contributors","cpe:2.3:a:debian:libmad (0.15.1b-11):0.15.1b-11+b1:*:*:*:*:*:*:*","pkg:deb/debian/libmad (0.15.1b-11)@0.15.1b-11+b1?arch=arm64","cpe:2.3:a:debian:libmad (0.15.1b-11):0.15.1b-11+b1:*:*:*:*:*:*:*","pkg:deb/debian/libmad (0.15.1b-11)@0.15.1b-11+b1?arch=arm64","LIBRARY","debian-target"
"libmagic-mgc","1:5.46-5","BSD-2-Clause-alike | BSD-2-Clause-netbsd | BSD-2-Clause-regents | MIT-Old-Style-with-legal-disclaimer-2 | public-domain","","","","","","Organization: Christoph Biedl <debian.axhn@manchmal.in-ulm.de>","Copyright (c) Debian contributors","cpe:2.3:a:debian:file:1:5.46-5:*:*:*:*:*:*:*","pkg:deb/debian/file@1:5.46-5?arch=arm64","cpe:2.3:a:debian:file:1:5.46-5:*:*:*:*:*:*:*","pkg:deb/debian/file@1:5.46-5?arch=arm64","LIBRARY","debian-target"
"libmagic1t64","1:5.46-5","BSD-2-Clause-alike | BSD-2-Clause-netbsd | BSD-2-Clause-regents | MIT-Old-Style-with-legal-disclaimer-2 | public-domain","","","","","","Organization: Christoph Biedl <debian.axhn@manchmal.in-ulm.de>","Copyright (c) Debian contributors","cpe:2.3:a:debian:file:1:5.46-5:*:*:*:*:*:*:*","pkg:deb/debian/file@1:5.46-5?arch=arm64","cpe:2.3:a:debian:file:1:5.46-5:*:*:*:*:*:*:*","pkg:deb/debian/file@1:5.46-5?arch=arm64","LIBRARY","debian-target"
"libmalcontent-0-0","0.13.0-2+deb13u1","GPL-2.0+ | LGPL-2.1+","","","","","","Organization: Debian freedesktop.org maintainers <pkg-freedesktop-maintainers@lists.alioth.debian.org>","Copyright (c) Debian contributors","cpe:2.3:a:debian:malcontent:0.13.0-2+deb13u1:*:*:*:*:*:*:*","pkg:deb/debian/malcontent@0.13.0-2+deb13u1?arch=arm64","cpe:2.3:a:debian:malcontent:0.13.0-2+deb13u1:*:*:*:*:*:*:*","pkg:deb/debian/malcontent@0.13.0-2+deb13u1?arch=arm64","LIBRARY","debian-target"
"libmali-valhall-g310-g29p1","1.10-1","CLOSED | GPL-2+","","","","","","Organization: Jacob Chen <cc@rock-chips.com>","Copyright (c) Debian contributors","cpe:2.3:a:debian:libmali:1.10-1:*:*:*:*:*:*:*","pkg:deb/debian/libmali@1.10-1?arch=arm64","cpe:2.3:a:debian:libmali:1.10-1:*:*:*:*:*:*:*","pkg:deb/debian/libmali@1.10-1?arch=arm64","LIBRARY","debian-target"
"libmali-valhall-g310-g29p1-dbgsym","1.10-1","CLOSED | GPL-2+","","","","","","Organization: Jacob Chen <cc@rock-chips.com>","Copyright (c) Debian contributors","cpe:2.3:a:debian:libmali:1.10-1:*:*:*:*:*:*:*","pkg:deb/debian/libmali@1.10-1?arch=arm64","cpe:2.3:a:debian:libmali:1.10-1:*:*:*:*:*:*:*","pkg:deb/debian/libmali@1.10-1?arch=arm64","APPLICATION","debian-target"
"libmanette-0.2-0","0.2.12-1","LGPL-2.1+","","","","","","Organization: Debian GNOME Maintainers <pkg-gnome-maintainers@lists.alioth.debian.org>","Copyright (c) Debian contributors","cpe:2.3:a:debian:libmanette:0.2.12-1:*:*:*:*:*:*:*","pkg:deb/debian/libmanette@0.2.12-1?arch=arm64","cpe:2.3:a:debian:libmanette:0.2.12-1:*:*:*:*:*:*:*","pkg:deb/debian/libmanette@0.2.12-1?arch=arm64","LIBRARY","debian-target"
"libmariadb3","1:11.8.6-0+deb13u1","Artistic | BSD-2-Clause | BSD-2-clause | BSD-3-Clause | BSD-3-clause | GPL-2 | GPL-2 or Artistic | GPL-2+ | GPL-2+-with-bison-exception | GPL-3+-with-bison-exception | LGPL-2 | LGPL-2+ | LGPL-2.1+ | SWsoft | public-domain | unlimited-free-doc | zlib/libpng","","","","","","Organization: Debian MySQL Maintainers <pkg-mysql-maint@lists.alioth.debian.org>","Copyright (c) Debian contributors","cpe:2.3:a:debian:mariadb:1:11.8.6-0+deb13u1:*:*:*:*:*:*:*","pkg:deb/debian/mariadb@1:11.8.6-0+deb13u1?arch=arm64","cpe:2.3:a:debian:mariadb:1:11.8.6-0+deb13u1:*:*:*:*:*:*:*","pkg:deb/debian/mariadb@1:11.8.6-0+deb13u1?arch=arm64","LIBRARY","debian-target"
"libmarisa0","0.2.6-19","BSD-2-clause or LGPL-2.1+ | GPL-2+","","","","","","Organization: Debian Input Method Team <debian-input-method@lists.debian.org>","Copyright (c) Debian contributors","cpe:2.3:a:debian:marisa:0.2.6-19:*:*:*:*:*:*:*","pkg:deb/debian/marisa@0.2.6-19?arch=arm64","cpe:2.3:a:debian:marisa:0.2.6-19:*:*:*:*:*:*:*","pkg:deb/debian/marisa@0.2.6-19?arch=arm64","LIBRARY","debian-target"
"libmbedcrypto16","3.6.5-0.1~deb13u1","Apache-2.0 | Apache-2.0 or GPL-2+ | GPL-2+","","","","","","Organization: Debian IoT Maintainers <debian-iot-maintainers@alioth-lists.debian.net>","Copyright (c) Debian contributors","cpe:2.3:a:debian:mbedtls:3.6.5-0.1~deb13u1:*:*:*:*:*:*:*","pkg:deb/debian/mbedtls@3.6.5-0.1~deb13u1?arch=arm64","cpe:2.3:a:debian:mbedtls:3.6.5-0.1~deb13u1:*:*:*:*:*:*:*","pkg:deb/debian/mbedtls@3.6.5-0.1~deb13u1?arch=arm64","LIBRARY","debian-target"
"libmd0","1.1.0-2+b1","BSD-2-clause | BSD-2-clause-NetBSD | BSD-3-clause | BSD-3-clause-Aaron-D-Gifford | Beerware | ISC | public-domain-md4 | public-domain-md5 | public-domain-sha1","","","","","","Organization: Guillem Jover <guillem@debian.org>","Copyright (c) Debian contributors","cpe:2.3:a:debian:libmd (1.1.0-2):1.1.0-2+b1:*:*:*:*:*:*:*","pkg:deb/debian/libmd (1.1.0-2)@1.1.0-2+b1?arch=arm64","cpe:2.3:a:debian:libmd (1.1.0-2):1.1.0-2+b1:*:*:*:*:*:*:*","pkg:deb/debian/libmd (1.1.0-2)@1.1.0-2+b1?arch=arm64","LIBRARY","debian-target"
"libmd4c0","0.5.2-2+b1","BSD-2-clause | CC-BY-SA-4.0 | Expat","","","","","","Organization: Debian Qt/KDE Maintainers <debian-qt-kde@lists.debian.org>","Copyright (c) Debian contributors","cpe:2.3:a:debian:md4c (0.5.2-2):0.5.2-2+b1:*:*:*:*:*:*:*","pkg:deb/debian/md4c (0.5.2-2)@0.5.2-2+b1?arch=arm64","cpe:2.3:a:debian:md4c (0.5.2-2):0.5.2-2+b1:*:*:*:*:*:*:*","pkg:deb/debian/md4c (0.5.2-2)@0.5.2-2+b1?arch=arm64","LIBRARY","debian-target"
"libmediaart-2.0-0","1.9.7-1","GPL-2.0+ | LGPL-2.1+","","","","","","Organization: Debian GNOME Maintainers <pkg-gnome-maintainers@lists.alioth.debian.org>","Copyright (c) Debian contributors","cpe:2.3:a:debian:libmediaart:1.9.7-1:*:*:*:*:*:*:*","pkg:deb/debian/libmediaart@1.9.7-1?arch=arm64","cpe:2.3:a:debian:libmediaart:1.9.7-1:*:*:*:*:*:*:*","pkg:deb/debian/libmediaart@1.9.7-1?arch=arm64","LIBRARY","debian-target"
"libminizip1t64","1:1.3.dfsg+really1.3.1-1+b1","Zlib","","","","","","Organization: Mark Brown <broonie@debian.org>","Copyright (c) Debian contributors","cpe:2.3:a:debian:zlib (1:1.3.dfsg+really1.3.1-1):1:1.3.dfsg+really1.3.1-1+b1:*:*:*:*:*:*:*","pkg:deb/debian/zlib (1:1.3.dfsg+really1.3.1-1)@1:1.3.dfsg+really1.3.1-1+b1?arch=arm64","cpe:2.3:a:debian:zlib (1:1.3.dfsg+really1.3.1-1):1:1.3.dfsg+really1.3.1-1+b1:*:*:*:*:*:*:*","pkg:deb/debian/zlib (1:1.3.dfsg+really1.3.1-1)@1:1.3.dfsg+really1.3.1-1+b1?arch=arm64","LIBRARY","debian-target"
"libmjpegutils-2.1-0t64","1:2.1.0+debian-8.1+b1","","","","","","","Organization: Debian Multimedia Maintainers <debian-multimedia@lists.debian.org>","Copyright (c) Debian contributors","cpe:2.3:a:debian:mjpegtools (1:2.1.0+debian-8.1):1:2.1.0+debian-8.1+b1:*:*:*:*:*:*:*","pkg:deb/debian/mjpegtools (1:2.1.0+debian-8.1)@1:2.1.0+debian-8.1+b1?arch=arm64","cpe:2.3:a:debian:mjpegtools (1:2.1.0+debian-8.1):1:2.1.0+debian-8.1+b1:*:*:*:*:*:*:*","pkg:deb/debian/mjpegtools (1:2.1.0+debian-8.1)@1:2.1.0+debian-8.1+b1?arch=arm64","LIBRARY","debian-target"
"libmm-glib0","1.24.0-1+deb13u1","GPL-2.0 | GPL-2.0+ | GPL-3.0+ | LGPL-2.0+","","","","","","Organization: DebianOnMobile Maintainers <debian-on-mobile-maintainers@alioth-lists.debian.net>","Copyright (c) Debian contributors","cpe:2.3:a:debian:modemmanager:1.24.0-1+deb13u1:*:*:*:*:*:*:*","pkg:deb/debian/modemmanager@1.24.0-1+deb13u1?arch=arm64","cpe:2.3:a:debian:modemmanager:1.24.0-1+deb13u1:*:*:*:*:*:*:*","pkg:deb/debian/modemmanager@1.24.0-1+deb13u1?arch=arm64","LIBRARY","debian-target"
"libmnl0","1.0.5-3","GPL-2+ | LGPL-2.1","","","","","","Organization: Debian Netfilter Packaging Team <pkg-netfilter-team@lists.alioth.debian.org>","Copyright (c) Debian contributors","cpe:2.3:a:debian:libmnl:1.0.5-3:*:*:*:*:*:*:*","pkg:deb/debian/libmnl@1.0.5-3?arch=arm64","cpe:2.3:a:debian:libmnl:1.0.5-3:*:*:*:*:*:*:*","pkg:deb/debian/libmnl@1.0.5-3?arch=arm64","LIBRARY","debian-target"
"libmodplug1","1:0.8.9.0-3+b2","Public Domain","","","","","","Organization: Stephen Kitt <skitt@debian.org>","Copyright (c) Debian contributors","cpe:2.3:a:debian:libmodplug (1:0.8.9.0-3):1:0.8.9.0-3+b2:*:*:*:*:*:*:*","pkg:deb/debian/libmodplug (1:0.8.9.0-3)@1:0.8.9.0-3+b2?arch=arm64","cpe:2.3:a:debian:libmodplug (1:0.8.9.0-3):1:0.8.9.0-3+b2:*:*:*:*:*:*:*","pkg:deb/debian/libmodplug (1:0.8.9.0-3)@1:0.8.9.0-3+b2?arch=arm64","LIBRARY","debian-target"
"libmount-dev","2.41-5","BSD-2-clause | BSD-3-clause | BSD-4-clause | BSLA | Expat | GPL-2 | GPL-2+ | GPL-3+ | ISC | LGPL | LGPL-2+ | LGPL-2.1+ | LGPL-3+ | public-domain","","","","","","Organization: Chris Hofstaedtler <zeha@debian.org>","Copyright (c) Debian contributors","cpe:2.3:a:debian:util-linux:2.41-5:*:*:*:*:*:*:*","pkg:deb/debian/util-linux@2.41-5?arch=arm64","cpe:2.3:a:debian:util-linux:2.41-5:*:*:*:*:*:*:*","pkg:deb/debian/util-linux@2.41-5?arch=arm64","LIBRARY","debian-target"
"libmount1","2.41-5","BSD-2-clause | BSD-3-clause | BSD-4-clause | BSLA | Expat | GPL-2 | GPL-2+ | GPL-3+ | ISC | LGPL | LGPL-2+ | LGPL-2.1+ | LGPL-3+ | public-domain","","","","","","Organization: Chris Hofstaedtler <zeha@debian.org>","Copyright (c) Debian contributors","cpe:2.3:a:debian:util-linux:2.41-5:*:*:*:*:*:*:*","pkg:deb/debian/util-linux@2.41-5?arch=arm64","cpe:2.3:a:debian:util-linux:2.41-5:*:*:*:*:*:*:*","pkg:deb/debian/util-linux@2.41-5?arch=arm64","LIBRARY","debian-target"
"libmozjs-128-0","128.14.0-1~deb13u1","Apache-2.0 | BSD-2-clause | BSD-3-clause | BSD-3-clause or GPL-2 | BSD-3-clause-ARM | BSD-3-clause-ECMA | BSD-3-clause-Google | BSD-3-clause-Intel | BSD-3-clause-SwapOff | BSD-3-clause-UC | BSD-3-clause-UC or ISC | BSD-3-clause-Voidspace | BSD-3-clause-psutil | BSL-1.0 | Beerware | CC0-1.0 | Expat | Expat and GPL-3+ and GPL-2+ | GPL-2 | GPL-2 or GPL-3 | GPL-2+ | GPL-3 | GPL-3+ | GPL-3+ with Bison exception | GPL-some-version | ICU-IBM | ICU-IBM and ICU-Unicode and BSD-3-clause-Google | ICU-Unicode | ISC | LGPL-2.1 | MIT-Lucent | MPL-2.0 | MPL-2.0 and Apache-2.0 and BSD-2-clause and BSD-3-clause and BSD-3-clause-ARM and BSD-3-clause-ECMA and BSD-3-clause-Google and BSD-3-clause-Intel and BSD-3-clause-SwapOff and BSD-3-clause-Voidspace and BSD-3-clause-psutil and BSL-1.0 and Beerware and CC0-1.0 and Expat and ISC and LGPL-2.1 and MIT-Lucent and NTP and Python and Unlicense and Zlib | NTP | Python | SunPro | SunPro and BSD-2-clause and MPL-2.0 | Unlicense | Zlib | aclocal-public-domain | nspr-public-domain","","","","","","Organization: Debian GNOME Maintainers <pkg-gnome-maintainers@lists.alioth.debian.org>","Copyright (c) Debian contributors","cpe:2.3:a:debian:mozjs128:128.14.0-1~deb13u1:*:*:*:*:*:*:*","pkg:deb/debian/mozjs128@128.14.0-1~deb13u1?arch=arm64","cpe:2.3:a:debian:mozjs128:128.14.0-1~deb13u1:*:*:*:*:*:*:*","pkg:deb/debian/mozjs128@128.14.0-1~deb13u1?arch=arm64","LIBRARY","debian-target"
"libmp3lame0","3.100-6+b3","BSD-3-clause | GPL-1+ | LGPL-2+ | LGPL-2.1+ | zlib/libpng","","","","","","Organization: Debian Multimedia Maintainers <debian-multimedia@lists.debian.org>","Copyright (c) Debian contributors","cpe:2.3:a:debian:lame (3.100-6):3.100-6+b3:*:*:*:*:*:*:*","pkg:deb/debian/lame (3.100-6)@3.100-6+b3?arch=arm64","cpe:2.3:a:debian:lame (3.100-6):3.100-6+b3:*:*:*:*:*:*:*","pkg:deb/debian/lame (3.100-6)@3.100-6+b3?arch=arm64","LIBRARY","debian-target"
"libmpc3","1.3.1-1+b3","","","","","","","Organization: Debian GCC Maintainers <debian-gcc@lists.debian.org>","Copyright (c) Debian contributors","cpe:2.3:a:debian:mpclib3 (1.3.1-1):1.3.1-1+b3:*:*:*:*:*:*:*","pkg:deb/debian/mpclib3 (1.3.1-1)@1.3.1-1+b3?arch=arm64","cpe:2.3:a:debian:mpclib3 (1.3.1-1):1.3.1-1+b3:*:*:*:*:*:*:*","pkg:deb/debian/mpclib3 (1.3.1-1)@1.3.1-1+b3?arch=arm64","LIBRARY","debian-target"
"libmpcdec6","2:0.1~r495-3","","","","","","","Organization: Debian Multimedia Maintainers <debian-multimedia@lists.debian.org>","Copyright (c) Debian contributors","cpe:2.3:a:debian:libmpc:2:0.1~r495-3:*:*:*:*:*:*:*","pkg:deb/debian/libmpc@2:0.1~r495-3?arch=arm64","cpe:2.3:a:debian:libmpc:2:0.1~r495-3:*:*:*:*:*:*:*","pkg:deb/debian/libmpc@2:0.1~r495-3?arch=arm64","LIBRARY","debian-target"
"libmpeg2-4","0.5.1-9+b3","","","","","","","Organization: Debian Multimedia Maintainers <debian-multimedia@lists.debian.org>","Copyright (c) Debian contributors","cpe:2.3:a:debian:mpeg2dec (0.5.1-9):0.5.1-9+b3:*:*:*:*:*:*:*","pkg:deb/debian/mpeg2dec (0.5.1-9)@0.5.1-9+b3?arch=arm64","cpe:2.3:a:debian:mpeg2dec (0.5.1-9):0.5.1-9+b3:*:*:*:*:*:*:*","pkg:deb/debian/mpeg2dec (0.5.1-9)@0.5.1-9+b3?arch=arm64","LIBRARY","debian-target"
"libmpeg2encpp-2.1-0t64","1:2.1.0+debian-8.1+b1","","","","","","","Organization: Debian Multimedia Maintainers <debian-multimedia@lists.debian.org>","Copyright (c) Debian contributors","cpe:2.3:a:debian:mjpegtools (1:2.1.0+debian-8.1):1:2.1.0+debian-8.1+b1:*:*:*:*:*:*:*","pkg:deb/debian/mjpegtools (1:2.1.0+debian-8.1)@1:2.1.0+debian-8.1+b1?arch=arm64","cpe:2.3:a:debian:mjpegtools (1:2.1.0+debian-8.1):1:2.1.0+debian-8.1+b1:*:*:*:*:*:*:*","pkg:deb/debian/mjpegtools (1:2.1.0+debian-8.1)@1:2.1.0+debian-8.1+b1?arch=arm64","LIBRARY","debian-target"
"libmpfr6","4.2.2-1","","","","","","","Organization: Debian GCC Maintainers <debian-gcc@lists.debian.org>","Copyright (c) Debian contributors","cpe:2.3:a:debian:mpfr4:4.2.2-1:*:*:*:*:*:*:*","pkg:deb/debian/mpfr4@4.2.2-1?arch=arm64","cpe:2.3:a:debian:mpfr4:4.2.2-1:*:*:*:*:*:*:*","pkg:deb/debian/mpfr4@4.2.2-1?arch=arm64","LIBRARY","debian-target"
"libmpg123-0t64","1.32.10-1+deb13u1","LGPL-2.1","","","","","","Organization: Debian Multimedia Maintainers <debian-multimedia@lists.debian.org>","Copyright (c) Debian contributors","cpe:2.3:a:debian:mpg123:1.32.10-1+deb13u1:*:*:*:*:*:*:*","pkg:deb/debian/mpg123@1.32.10-1+deb13u1?arch=arm64","cpe:2.3:a:debian:mpg123:1.32.10-1+deb13u1:*:*:*:*:*:*:*","pkg:deb/debian/mpg123@1.32.10-1+deb13u1?arch=arm64","LIBRARY","debian-target"
"libmplex2-2.1-0t64","1:2.1.0+debian-8.1+b1","","","","","","","Organization: Debian Multimedia Maintainers <debian-multimedia@lists.debian.org>","Copyright (c) Debian contributors","cpe:2.3:a:debian:mjpegtools (1:2.1.0+debian-8.1):1:2.1.0+debian-8.1+b1:*:*:*:*:*:*:*","pkg:deb/debian/mjpegtools (1:2.1.0+debian-8.1)@1:2.1.0+debian-8.1+b1?arch=arm64","cpe:2.3:a:debian:mjpegtools (1:2.1.0+debian-8.1):1:2.1.0+debian-8.1+b1:*:*:*:*:*:*:*","pkg:deb/debian/mjpegtools (1:2.1.0+debian-8.1)@1:2.1.0+debian-8.1+b1?arch=arm64","LIBRARY","debian-target"
"libmsgraph-1-1","0.3.3-3","GPL-3+ | LGPL-3+","","","","","","Organization: Debian GNOME Maintainers <pkg-gnome-maintainers@lists.alioth.debian.org>","Copyright (c) Debian contributors","cpe:2.3:a:debian:msgraph:0.3.3-3:*:*:*:*:*:*:*","pkg:deb/debian/msgraph@0.3.3-3?arch=arm64","cpe:2.3:a:debian:msgraph:0.3.3-3:*:*:*:*:*:*:*","pkg:deb/debian/msgraph@0.3.3-3?arch=arm64","LIBRARY","debian-target"
"libmtdev-dev","1.1.7-1","Expat","","","","","","Organization: Nobuhiro Iwamatsu <iwamatsu@debian.org>","Copyright (c) Debian contributors","cpe:2.3:a:debian:mtdev:1.1.7-1:*:*:*:*:*:*:*","pkg:deb/debian/mtdev@1.1.7-1?arch=arm64","cpe:2.3:a:debian:mtdev:1.1.7-1:*:*:*:*:*:*:*","pkg:deb/debian/mtdev@1.1.7-1?arch=arm64","LIBRARY","debian-target"
"libmtdev1t64","1.1.7-1","Expat","","","","","","Organization: Nobuhiro Iwamatsu <iwamatsu@debian.org>","Copyright (c) Debian contributors","cpe:2.3:a:debian:mtdev:1.1.7-1:*:*:*:*:*:*:*","pkg:deb/debian/mtdev@1.1.7-1?arch=arm64","cpe:2.3:a:debian:mtdev:1.1.7-1:*:*:*:*:*:*:*","pkg:deb/debian/mtdev@1.1.7-1?arch=arm64","LIBRARY","debian-target"
"libmtp-common","1.1.22-1","GPL-2+ | LGPL-2+ | LGPL-2.1+","","","","","","Organization: Alessio Treglia <alessio@debian.org>","Copyright (c) Debian contributors","cpe:2.3:a:debian:libmtp:1.1.22-1:*:*:*:*:*:*:*","pkg:deb/debian/libmtp@1.1.22-1?arch=all","cpe:2.3:a:debian:libmtp:1.1.22-1:*:*:*:*:*:*:*","pkg:deb/debian/libmtp@1.1.22-1?arch=all","LIBRARY","debian-target"
"libmtp9t64","1.1.22-1","GPL-2+ | LGPL-2+ | LGPL-2.1+","","","","","","Organization: Alessio Treglia <alessio@debian.org>","Copyright (c) Debian contributors","cpe:2.3:a:debian:libmtp:1.1.22-1:*:*:*:*:*:*:*","pkg:deb/debian/libmtp@1.1.22-1?arch=arm64","cpe:2.3:a:debian:libmtp:1.1.22-1:*:*:*:*:*:*:*","pkg:deb/debian/libmtp@1.1.22-1?arch=arm64","LIBRARY","debian-target"
"libmunge2","0.5.16-1.1~deb13u1","GPL-2+ | GPL-3+-and-LGPL-3+ | ISC | LGPL","","","","","","Organization: Gennaro Oliva <oliva@debian.org>","Copyright (c) Debian contributors","cpe:2.3:a:debian:munge:0.5.16-1.1~deb13u1:*:*:*:*:*:*:*","pkg:deb/debian/munge@0.5.16-1.1~deb13u1?arch=arm64","cpe:2.3:a:debian:munge:0.5.16-1.1~deb13u1:*:*:*:*:*:*:*","pkg:deb/debian/munge@0.5.16-1.1~deb13u1?arch=arm64","LIBRARY","debian-target"
"libmutter-16-0","48.7-0+deb13u1","DEC-BSD-variant | DEC-BSD-variant and OpenGroup-BSD-variant | DEC-BSD-variant and OpenGroup-BSD-variant and GPL-2+ | Expat | GPL-2+ | GPL-2+ and GPL-3+ and LGPL-2+ and LGPL-2.1+ and Expat and NTP-BSD-variant and SGI-B-2.0 | GPL-3+ | LGPL-2+ | LGPL-2.1+ | NTP-BSD-variant | OpenGroup-BSD-variant | SGI-B-2.0 | WRF-BSD-variant | free-of-known-restrictions","","","","","","Organization: Debian GNOME Maintainers <pkg-gnome-maintainers@lists.alioth.debian.org>","Copyright (c) Debian contributors","cpe:2.3:a:debian:mutter:48.7-0+deb13u1:*:*:*:*:*:*:*","pkg:deb/debian/mutter@48.7-0+deb13u1?arch=arm64","cpe:2.3:a:debian:mutter:48.7-0+deb13u1:*:*:*:*:*:*:*","pkg:deb/debian/mutter@48.7-0+deb13u1?arch=arm64","LIBRARY","debian-target"
"libmysofa1","1.3.3+dfsg-1","BSD-3-clause | CC-BY-4.0 | CC-BY-SA-3.0 | cipic | listen-ircam | mit-kemar | public-domain","","","","","","Organization: Debian Multimedia Maintainers <debian-multimedia@lists.debian.org>","Copyright (c) Debian contributors","cpe:2.3:a:debian:libmysofa:1.3.3+dfsg-1:*:*:*:*:*:*:*","pkg:deb/debian/libmysofa@1.3.3+dfsg-1?arch=arm64","cpe:2.3:a:debian:libmysofa:1.3.3+dfsg-1:*:*:*:*:*:*:*","pkg:deb/debian/libmysofa@1.3.3+dfsg-1?arch=arm64","LIBRARY","debian-target"
"libnautilus-extension4","48.3-2","","","","","","","Organization: Debian GNOME Maintainers <pkg-gnome-maintainers@lists.alioth.debian.org>","Copyright (c) Debian contributors","cpe:2.3:a:debian:nautilus:48.3-2:*:*:*:*:*:*:*","pkg:deb/debian/nautilus@48.3-2?arch=arm64","cpe:2.3:a:debian:nautilus:48.3-2:*:*:*:*:*:*:*","pkg:deb/debian/nautilus@48.3-2?arch=arm64","LIBRARY","debian-target"
"libncurses6","6.5+20250216-2","BSD-3-clause | MIT/X11 | X11","","","","","","Organization: Ncurses Maintainers <ncurses@packages.debian.org>","Copyright (c) Debian contributors","cpe:2.3:a:debian:ncurses:6.5+20250216-2:*:*:*:*:*:*:*","pkg:deb/debian/ncurses@6.5+20250216-2?arch=arm64","cpe:2.3:a:debian:ncurses:6.5+20250216-2:*:*:*:*:*:*:*","pkg:deb/debian/ncurses@6.5+20250216-2?arch=arm64","LIBRARY","debian-target"
"libncursesw6","6.5+20250216-2","BSD-3-clause | MIT/X11 | X11","","","","","","Organization: Ncurses Maintainers <ncurses@packages.debian.org>","Copyright (c) Debian contributors","cpe:2.3:a:debian:ncurses:6.5+20250216-2:*:*:*:*:*:*:*","pkg:deb/debian/ncurses@6.5+20250216-2?arch=arm64","cpe:2.3:a:debian:ncurses:6.5+20250216-2:*:*:*:*:*:*:*","pkg:deb/debian/ncurses@6.5+20250216-2?arch=arm64","LIBRARY","debian-target"
"libndp0","1.9-1+b1","LGPL-2.1+","","","","","","Organization: Florian Ernst <florian@debian.org>","Copyright (c) Debian contributors","cpe:2.3:a:debian:libndp (1.9-1):1.9-1+b1:*:*:*:*:*:*:*","pkg:deb/debian/libndp (1.9-1)@1.9-1+b1?arch=arm64","cpe:2.3:a:debian:libndp (1.9-1):1.9-1+b1:*:*:*:*:*:*:*","pkg:deb/debian/libndp (1.9-1)@1.9-1+b1?arch=arm64","LIBRARY","debian-target"
"libneatvnc0","0.9.1+dfsg-1","BSD-3-Clause | BSD-3-Clause or GPL-2.0+ | CC0-1.0 | Expat | GPL-2.0+ | ISC","","","","","","Organization: Han Gao <rabenda.cn@gmail.com>","Copyright (c) Debian contributors","cpe:2.3:a:debian:neatvnc:0.9.1+dfsg-1:*:*:*:*:*:*:*","pkg:deb/debian/neatvnc@0.9.1+dfsg-1?arch=arm64","cpe:2.3:a:debian:neatvnc:0.9.1+dfsg-1:*:*:*:*:*:*:*","pkg:deb/debian/neatvnc@0.9.1+dfsg-1?arch=arm64","LIBRARY","debian-target"
"libneon27t64","0.34.2-1","GPL-2+","","","","","","Organization: Laszlo Boszormenyi (GCS) <gcs@debian.org>","Copyright (c) Debian contributors","cpe:2.3:a:debian:neon27:0.34.2-1:*:*:*:*:*:*:*","pkg:deb/debian/neon27@0.34.2-1?arch=arm64","cpe:2.3:a:debian:neon27:0.34.2-1:*:*:*:*:*:*:*","pkg:deb/debian/neon27@0.34.2-1?arch=arm64","LIBRARY","debian-target"
"libnet-dbus-perl","1.2.0-2+b3","Artistic | Artistic or GPL-1+ | GPL-1+","","","","","","Organization: Debian Perl Group <pkg-perl-maintainers@lists.alioth.debian.org>","Copyright (c) Debian contributors","cpe:2.3:a:debian:libnet-dbus-perl (1.2.0-2):1.2.0-2+b3:*:*:*:*:*:*:*","pkg:deb/debian/libnet-dbus-perl (1.2.0-2)@1.2.0-2+b3?arch=arm64","cpe:2.3:a:debian:libnet-dbus-perl (1.2.0-2):1.2.0-2+b3:*:*:*:*:*:*:*","pkg:deb/debian/libnet-dbus-perl (1.2.0-2)@1.2.0-2+b3?arch=arm64","APPLICATION","debian-target"
"libnet-http-perl","6.23-1","Artistic | Artistic or GPL-1+ | GPL-1+","","","","","","Organization: Debian Perl Group <pkg-perl-maintainers@lists.alioth.debian.org>","Copyright (c) Debian contributors","cpe:2.3:a:debian:libnet-http-perl:6.23-1:*:*:*:*:*:*:*","pkg:deb/debian/libnet-http-perl@6.23-1?arch=all","cpe:2.3:a:debian:libnet-http-perl:6.23-1:*:*:*:*:*:*:*","pkg:deb/debian/libnet-http-perl@6.23-1?arch=all","APPLICATION","debian-target"
"libnet-ssleay-perl","1.94-3","Artistic | Artistic or GPL-1+ | Artistic-2.0 | GPL-1+","","","","","","Organization: Debian Perl Group <pkg-perl-maintainers@lists.alioth.debian.org>","Copyright (c) Debian contributors","cpe:2.3:a:debian:libnet-ssleay-perl:1.94-3:*:*:*:*:*:*:*","pkg:deb/debian/libnet-ssleay-perl@1.94-3?arch=arm64","cpe:2.3:a:debian:libnet-ssleay-perl:1.94-3:*:*:*:*:*:*:*","pkg:deb/debian/libnet-ssleay-perl@1.94-3?arch=arm64","APPLICATION","debian-target"
"libnetcdf22","1:4.9.3-1","BSD-3-Clause | BSD-3-Clause and HDF5 | BSD-3-Clause and curl | BSL-1.0 | CC-BY-4.0 | Expat | GPL-3+ with Bison exception | HDF5 | NetCDF | NetCDF and BSL-1.0 | Unicode-data | Zlib | curl | ncxml | public-domain","","","","","","Organization: Debian GIS Project <pkg-grass-devel@lists.alioth.debian.org>","Copyright (c) Debian contributors","cpe:2.3:a:debian:netcdf:1:4.9.3-1:*:*:*:*:*:*:*","pkg:deb/debian/netcdf@1:4.9.3-1?arch=arm64","cpe:2.3:a:debian:netcdf:1:4.9.3-1:*:*:*:*:*:*:*","pkg:deb/debian/netcdf@1:4.9.3-1?arch=arm64","LIBRARY","debian-target"
"libnetfilter-conntrack3","1.1.0-1","GPL-2+","","","","","","Organization: Debian Netfilter Packaging Team <team+pkg-netfilter-team@tracker.debian.org>","Copyright (c) Debian contributors","cpe:2.3:a:debian:libnetfilter-conntrack:1.1.0-1:*:*:*:*:*:*:*","pkg:deb/debian/libnetfilter-conntrack@1.1.0-1?arch=arm64","cpe:2.3:a:debian:libnetfilter-conntrack:1.1.0-1:*:*:*:*:*:*:*","pkg:deb/debian/libnetfilter-conntrack@1.1.0-1?arch=arm64","LIBRARY","debian-target"
"libnettle8t64","3.10.1-1","Expat | GAP | GPL-2 | GPL-2+ | GPL-3+ with Autoconf exception | LGPL-2+ | LGPL-3+ | LGPL-3+ or GPL-2+ | public-domain","","","","","","Organization: Magnus Holmgren <holmgren@debian.org>","Copyright (c) Debian contributors","cpe:2.3:a:debian:nettle:3.10.1-1:*:*:*:*:*:*:*","pkg:deb/debian/nettle@3.10.1-1?arch=arm64","cpe:2.3:a:debian:nettle:3.10.1-1:*:*:*:*:*:*:*","pkg:deb/debian/nettle@3.10.1-1?arch=arm64","LIBRARY","debian-target"
"libnewt0.52","0.52.25-1","GPL-2+ | LGPL-2","","","","","","Organization: Alastair McKinstry <mckinstry@debian.org>","Copyright (c) Debian contributors","cpe:2.3:a:debian:newt:0.52.25-1:*:*:*:*:*:*:*","pkg:deb/debian/newt@0.52.25-1?arch=arm64","cpe:2.3:a:debian:newt:0.52.25-1:*:*:*:*:*:*:*","pkg:deb/debian/newt@0.52.25-1?arch=arm64","LIBRARY","debian-target"
"libnfnetlink0","1.0.2-3","GPL-2.0+","","","","","","Organization: Debian Netfilter Packaging Team <team+pkg-netfilter-team@tracker.debian.org>","Copyright (c) Debian contributors","cpe:2.3:a:debian:libnfnetlink:1.0.2-3:*:*:*:*:*:*:*","pkg:deb/debian/libnfnetlink@1.0.2-3?arch=arm64","cpe:2.3:a:debian:libnfnetlink:1.0.2-3:*:*:*:*:*:*:*","pkg:deb/debian/libnfnetlink@1.0.2-3?arch=arm64","LIBRARY","debian-target"
"libnfs14","5.0.2-1+b2","BSD-2-clause | BSD-3-Clause | GPL-3+ | LGPL-2.1+","","","","","","Organization: Ritesh Raj Sarraf <rrs@debian.org>,","Copyright (c) Debian contributors","cpe:2.3:a:debian:libnfs (5.0.2-1):5.0.2-1+b2:*:*:*:*:*:*:*","pkg:deb/debian/libnfs (5.0.2-1)@5.0.2-1+b2?arch=arm64","cpe:2.3:a:debian:libnfs (5.0.2-1):5.0.2-1+b2:*:*:*:*:*:*:*","pkg:deb/debian/libnfs (5.0.2-1)@5.0.2-1+b2?arch=arm64","LIBRARY","debian-target"
"libnftables1","1.1.3-1","CC-BY-SA-4.0 | GPL-2 | GPL-2+","","","","","","Organization: Debian Netfilter Packaging Team <team+pkg-netfilter-team@tracker.debian.org>","Copyright (c) Debian contributors","cpe:2.3:a:debian:nftables:1.1.3-1:*:*:*:*:*:*:*","pkg:deb/debian/nftables@1.1.3-1?arch=arm64","cpe:2.3:a:debian:nftables:1.1.3-1:*:*:*:*:*:*:*","pkg:deb/debian/nftables@1.1.3-1?arch=arm64","LIBRARY","debian-target"
"libnftnl11","1.2.9-1","GPL-2 | GPL-2+","","","","","","Organization: Debian Netfilter Packaging Team <team+pkg-netfilter-team@tracker.debian.org>","Copyright (c) Debian contributors","cpe:2.3:a:debian:libnftnl:1.2.9-1:*:*:*:*:*:*:*","pkg:deb/debian/libnftnl@1.2.9-1?arch=arm64","cpe:2.3:a:debian:libnftnl:1.2.9-1:*:*:*:*:*:*:*","pkg:deb/debian/libnftnl@1.2.9-1?arch=arm64","LIBRARY","debian-target"
"libnghttp2-14","1.64.0-1.1+deb13u1","BSD-2-clause | Expat | GPL-3+ with autoconf exception | MIT | all-permissive","","","","","","Organization: Tomasz Buchert <tomasz@debian.org>","Copyright (c) Debian contributors","cpe:2.3:a:debian:nghttp2:1.64.0-1.1+deb13u1:*:*:*:*:*:*:*","pkg:deb/debian/nghttp2@1.64.0-1.1+deb13u1?arch=arm64","cpe:2.3:a:debian:nghttp2:1.64.0-1.1+deb13u1:*:*:*:*:*:*:*","pkg:deb/debian/nghttp2@1.64.0-1.1+deb13u1?arch=arm64","LIBRARY","debian-target"
"libnghttp3-9","1.8.0-1","FSFAP | FSFUL | FSFULLR | FSFULLR and MIT | GPL-2+ with Autoconf generic exception | GPL-2+ with Libtool Exception | GPL-3+ | GPL-3+ with Autoconf generic exception | MIT","","","","","","Organization: Debian Curl Maintainers <team+curl@tracker.debian.org>","Copyright (c) Debian contributors","cpe:2.3:a:debian:nghttp3:1.8.0-1:*:*:*:*:*:*:*","pkg:deb/debian/nghttp3@1.8.0-1?arch=arm64","cpe:2.3:a:debian:nghttp3:1.8.0-1:*:*:*:*:*:*:*","pkg:deb/debian/nghttp3@1.8.0-1?arch=arm64","LIBRARY","debian-target"
"libngtcp2-16","1.11.0-1+deb13u1","FSFAP | FSFUL | FSFULLR | FSFULLR and MIT | GPL-2+ with Autoconf generic exception | GPL-2+ with Libtool Exception | GPL-3+ | GPL-3+ with Autoconf generic exception | MIT","","","","","","Organization: Debian Curl Maintainers <team+curl@tracker.debian.org>","Copyright (c) Debian contributors","cpe:2.3:a:debian:ngtcp2:1.11.0-1+deb13u1:*:*:*:*:*:*:*","pkg:deb/debian/ngtcp2@1.11.0-1+deb13u1?arch=arm64","cpe:2.3:a:debian:ngtcp2:1.11.0-1+deb13u1:*:*:*:*:*:*:*","pkg:deb/debian/ngtcp2@1.11.0-1+deb13u1?arch=arm64","LIBRARY","debian-target"
"libngtcp2-crypto-gnutls8","1.11.0-1+deb13u1","FSFAP | FSFUL | FSFULLR | FSFULLR and MIT | GPL-2+ with Autoconf generic exception | GPL-2+ with Libtool Exception | GPL-3+ | GPL-3+ with Autoconf generic exception | MIT","","","","","","Organization: Debian Curl Maintainers <team+curl@tracker.debian.org>","Copyright (c) Debian contributors","cpe:2.3:a:debian:ngtcp2:1.11.0-1+deb13u1:*:*:*:*:*:*:*","pkg:deb/debian/ngtcp2@1.11.0-1+deb13u1?arch=arm64","cpe:2.3:a:debian:ngtcp2:1.11.0-1+deb13u1:*:*:*:*:*:*:*","pkg:deb/debian/ngtcp2@1.11.0-1+deb13u1?arch=arm64","LIBRARY","debian-target"
"libnice10","0.1.22-1","","","","","","","Organization: Debian Telepathy maintainers <pkg-telepathy-maintainers@lists.alioth.debian.org>","Copyright (c) Debian contributors","cpe:2.3:a:debian:libnice:0.1.22-1:*:*:*:*:*:*:*","pkg:deb/debian/libnice@0.1.22-1?arch=arm64","cpe:2.3:a:debian:libnice:0.1.22-1:*:*:*:*:*:*:*","pkg:deb/debian/libnice@0.1.22-1?arch=arm64","LIBRARY","debian-target"
"libnl-3-200","3.7.0-2","","","","","","","Organization: Heiko Stuebner <mmind@debian.org>","Copyright (c) Debian contributors","cpe:2.3:a:debian:libnl3:3.7.0-2:*:*:*:*:*:*:*","pkg:deb/debian/libnl3@3.7.0-2?arch=arm64","cpe:2.3:a:debian:libnl3:3.7.0-2:*:*:*:*:*:*:*","pkg:deb/debian/libnl3@3.7.0-2?arch=arm64","LIBRARY","debian-target"
"libnl-genl-3-200","3.7.0-2","","","","","","","Organization: Heiko Stuebner <mmind@debian.org>","Copyright (c) Debian contributors","cpe:2.3:a:debian:libnl3:3.7.0-2:*:*:*:*:*:*:*","pkg:deb/debian/libnl3@3.7.0-2?arch=arm64","cpe:2.3:a:debian:libnl3:3.7.0-2:*:*:*:*:*:*:*","pkg:deb/debian/libnl3@3.7.0-2?arch=arm64","LIBRARY","debian-target"
"libnl-route-3-200","3.7.0-2","","","","","","","Organization: Heiko Stuebner <mmind@debian.org>","Copyright (c) Debian contributors","cpe:2.3:a:debian:libnl3:3.7.0-2:*:*:*:*:*:*:*","pkg:deb/debian/libnl3@3.7.0-2?arch=arm64","cpe:2.3:a:debian:libnl3:3.7.0-2:*:*:*:*:*:*:*","pkg:deb/debian/libnl3@3.7.0-2?arch=arm64","LIBRARY","debian-target"
"libnm0","1.52.1-1","GFDL-NIV-1.1+ | GPL-2+ | LGPL-2.1+","","","","","","Organization: Utopia Maintenance Team <pkg-utopia-maintainers@lists.alioth.debian.org>","Copyright (c) Debian contributors","cpe:2.3:a:debian:network-manager:1.52.1-1:*:*:*:*:*:*:*","pkg:deb/debian/network-manager@1.52.1-1?arch=arm64","cpe:2.3:a:debian:network-manager:1.52.1-1:*:*:*:*:*:*:*","pkg:deb/debian/network-manager@1.52.1-1?arch=arm64","LIBRARY","debian-target"
"libnma-common","1.10.6-5","GPL-2+ | LGPL-2+ | LGPL-2.1+","","","","","","Organization: Utopia Maintenance Team <pkg-utopia-maintainers@lists.alioth.debian.org>","Copyright (c) Debian contributors","cpe:2.3:a:debian:libnma:1.10.6-5:*:*:*:*:*:*:*","pkg:deb/debian/libnma@1.10.6-5?arch=all","cpe:2.3:a:debian:libnma:1.10.6-5:*:*:*:*:*:*:*","pkg:deb/debian/libnma@1.10.6-5?arch=all","LIBRARY","debian-target"
"libnma-gtk4-0","1.10.6-5","GPL-2+ | LGPL-2+ | LGPL-2.1+","","","","","","Organization: Utopia Maintenance Team <pkg-utopia-maintainers@lists.alioth.debian.org>","Copyright (c) Debian contributors","cpe:2.3:a:debian:libnma:1.10.6-5:*:*:*:*:*:*:*","pkg:deb/debian/libnma@1.10.6-5?arch=arm64","cpe:2.3:a:debian:libnma:1.10.6-5:*:*:*:*:*:*:*","pkg:deb/debian/libnma@1.10.6-5?arch=arm64","LIBRARY","debian-target"
"libnma0","1.10.6-5","GPL-2+ | LGPL-2+ | LGPL-2.1+","","","","","","Organization: Utopia Maintenance Team <pkg-utopia-maintainers@lists.alioth.debian.org>","Copyright (c) Debian contributors","cpe:2.3:a:debian:libnma:1.10.6-5:*:*:*:*:*:*:*","pkg:deb/debian/libnma@1.10.6-5?arch=arm64","cpe:2.3:a:debian:libnma:1.10.6-5:*:*:*:*:*:*:*","pkg:deb/debian/libnma@1.10.6-5?arch=arm64","LIBRARY","debian-target"
"libnorm1t64","1.5.9+dfsg-3.1+b2","BSD-2-clause | BSD-3-clause | BSD-4-clause-UC | NRL-2-clause | NRL-3-clause","","","","","","Organization: Luca Boccassi <bluca@debian.org>","Copyright (c) Debian contributors","cpe:2.3:a:debian:norm (1.5.9+dfsg-3.1):1.5.9+dfsg-3.1+b2:*:*:*:*:*:*:*","pkg:deb/debian/norm (1.5.9+dfsg-3.1)@1.5.9+dfsg-3.1+b2?arch=arm64","cpe:2.3:a:debian:norm (1.5.9+dfsg-3.1):1.5.9+dfsg-3.1+b2:*:*:*:*:*:*:*","pkg:deb/debian/norm (1.5.9+dfsg-3.1)@1.5.9+dfsg-3.1+b2?arch=arm64","LIBRARY","debian-target"
"libnotify4","0.8.6-1","","","","","","","Organization: Debian GNOME Maintainers <pkg-gnome-maintainers@lists.alioth.debian.org>","Copyright (c) Debian contributors","cpe:2.3:a:debian:libnotify:0.8.6-1:*:*:*:*:*:*:*","pkg:deb/debian/libnotify@0.8.6-1?arch=arm64","cpe:2.3:a:debian:libnotify:0.8.6-1:*:*:*:*:*:*:*","pkg:deb/debian/libnotify@0.8.6-1?arch=arm64","LIBRARY","debian-target"
"libnpth0t64","1.8-3","LGPL-2.1+","","","","","","Organization: Eric Dorland <eric@debian.org>","Copyright (c) Debian contributors","cpe:2.3:a:debian:npth:1.8-3:*:*:*:*:*:*:*","pkg:deb/debian/npth@1.8-3?arch=arm64","cpe:2.3:a:debian:npth:1.8-3:*:*:*:*:*:*:*","pkg:deb/debian/npth@1.8-3?arch=arm64","LIBRARY","debian-target"
"libnspr4","2:4.36-1","MPL-2.0","","","","","","Organization: Maintainers of Mozilla-related packages <team+pkg-mozilla@tracker.debian.org>","Copyright (c) Debian contributors","cpe:2.3:a:debian:nspr:2:4.36-1:*:*:*:*:*:*:*","pkg:deb/debian/nspr@2:4.36-1?arch=arm64","cpe:2.3:a:debian:nspr:2:4.36-1:*:*:*:*:*:*:*","pkg:deb/debian/nspr@2:4.36-1?arch=arm64","LIBRARY","debian-target"
"libnss3","2:3.110-1+deb13u2","BSD-3 | MPL-2.0 | Zlib | public-domain","","","","","","Organization: Maintainers of Mozilla-related packages <team+pkg-mozilla@tracker.debian.org>","Copyright (c) Debian contributors","cpe:2.3:a:debian:nss:2:3.110-1+deb13u2:*:*:*:*:*:*:*","pkg:deb/debian/nss@2:3.110-1+deb13u2?arch=arm64","cpe:2.3:a:debian:nss:2:3.110-1+deb13u2:*:*:*:*:*:*:*","pkg:deb/debian/nss@2:3.110-1+deb13u2?arch=arm64","LIBRARY","debian-target"
"libntfs-3g89t64","1:2022.10.3-5+deb13u1","GPL-2+ | LGPL-2+","","","","","","Organization: Laszlo Boszormenyi (GCS) <gcs@debian.org>","Copyright (c) Debian contributors","cpe:2.3:a:debian:ntfs-3g:1:2022.10.3-5+deb13u1:*:*:*:*:*:*:*","pkg:deb/debian/ntfs-3g@1:2022.10.3-5+deb13u1?arch=arm64","cpe:2.3:a:debian:ntfs-3g:1:2022.10.3-5+deb13u1:*:*:*:*:*:*:*","pkg:deb/debian/ntfs-3g@1:2022.10.3-5+deb13u1?arch=arm64","LIBRARY","debian-target"
"libnuma1","2.0.19-1","","","","","","","Organization: Ian Wienand <ianw@debian.org>","Copyright (c) Debian contributors","cpe:2.3:a:debian:numactl:2.0.19-1:*:*:*:*:*:*:*","pkg:deb/debian/numactl@2.0.19-1?arch=arm64","cpe:2.3:a:debian:numactl:2.0.19-1:*:*:*:*:*:*:*","pkg:deb/debian/numactl@2.0.19-1?arch=arm64","LIBRARY","debian-target"
"libnvme1t64","1.13-2","Apache-2.0 | CC0 | GPL-2 | LGPL-2.1+ | MIT","","","","","","Organization: Daniel Baumann <daniel@debian.org>","Copyright (c) Debian contributors","cpe:2.3:a:debian:libnvme:1.13-2:*:*:*:*:*:*:*","pkg:deb/debian/libnvme@1.13-2?arch=arm64","cpe:2.3:a:debian:libnvme:1.13-2:*:*:*:*:*:*:*","pkg:deb/debian/libnvme@1.13-2?arch=arm64","LIBRARY","debian-target"
"liboauth0","1.0.3-5+b2","Expat","","","","","","Organization: Laurin Hagemann <laurinhg@gmx.de>","Copyright (c) Debian contributors","cpe:2.3:a:debian:liboauth (1.0.3-5):1.0.3-5+b2:*:*:*:*:*:*:*","pkg:deb/debian/liboauth (1.0.3-5)@1.0.3-5+b2?arch=arm64","cpe:2.3:a:debian:liboauth (1.0.3-5):1.0.3-5+b2:*:*:*:*:*:*:*","pkg:deb/debian/liboauth (1.0.3-5)@1.0.3-5+b2?arch=arm64","LIBRARY","debian-target"
"libobrender32v5","3.6.1-12+b2","BSD-3-clause | GPL-2+ | GPL-3+","","","","","","Organization: Mateusz Łukasik <mati75@linuxmint.pl>","Copyright (c) Debian contributors","cpe:2.3:a:debian:openbox (3.6.1-12):3.6.1-12+b2:*:*:*:*:*:*:*","pkg:deb/debian/openbox (3.6.1-12)@3.6.1-12+b2?arch=arm64","cpe:2.3:a:debian:openbox (3.6.1-12):3.6.1-12+b2:*:*:*:*:*:*:*","pkg:deb/debian/openbox (3.6.1-12)@3.6.1-12+b2?arch=arm64","LIBRARY","debian-target"
"libobt2v5","3.6.1-12+b2","BSD-3-clause | GPL-2+ | GPL-3+","","","","","","Organization: Mateusz Łukasik <mati75@linuxmint.pl>","Copyright (c) Debian contributors","cpe:2.3:a:debian:openbox (3.6.1-12):3.6.1-12+b2:*:*:*:*:*:*:*","pkg:deb/debian/openbox (3.6.1-12)@3.6.1-12+b2?arch=arm64","cpe:2.3:a:debian:openbox (3.6.1-12):3.6.1-12+b2:*:*:*:*:*:*:*","pkg:deb/debian/openbox (3.6.1-12)@3.6.1-12+b2?arch=arm64","LIBRARY","debian-target"
"libodbc2","2.3.12-2","GPL-2+ | LGPL-2+ | LGPL-2.1+ | ppowell","","","","","","Organization: Hugh McMaster <hmc@debian.org>","Copyright (c) Debian contributors","cpe:2.3:a:debian:unixodbc:2.3.12-2:*:*:*:*:*:*:*","pkg:deb/debian/unixodbc@2.3.12-2?arch=arm64","cpe:2.3:a:debian:unixodbc:2.3.12-2:*:*:*:*:*:*:*","pkg:deb/debian/unixodbc@2.3.12-2?arch=arm64","LIBRARY","debian-target"
"libodbcinst2","2.3.12-2","GPL-2+ | LGPL-2+ | LGPL-2.1+ | ppowell","","","","","","Organization: Hugh McMaster <hmc@debian.org>","Copyright (c) Debian contributors","cpe:2.3:a:debian:unixodbc:2.3.12-2:*:*:*:*:*:*:*","pkg:deb/debian/unixodbc@2.3.12-2?arch=arm64","cpe:2.3:a:debian:unixodbc:2.3.12-2:*:*:*:*:*:*:*","pkg:deb/debian/unixodbc@2.3.12-2?arch=arm64","LIBRARY","debian-target"
"libogdi4.1","4.1.1+ds-5","GPL-2+ | LGPL-2.1+ | MIT | MIT or LGPL-2.1+ | OGDI-3I | OGDI-LAS | OGDI-QUEEN | VPFLIB | public-domain","","","","","","Organization: Debian GIS Project <pkg-grass-devel@lists.alioth.debian.org>","Copyright (c) Debian contributors","cpe:2.3:a:debian:ogdi-dfsg:4.1.1+ds-5:*:*:*:*:*:*:*","pkg:deb/debian/ogdi-dfsg@4.1.1+ds-5?arch=arm64","cpe:2.3:a:debian:ogdi-dfsg:4.1.1+ds-5:*:*:*:*:*:*:*","pkg:deb/debian/ogdi-dfsg@4.1.1+ds-5?arch=arm64","LIBRARY","debian-target"
"libogg0","1.3.5-3+b2","BSD-3-clause | rfc3533-license | rfc5334-license","","","","","","Organization: Debian Multimedia Maintainers <debian-multimedia@lists.debian.org>","Copyright (c) Debian contributors","cpe:2.3:a:debian:libogg (1.3.5-3):1.3.5-3+b2:*:*:*:*:*:*:*","pkg:deb/debian/libogg (1.3.5-3)@1.3.5-3+b2?arch=arm64","cpe:2.3:a:debian:libogg (1.3.5-3):1.3.5-3+b2:*:*:*:*:*:*:*","pkg:deb/debian/libogg (1.3.5-3)@1.3.5-3+b2?arch=arm64","LIBRARY","debian-target"
"libonnx1t64","1.17.0-3+b1","Apache-2.0 | CC-BY-SA-4.0 | Expat | U-OF-I-BSD-LIKE","","","","","","Organization: Debian Deep Learning Team <debian-ai@lists.debian.org>","Copyright (c) Debian contributors","cpe:2.3:a:debian:onnx (1.17.0-3):1.17.0-3+b1:*:*:*:*:*:*:*","pkg:deb/debian/onnx (1.17.0-3)@1.17.0-3+b1?arch=arm64","cpe:2.3:a:debian:onnx (1.17.0-3):1.17.0-3+b1:*:*:*:*:*:*:*","pkg:deb/debian/onnx (1.17.0-3)@1.17.0-3+b1?arch=arm64","LIBRARY","debian-target"
"libonnxruntime1.21","1.21.0+dfsg-1","Apache-2.0 | Apache-2.0 and Expat | BSD-2-clause | BSD-2-clause and BSD-3-clause | BSD-3-clause | BSD-3-clause and Expat | BSD-3-clause and public-domain | Expat | Expat and public-domain | MPL-2.0 | public-domain","","","","","","Organization: Debian Deep Learning Team <debian-ai@lists.debian.org>","Copyright (c) Debian contributors","cpe:2.3:a:debian:onnxruntime:1.21.0+dfsg-1:*:*:*:*:*:*:*","pkg:deb/debian/onnxruntime@1.21.0+dfsg-1?arch=arm64","cpe:2.3:a:debian:onnxruntime:1.21.0+dfsg-1:*:*:*:*:*:*:*","pkg:deb/debian/onnxruntime@1.21.0+dfsg-1?arch=arm64","LIBRARY","debian-target"
"liboobs-1-5","3.0.0-4.3","GPL-2+ | LGPL-2+","","","","","","Organization: Andriy Grytsenko <andrej@rep.kiev.ua>","Copyright (c) Debian contributors","cpe:2.3:a:debian:liboobs:3.0.0-4.3:*:*:*:*:*:*:*","pkg:deb/debian/liboobs@3.0.0-4.3?arch=arm64","cpe:2.3:a:debian:liboobs:3.0.0-4.3:*:*:*:*:*:*:*","pkg:deb/debian/liboobs@3.0.0-4.3?arch=arm64","LIBRARY","debian-target"
"libopenal-data","1:1.24.2-1","Apache-2.0 | BSD-3-clause | Expat | GPL-2+ | GPL-3+ | LGPL-2+","","","","","","Organization: Debian Games Team <pkg-games-devel@lists.alioth.debian.org>","Copyright (c) Debian contributors","cpe:2.3:a:debian:openal-soft:1:1.24.2-1:*:*:*:*:*:*:*","pkg:deb/debian/openal-soft@1:1.24.2-1?arch=all","cpe:2.3:a:debian:openal-soft:1:1.24.2-1:*:*:*:*:*:*:*","pkg:deb/debian/openal-soft@1:1.24.2-1?arch=all","LIBRARY","debian-target"
"libopenal1","1:1.24.2-1","Apache-2.0 | BSD-3-clause | Expat | GPL-2+ | GPL-3+ | LGPL-2+","","","","","","Organization: Debian Games Team <pkg-games-devel@lists.alioth.debian.org>","Copyright (c) Debian contributors","cpe:2.3:a:debian:openal-soft:1:1.24.2-1:*:*:*:*:*:*:*","pkg:deb/debian/openal-soft@1:1.24.2-1?arch=arm64","cpe:2.3:a:debian:openal-soft:1:1.24.2-1:*:*:*:*:*:*:*","pkg:deb/debian/openal-soft@1:1.24.2-1?arch=arm64","LIBRARY","debian-target"
"libopencc-data","1.1.9+ds1-1","Apache-2.0","","","","","","Organization: Debian Input Method Team <debian-input-method@lists.debian.org>","Copyright (c) Debian contributors","cpe:2.3:a:debian:opencc:1.1.9+ds1-1:*:*:*:*:*:*:*","pkg:deb/debian/opencc@1.1.9+ds1-1?arch=all","cpe:2.3:a:debian:opencc:1.1.9+ds1-1:*:*:*:*:*:*:*","pkg:deb/debian/opencc@1.1.9+ds1-1?arch=all","LIBRARY","debian-target"
"libopencc1.1","1.1.9+ds1-1+b1","Apache-2.0","","","","","","Organization: Debian Input Method Team <debian-input-method@lists.debian.org>","Copyright (c) Debian contributors","cpe:2.3:a:debian:opencc (1.1.9+ds1-1):1.1.9+ds1-1+b1:*:*:*:*:*:*:*","pkg:deb/debian/opencc (1.1.9+ds1-1)@1.1.9+ds1-1+b1?arch=arm64","cpe:2.3:a:debian:opencc (1.1.9+ds1-1):1.1.9+ds1-1+b1:*:*:*:*:*:*:*","pkg:deb/debian/opencc (1.1.9+ds1-1)@1.1.9+ds1-1+b1?arch=arm64","LIBRARY","debian-target"
"libopencore-amrnb0","0.1.6-1+b2","","","","","","","Organization: Debian Multimedia Maintainers <debian-multimedia@lists.debian.org>","Copyright (c) Debian contributors","cpe:2.3:a:debian:opencore-amr (0.1.6-1):0.1.6-1+b2:*:*:*:*:*:*:*","pkg:deb/debian/opencore-amr (0.1.6-1)@0.1.6-1+b2?arch=arm64","cpe:2.3:a:debian:opencore-amr (0.1.6-1):0.1.6-1+b2:*:*:*:*:*:*:*","pkg:deb/debian/opencore-amr (0.1.6-1)@0.1.6-1+b2?arch=arm64","LIBRARY","debian-target"
"libopencore-amrwb0","0.1.6-1+b2","","","","","","","Organization: Debian Multimedia Maintainers <debian-multimedia@lists.debian.org>","Copyright (c) Debian contributors","cpe:2.3:a:debian:opencore-amr (0.1.6-1):0.1.6-1+b2:*:*:*:*:*:*:*","pkg:deb/debian/opencore-amr (0.1.6-1)@0.1.6-1+b2?arch=arm64","cpe:2.3:a:debian:opencore-amr (0.1.6-1):0.1.6-1+b2:*:*:*:*:*:*:*","pkg:deb/debian/opencore-amr (0.1.6-1)@0.1.6-1+b2?arch=arm64","LIBRARY","debian-target"
"libopencv-calib3d-dev","4.10.0+dfsg-5","Apache-2.0 | Apache-2.0 AND BSD-3-Clause | BSD-2-Clause | BSD-3-Clause | BSD-3-clause | Expat | GPL-2.0+ | ISC | STEREO_CALIB_PERMISSIVE","","","","","","Organization: Debian Science Team <debian-science-maintainers@lists.alioth.debian.org>","Copyright (c) Debian contributors","cpe:2.3:a:debian:opencv:4.10.0+dfsg-5:*:*:*:*:*:*:*","pkg:deb/debian/opencv@4.10.0+dfsg-5?arch=arm64","cpe:2.3:a:debian:opencv:4.10.0+dfsg-5:*:*:*:*:*:*:*","pkg:deb/debian/opencv@4.10.0+dfsg-5?arch=arm64","LIBRARY","debian-target"
"libopencv-calib3d410","4.10.0+dfsg-5","Apache-2.0 | Apache-2.0 AND BSD-3-Clause | BSD-2-Clause | BSD-3-Clause | BSD-3-clause | Expat | GPL-2.0+ | ISC | STEREO_CALIB_PERMISSIVE","","","","","","Organization: Debian Science Team <debian-science-maintainers@lists.alioth.debian.org>","Copyright (c) Debian contributors","cpe:2.3:a:debian:opencv:4.10.0+dfsg-5:*:*:*:*:*:*:*","pkg:deb/debian/opencv@4.10.0+dfsg-5?arch=arm64","cpe:2.3:a:debian:opencv:4.10.0+dfsg-5:*:*:*:*:*:*:*","pkg:deb/debian/opencv@4.10.0+dfsg-5?arch=arm64","LIBRARY","debian-target"
"libopencv-contrib-dev","4.10.0+dfsg-5","Apache-2.0 | Apache-2.0 AND BSD-3-Clause | BSD-2-Clause | BSD-3-Clause | BSD-3-clause | Expat | GPL-2.0+ | ISC | STEREO_CALIB_PERMISSIVE","","","","","","Organization: Debian Science Team <debian-science-maintainers@lists.alioth.debian.org>","Copyright (c) Debian contributors","cpe:2.3:a:debian:opencv:4.10.0+dfsg-5:*:*:*:*:*:*:*","pkg:deb/debian/opencv@4.10.0+dfsg-5?arch=arm64","cpe:2.3:a:debian:opencv:4.10.0+dfsg-5:*:*:*:*:*:*:*","pkg:deb/debian/opencv@4.10.0+dfsg-5?arch=arm64","LIBRARY","debian-target"
"libopencv-contrib410","4.10.0+dfsg-5","Apache-2.0 | Apache-2.0 AND BSD-3-Clause | BSD-2-Clause | BSD-3-Clause | BSD-3-clause | Expat | GPL-2.0+ | ISC | STEREO_CALIB_PERMISSIVE","","","","","","Organization: Debian Science Team <debian-science-maintainers@lists.alioth.debian.org>","Copyright (c) Debian contributors","cpe:2.3:a:debian:opencv:4.10.0+dfsg-5:*:*:*:*:*:*:*","pkg:deb/debian/opencv@4.10.0+dfsg-5?arch=arm64","cpe:2.3:a:debian:opencv:4.10.0+dfsg-5:*:*:*:*:*:*:*","pkg:deb/debian/opencv@4.10.0+dfsg-5?arch=arm64","LIBRARY","debian-target"
"libopencv-core-dev","4.10.0+dfsg-5","Apache-2.0 | Apache-2.0 AND BSD-3-Clause | BSD-2-Clause | BSD-3-Clause | BSD-3-clause | Expat | GPL-2.0+ | ISC | STEREO_CALIB_PERMISSIVE","","","","","","Organization: Debian Science Team <debian-science-maintainers@lists.alioth.debian.org>","Copyright (c) Debian contributors","cpe:2.3:a:debian:opencv:4.10.0+dfsg-5:*:*:*:*:*:*:*","pkg:deb/debian/opencv@4.10.0+dfsg-5?arch=arm64","cpe:2.3:a:debian:opencv:4.10.0+dfsg-5:*:*:*:*:*:*:*","pkg:deb/debian/opencv@4.10.0+dfsg-5?arch=arm64","LIBRARY","debian-target"
"libopencv-core410","4.10.0+dfsg-5","Apache-2.0 | Apache-2.0 AND BSD-3-Clause | BSD-2-Clause | BSD-3-Clause | BSD-3-clause | Expat | GPL-2.0+ | ISC | STEREO_CALIB_PERMISSIVE","","","","","","Organization: Debian Science Team <debian-science-maintainers@lists.alioth.debian.org>","Copyright (c) Debian contributors","cpe:2.3:a:debian:opencv:4.10.0+dfsg-5:*:*:*:*:*:*:*","pkg:deb/debian/opencv@4.10.0+dfsg-5?arch=arm64","cpe:2.3:a:debian:opencv:4.10.0+dfsg-5:*:*:*:*:*:*:*","pkg:deb/debian/opencv@4.10.0+dfsg-5?arch=arm64","LIBRARY","debian-target"
"libopencv-dev","4.10.0+dfsg-5","Apache-2.0 | Apache-2.0 AND BSD-3-Clause | BSD-2-Clause | BSD-3-Clause | BSD-3-clause | Expat | GPL-2.0+ | ISC | STEREO_CALIB_PERMISSIVE","","","","","","Organization: Debian Science Team <debian-science-maintainers@lists.alioth.debian.org>","Copyright (c) Debian contributors","cpe:2.3:a:debian:opencv:4.10.0+dfsg-5:*:*:*:*:*:*:*","pkg:deb/debian/opencv@4.10.0+dfsg-5?arch=arm64","cpe:2.3:a:debian:opencv:4.10.0+dfsg-5:*:*:*:*:*:*:*","pkg:deb/debian/opencv@4.10.0+dfsg-5?arch=arm64","LIBRARY","debian-target"
"libopencv-dnn-dev","4.10.0+dfsg-5","Apache-2.0 | Apache-2.0 AND BSD-3-Clause | BSD-2-Clause | BSD-3-Clause | BSD-3-clause | Expat | GPL-2.0+ | ISC | STEREO_CALIB_PERMISSIVE","","","","","","Organization: Debian Science Team <debian-science-maintainers@lists.alioth.debian.org>","Copyright (c) Debian contributors","cpe:2.3:a:debian:opencv:4.10.0+dfsg-5:*:*:*:*:*:*:*","pkg:deb/debian/opencv@4.10.0+dfsg-5?arch=arm64","cpe:2.3:a:debian:opencv:4.10.0+dfsg-5:*:*:*:*:*:*:*","pkg:deb/debian/opencv@4.10.0+dfsg-5?arch=arm64","LIBRARY","debian-target"
"libopencv-dnn410","4.10.0+dfsg-5","Apache-2.0 | Apache-2.0 AND BSD-3-Clause | BSD-2-Clause | BSD-3-Clause | BSD-3-clause | Expat | GPL-2.0+ | ISC | STEREO_CALIB_PERMISSIVE","","","","","","Organization: Debian Science Team <debian-science-maintainers@lists.alioth.debian.org>","Copyright (c) Debian contributors","cpe:2.3:a:debian:opencv:4.10.0+dfsg-5:*:*:*:*:*:*:*","pkg:deb/debian/opencv@4.10.0+dfsg-5?arch=arm64","cpe:2.3:a:debian:opencv:4.10.0+dfsg-5:*:*:*:*:*:*:*","pkg:deb/debian/opencv@4.10.0+dfsg-5?arch=arm64","LIBRARY","debian-target"
"libopencv-features2d-dev","4.10.0+dfsg-5","Apache-2.0 | Apache-2.0 AND BSD-3-Clause | BSD-2-Clause | BSD-3-Clause | BSD-3-clause | Expat | GPL-2.0+ | ISC | STEREO_CALIB_PERMISSIVE","","","","","","Organization: Debian Science Team <debian-science-maintainers@lists.alioth.debian.org>","Copyright (c) Debian contributors","cpe:2.3:a:debian:opencv:4.10.0+dfsg-5:*:*:*:*:*:*:*","pkg:deb/debian/opencv@4.10.0+dfsg-5?arch=arm64","cpe:2.3:a:debian:opencv:4.10.0+dfsg-5:*:*:*:*:*:*:*","pkg:deb/debian/opencv@4.10.0+dfsg-5?arch=arm64","LIBRARY","debian-target"
"libopencv-features2d410","4.10.0+dfsg-5","Apache-2.0 | Apache-2.0 AND BSD-3-Clause | BSD-2-Clause | BSD-3-Clause | BSD-3-clause | Expat | GPL-2.0+ | ISC | STEREO_CALIB_PERMISSIVE","","","","","","Organization: Debian Science Team <debian-science-maintainers@lists.alioth.debian.org>","Copyright (c) Debian contributors","cpe:2.3:a:debian:opencv:4.10.0+dfsg-5:*:*:*:*:*:*:*","pkg:deb/debian/opencv@4.10.0+dfsg-5?arch=arm64","cpe:2.3:a:debian:opencv:4.10.0+dfsg-5:*:*:*:*:*:*:*","pkg:deb/debian/opencv@4.10.0+dfsg-5?arch=arm64","LIBRARY","debian-target"
"libopencv-flann-dev","4.10.0+dfsg-5","Apache-2.0 | Apache-2.0 AND BSD-3-Clause | BSD-2-Clause | BSD-3-Clause | BSD-3-clause | Expat | GPL-2.0+ | ISC | STEREO_CALIB_PERMISSIVE","","","","","","Organization: Debian Science Team <debian-science-maintainers@lists.alioth.debian.org>","Copyright (c) Debian contributors","cpe:2.3:a:debian:opencv:4.10.0+dfsg-5:*:*:*:*:*:*:*","pkg:deb/debian/opencv@4.10.0+dfsg-5?arch=arm64","cpe:2.3:a:debian:opencv:4.10.0+dfsg-5:*:*:*:*:*:*:*","pkg:deb/debian/opencv@4.10.0+dfsg-5?arch=arm64","LIBRARY","debian-target"
"libopencv-flann410","4.10.0+dfsg-5","Apache-2.0 | Apache-2.0 AND BSD-3-Clause | BSD-2-Clause | BSD-3-Clause | BSD-3-clause | Expat | GPL-2.0+ | ISC | STEREO_CALIB_PERMISSIVE","","","","","","Organization: Debian Science Team <debian-science-maintainers@lists.alioth.debian.org>","Copyright (c) Debian contributors","cpe:2.3:a:debian:opencv:4.10.0+dfsg-5:*:*:*:*:*:*:*","pkg:deb/debian/opencv@4.10.0+dfsg-5?arch=arm64","cpe:2.3:a:debian:opencv:4.10.0+dfsg-5:*:*:*:*:*:*:*","pkg:deb/debian/opencv@4.10.0+dfsg-5?arch=arm64","LIBRARY","debian-target"
"libopencv-highgui-dev","4.10.0+dfsg-5","Apache-2.0 | Apache-2.0 AND BSD-3-Clause | BSD-2-Clause | BSD-3-Clause | BSD-3-clause | Expat | GPL-2.0+ | ISC | STEREO_CALIB_PERMISSIVE","","","","","","Organization: Debian Science Team <debian-science-maintainers@lists.alioth.debian.org>","Copyright (c) Debian contributors","cpe:2.3:a:debian:opencv:4.10.0+dfsg-5:*:*:*:*:*:*:*","pkg:deb/debian/opencv@4.10.0+dfsg-5?arch=arm64","cpe:2.3:a:debian:opencv:4.10.0+dfsg-5:*:*:*:*:*:*:*","pkg:deb/debian/opencv@4.10.0+dfsg-5?arch=arm64","LIBRARY","debian-target"
"libopencv-highgui410","4.10.0+dfsg-5","Apache-2.0 | Apache-2.0 AND BSD-3-Clause | BSD-2-Clause | BSD-3-Clause | BSD-3-clause | Expat | GPL-2.0+ | ISC | STEREO_CALIB_PERMISSIVE","","","","","","Organization: Debian Science Team <debian-science-maintainers@lists.alioth.debian.org>","Copyright (c) Debian contributors","cpe:2.3:a:debian:opencv:4.10.0+dfsg-5:*:*:*:*:*:*:*","pkg:deb/debian/opencv@4.10.0+dfsg-5?arch=arm64","cpe:2.3:a:debian:opencv:4.10.0+dfsg-5:*:*:*:*:*:*:*","pkg:deb/debian/opencv@4.10.0+dfsg-5?arch=arm64","LIBRARY","debian-target"
"libopencv-imgcodecs-dev","4.10.0+dfsg-5","Apache-2.0 | Apache-2.0 AND BSD-3-Clause | BSD-2-Clause | BSD-3-Clause | BSD-3-clause | Expat | GPL-2.0+ | ISC | STEREO_CALIB_PERMISSIVE","","","","","","Organization: Debian Science Team <debian-science-maintainers@lists.alioth.debian.org>","Copyright (c) Debian contributors","cpe:2.3:a:debian:opencv:4.10.0+dfsg-5:*:*:*:*:*:*:*","pkg:deb/debian/opencv@4.10.0+dfsg-5?arch=arm64","cpe:2.3:a:debian:opencv:4.10.0+dfsg-5:*:*:*:*:*:*:*","pkg:deb/debian/opencv@4.10.0+dfsg-5?arch=arm64","LIBRARY","debian-target"
"libopencv-imgcodecs410","4.10.0+dfsg-5","Apache-2.0 | Apache-2.0 AND BSD-3-Clause | BSD-2-Clause | BSD-3-Clause | BSD-3-clause | Expat | GPL-2.0+ | ISC | STEREO_CALIB_PERMISSIVE","","","","","","Organization: Debian Science Team <debian-science-maintainers@lists.alioth.debian.org>","Copyright (c) Debian contributors","cpe:2.3:a:debian:opencv:4.10.0+dfsg-5:*:*:*:*:*:*:*","pkg:deb/debian/opencv@4.10.0+dfsg-5?arch=arm64","cpe:2.3:a:debian:opencv:4.10.0+dfsg-5:*:*:*:*:*:*:*","pkg:deb/debian/opencv@4.10.0+dfsg-5?arch=arm64","LIBRARY","debian-target"
"libopencv-imgproc-dev","4.10.0+dfsg-5","Apache-2.0 | Apache-2.0 AND BSD-3-Clause | BSD-2-Clause | BSD-3-Clause | BSD-3-clause | Expat | GPL-2.0+ | ISC | STEREO_CALIB_PERMISSIVE","","","","","","Organization: Debian Science Team <debian-science-maintainers@lists.alioth.debian.org>","Copyright (c) Debian contributors","cpe:2.3:a:debian:opencv:4.10.0+dfsg-5:*:*:*:*:*:*:*","pkg:deb/debian/opencv@4.10.0+dfsg-5?arch=arm64","cpe:2.3:a:debian:opencv:4.10.0+dfsg-5:*:*:*:*:*:*:*","pkg:deb/debian/opencv@4.10.0+dfsg-5?arch=arm64","LIBRARY","debian-target"
"libopencv-imgproc410","4.10.0+dfsg-5","Apache-2.0 | Apache-2.0 AND BSD-3-Clause | BSD-2-Clause | BSD-3-Clause | BSD-3-clause | Expat | GPL-2.0+ | ISC | STEREO_CALIB_PERMISSIVE","","","","","","Organization: Debian Science Team <debian-science-maintainers@lists.alioth.debian.org>","Copyright (c) Debian contributors","cpe:2.3:a:debian:opencv:4.10.0+dfsg-5:*:*:*:*:*:*:*","pkg:deb/debian/opencv@4.10.0+dfsg-5?arch=arm64","cpe:2.3:a:debian:opencv:4.10.0+dfsg-5:*:*:*:*:*:*:*","pkg:deb/debian/opencv@4.10.0+dfsg-5?arch=arm64","LIBRARY","debian-target"
"libopencv-ml-dev","4.10.0+dfsg-5","Apache-2.0 | Apache-2.0 AND BSD-3-Clause | BSD-2-Clause | BSD-3-Clause | BSD-3-clause | Expat | GPL-2.0+ | ISC | STEREO_CALIB_PERMISSIVE","","","","","","Organization: Debian Science Team <debian-science-maintainers@lists.alioth.debian.org>","Copyright (c) Debian contributors","cpe:2.3:a:debian:opencv:4.10.0+dfsg-5:*:*:*:*:*:*:*","pkg:deb/debian/opencv@4.10.0+dfsg-5?arch=arm64","cpe:2.3:a:debian:opencv:4.10.0+dfsg-5:*:*:*:*:*:*:*","pkg:deb/debian/opencv@4.10.0+dfsg-5?arch=arm64","LIBRARY","debian-target"
"libopencv-ml410","4.10.0+dfsg-5","Apache-2.0 | Apache-2.0 AND BSD-3-Clause | BSD-2-Clause | BSD-3-Clause | BSD-3-clause | Expat | GPL-2.0+ | ISC | STEREO_CALIB_PERMISSIVE","","","","","","Organization: Debian Science Team <debian-science-maintainers@lists.alioth.debian.org>","Copyright (c) Debian contributors","cpe:2.3:a:debian:opencv:4.10.0+dfsg-5:*:*:*:*:*:*:*","pkg:deb/debian/opencv@4.10.0+dfsg-5?arch=arm64","cpe:2.3:a:debian:opencv:4.10.0+dfsg-5:*:*:*:*:*:*:*","pkg:deb/debian/opencv@4.10.0+dfsg-5?arch=arm64","LIBRARY","debian-target"
"libopencv-objdetect-dev","4.10.0+dfsg-5","Apache-2.0 | Apache-2.0 AND BSD-3-Clause | BSD-2-Clause | BSD-3-Clause | BSD-3-clause | Expat | GPL-2.0+ | ISC | STEREO_CALIB_PERMISSIVE","","","","","","Organization: Debian Science Team <debian-science-maintainers@lists.alioth.debian.org>","Copyright (c) Debian contributors","cpe:2.3:a:debian:opencv:4.10.0+dfsg-5:*:*:*:*:*:*:*","pkg:deb/debian/opencv@4.10.0+dfsg-5?arch=arm64","cpe:2.3:a:debian:opencv:4.10.0+dfsg-5:*:*:*:*:*:*:*","pkg:deb/debian/opencv@4.10.0+dfsg-5?arch=arm64","LIBRARY","debian-target"
"libopencv-objdetect410","4.10.0+dfsg-5","Apache-2.0 | Apache-2.0 AND BSD-3-Clause | BSD-2-Clause | BSD-3-Clause | BSD-3-clause | Expat | GPL-2.0+ | ISC | STEREO_CALIB_PERMISSIVE","","","","","","Organization: Debian Science Team <debian-science-maintainers@lists.alioth.debian.org>","Copyright (c) Debian contributors","cpe:2.3:a:debian:opencv:4.10.0+dfsg-5:*:*:*:*:*:*:*","pkg:deb/debian/opencv@4.10.0+dfsg-5?arch=arm64","cpe:2.3:a:debian:opencv:4.10.0+dfsg-5:*:*:*:*:*:*:*","pkg:deb/debian/opencv@4.10.0+dfsg-5?arch=arm64","LIBRARY","debian-target"
"libopencv-photo-dev","4.10.0+dfsg-5","Apache-2.0 | Apache-2.0 AND BSD-3-Clause | BSD-2-Clause | BSD-3-Clause | BSD-3-clause | Expat | GPL-2.0+ | ISC | STEREO_CALIB_PERMISSIVE","","","","","","Organization: Debian Science Team <debian-science-maintainers@lists.alioth.debian.org>","Copyright (c) Debian contributors","cpe:2.3:a:debian:opencv:4.10.0+dfsg-5:*:*:*:*:*:*:*","pkg:deb/debian/opencv@4.10.0+dfsg-5?arch=arm64","cpe:2.3:a:debian:opencv:4.10.0+dfsg-5:*:*:*:*:*:*:*","pkg:deb/debian/opencv@4.10.0+dfsg-5?arch=arm64","LIBRARY","debian-target"
"libopencv-photo410","4.10.0+dfsg-5","Apache-2.0 | Apache-2.0 AND BSD-3-Clause | BSD-2-Clause | BSD-3-Clause | BSD-3-clause | Expat | GPL-2.0+ | ISC | STEREO_CALIB_PERMISSIVE","","","","","","Organization: Debian Science Team <debian-science-maintainers@lists.alioth.debian.org>","Copyright (c) Debian contributors","cpe:2.3:a:debian:opencv:4.10.0+dfsg-5:*:*:*:*:*:*:*","pkg:deb/debian/opencv@4.10.0+dfsg-5?arch=arm64","cpe:2.3:a:debian:opencv:4.10.0+dfsg-5:*:*:*:*:*:*:*","pkg:deb/debian/opencv@4.10.0+dfsg-5?arch=arm64","LIBRARY","debian-target"
"libopencv-shape-dev","4.10.0+dfsg-5","Apache-2.0 | Apache-2.0 AND BSD-3-Clause | BSD-2-Clause | BSD-3-Clause | BSD-3-clause | Expat | GPL-2.0+ | ISC | STEREO_CALIB_PERMISSIVE","","","","","","Organization: Debian Science Team <debian-science-maintainers@lists.alioth.debian.org>","Copyright (c) Debian contributors","cpe:2.3:a:debian:opencv:4.10.0+dfsg-5:*:*:*:*:*:*:*","pkg:deb/debian/opencv@4.10.0+dfsg-5?arch=arm64","cpe:2.3:a:debian:opencv:4.10.0+dfsg-5:*:*:*:*:*:*:*","pkg:deb/debian/opencv@4.10.0+dfsg-5?arch=arm64","LIBRARY","debian-target"
"libopencv-shape410","4.10.0+dfsg-5","Apache-2.0 | Apache-2.0 AND BSD-3-Clause | BSD-2-Clause | BSD-3-Clause | BSD-3-clause | Expat | GPL-2.0+ | ISC | STEREO_CALIB_PERMISSIVE","","","","","","Organization: Debian Science Team <debian-science-maintainers@lists.alioth.debian.org>","Copyright (c) Debian contributors","cpe:2.3:a:debian:opencv:4.10.0+dfsg-5:*:*:*:*:*:*:*","pkg:deb/debian/opencv@4.10.0+dfsg-5?arch=arm64","cpe:2.3:a:debian:opencv:4.10.0+dfsg-5:*:*:*:*:*:*:*","pkg:deb/debian/opencv@4.10.0+dfsg-5?arch=arm64","LIBRARY","debian-target"
"libopencv-stitching-dev","4.10.0+dfsg-5","Apache-2.0 | Apache-2.0 AND BSD-3-Clause | BSD-2-Clause | BSD-3-Clause | BSD-3-clause | Expat | GPL-2.0+ | ISC | STEREO_CALIB_PERMISSIVE","","","","","","Organization: Debian Science Team <debian-science-maintainers@lists.alioth.debian.org>","Copyright (c) Debian contributors","cpe:2.3:a:debian:opencv:4.10.0+dfsg-5:*:*:*:*:*:*:*","pkg:deb/debian/opencv@4.10.0+dfsg-5?arch=arm64","cpe:2.3:a:debian:opencv:4.10.0+dfsg-5:*:*:*:*:*:*:*","pkg:deb/debian/opencv@4.10.0+dfsg-5?arch=arm64","LIBRARY","debian-target"
"libopencv-stitching410","4.10.0+dfsg-5","Apache-2.0 | Apache-2.0 AND BSD-3-Clause | BSD-2-Clause | BSD-3-Clause | BSD-3-clause | Expat | GPL-2.0+ | ISC | STEREO_CALIB_PERMISSIVE","","","","","","Organization: Debian Science Team <debian-science-maintainers@lists.alioth.debian.org>","Copyright (c) Debian contributors","cpe:2.3:a:debian:opencv:4.10.0+dfsg-5:*:*:*:*:*:*:*","pkg:deb/debian/opencv@4.10.0+dfsg-5?arch=arm64","cpe:2.3:a:debian:opencv:4.10.0+dfsg-5:*:*:*:*:*:*:*","pkg:deb/debian/opencv@4.10.0+dfsg-5?arch=arm64","LIBRARY","debian-target"
"libopencv-superres-dev","4.10.0+dfsg-5","Apache-2.0 | Apache-2.0 AND BSD-3-Clause | BSD-2-Clause | BSD-3-Clause | BSD-3-clause | Expat | GPL-2.0+ | ISC | STEREO_CALIB_PERMISSIVE","","","","","","Organization: Debian Science Team <debian-science-maintainers@lists.alioth.debian.org>","Copyright (c) Debian contributors","cpe:2.3:a:debian:opencv:4.10.0+dfsg-5:*:*:*:*:*:*:*","pkg:deb/debian/opencv@4.10.0+dfsg-5?arch=arm64","cpe:2.3:a:debian:opencv:4.10.0+dfsg-5:*:*:*:*:*:*:*","pkg:deb/debian/opencv@4.10.0+dfsg-5?arch=arm64","LIBRARY","debian-target"
"libopencv-superres410","4.10.0+dfsg-5","Apache-2.0 | Apache-2.0 AND BSD-3-Clause | BSD-2-Clause | BSD-3-Clause | BSD-3-clause | Expat | GPL-2.0+ | ISC | STEREO_CALIB_PERMISSIVE","","","","","","Organization: Debian Science Team <debian-science-maintainers@lists.alioth.debian.org>","Copyright (c) Debian contributors","cpe:2.3:a:debian:opencv:4.10.0+dfsg-5:*:*:*:*:*:*:*","pkg:deb/debian/opencv@4.10.0+dfsg-5?arch=arm64","cpe:2.3:a:debian:opencv:4.10.0+dfsg-5:*:*:*:*:*:*:*","pkg:deb/debian/opencv@4.10.0+dfsg-5?arch=arm64","LIBRARY","debian-target"
"libopencv-video-dev","4.10.0+dfsg-5","Apache-2.0 | Apache-2.0 AND BSD-3-Clause | BSD-2-Clause | BSD-3-Clause | BSD-3-clause | Expat | GPL-2.0+ | ISC | STEREO_CALIB_PERMISSIVE","","","","","","Organization: Debian Science Team <debian-science-maintainers@lists.alioth.debian.org>","Copyright (c) Debian contributors","cpe:2.3:a:debian:opencv:4.10.0+dfsg-5:*:*:*:*:*:*:*","pkg:deb/debian/opencv@4.10.0+dfsg-5?arch=arm64","cpe:2.3:a:debian:opencv:4.10.0+dfsg-5:*:*:*:*:*:*:*","pkg:deb/debian/opencv@4.10.0+dfsg-5?arch=arm64","LIBRARY","debian-target"
"libopencv-video410","4.10.0+dfsg-5","Apache-2.0 | Apache-2.0 AND BSD-3-Clause | BSD-2-Clause | BSD-3-Clause | BSD-3-clause | Expat | GPL-2.0+ | ISC | STEREO_CALIB_PERMISSIVE","","","","","","Organization: Debian Science Team <debian-science-maintainers@lists.alioth.debian.org>","Copyright (c) Debian contributors","cpe:2.3:a:debian:opencv:4.10.0+dfsg-5:*:*:*:*:*:*:*","pkg:deb/debian/opencv@4.10.0+dfsg-5?arch=arm64","cpe:2.3:a:debian:opencv:4.10.0+dfsg-5:*:*:*:*:*:*:*","pkg:deb/debian/opencv@4.10.0+dfsg-5?arch=arm64","LIBRARY","debian-target"
"libopencv-videoio-dev","4.10.0+dfsg-5","Apache-2.0 | Apache-2.0 AND BSD-3-Clause | BSD-2-Clause | BSD-3-Clause | BSD-3-clause | Expat | GPL-2.0+ | ISC | STEREO_CALIB_PERMISSIVE","","","","","","Organization: Debian Science Team <debian-science-maintainers@lists.alioth.debian.org>","Copyright (c) Debian contributors","cpe:2.3:a:debian:opencv:4.10.0+dfsg-5:*:*:*:*:*:*:*","pkg:deb/debian/opencv@4.10.0+dfsg-5?arch=arm64","cpe:2.3:a:debian:opencv:4.10.0+dfsg-5:*:*:*:*:*:*:*","pkg:deb/debian/opencv@4.10.0+dfsg-5?arch=arm64","LIBRARY","debian-target"
"libopencv-videoio410","4.10.0+dfsg-5","Apache-2.0 | Apache-2.0 AND BSD-3-Clause | BSD-2-Clause | BSD-3-Clause | BSD-3-clause | Expat | GPL-2.0+ | ISC | STEREO_CALIB_PERMISSIVE","","","","","","Organization: Debian Science Team <debian-science-maintainers@lists.alioth.debian.org>","Copyright (c) Debian contributors","cpe:2.3:a:debian:opencv:4.10.0+dfsg-5:*:*:*:*:*:*:*","pkg:deb/debian/opencv@4.10.0+dfsg-5?arch=arm64","cpe:2.3:a:debian:opencv:4.10.0+dfsg-5:*:*:*:*:*:*:*","pkg:deb/debian/opencv@4.10.0+dfsg-5?arch=arm64","LIBRARY","debian-target"
"libopencv-videostab-dev","4.10.0+dfsg-5","Apache-2.0 | Apache-2.0 AND BSD-3-Clause | BSD-2-Clause | BSD-3-Clause | BSD-3-clause | Expat | GPL-2.0+ | ISC | STEREO_CALIB_PERMISSIVE","","","","","","Organization: Debian Science Team <debian-science-maintainers@lists.alioth.debian.org>","Copyright (c) Debian contributors","cpe:2.3:a:debian:opencv:4.10.0+dfsg-5:*:*:*:*:*:*:*","pkg:deb/debian/opencv@4.10.0+dfsg-5?arch=arm64","cpe:2.3:a:debian:opencv:4.10.0+dfsg-5:*:*:*:*:*:*:*","pkg:deb/debian/opencv@4.10.0+dfsg-5?arch=arm64","LIBRARY","debian-target"
"libopencv-videostab410","4.10.0+dfsg-5","Apache-2.0 | Apache-2.0 AND BSD-3-Clause | BSD-2-Clause | BSD-3-Clause | BSD-3-clause | Expat | GPL-2.0+ | ISC | STEREO_CALIB_PERMISSIVE","","","","","","Organization: Debian Science Team <debian-science-maintainers@lists.alioth.debian.org>","Copyright (c) Debian contributors","cpe:2.3:a:debian:opencv:4.10.0+dfsg-5:*:*:*:*:*:*:*","pkg:deb/debian/opencv@4.10.0+dfsg-5?arch=arm64","cpe:2.3:a:debian:opencv:4.10.0+dfsg-5:*:*:*:*:*:*:*","pkg:deb/debian/opencv@4.10.0+dfsg-5?arch=arm64","LIBRARY","debian-target"
"libopencv-viz-dev","4.10.0+dfsg-5","Apache-2.0 | Apache-2.0 AND BSD-3-Clause | BSD-2-Clause | BSD-3-Clause | BSD-3-clause | Expat | GPL-2.0+ | ISC | STEREO_CALIB_PERMISSIVE","","","","","","Organization: Debian Science Team <debian-science-maintainers@lists.alioth.debian.org>","Copyright (c) Debian contributors","cpe:2.3:a:debian:opencv:4.10.0+dfsg-5:*:*:*:*:*:*:*","pkg:deb/debian/opencv@4.10.0+dfsg-5?arch=arm64","cpe:2.3:a:debian:opencv:4.10.0+dfsg-5:*:*:*:*:*:*:*","pkg:deb/debian/opencv@4.10.0+dfsg-5?arch=arm64","LIBRARY","debian-target"
"libopencv-viz410","4.10.0+dfsg-5","Apache-2.0 | Apache-2.0 AND BSD-3-Clause | BSD-2-Clause | BSD-3-Clause | BSD-3-clause | Expat | GPL-2.0+ | ISC | STEREO_CALIB_PERMISSIVE","","","","","","Organization: Debian Science Team <debian-science-maintainers@lists.alioth.debian.org>","Copyright (c) Debian contributors","cpe:2.3:a:debian:opencv:4.10.0+dfsg-5:*:*:*:*:*:*:*","pkg:deb/debian/opencv@4.10.0+dfsg-5?arch=arm64","cpe:2.3:a:debian:opencv:4.10.0+dfsg-5:*:*:*:*:*:*:*","pkg:deb/debian/opencv@4.10.0+dfsg-5?arch=arm64","LIBRARY","debian-target"
"libopenexr-3-1-30","3.1.13-2","BSD-3-clause | openexr","","","","","","Organization: Debian PhotoTools Maintainers <pkg-phototools-devel@lists.alioth.debian.org>","Copyright (c) Debian contributors","cpe:2.3:a:debian:openexr:3.1.13-2:*:*:*:*:*:*:*","pkg:deb/debian/openexr@3.1.13-2?arch=arm64","cpe:2.3:a:debian:openexr:3.1.13-2:*:*:*:*:*:*:*","pkg:deb/debian/openexr@3.1.13-2?arch=arm64","LIBRARY","debian-target"
"libopenexr-dev","3.1.13-2","BSD-3-clause | openexr","","","","","","Organization: Debian PhotoTools Maintainers <pkg-phototools-devel@lists.alioth.debian.org>","Copyright (c) Debian contributors","cpe:2.3:a:debian:openexr:3.1.13-2:*:*:*:*:*:*:*","pkg:deb/debian/openexr@3.1.13-2?arch=arm64","cpe:2.3:a:debian:openexr:3.1.13-2:*:*:*:*:*:*:*","pkg:deb/debian/openexr@3.1.13-2?arch=arm64","LIBRARY","debian-target"
"libopenfec1","1.4.2.11+dfsg-1","BSD-2-Clause | CC-BY-SA-3.0 | CeCILL-C | GPL-2.0-or-later | LDPC | LDPC and CeCILL-C | public-domain","","","","","","Organization: Debian Multimedia Maintainers <debian-multimedia@lists.debian.org>","Copyright (c) Debian contributors","cpe:2.3:a:debian:openfec:1.4.2.11+dfsg-1:*:*:*:*:*:*:*","pkg:deb/debian/openfec@1.4.2.11+dfsg-1?arch=arm64","cpe:2.3:a:debian:openfec:1.4.2.11+dfsg-1:*:*:*:*:*:*:*","pkg:deb/debian/openfec@1.4.2.11+dfsg-1?arch=arm64","LIBRARY","debian-target"
"libopengl-dev","1.7.0-1+b2","Apache-2.0 | BSD-1-clause | GPL | GPL-3+ | MIT | public-domain","","","","","","Organization: Debian X Strike Force <debian-x@lists.debian.org>","Copyright (c) Debian contributors","cpe:2.3:a:debian:libglvnd (1.7.0-1):1.7.0-1+b2:*:*:*:*:*:*:*","pkg:deb/debian/libglvnd (1.7.0-1)@1.7.0-1+b2?arch=arm64","cpe:2.3:a:debian:libglvnd (1.7.0-1):1.7.0-1+b2:*:*:*:*:*:*:*","pkg:deb/debian/libglvnd (1.7.0-1)@1.7.0-1+b2?arch=arm64","LIBRARY","debian-target"
"libopengl0","1.7.0-1+b2","Apache-2.0 | BSD-1-clause | GPL | GPL-3+ | MIT | public-domain","","","","","","Organization: Debian X Strike Force <debian-x@lists.debian.org>","Copyright (c) Debian contributors","cpe:2.3:a:debian:libglvnd (1.7.0-1):1.7.0-1+b2:*:*:*:*:*:*:*","pkg:deb/debian/libglvnd (1.7.0-1)@1.7.0-1+b2?arch=arm64","cpe:2.3:a:debian:libglvnd (1.7.0-1):1.7.0-1+b2:*:*:*:*:*:*:*","pkg:deb/debian/libglvnd (1.7.0-1)@1.7.0-1+b2?arch=arm64","LIBRARY","debian-target"
"libopenh264-8","2.6.0+dfsg-2","Apache-2.0 | BSD-2-clause | Expat | MPL-2.0","","","","","","Organization: Debian Multimedia Maintainers <debian-multimedia@lists.debian.org>","Copyright (c) Debian contributors","cpe:2.3:a:debian:openh264:2.6.0+dfsg-2:*:*:*:*:*:*:*","pkg:deb/debian/openh264@2.6.0+dfsg-2?arch=arm64","cpe:2.3:a:debian:openh264:2.6.0+dfsg-2:*:*:*:*:*:*:*","pkg:deb/debian/openh264@2.6.0+dfsg-2?arch=arm64","LIBRARY","debian-target"
"libopenjp2-7","2.5.3-2.1~deb13u2","BSD-2 | BSD-3 | LIBPNG | LIBTIFF | LIBTIFF-GLARSON | LIBTIFF-PIXAR | MIT | ZLIB","","","","","","Organization: Debian PhotoTools Maintainers <pkg-phototools-devel@lists.alioth.debian.org>","Copyright (c) Debian contributors","cpe:2.3:a:debian:openjpeg2:2.5.3-2.1~deb13u2:*:*:*:*:*:*:*","pkg:deb/debian/openjpeg2@2.5.3-2.1~deb13u2?arch=arm64","cpe:2.3:a:debian:openjpeg2:2.5.3-2.1~deb13u2:*:*:*:*:*:*:*","pkg:deb/debian/openjpeg2@2.5.3-2.1~deb13u2?arch=arm64","LIBRARY","debian-target"
"libopenmpi40","5.0.7-1","","","","","","","Organization: Debian Science Maintainers <debian-science-maintainers@lists.alioth.debian.org>","Copyright (c) Debian contributors","cpe:2.3:a:debian:openmpi:5.0.7-1:*:*:*:*:*:*:*","pkg:deb/debian/openmpi@5.0.7-1?arch=arm64","cpe:2.3:a:debian:openmpi:5.0.7-1:*:*:*:*:*:*:*","pkg:deb/debian/openmpi@5.0.7-1?arch=arm64","LIBRARY","debian-target"
"libopenmpt0t64","0.7.13-1+b1","BSD-3-clause | BSD-3-clause or BSL-1.0 | BSL-1.0 | GNU-All-Permissive-License | GNU-All-Permissive-License-FSF | GPL-2+ with Autoconf exception | GPL-2+ with LibTool exception | GPL-3+ with AutoConf exception | GPL-3+ with Autoconf Macros exception | X11","","","","","","Organization: Debian Multimedia Maintainers <debian-multimedia@lists.debian.org>","Copyright (c) Debian contributors","cpe:2.3:a:debian:libopenmpt (0.7.13-1):0.7.13-1+b1:*:*:*:*:*:*:*","pkg:deb/debian/libopenmpt (0.7.13-1)@0.7.13-1+b1?arch=arm64","cpe:2.3:a:debian:libopenmpt (0.7.13-1):0.7.13-1+b1:*:*:*:*:*:*:*","pkg:deb/debian/libopenmpt (0.7.13-1)@0.7.13-1+b1?arch=arm64","LIBRARY","debian-target"
"libopenni2-0","2.2.0.33+dfsg-18+b2","APACHE-2.0 | BSD-3-clause-NVIDIA-LICENSE | GPL-3+ | Google | LGPL-2.1 | LibJPEG","","","","","","Organization: Debian Multimedia Maintainers <debian-multimedia@lists.debian.org>","Copyright (c) Debian contributors","cpe:2.3:a:debian:openni2 (2.2.0.33+dfsg-18):2.2.0.33+dfsg-18+b2:*:*:*:*:*:*:*","pkg:deb/debian/openni2 (2.2.0.33+dfsg-18)@2.2.0.33+dfsg-18+b2?arch=arm64","cpe:2.3:a:debian:openni2 (2.2.0.33+dfsg-18):2.2.0.33+dfsg-18+b2:*:*:*:*:*:*:*","pkg:deb/debian/openni2 (2.2.0.33+dfsg-18)@2.2.0.33+dfsg-18+b2?arch=arm64","LIBRARY","debian-target"
"libopus0","1.5.2-2","BSD-2-clause | BSD-3-clause","","","","","","Organization: Debian Multimedia Maintainers <debian-multimedia@lists.debian.org>","Copyright (c) Debian contributors","cpe:2.3:a:debian:opus:1.5.2-2:*:*:*:*:*:*:*","pkg:deb/debian/opus@1.5.2-2?arch=arm64","cpe:2.3:a:debian:opus:1.5.2-2:*:*:*:*:*:*:*","pkg:deb/debian/opus@1.5.2-2?arch=arm64","LIBRARY","debian-target"
"libopusfile0","0.12-4+b3","BSD-3-clause","","","","","","Organization: Debian Multimedia Maintainers <debian-multimedia@lists.debian.org>","Copyright (c) Debian contributors","cpe:2.3:a:debian:opusfile (0.12-4):0.12-4+b3:*:*:*:*:*:*:*","pkg:deb/debian/opusfile (0.12-4)@0.12-4+b3?arch=arm64","cpe:2.3:a:debian:opusfile (0.12-4):0.12-4+b3:*:*:*:*:*:*:*","pkg:deb/debian/opusfile (0.12-4)@0.12-4+b3?arch=arm64","LIBRARY","debian-target"
"liborc-0.4-0t64","1:0.4.41-1","","","","","","","Organization: Maintainers of GStreamer packages <orc@packages.debian.org>","Copyright (c) Debian contributors","cpe:2.3:a:debian:orc:1:0.4.41-1:*:*:*:*:*:*:*","pkg:deb/debian/orc@1:0.4.41-1?arch=arm64","cpe:2.3:a:debian:orc:1:0.4.41-1:*:*:*:*:*:*:*","pkg:deb/debian/orc@1:0.4.41-1?arch=arm64","LIBRARY","debian-target"
"liborc-0.4-dev","1:0.4.41-1","","","","","","","Organization: Maintainers of GStreamer packages <orc@packages.debian.org>","Copyright (c) Debian contributors","cpe:2.3:a:debian:orc:1:0.4.41-1:*:*:*:*:*:*:*","pkg:deb/debian/orc@1:0.4.41-1?arch=arm64","cpe:2.3:a:debian:orc:1:0.4.41-1:*:*:*:*:*:*:*","pkg:deb/debian/orc@1:0.4.41-1?arch=arm64","LIBRARY","debian-target"
"liborc-0.4-dev-bin","1:0.4.41-1","","","","","","","Organization: Maintainers of GStreamer packages <orc@packages.debian.org>","Copyright (c) Debian contributors","cpe:2.3:a:debian:orc:1:0.4.41-1:*:*:*:*:*:*:*","pkg:deb/debian/orc@1:0.4.41-1?arch=arm64","cpe:2.3:a:debian:orc:1:0.4.41-1:*:*:*:*:*:*:*","pkg:deb/debian/orc@1:0.4.41-1?arch=arm64","LIBRARY","debian-target"
"libosinfo-1.0-0","1.12.0-2","GPL-2+ | LGPL-2.1+","","","","","","Organization: Debian Libvirt Maintainers <pkg-libvirt-maintainers@lists.alioth.debian.org>","Copyright (c) Debian contributors","cpe:2.3:a:debian:libosinfo:1.12.0-2:*:*:*:*:*:*:*","pkg:deb/debian/libosinfo@1.12.0-2?arch=arm64","cpe:2.3:a:debian:libosinfo:1.12.0-2:*:*:*:*:*:*:*","pkg:deb/debian/libosinfo@1.12.0-2?arch=arm64","LIBRARY","debian-target"
"libosinfo-l10n","1.12.0-2","GPL-2+ | LGPL-2.1+","","","","","","Organization: Debian Libvirt Maintainers <pkg-libvirt-maintainers@lists.alioth.debian.org>","Copyright (c) Debian contributors","cpe:2.3:a:debian:libosinfo:1.12.0-2:*:*:*:*:*:*:*","pkg:deb/debian/libosinfo@1.12.0-2?arch=all","cpe:2.3:a:debian:libosinfo:1.12.0-2:*:*:*:*:*:*:*","pkg:deb/debian/libosinfo@1.12.0-2?arch=all","APPLICATION","debian-target"
"libp11-kit0","0.25.5-3","Apache-2.0 | BSD-3-clause | FSFAP | FSFULLR | GPL-2+ with Autoconf-data exception | GPL-3+ with Autoconf-data exception | ISC | LGPL-2.1+ | X11 | customFSFUL | customFSFULLRWD","","","","","","Organization: Debian GnuTLS Maintainers <pkg-gnutls-maint@lists.alioth.debian.org>","Copyright (c) Debian contributors","cpe:2.3:a:debian:p11-kit:0.25.5-3:*:*:*:*:*:*:*","pkg:deb/debian/p11-kit@0.25.5-3?arch=arm64","cpe:2.3:a:debian:p11-kit:0.25.5-3:*:*:*:*:*:*:*","pkg:deb/debian/p11-kit@0.25.5-3?arch=arm64","LIBRARY","debian-target"
"libpackagekit-glib2-18","1.3.1-1+deb13u1","FSFAP | GPL-2+ | GPL-2+ and LGPL-2.1+ | LGPL-2.1+","","","","","","Organization: Matthias Klumpp <mak@debian.org>","Copyright (c) Debian contributors","cpe:2.3:a:debian:packagekit:1.3.1-1+deb13u1:*:*:*:*:*:*:*","pkg:deb/debian/packagekit@1.3.1-1+deb13u1?arch=arm64","cpe:2.3:a:debian:packagekit:1.3.1-1+deb13u1:*:*:*:*:*:*:*","pkg:deb/debian/packagekit@1.3.1-1+deb13u1?arch=arm64","LIBRARY","debian-target"
"libpam-gnome-keyring","48.0-1","BSD-3-clause | BSD-3-clause and GPL-2+ or LGPL-3+ | GPL-2+ | LGPL-2+ | LGPL-2.1+ | LGPL-3+ | MPL-1.1 | MPL-1.1 or GPL-2+ or LGPL-2.1+ | custom-license","","","","","","Organization: Debian GNOME Maintainers <pkg-gnome-maintainers@lists.alioth.debian.org>","Copyright (c) Debian contributors","cpe:2.3:a:debian:gnome-keyring:48.0-1:*:*:*:*:*:*:*","pkg:deb/debian/gnome-keyring@48.0-1?arch=arm64","cpe:2.3:a:debian:gnome-keyring:48.0-1:*:*:*:*:*:*:*","pkg:deb/debian/gnome-keyring@48.0-1?arch=arm64","OPERATING_SYSTEM","debian-target"
"libpam-modules","1.7.0-5","BSD-3-clause or GPL | BSD-tcp_wrappers | Beerware | GPL-2 | GPL-2+ | GPL-3 | GPL-3+ with Bison exception | LGPL-2+ | public-domain","","","","","","Organization: Sam Hartman <hartmans@debian.org>","Copyright (c) Debian contributors","cpe:2.3:a:debian:pam:1.7.0-5:*:*:*:*:*:*:*","pkg:deb/debian/pam@1.7.0-5?arch=arm64","cpe:2.3:a:debian:pam:1.7.0-5:*:*:*:*:*:*:*","pkg:deb/debian/pam@1.7.0-5?arch=arm64","OPERATING_SYSTEM","debian-target"
"libpam-modules-bin","1.7.0-5","BSD-3-clause or GPL | BSD-tcp_wrappers | Beerware | GPL-2 | GPL-2+ | GPL-3 | GPL-3+ with Bison exception | LGPL-2+ | public-domain","","","","","","Organization: Sam Hartman <hartmans@debian.org>","Copyright (c) Debian contributors","cpe:2.3:a:debian:pam:1.7.0-5:*:*:*:*:*:*:*","pkg:deb/debian/pam@1.7.0-5?arch=arm64","cpe:2.3:a:debian:pam:1.7.0-5:*:*:*:*:*:*:*","pkg:deb/debian/pam@1.7.0-5?arch=arm64","OPERATING_SYSTEM","debian-target"
"libpam-runtime","1.7.0-5","BSD-3-clause or GPL | BSD-tcp_wrappers | Beerware | GPL-2 | GPL-2+ | GPL-3 | GPL-3+ with Bison exception | LGPL-2+ | public-domain","","","","","","Organization: Sam Hartman <hartmans@debian.org>","Copyright (c) Debian contributors","cpe:2.3:a:debian:pam:1.7.0-5:*:*:*:*:*:*:*","pkg:deb/debian/pam@1.7.0-5?arch=all","cpe:2.3:a:debian:pam:1.7.0-5:*:*:*:*:*:*:*","pkg:deb/debian/pam@1.7.0-5?arch=all","OPERATING_SYSTEM","debian-target"
"libpam-systemd","257.13-1~deb13u1","CC0-1.0 | Expat | GPL-2 with Linux-syscall-note exception | GPL-2+ | LGPL-2.1+ | public-domain","","","","","","Organization: Debian systemd Maintainers <pkg-systemd-maintainers@lists.alioth.debian.org>","Copyright (c) Debian contributors","cpe:2.3:a:debian:systemd:257.13-1~deb13u1:*:*:*:*:*:*:*","pkg:deb/debian/systemd@257.13-1~deb13u1?arch=arm64","cpe:2.3:a:debian:systemd:257.13-1~deb13u1:*:*:*:*:*:*:*","pkg:deb/debian/systemd@257.13-1~deb13u1?arch=arm64","OPERATING_SYSTEM","debian-target"
"libpam0g","1.7.0-5","BSD-3-clause or GPL | BSD-tcp_wrappers | Beerware | GPL-2 | GPL-2+ | GPL-3 | GPL-3+ with Bison exception | LGPL-2+ | public-domain","","","","","","Organization: Sam Hartman <hartmans@debian.org>","Copyright (c) Debian contributors","cpe:2.3:a:debian:pam:1.7.0-5:*:*:*:*:*:*:*","pkg:deb/debian/pam@1.7.0-5?arch=arm64","cpe:2.3:a:debian:pam:1.7.0-5:*:*:*:*:*:*:*","pkg:deb/debian/pam@1.7.0-5?arch=arm64","LIBRARY","debian-target"
"libpango-1.0-0","1.56.3-1","Apache-2 | Apache-2 and Bitstream-Vera and OFL-1.1 | Bitstream-Vera | Chromium-BSD-style | Example | ICU | LGPL-2+ | LGPL-2+ and ICU | LGPL-2+ and LGPL-2.1+ | LGPL-2+ and TCL | LGPL-2.1+ | OFL-1.1 | TCL | Unicode","","","","","","Organization: Debian GNOME Maintainers <pkg-gnome-maintainers@lists.alioth.debian.org>","Copyright (c) Debian contributors","cpe:2.3:a:debian:pango1.0:1.56.3-1:*:*:*:*:*:*:*","pkg:deb/debian/pango1.0@1.56.3-1?arch=arm64","cpe:2.3:a:debian:pango1.0:1.56.3-1:*:*:*:*:*:*:*","pkg:deb/debian/pango1.0@1.56.3-1?arch=arm64","LIBRARY","debian-target"
"libpango1.0-dev","1.56.3-1","Apache-2 | Apache-2 and Bitstream-Vera and OFL-1.1 | Bitstream-Vera | Chromium-BSD-style | Example | ICU | LGPL-2+ | LGPL-2+ and ICU | LGPL-2+ and LGPL-2.1+ | LGPL-2+ and TCL | LGPL-2.1+ | OFL-1.1 | TCL | Unicode","","","","","","Organization: Debian GNOME Maintainers <pkg-gnome-maintainers@lists.alioth.debian.org>","Copyright (c) Debian contributors","cpe:2.3:a:debian:pango1.0:1.56.3-1:*:*:*:*:*:*:*","pkg:deb/debian/pango1.0@1.56.3-1?arch=arm64","cpe:2.3:a:debian:pango1.0:1.56.3-1:*:*:*:*:*:*:*","pkg:deb/debian/pango1.0@1.56.3-1?arch=arm64","LIBRARY","debian-target"
"libpangocairo-1.0-0","1.56.3-1","Apache-2 | Apache-2 and Bitstream-Vera and OFL-1.1 | Bitstream-Vera | Chromium-BSD-style | Example | ICU | LGPL-2+ | LGPL-2+ and ICU | LGPL-2+ and LGPL-2.1+ | LGPL-2+ and TCL | LGPL-2.1+ | OFL-1.1 | TCL | Unicode","","","","","","Organization: Debian GNOME Maintainers <pkg-gnome-maintainers@lists.alioth.debian.org>","Copyright (c) Debian contributors","cpe:2.3:a:debian:pango1.0:1.56.3-1:*:*:*:*:*:*:*","pkg:deb/debian/pango1.0@1.56.3-1?arch=arm64","cpe:2.3:a:debian:pango1.0:1.56.3-1:*:*:*:*:*:*:*","pkg:deb/debian/pango1.0@1.56.3-1?arch=arm64","LIBRARY","debian-target"
"libpangoft2-1.0-0","1.56.3-1","Apache-2 | Apache-2 and Bitstream-Vera and OFL-1.1 | Bitstream-Vera | Chromium-BSD-style | Example | ICU | LGPL-2+ | LGPL-2+ and ICU | LGPL-2+ and LGPL-2.1+ | LGPL-2+ and TCL | LGPL-2.1+ | OFL-1.1 | TCL | Unicode","","","","","","Organization: Debian GNOME Maintainers <pkg-gnome-maintainers@lists.alioth.debian.org>","Copyright (c) Debian contributors","cpe:2.3:a:debian:pango1.0:1.56.3-1:*:*:*:*:*:*:*","pkg:deb/debian/pango1.0@1.56.3-1?arch=arm64","cpe:2.3:a:debian:pango1.0:1.56.3-1:*:*:*:*:*:*:*","pkg:deb/debian/pango1.0@1.56.3-1?arch=arm64","LIBRARY","debian-target"
"libpangomm-2.48-1t64","2.56.1-1","GPL-2+ | LGPL-2.1+","","","","","","Organization: Debian GNOME Maintainers <pkg-gnome-maintainers@lists.alioth.debian.org>","Copyright (c) Debian contributors","cpe:2.3:a:debian:pangomm2.48:2.56.1-1:*:*:*:*:*:*:*","pkg:deb/debian/pangomm2.48@2.56.1-1?arch=arm64","cpe:2.3:a:debian:pangomm2.48:2.56.1-1:*:*:*:*:*:*:*","pkg:deb/debian/pangomm2.48@2.56.1-1?arch=arm64","LIBRARY","debian-target"
"libpangoxft-1.0-0","1.56.3-1","Apache-2 | Apache-2 and Bitstream-Vera and OFL-1.1 | Bitstream-Vera | Chromium-BSD-style | Example | ICU | LGPL-2+ | LGPL-2+ and ICU | LGPL-2+ and LGPL-2.1+ | LGPL-2+ and TCL | LGPL-2.1+ | OFL-1.1 | TCL | Unicode","","","","","","Organization: Debian GNOME Maintainers <pkg-gnome-maintainers@lists.alioth.debian.org>","Copyright (c) Debian contributors","cpe:2.3:a:debian:pango1.0:1.56.3-1:*:*:*:*:*:*:*","pkg:deb/debian/pango1.0@1.56.3-1?arch=arm64","cpe:2.3:a:debian:pango1.0:1.56.3-1:*:*:*:*:*:*:*","pkg:deb/debian/pango1.0@1.56.3-1?arch=arm64","LIBRARY","debian-target"
"libpaper2","2.2.5-0.3+b2","Expat | Expat or GPL-2+ | GPL-2 | GPL-3+ | X11 | public-domain","","","","","","Organization: Giuseppe Sacco <eppesuig@debian.org>","Copyright (c) Debian contributors","cpe:2.3:a:debian:libpaper (2.2.5-0.3):2.2.5-0.3+b2:*:*:*:*:*:*:*","pkg:deb/debian/libpaper (2.2.5-0.3)@2.2.5-0.3+b2?arch=arm64","cpe:2.3:a:debian:libpaper (2.2.5-0.3):2.2.5-0.3+b2:*:*:*:*:*:*:*","pkg:deb/debian/libpaper (2.2.5-0.3)@2.2.5-0.3+b2?arch=arm64","LIBRARY","debian-target"
"libparted2t64","3.6-5","","","","","","","Organization: Parted Maintainer Team <parted-maintainers@alioth-lists.debian.net>","Copyright (c) Debian contributors","cpe:2.3:a:debian:parted:3.6-5:*:*:*:*:*:*:*","pkg:deb/debian/parted@3.6-5?arch=arm64","cpe:2.3:a:debian:parted:3.6-5:*:*:*:*:*:*:*","pkg:deb/debian/parted@3.6-5?arch=arm64","LIBRARY","debian-target"
"libpcap0.8t64","1.10.5-2","","","","","","","Organization: Debian Security Tools <team+pkg-security@tracker.debian.org>","Copyright (c) Debian contributors","cpe:2.3:a:debian:libpcap:1.10.5-2:*:*:*:*:*:*:*","pkg:deb/debian/libpcap@1.10.5-2?arch=arm64","cpe:2.3:a:debian:libpcap:1.10.5-2:*:*:*:*:*:*:*","pkg:deb/debian/libpcap@1.10.5-2?arch=arm64","LIBRARY","debian-target"
"libpci3","1:3.13.0-2","GPL-2+","","","","","","Organization: Guillem Jover <guillem@debian.org>","Copyright (c) Debian contributors","cpe:2.3:a:debian:pciutils:1:3.13.0-2:*:*:*:*:*:*:*","pkg:deb/debian/pciutils@1:3.13.0-2?arch=arm64","cpe:2.3:a:debian:pciutils:1:3.13.0-2:*:*:*:*:*:*:*","pkg:deb/debian/pciutils@1:3.13.0-2?arch=arm64","LIBRARY","debian-target"
"libpciaccess-dev","0.17-3+b3","","","","","","","Organization: Debian X Strike Force <debian-x@lists.debian.org>","Copyright (c) Debian contributors","cpe:2.3:a:debian:libpciaccess (0.17-3):0.17-3+b3:*:*:*:*:*:*:*","pkg:deb/debian/libpciaccess (0.17-3)@0.17-3+b3?arch=arm64","cpe:2.3:a:debian:libpciaccess (0.17-3):0.17-3+b3:*:*:*:*:*:*:*","pkg:deb/debian/libpciaccess (0.17-3)@0.17-3+b3?arch=arm64","LIBRARY","debian-target"
"libpciaccess0","0.17-3+b3","","","","","","","Organization: Debian X Strike Force <debian-x@lists.debian.org>","Copyright (c) Debian contributors","cpe:2.3:a:debian:libpciaccess (0.17-3):0.17-3+b3:*:*:*:*:*:*:*","pkg:deb/debian/libpciaccess (0.17-3)@0.17-3+b3?arch=arm64","cpe:2.3:a:debian:libpciaccess (0.17-3):0.17-3+b3:*:*:*:*:*:*:*","pkg:deb/debian/libpciaccess (0.17-3)@0.17-3+b3?arch=arm64","LIBRARY","debian-target"
"libpcre2-16-0","10.46-1~deb13u1","BSD-2-clause | BSD-3-clause | BSD-3-clause-Cambridge with BINARY LIBRARY-LIKE PACKAGES exception | X11 | public-domain","","","","","","Organization: Matthew Vernon <matthew@debian.org>","Copyright (c) Debian contributors","cpe:2.3:a:debian:pcre2:10.46-1~deb13u1:*:*:*:*:*:*:*","pkg:deb/debian/pcre2@10.46-1~deb13u1?arch=arm64","cpe:2.3:a:debian:pcre2:10.46-1~deb13u1:*:*:*:*:*:*:*","pkg:deb/debian/pcre2@10.46-1~deb13u1?arch=arm64","LIBRARY","debian-target"
"libpcre2-32-0","10.46-1~deb13u1","BSD-2-clause | BSD-3-clause | BSD-3-clause-Cambridge with BINARY LIBRARY-LIKE PACKAGES exception | X11 | public-domain","","","","","","Organization: Matthew Vernon <matthew@debian.org>","Copyright (c) Debian contributors","cpe:2.3:a:debian:pcre2:10.46-1~deb13u1:*:*:*:*:*:*:*","pkg:deb/debian/pcre2@10.46-1~deb13u1?arch=arm64","cpe:2.3:a:debian:pcre2:10.46-1~deb13u1:*:*:*:*:*:*:*","pkg:deb/debian/pcre2@10.46-1~deb13u1?arch=arm64","LIBRARY","debian-target"
"libpcre2-8-0","10.46-1~deb13u1","BSD-2-clause | BSD-3-clause | BSD-3-clause-Cambridge with BINARY LIBRARY-LIKE PACKAGES exception | X11 | public-domain","","","","","","Organization: Matthew Vernon <matthew@debian.org>","Copyright (c) Debian contributors","cpe:2.3:a:debian:pcre2:10.46-1~deb13u1:*:*:*:*:*:*:*","pkg:deb/debian/pcre2@10.46-1~deb13u1?arch=arm64","cpe:2.3:a:debian:pcre2:10.46-1~deb13u1:*:*:*:*:*:*:*","pkg:deb/debian/pcre2@10.46-1~deb13u1?arch=arm64","LIBRARY","debian-target"
"libpcre2-dev","10.46-1~deb13u1","BSD-2-clause | BSD-3-clause | BSD-3-clause-Cambridge with BINARY LIBRARY-LIKE PACKAGES exception | X11 | public-domain","","","","","","Organization: Matthew Vernon <matthew@debian.org>","Copyright (c) Debian contributors","cpe:2.3:a:debian:pcre2:10.46-1~deb13u1:*:*:*:*:*:*:*","pkg:deb/debian/pcre2@10.46-1~deb13u1?arch=arm64","cpe:2.3:a:debian:pcre2:10.46-1~deb13u1:*:*:*:*:*:*:*","pkg:deb/debian/pcre2@10.46-1~deb13u1?arch=arm64","LIBRARY","debian-target"
"libpcre2-posix3","10.46-1~deb13u1","BSD-2-clause | BSD-3-clause | BSD-3-clause-Cambridge with BINARY LIBRARY-LIKE PACKAGES exception | X11 | public-domain","","","","","","Organization: Matthew Vernon <matthew@debian.org>","Copyright (c) Debian contributors","cpe:2.3:a:debian:pcre2:10.46-1~deb13u1:*:*:*:*:*:*:*","pkg:deb/debian/pcre2@10.46-1~deb13u1?arch=arm64","cpe:2.3:a:debian:pcre2:10.46-1~deb13u1:*:*:*:*:*:*:*","pkg:deb/debian/pcre2@10.46-1~deb13u1?arch=arm64","LIBRARY","debian-target"
"libpcsclite1","2.3.3-1","BSD-3-clause | GPL-3+ | ISC | MIT","","","","","","Organization: Ludovic Rousseau <rousseau@debian.org>","Copyright (c) Debian contributors","cpe:2.3:a:debian:pcsc-lite:2.3.3-1:*:*:*:*:*:*:*","pkg:deb/debian/pcsc-lite@2.3.3-1?arch=arm64","cpe:2.3:a:debian:pcsc-lite:2.3.3-1:*:*:*:*:*:*:*","pkg:deb/debian/pcsc-lite@2.3.3-1?arch=arm64","LIBRARY","debian-target"
"libpeas-1.0-0","1.36.0-3+b4","","","","","","","Organization: Debian GNOME Maintainers <pkg-gnome-maintainers@lists.alioth.debian.org>","Copyright (c) Debian contributors","cpe:2.3:a:debian:libpeas (1.36.0-3):1.36.0-3+b4:*:*:*:*:*:*:*","pkg:deb/debian/libpeas (1.36.0-3)@1.36.0-3+b4?arch=arm64","cpe:2.3:a:debian:libpeas (1.36.0-3):1.36.0-3+b4:*:*:*:*:*:*:*","pkg:deb/debian/libpeas (1.36.0-3)@1.36.0-3+b4?arch=arm64","LIBRARY","debian-target"
"libpeas-common","1.36.0-3","","","","","","","Organization: Debian GNOME Maintainers <pkg-gnome-maintainers@lists.alioth.debian.org>","Copyright (c) Debian contributors","cpe:2.3:a:debian:libpeas:1.36.0-3:*:*:*:*:*:*:*","pkg:deb/debian/libpeas@1.36.0-3?arch=all","cpe:2.3:a:debian:libpeas:1.36.0-3:*:*:*:*:*:*:*","pkg:deb/debian/libpeas@1.36.0-3?arch=all","LIBRARY","debian-target"
"libperl5.40","5.40.1-6","Artistic | Artistic or GPL-1+ | Artistic or GPL-1+ or Artistic-dist | Artistic-2 | Artistic-dist | BSD-3-clause | BSD-3-clause-GENERIC | BSD-3-clause-with-weird-numbering | BSD-4-clause-POWERDOG | BZIP | CC0-1.0 | DONT-CHANGE-THE-GPL | Expat | Expat or GPL-1+ or Artistic | FSFAP | GPL-1+ | GPL-1+ or Artistic | GPL-1+ or Artistic or Artistic-dist | GPL-1+ or Artistic, and BSD-3-clause-GENERIC | GPL-1+ or Artistic, and BSD-4-clause-POWERDOG | GPL-1+ or Artistic, and Expat | GPL-1+ or Artistic, and Unicode | GPL-2+ | GPL-2+ or Artistic | GPL-3+-WITH-BISON-EXCEPTION | LGPL-2.1 | REGCOMP | REGCOMP, and GPL-1+ or Artistic | SDBM-PUBLIC-DOMAIN | TEXT-TABS | Unicode | ZLIB","","","","","","Organization: Niko Tyni <ntyni@debian.org>","Copyright (c) Debian contributors","cpe:2.3:a:debian:perl:5.40.1-6:*:*:*:*:*:*:*","pkg:deb/debian/perl@5.40.1-6?arch=arm64","cpe:2.3:a:debian:perl:5.40.1-6:*:*:*:*:*:*:*","pkg:deb/debian/perl@5.40.1-6?arch=arm64","LIBRARY","debian-target"
"libpgm-5.3-0t64","5.3.128~dfsg-2.1+b1","BSD-3-clause | BSD-3-clause and ISC | ISC | LGPL-2+ | LGPL-2.1","","","","","","Organization: Laszlo Boszormenyi (GCS) <gcs@debian.org>","Copyright (c) Debian contributors","cpe:2.3:a:debian:libpgm (5.3.128~dfsg-2.1):5.3.128~dfsg-2.1+b1:*:*:*:*:*:*:*","pkg:deb/debian/libpgm (5.3.128~dfsg-2.1)@5.3.128~dfsg-2.1+b1?arch=arm64","cpe:2.3:a:debian:libpgm (5.3.128~dfsg-2.1):5.3.128~dfsg-2.1+b1:*:*:*:*:*:*:*","pkg:deb/debian/libpgm (5.3.128~dfsg-2.1)@5.3.128~dfsg-2.1+b1?arch=arm64","LIBRARY","debian-target"
"libphonenumber8","8.13.51+ds-4.2","Apache-2.0 | BSD-3-clause | MIT","","","","","","Organization: Debian Java Maintainers <pkg-java-maintainers@lists.alioth.debian.org>","Copyright (c) Debian contributors","cpe:2.3:a:debian:libphonenumber:8.13.51+ds-4.2:*:*:*:*:*:*:*","pkg:deb/debian/libphonenumber@8.13.51+ds-4.2?arch=arm64","cpe:2.3:a:debian:libphonenumber:8.13.51+ds-4.2:*:*:*:*:*:*:*","pkg:deb/debian/libphonenumber@8.13.51+ds-4.2?arch=arm64","LIBRARY","debian-target"
"libpinyin-data","2.8.1-1+b2","GPL-2+ | GPL-3+","","","","","","Organization: Debian Input Method Team <debian-input-method@lists.debian.org>","Copyright (c) Debian contributors","cpe:2.3:a:debian:libpinyin (2.8.1-1):2.8.1-1+b2:*:*:*:*:*:*:*","pkg:deb/debian/libpinyin (2.8.1-1)@2.8.1-1+b2?arch=arm64","cpe:2.3:a:debian:libpinyin (2.8.1-1):2.8.1-1+b2:*:*:*:*:*:*:*","pkg:deb/debian/libpinyin (2.8.1-1)@2.8.1-1+b2?arch=arm64","LIBRARY","debian-target"
"libpinyin15","2.8.1-1+b2","GPL-2+ | GPL-3+","","","","","","Organization: Debian Input Method Team <debian-input-method@lists.debian.org>","Copyright (c) Debian contributors","cpe:2.3:a:debian:libpinyin (2.8.1-1):2.8.1-1+b2:*:*:*:*:*:*:*","pkg:deb/debian/libpinyin (2.8.1-1)@2.8.1-1+b2?arch=arm64","cpe:2.3:a:debian:libpinyin (2.8.1-1):2.8.1-1+b2:*:*:*:*:*:*:*","pkg:deb/debian/libpinyin (2.8.1-1)@2.8.1-1+b2?arch=arm64","LIBRARY","debian-target"
"libpipeline1","1.5.8-1","GPL-2+ | GPL-3+","","","","","","Organization: Colin Watson <cjwatson@debian.org>","Copyright (c) Debian contributors","cpe:2.3:a:debian:libpipeline:1.5.8-1:*:*:*:*:*:*:*","pkg:deb/debian/libpipeline@1.5.8-1?arch=arm64","cpe:2.3:a:debian:libpipeline:1.5.8-1:*:*:*:*:*:*:*","pkg:deb/debian/libpipeline@1.5.8-1?arch=arm64","LIBRARY","debian-target"
"libpipewire-0.3-0t64","1.4.2-1","BZIP2 | Expat | Expat and LGPL-2.1+ | FFTPACK | GPL-2 | LGPL-2+ | LGPL-2+ and LGPL-2.1+ and Expat | LGPL-2.1+","","","","","","Organization: Utopia Maintenance Team <pkg-utopia-maintainers@alioth-lists.debian.net>","Copyright (c) Debian contributors","cpe:2.3:a:debian:pipewire:1.4.2-1:*:*:*:*:*:*:*","pkg:deb/debian/pipewire@1.4.2-1?arch=arm64","cpe:2.3:a:debian:pipewire:1.4.2-1:*:*:*:*:*:*:*","pkg:deb/debian/pipewire@1.4.2-1?arch=arm64","LIBRARY","debian-target"
"libpipewire-0.3-modules","1.4.2-1","BZIP2 | Expat | Expat and LGPL-2.1+ | FFTPACK | GPL-2 | LGPL-2+ | LGPL-2+ and LGPL-2.1+ and Expat | LGPL-2.1+","","","","","","Organization: Utopia Maintenance Team <pkg-utopia-maintainers@alioth-lists.debian.net>","Copyright (c) Debian contributors","cpe:2.3:a:debian:pipewire:1.4.2-1:*:*:*:*:*:*:*","pkg:deb/debian/pipewire@1.4.2-1?arch=arm64","cpe:2.3:a:debian:pipewire:1.4.2-1:*:*:*:*:*:*:*","pkg:deb/debian/pipewire@1.4.2-1?arch=arm64","LIBRARY","debian-target"
"libpixman-1-0","0.44.0-3","","","","","","","Organization: Debian X Strike Force <debian-x@lists.debian.org>","Copyright (c) Debian contributors","cpe:2.3:a:debian:pixman:0.44.0-3:*:*:*:*:*:*:*","pkg:deb/debian/pixman@0.44.0-3?arch=arm64","cpe:2.3:a:debian:pixman:0.44.0-3:*:*:*:*:*:*:*","pkg:deb/debian/pixman@0.44.0-3?arch=arm64","LIBRARY","debian-target"
"libpixman-1-dev","0.44.0-3","","","","","","","Organization: Debian X Strike Force <debian-x@lists.debian.org>","Copyright (c) Debian contributors","cpe:2.3:a:debian:pixman:0.44.0-3:*:*:*:*:*:*:*","pkg:deb/debian/pixman@0.44.0-3?arch=arm64","cpe:2.3:a:debian:pixman:0.44.0-3:*:*:*:*:*:*:*","pkg:deb/debian/pixman@0.44.0-3?arch=arm64","LIBRARY","debian-target"
"libpkcs11-helper1t64","1.30.0-1+b1","BSD-3-clause | BSD-3-clause or GPL-2 | GPL-2 | permissive","","","","","","Organization: Debian OpenSC Maintainers <pkg-opensc-maint@lists.alioth.debian.org>","Copyright (c) Debian contributors","cpe:2.3:a:debian:pkcs11-helper (1.30.0-1):1.30.0-1+b1:*:*:*:*:*:*:*","pkg:deb/debian/pkcs11-helper (1.30.0-1)@1.30.0-1+b1?arch=arm64","cpe:2.3:a:debian:pkcs11-helper (1.30.0-1):1.30.0-1+b1:*:*:*:*:*:*:*","pkg:deb/debian/pkcs11-helper (1.30.0-1)@1.30.0-1+b1?arch=arm64","LIBRARY","debian-target"
"libpkgconf3","1.8.1-4","BSD-2 | BSD-4 | GPL-2+ | ISC | X11","","","","","","Organization: Andrej Shadura <andrewsh@debian.org>","Copyright (c) Debian contributors","cpe:2.3:a:debian:pkgconf:1.8.1-4:*:*:*:*:*:*:*","pkg:deb/debian/pkgconf@1.8.1-4?arch=arm64","cpe:2.3:a:debian:pkgconf:1.8.1-4:*:*:*:*:*:*:*","pkg:deb/debian/pkgconf@1.8.1-4?arch=arm64","LIBRARY","debian-target"
"libplacebo349","7.349.0-3","CC0 | Expat | LGPL-2.1+ | LGPL-2.1+ and CC0 | LGPL-2.1+ and Zlib | LGPL-2.1+ or Expat | Zlib","","","","","","Organization: Debian Multimedia Maintainers <debian-multimedia@lists.debian.org>","Copyright (c) Debian contributors","cpe:2.3:a:debian:libplacebo:7.349.0-3:*:*:*:*:*:*:*","pkg:deb/debian/libplacebo@7.349.0-3?arch=arm64","cpe:2.3:a:debian:libplacebo:7.349.0-3:*:*:*:*:*:*:*","pkg:deb/debian/libplacebo@7.349.0-3?arch=arm64","LIBRARY","debian-target"
"libplist-2.0-4","2.6.0-2+b1","Expat | GPL-3.0-or-later | LGPL-2.1-or-later","","","","","","Organization: gtkpod Maintainers <pkg-gtkpod-devel@alioth-lists.debian.net>","Copyright (c) Debian contributors","cpe:2.3:a:debian:libplist (2.6.0-2):2.6.0-2+b1:*:*:*:*:*:*:*","pkg:deb/debian/libplist (2.6.0-2)@2.6.0-2+b1?arch=arm64","cpe:2.3:a:debian:libplist (2.6.0-2):2.6.0-2+b1:*:*:*:*:*:*:*","pkg:deb/debian/libplist (2.6.0-2)@2.6.0-2+b1?arch=arm64","LIBRARY","debian-target"
"libpmix2t64","5.0.7-1","GPL-2 | MIT","","","","","","Organization: Debian Science Maintainers <debian-science-maintainers@lists.alioth.debian.org>","Copyright (c) Debian contributors","cpe:2.3:a:debian:pmix:5.0.7-1:*:*:*:*:*:*:*","pkg:deb/debian/pmix@5.0.7-1?arch=arm64","cpe:2.3:a:debian:pmix:5.0.7-1:*:*:*:*:*:*:*","pkg:deb/debian/pmix@5.0.7-1?arch=arm64","LIBRARY","debian-target"
"libpng-dev","1.6.48-1+deb13u5","Apache-2.0 | BSD-3-clause | BSD-like-with-advertising-clause | GPL-2+ | GPL-2+ or BSD-like-with-advertising-clause | expat | libpng | libpng OR Apache-2.0 OR BSD-3-clause","","","","","","Organization: Maintainers of libpng1.6 packages <libpng1.6@packages.debian.org>","Copyright (c) Debian contributors","cpe:2.3:a:debian:libpng1.6:1.6.48-1+deb13u5:*:*:*:*:*:*:*","pkg:deb/debian/libpng1.6@1.6.48-1+deb13u5?arch=arm64","cpe:2.3:a:debian:libpng1.6:1.6.48-1+deb13u5:*:*:*:*:*:*:*","pkg:deb/debian/libpng1.6@1.6.48-1+deb13u5?arch=arm64","LIBRARY","debian-target"
"libpng16-16t64","1.6.48-1+deb13u5","Apache-2.0 | BSD-3-clause | BSD-like-with-advertising-clause | GPL-2+ | GPL-2+ or BSD-like-with-advertising-clause | expat | libpng | libpng OR Apache-2.0 OR BSD-3-clause","","","","","","Organization: Maintainers of libpng1.6 packages <libpng1.6@packages.debian.org>","Copyright (c) Debian contributors","cpe:2.3:a:debian:libpng1.6:1.6.48-1+deb13u5:*:*:*:*:*:*:*","pkg:deb/debian/libpng1.6@1.6.48-1+deb13u5?arch=arm64","cpe:2.3:a:debian:libpng1.6:1.6.48-1+deb13u5:*:*:*:*:*:*:*","pkg:deb/debian/libpng1.6@1.6.48-1+deb13u5?arch=arm64","LIBRARY","debian-target"
"libpocketsphinx3","0.8+5prealpha+1-15+b4","BSD-2 | BSD-3-clause | GPL-2+","","","","","","Organization: Debian Accessibility Team <pkg-a11y-devel@alioth-lists.debian.net>","Copyright (c) Debian contributors","cpe:2.3:a:debian:pocketsphinx (0.8+5prealpha+1-15):0.8+5prealpha+1-15+b4:*:*:*:*:*:*:*","pkg:deb/debian/pocketsphinx (0.8+5prealpha+1-15)@0.8+5prealpha+1-15+b4?arch=arm64","cpe:2.3:a:debian:pocketsphinx (0.8+5prealpha+1-15):0.8+5prealpha+1-15+b4:*:*:*:*:*:*:*","pkg:deb/debian/pocketsphinx (0.8+5prealpha+1-15)@0.8+5prealpha+1-15+b4?arch=arm64","LIBRARY","debian-target"
"libpolkit-agent-1-0","126-2","Expat | LGPL-2.0+ | LGPL-2.0+ and Expat","","","","","","Organization: Utopia Maintenance Team <pkg-utopia-maintainers@lists.alioth.debian.org>","Copyright (c) Debian contributors","cpe:2.3:a:debian:policykit-1:126-2:*:*:*:*:*:*:*","pkg:deb/debian/policykit-1@126-2?arch=arm64","cpe:2.3:a:debian:policykit-1:126-2:*:*:*:*:*:*:*","pkg:deb/debian/policykit-1@126-2?arch=arm64","LIBRARY","debian-target"
"libpolkit-gobject-1-0","126-2","Expat | LGPL-2.0+ | LGPL-2.0+ and Expat","","","","","","Organization: Utopia Maintenance Team <pkg-utopia-maintainers@lists.alioth.debian.org>","Copyright (c) Debian contributors","cpe:2.3:a:debian:policykit-1:126-2:*:*:*:*:*:*:*","pkg:deb/debian/policykit-1@126-2?arch=arm64","cpe:2.3:a:debian:policykit-1:126-2:*:*:*:*:*:*:*","pkg:deb/debian/policykit-1@126-2?arch=arm64","LIBRARY","debian-target"
"libpoppler-cpp2","25.03.0-5+deb13u3","Apache-2.0 | GPL-2 | GPL-2 or GPL-3 | GPL-3","","","","","","Organization: Debian freedesktop.org maintainers <pkg-freedesktop-maintainers@lists.alioth.debian.org>","Copyright (c) Debian contributors","cpe:2.3:a:debian:poppler:25.03.0-5+deb13u3:*:*:*:*:*:*:*","pkg:deb/debian/poppler@25.03.0-5+deb13u3?arch=arm64","cpe:2.3:a:debian:poppler:25.03.0-5+deb13u3:*:*:*:*:*:*:*","pkg:deb/debian/poppler@25.03.0-5+deb13u3?arch=arm64","LIBRARY","debian-target"
"libpoppler-glib8t64","25.03.0-5+deb13u3","Apache-2.0 | GPL-2 | GPL-2 or GPL-3 | GPL-3","","","","","","Organization: Debian freedesktop.org maintainers <pkg-freedesktop-maintainers@lists.alioth.debian.org>","Copyright (c) Debian contributors","cpe:2.3:a:debian:poppler:25.03.0-5+deb13u3:*:*:*:*:*:*:*","pkg:deb/debian/poppler@25.03.0-5+deb13u3?arch=arm64","cpe:2.3:a:debian:poppler:25.03.0-5+deb13u3:*:*:*:*:*:*:*","pkg:deb/debian/poppler@25.03.0-5+deb13u3?arch=arm64","LIBRARY","debian-target"
"libpoppler147","25.03.0-5+deb13u3","Apache-2.0 | GPL-2 | GPL-2 or GPL-3 | GPL-3","","","","","","Organization: Debian freedesktop.org maintainers <pkg-freedesktop-maintainers@lists.alioth.debian.org>","Copyright (c) Debian contributors","cpe:2.3:a:debian:poppler:25.03.0-5+deb13u3:*:*:*:*:*:*:*","pkg:deb/debian/poppler@25.03.0-5+deb13u3?arch=arm64","cpe:2.3:a:debian:poppler:25.03.0-5+deb13u3:*:*:*:*:*:*:*","pkg:deb/debian/poppler@25.03.0-5+deb13u3?arch=arm64","LIBRARY","debian-target"
"libpopt0","1.19+dfsg-2","GPL-2+ | expat | public-domain","","","","","","Organization: Håvard F. Aasen <havard.f.aasen@pfft.no>","Copyright (c) Debian contributors","cpe:2.3:a:debian:popt:1.19+dfsg-2:*:*:*:*:*:*:*","pkg:deb/debian/popt@1.19+dfsg-2?arch=arm64","cpe:2.3:a:debian:popt:1.19+dfsg-2:*:*:*:*:*:*:*","pkg:deb/debian/popt@1.19+dfsg-2?arch=arm64","LIBRARY","debian-target"
"libportal-gtk3-1","0.9.1-1","LGPL-2.1+ | LGPL-3 | LGPL-3 and LGPL-2.1+","","","","","","Organization: Utopia Maintenance Team <pkg-utopia-maintainers@lists.alioth.debian.org>","Copyright (c) Debian contributors","cpe:2.3:a:debian:libportal:0.9.1-1:*:*:*:*:*:*:*","pkg:deb/debian/libportal@0.9.1-1?arch=arm64","cpe:2.3:a:debian:libportal:0.9.1-1:*:*:*:*:*:*:*","pkg:deb/debian/libportal@0.9.1-1?arch=arm64","LIBRARY","debian-target"
"libportal-gtk4-1","0.9.1-1","LGPL-2.1+ | LGPL-3 | LGPL-3 and LGPL-2.1+","","","","","","Organization: Utopia Maintenance Team <pkg-utopia-maintainers@lists.alioth.debian.org>","Copyright (c) Debian contributors","cpe:2.3:a:debian:libportal:0.9.1-1:*:*:*:*:*:*:*","pkg:deb/debian/libportal@0.9.1-1?arch=arm64","cpe:2.3:a:debian:libportal:0.9.1-1:*:*:*:*:*:*:*","pkg:deb/debian/libportal@0.9.1-1?arch=arm64","LIBRARY","debian-target"
"libportal1","0.9.1-1","LGPL-2.1+ | LGPL-3 | LGPL-3 and LGPL-2.1+","","","","","","Organization: Utopia Maintenance Team <pkg-utopia-maintainers@lists.alioth.debian.org>","Copyright (c) Debian contributors","cpe:2.3:a:debian:libportal:0.9.1-1:*:*:*:*:*:*:*","pkg:deb/debian/libportal@0.9.1-1?arch=arm64","cpe:2.3:a:debian:libportal:0.9.1-1:*:*:*:*:*:*:*","pkg:deb/debian/libportal@0.9.1-1?arch=arm64","LIBRARY","debian-target"
"libpostproc58","7:7.1.4-0+deb13u1","BSD-1-clause | BSD-2-clause | BSD-3-clause | BSL | Expat | GPL-2+ | GPL-3+ | IJG | ISC | LGPL-2+ | LGPL-2.1+ | LGPL-2.1+ and BSD-2-clause | LGPL-2.1+ and BSD-3-clause | LGPL-2.1+ and BSL | LGPL-2.1+ and Expat | LGPL-2.1+ and Sundry | Sundry | Zlib | man-page | public-domain","","","","","","Organization: Debian Multimedia Maintainers <debian-multimedia@lists.debian.org>","Copyright (c) Debian contributors","cpe:2.3:a:debian:ffmpeg:7:7.1.4-0+deb13u1:*:*:*:*:*:*:*","pkg:deb/debian/ffmpeg@7:7.1.4-0+deb13u1?arch=arm64","cpe:2.3:a:debian:ffmpeg:7:7.1.4-0+deb13u1:*:*:*:*:*:*:*","pkg:deb/debian/ffmpeg@7:7.1.4-0+deb13u1?arch=arm64","LIBRARY","debian-target"
"libpq5","17.10-0+deb13u1","BSD-2-clause | BSD-3-Clause | BSD-3-clause | Custom-Unicode | Custom-pg_dump | Custom-regex | PostgreSQL | PostgreSQL and Custom-regex and Tcl | Tcl | double-metaphone | nagaysau-ishii","","","","","","Organization: Debian PostgreSQL Maintainers <team+postgresql@tracker.debian.org>","Copyright (c) Debian contributors","cpe:2.3:a:debian:postgresql-17:17.10-0+deb13u1:*:*:*:*:*:*:*","pkg:deb/debian/postgresql-17@17.10-0+deb13u1?arch=arm64","cpe:2.3:a:debian:postgresql-17:17.10-0+deb13u1:*:*:*:*:*:*:*","pkg:deb/debian/postgresql-17@17.10-0+deb13u1?arch=arm64","LIBRARY","debian-target"
"libproc2-0","2:4.0.4-9","GPL-2.0+ | LGPL-2.0+ | LGPL-2.1+","","","","","","Organization: Craig Small <csmall@debian.org>","Copyright (c) Debian contributors","cpe:2.3:a:debian:procps:2:4.0.4-9:*:*:*:*:*:*:*","pkg:deb/debian/procps@2:4.0.4-9?arch=arm64","cpe:2.3:a:debian:procps:2:4.0.4-9:*:*:*:*:*:*:*","pkg:deb/debian/procps@2:4.0.4-9?arch=arm64","LIBRARY","debian-target"
"libproj25","9.6.0-1","Apache-2.0 | Expat | GPL-2+ | GPL-3+ with Bison exception | LRUCache11 | public-domain","","","","","","Organization: Debian GIS Project <pkg-grass-devel@lists.alioth.debian.org>","Copyright (c) Debian contributors","cpe:2.3:a:debian:proj:9.6.0-1:*:*:*:*:*:*:*","pkg:deb/debian/proj@9.6.0-1?arch=arm64","cpe:2.3:a:debian:proj:9.6.0-1:*:*:*:*:*:*:*","pkg:deb/debian/proj@9.6.0-1?arch=arm64","LIBRARY","debian-target"
"libprotobuf-c1","1.5.1-1","BSD-2-Clause | BSD-3-Clause | permissive","","","","","","Organization: Robert Edmonds <edmonds@debian.org>","Copyright (c) Debian contributors","cpe:2.3:a:debian:protobuf-c:1.5.1-1:*:*:*:*:*:*:*","pkg:deb/debian/protobuf-c@1.5.1-1?arch=arm64","cpe:2.3:a:debian:protobuf-c:1.5.1-1:*:*:*:*:*:*:*","pkg:deb/debian/protobuf-c@1.5.1-1?arch=arm64","LIBRARY","debian-target"
"libprotobuf32t64","3.21.12-11","Apache-2.0 | BSD-3-Clause | BSD-3-Clause~Google | Expat | GPL-3 | GPLWithACException | Public-Domain | Public-Domain or Expat","","","","","","Organization: Laszlo Boszormenyi (GCS) <gcs@debian.org>","Copyright (c) Debian contributors","cpe:2.3:a:debian:protobuf:3.21.12-11:*:*:*:*:*:*:*","pkg:deb/debian/protobuf@3.21.12-11?arch=arm64","cpe:2.3:a:debian:protobuf:3.21.12-11:*:*:*:*:*:*:*","pkg:deb/debian/protobuf@3.21.12-11?arch=arm64","LIBRARY","debian-target"
"libproxy1v5","0.5.9-1","GPL-2+ | GPL-3+ | LGPL-2.1+ | LGPL-2.1+ or GPL-2+ or NPL-1.1 | MPL-1.1 | NPL-1.1","","","","","","Organization: Debian GNOME Maintainers <pkg-gnome-maintainers@lists.alioth.debian.org>","Copyright (c) Debian contributors","cpe:2.3:a:debian:libproxy:0.5.9-1:*:*:*:*:*:*:*","pkg:deb/debian/libproxy@0.5.9-1?arch=arm64","cpe:2.3:a:debian:libproxy:0.5.9-1:*:*:*:*:*:*:*","pkg:deb/debian/libproxy@0.5.9-1?arch=arm64","LIBRARY","debian-target"
"libpsl5t64","0.21.2-1.1+b1","Chromium | MIT | gnulib","","","","","","Organization: Tim Rühsen <tim.ruehsen@gmx.de>","Copyright (c) Debian contributors","cpe:2.3:a:debian:libpsl (0.21.2-1.1):0.21.2-1.1+b1:*:*:*:*:*:*:*","pkg:deb/debian/libpsl (0.21.2-1.1)@0.21.2-1.1+b1?arch=arm64","cpe:2.3:a:debian:libpsl (0.21.2-1.1):0.21.2-1.1+b1:*:*:*:*:*:*:*","pkg:deb/debian/libpsl (0.21.2-1.1)@0.21.2-1.1+b1?arch=arm64","LIBRARY","debian-target"
"libpthreadpool0","0.0~git20240616.560c60d-1","BSD-2-Clause","","","","","","Organization: Debian Deep Learning Team <debian-ai@lists.debian.org>","Copyright (c) Debian contributors","cpe:2.3:a:debian:pthreadpool:0.0~git20240616.560c60d-1:*:*:*:*:*:*:*","pkg:deb/debian/pthreadpool@0.0~git20240616.560c60d-1?arch=arm64","cpe:2.3:a:debian:pthreadpool:0.0~git20240616.560c60d-1:*:*:*:*:*:*:*","pkg:deb/debian/pthreadpool@0.0~git20240616.560c60d-1?arch=arm64","LIBRARY","debian-target"
"libpulse-mainloop-glib0","17.0+dfsg1-2+b1","GPL-2+ | LGPL-2+ | LGPL-2.1+ | other","","","","","","Organization: Pulseaudio maintenance team <pkg-pulseaudio-devel@lists.alioth.debian.org>","Copyright (c) Debian contributors","cpe:2.3:a:debian:pulseaudio (17.0+dfsg1-2):17.0+dfsg1-2+b1:*:*:*:*:*:*:*","pkg:deb/debian/pulseaudio (17.0+dfsg1-2)@17.0+dfsg1-2+b1?arch=arm64","cpe:2.3:a:debian:pulseaudio (17.0+dfsg1-2):17.0+dfsg1-2+b1:*:*:*:*:*:*:*","pkg:deb/debian/pulseaudio (17.0+dfsg1-2)@17.0+dfsg1-2+b1?arch=arm64","LIBRARY","debian-target"
"libpulse0","17.0+dfsg1-2+b1","GPL-2+ | LGPL-2+ | LGPL-2.1+ | other","","","","","","Organization: Pulseaudio maintenance team <pkg-pulseaudio-devel@lists.alioth.debian.org>","Copyright (c) Debian contributors","cpe:2.3:a:debian:pulseaudio (17.0+dfsg1-2):17.0+dfsg1-2+b1:*:*:*:*:*:*:*","pkg:deb/debian/pulseaudio (17.0+dfsg1-2)@17.0+dfsg1-2+b1?arch=arm64","cpe:2.3:a:debian:pulseaudio (17.0+dfsg1-2):17.0+dfsg1-2+b1:*:*:*:*:*:*:*","pkg:deb/debian/pulseaudio (17.0+dfsg1-2)@17.0+dfsg1-2+b1?arch=arm64","LIBRARY","debian-target"
"libpwquality-common","1.4.5-5","GPL-2+ | GPL-3+ | libpwquality | libpwquality or GPL-2+","","","","","","Organization: Debian GNOME Maintainers <pkg-gnome-maintainers@lists.alioth.debian.org>","Copyright (c) Debian contributors","cpe:2.3:a:debian:libpwquality:1.4.5-5:*:*:*:*:*:*:*","pkg:deb/debian/libpwquality@1.4.5-5?arch=all","cpe:2.3:a:debian:libpwquality:1.4.5-5:*:*:*:*:*:*:*","pkg:deb/debian/libpwquality@1.4.5-5?arch=all","LIBRARY","debian-target"
"libpwquality1","1.4.5-5","GPL-2+ | GPL-3+ | libpwquality | libpwquality or GPL-2+","","","","","","Organization: Debian GNOME Maintainers <pkg-gnome-maintainers@lists.alioth.debian.org>","Copyright (c) Debian contributors","cpe:2.3:a:debian:libpwquality:1.4.5-5:*:*:*:*:*:*:*","pkg:deb/debian/libpwquality@1.4.5-5?arch=arm64","cpe:2.3:a:debian:libpwquality:1.4.5-5:*:*:*:*:*:*:*","pkg:deb/debian/libpwquality@1.4.5-5?arch=arm64","LIBRARY","debian-target"
"libpython3-stdlib","3.13.5-1","","","","","","","Organization: Matthias Klose <doko@debian.org>","Copyright (c) Debian contributors","cpe:2.3:a:debian:python3-defaults:3.13.5-1:*:*:*:*:*:*:*","pkg:deb/debian/python3-defaults@3.13.5-1?arch=arm64","cpe:2.3:a:debian:python3-defaults:3.13.5-1:*:*:*:*:*:*:*","pkg:deb/debian/python3-defaults@3.13.5-1?arch=arm64","APPLICATION","debian-target"
"libpython3.13","3.13.5-2+deb13u2","* Permission to use this software in any way is granted without | By obtaining, using, and/or copying this software and/or its | Permission  is  hereby granted,  free  of charge,  to  any person | Permission is hereby granted, free of charge, to any person obtaining | Permission to use, copy, modify, and distribute this software and | Permission to use, copy, modify, and distribute this software and its | Permission to use, copy, modify, and distribute this software for any | Redistribution and use in source and binary forms, with or without | This software is provided 'as-is', without any express or implied | This software is provided as-is, without express or implied","","","","","","Organization: Matthias Klose <doko@debian.org>","Copyright (c) Debian contributors","cpe:2.3:a:debian:python3.13:3.13.5-2+deb13u2:*:*:*:*:*:*:*","pkg:deb/debian/python3.13@3.13.5-2+deb13u2?arch=arm64","cpe:2.3:a:debian:python3.13:3.13.5-2+deb13u2:*:*:*:*:*:*:*","pkg:deb/debian/python3.13@3.13.5-2+deb13u2?arch=arm64","LIBRARY","debian-target"
"libpython3.13-minimal","3.13.5-2+deb13u2","* Permission to use this software in any way is granted without | By obtaining, using, and/or copying this software and/or its | Permission  is  hereby granted,  free  of charge,  to  any person | Permission is hereby granted, free of charge, to any person obtaining | Permission to use, copy, modify, and distribute this software and | Permission to use, copy, modify, and distribute this software and its | Permission to use, copy, modify, and distribute this software for any | Redistribution and use in source and binary forms, with or without | This software is provided 'as-is', without any express or implied | This software is provided as-is, without express or implied","","","","","","Organization: Matthias Klose <doko@debian.org>","Copyright (c) Debian contributors","cpe:2.3:a:debian:python3.13:3.13.5-2+deb13u2:*:*:*:*:*:*:*","pkg:deb/debian/python3.13@3.13.5-2+deb13u2?arch=arm64","cpe:2.3:a:debian:python3.13:3.13.5-2+deb13u2:*:*:*:*:*:*:*","pkg:deb/debian/python3.13@3.13.5-2+deb13u2?arch=arm64","APPLICATION","debian-target"
"libpython3.13-stdlib","3.13.5-2+deb13u2","* Permission to use this software in any way is granted without | By obtaining, using, and/or copying this software and/or its | Permission  is  hereby granted,  free  of charge,  to  any person | Permission is hereby granted, free of charge, to any person obtaining | Permission to use, copy, modify, and distribute this software and | Permission to use, copy, modify, and distribute this software and its | Permission to use, copy, modify, and distribute this software for any | Redistribution and use in source and binary forms, with or without | This software is provided 'as-is', without any express or implied | This software is provided as-is, without express or implied","","","","","","Organization: Matthias Klose <doko@debian.org>","Copyright (c) Debian contributors","cpe:2.3:a:debian:python3.13:3.13.5-2+deb13u2:*:*:*:*:*:*:*","pkg:deb/debian/python3.13@3.13.5-2+deb13u2?arch=arm64","cpe:2.3:a:debian:python3.13:3.13.5-2+deb13u2:*:*:*:*:*:*:*","pkg:deb/debian/python3.13@3.13.5-2+deb13u2?arch=arm64","APPLICATION","debian-target"
"libqhull-r8.0","2020.2-6+b2","GPL-3+ | Qhull","","","","","","Organization: Debian Science Maintainers <debian-science-maintainers@alioth-lists.debian.net>","Copyright (c) Debian contributors","cpe:2.3:a:debian:qhull (2020.2-6):2020.2-6+b2:*:*:*:*:*:*:*","pkg:deb/debian/qhull (2020.2-6)@2020.2-6+b2?arch=arm64","cpe:2.3:a:debian:qhull (2020.2-6):2020.2-6+b2:*:*:*:*:*:*:*","pkg:deb/debian/qhull (2020.2-6)@2020.2-6+b2?arch=arm64","LIBRARY","debian-target"
"libqpdf30","12.2.0-1","","","","","","","Organization: Jay Berkenbilt <qjb@debian.org>","Copyright (c) Debian contributors","cpe:2.3:a:debian:qpdf:12.2.0-1:*:*:*:*:*:*:*","pkg:deb/debian/qpdf@12.2.0-1?arch=arm64","cpe:2.3:a:debian:qpdf:12.2.0-1:*:*:*:*:*:*:*","pkg:deb/debian/qpdf@12.2.0-1?arch=arm64","LIBRARY","debian-target"
"libqrencode4","4.1.1-2","LGPL-2.1+ | public-domain","","","","","","Organization: NIIBE Yutaka <gniibe@fsij.org>","Copyright (c) Debian contributors","cpe:2.3:a:debian:qrencode:4.1.1-2:*:*:*:*:*:*:*","pkg:deb/debian/qrencode@4.1.1-2?arch=arm64","cpe:2.3:a:debian:qrencode:4.1.1-2:*:*:*:*:*:*:*","pkg:deb/debian/qrencode@4.1.1-2?arch=arm64","LIBRARY","debian-target"
"librabbitmq4","0.15.0-1+deb13u1","Expat","","","","","","Organization: Florian Ernst <florian@debian.org>","Copyright (c) Debian contributors","cpe:2.3:a:debian:librabbitmq:0.15.0-1+deb13u1:*:*:*:*:*:*:*","pkg:deb/debian/librabbitmq@0.15.0-1+deb13u1?arch=arm64","cpe:2.3:a:debian:librabbitmq:0.15.0-1+deb13u1:*:*:*:*:*:*:*","pkg:deb/debian/librabbitmq@0.15.0-1+deb13u1?arch=arm64","LIBRARY","debian-target"
"libraptor2-0","2.0.16-6","Apache-2.0 | GPL-2+ | GPL-3+ | LGPL-2.1+ | LGPL-2.1+ or GPL-2+ or Apache-2.0 | public-domain","","","","","","Organization: Debian QA Group <packages@qa.debian.org>","Copyright (c) Debian contributors","cpe:2.3:a:debian:raptor2:2.0.16-6:*:*:*:*:*:*:*","pkg:deb/debian/raptor2@2.0.16-6?arch=arm64","cpe:2.3:a:debian:raptor2:2.0.16-6:*:*:*:*:*:*:*","pkg:deb/debian/raptor2@2.0.16-6?arch=arm64","LIBRARY","debian-target"
"librav1e0.7","0.7.1-9+b2","BSD-2-Clause | BSD-2-clause | ISC","","","","","","Organization: Debian Rust Maintainers <pkg-rust-maintainers@alioth-lists.debian.net>","Copyright (c) Debian contributors","cpe:2.3:a:debian:rust-rav1e (0.7.1-9):0.7.1-9+b2:*:*:*:*:*:*:*","pkg:deb/debian/rust-rav1e (0.7.1-9)@0.7.1-9+b2?arch=arm64","cpe:2.3:a:debian:rust-rav1e (0.7.1-9):0.7.1-9+b2:*:*:*:*:*:*:*","pkg:deb/debian/rust-rav1e (0.7.1-9)@0.7.1-9+b2?arch=arm64","LIBRARY","debian-target"
"libraw1394-11","2.1.2-2+b2","","","","","","","Organization: Guus Sliepen <guus@debian.org>","Copyright (c) Debian contributors","cpe:2.3:a:debian:libraw1394 (2.1.2-2):2.1.2-2+b2:*:*:*:*:*:*:*","pkg:deb/debian/libraw1394 (2.1.2-2)@2.1.2-2+b2?arch=arm64","cpe:2.3:a:debian:libraw1394 (2.1.2-2):2.1.2-2+b2:*:*:*:*:*:*:*","pkg:deb/debian/libraw1394 (2.1.2-2)@2.1.2-2+b2?arch=arm64","LIBRARY","debian-target"
"libraw1394-dev","2.1.2-2+b2","","","","","","","Organization: Guus Sliepen <guus@debian.org>","Copyright (c) Debian contributors","cpe:2.3:a:debian:libraw1394 (2.1.2-2):2.1.2-2+b2:*:*:*:*:*:*:*","pkg:deb/debian/libraw1394 (2.1.2-2)@2.1.2-2+b2?arch=arm64","cpe:2.3:a:debian:libraw1394 (2.1.2-2):2.1.2-2+b2:*:*:*:*:*:*:*","pkg:deb/debian/libraw1394 (2.1.2-2)@2.1.2-2+b2?arch=arm64","LIBRARY","debian-target"
"librdmacm1t64","56.1-1","BSD-2-clause | BSD-2-clause or GPL-2 | BSD-3-clause | BSD-3-clause or GPL-2 | BSD-MIT | BSD-MIT or GPL-2 | CC0 | CPL-1.0 | CPL-1.0 or BSD-2-clause or GPL-2 | GPL-2 | GPL-2 or BSD-2-clause | GPL-2 or BSD-3-clause | GPL-2+ | MIT","","","","","","Organization: Benjamin Drung <bdrung@ubuntu.com>","Copyright (c) Debian contributors","cpe:2.3:a:debian:rdma-core:56.1-1:*:*:*:*:*:*:*","pkg:deb/debian/rdma-core@56.1-1?arch=arm64","cpe:2.3:a:debian:rdma-core:56.1-1:*:*:*:*:*:*:*","pkg:deb/debian/rdma-core@56.1-1?arch=arm64","LIBRARY","debian-target"
"libre2-11","20240702-3+b1","BSD-3-google | Lucent","","","","","","Organization: Stefano Rivera <stefanor@debian.org>","Copyright (c) Debian contributors","cpe:2.3:a:debian:re2 (20240702-3):20240702-3+b1:*:*:*:*:*:*:*","pkg:deb/debian/re2 (20240702-3)@20240702-3+b1?arch=arm64","cpe:2.3:a:debian:re2 (20240702-3):20240702-3+b1:*:*:*:*:*:*:*","pkg:deb/debian/re2 (20240702-3)@20240702-3+b1?arch=arm64","LIBRARY","debian-target"
"libreadline8t64","8.2-6","GFDL-NIV-1.3+ | GPL-2+ | GPL-3 | GPL-3+ | ISC-no-attribution","","","","","","Organization: Matthias Klose <doko@debian.org>","Copyright (c) Debian contributors","cpe:2.3:a:debian:readline:8.2-6:*:*:*:*:*:*:*","pkg:deb/debian/readline@8.2-6?arch=arm64","cpe:2.3:a:debian:readline:8.2-6:*:*:*:*:*:*:*","pkg:deb/debian/readline@8.2-6?arch=arm64","LIBRARY","debian-target"
"librest-1.0-0","0.9.1-6+b2","GPL-2+ | LGPL-2.1","","","","","","Organization: Debian GNOME Maintainers <pkg-gnome-maintainers@lists.alioth.debian.org>","Copyright (c) Debian contributors","cpe:2.3:a:debian:librest (0.9.1-6):0.9.1-6+b2:*:*:*:*:*:*:*","pkg:deb/debian/librest (0.9.1-6)@0.9.1-6+b2?arch=arm64","cpe:2.3:a:debian:librest (0.9.1-6):0.9.1-6+b2:*:*:*:*:*:*:*","pkg:deb/debian/librest (0.9.1-6)@0.9.1-6+b2?arch=arm64","LIBRARY","debian-target"
"librga-dev","2.2.0-1","Apache-2.0","","","","","","Organization: Putin Lee <putin.li@rock-chips.com>","Copyright (c) Debian contributors","cpe:2.3:a:debian:librga:2.2.0-1:*:*:*:*:*:*:*","pkg:deb/debian/librga@2.2.0-1?arch=arm64","cpe:2.3:a:debian:librga:2.2.0-1:*:*:*:*:*:*:*","pkg:deb/debian/librga@2.2.0-1?arch=arm64","LIBRARY","debian-target"
"librga2","2.2.0-1","Apache-2.0","","","","","","Organization: Putin Lee <putin.li@rock-chips.com>","Copyright (c) Debian contributors","cpe:2.3:a:debian:librga:2.2.0-1:*:*:*:*:*:*:*","pkg:deb/debian/librga@2.2.0-1?arch=arm64","cpe:2.3:a:debian:librga:2.2.0-1:*:*:*:*:*:*:*","pkg:deb/debian/librga@2.2.0-1?arch=arm64","LIBRARY","debian-target"
"librga2-dbgsym","2.2.0-1","Apache-2.0","","","","","","Organization: Putin Lee <putin.li@rock-chips.com>","Copyright (c) Debian contributors","cpe:2.3:a:debian:librga:2.2.0-1:*:*:*:*:*:*:*","pkg:deb/debian/librga@2.2.0-1?arch=arm64","cpe:2.3:a:debian:librga:2.2.0-1:*:*:*:*:*:*:*","pkg:deb/debian/librga@2.2.0-1?arch=arm64","APPLICATION","debian-target"
"librhash1","1.4.5-1","0BSD","","","","","","Organization: Debian Security Tools <team+pkg-security@tracker.debian.org>","Copyright (c) Debian contributors","cpe:2.3:a:debian:rhash:1.4.5-1:*:*:*:*:*:*:*","pkg:deb/debian/rhash@1.4.5-1?arch=arm64","cpe:2.3:a:debian:rhash:1.4.5-1:*:*:*:*:*:*:*","pkg:deb/debian/rhash@1.4.5-1?arch=arm64","LIBRARY","debian-target"
"librhythmbox-core10","3.4.8-1+b1","","","","","","","Organization: Debian GNOME Maintainers <pkg-gnome-maintainers@lists.alioth.debian.org>","Copyright (c) Debian contributors","cpe:2.3:a:debian:rhythmbox (3.4.8-1):3.4.8-1+b1:*:*:*:*:*:*:*","pkg:deb/debian/rhythmbox (3.4.8-1)@3.4.8-1+b1?arch=arm64","cpe:2.3:a:debian:rhythmbox (3.4.8-1):3.4.8-1+b1:*:*:*:*:*:*:*","pkg:deb/debian/rhythmbox (3.4.8-1)@3.4.8-1+b1?arch=arm64","LIBRARY","debian-target"
"librist4","0.2.11+dfsg-1","BSD-1-clause | BSD-2-clause | ISC | ISC and BSD-2-clause | public-domain","","","","","","Organization: Florian Ernst <florian@debian.org>","Copyright (c) Debian contributors","cpe:2.3:a:debian:librist:0.2.11+dfsg-1:*:*:*:*:*:*:*","pkg:deb/debian/librist@0.2.11+dfsg-1?arch=arm64","cpe:2.3:a:debian:librist:0.2.11+dfsg-1:*:*:*:*:*:*:*","pkg:deb/debian/librist@0.2.11+dfsg-1?arch=arm64","LIBRARY","debian-target"
"libroc0.4","0.4.0+dfsg-5","CC0-1.0 | MIT-0 | MIT-0 or Unlicense | MPL-2.0 | Unlicense","","","","","","Organization: Debian Multimedia Maintainers <debian-multimedia@lists.debian.org>","Copyright (c) Debian contributors","cpe:2.3:a:debian:roc-toolkit:0.4.0+dfsg-5:*:*:*:*:*:*:*","pkg:deb/debian/roc-toolkit@0.4.0+dfsg-5?arch=arm64","cpe:2.3:a:debian:roc-toolkit:0.4.0+dfsg-5:*:*:*:*:*:*:*","pkg:deb/debian/roc-toolkit@0.4.0+dfsg-5?arch=arm64","LIBRARY","debian-target"
"librockchip-mpp-dev","1.5.0-1","Apache-2.0","","","","","","Organization: Randy Li <randy.li@rock-chips.com>","Copyright (c) Debian contributors","cpe:2.3:a:debian:mpp:1.5.0-1:*:*:*:*:*:*:*","pkg:deb/debian/mpp@1.5.0-1?arch=arm64","cpe:2.3:a:debian:mpp:1.5.0-1:*:*:*:*:*:*:*","pkg:deb/debian/mpp@1.5.0-1?arch=arm64","LIBRARY","debian-target"
"librockchip-mpp1","1.5.0-1","Apache-2.0","","","","","","Organization: Randy Li <randy.li@rock-chips.com>","Copyright (c) Debian contributors","cpe:2.3:a:debian:mpp:1.5.0-1:*:*:*:*:*:*:*","pkg:deb/debian/mpp@1.5.0-1?arch=arm64","cpe:2.3:a:debian:mpp:1.5.0-1:*:*:*:*:*:*:*","pkg:deb/debian/mpp@1.5.0-1?arch=arm64","LIBRARY","debian-target"
"librockchip-mpp1-dbgsym","1.5.0-1","Apache-2.0","","","","","","Organization: Randy Li <randy.li@rock-chips.com>","Copyright (c) Debian contributors","cpe:2.3:a:debian:mpp:1.5.0-1:*:*:*:*:*:*:*","pkg:deb/debian/mpp@1.5.0-1?arch=arm64","cpe:2.3:a:debian:mpp:1.5.0-1:*:*:*:*:*:*:*","pkg:deb/debian/mpp@1.5.0-1?arch=arm64","APPLICATION","debian-target"
"librockchip-vpu0","1.5.0-1","Apache-2.0","","","","","","Organization: Randy Li <randy.li@rock-chips.com>","Copyright (c) Debian contributors","cpe:2.3:a:debian:mpp:1.5.0-1:*:*:*:*:*:*:*","pkg:deb/debian/mpp@1.5.0-1?arch=arm64","cpe:2.3:a:debian:mpp:1.5.0-1:*:*:*:*:*:*:*","pkg:deb/debian/mpp@1.5.0-1?arch=arm64","LIBRARY","debian-target"
"librockchip-vpu0-dbgsym","1.5.0-1","Apache-2.0","","","","","","Organization: Randy Li <randy.li@rock-chips.com>","Copyright (c) Debian contributors","cpe:2.3:a:debian:mpp:1.5.0-1:*:*:*:*:*:*:*","pkg:deb/debian/mpp@1.5.0-1?arch=arm64","cpe:2.3:a:debian:mpp:1.5.0-1:*:*:*:*:*:*:*","pkg:deb/debian/mpp@1.5.0-1?arch=arm64","APPLICATION","debian-target"
"librsvg2-2","2.60.0+dfsg-1","0BSD | Apache-2.0 | Apache-2.0, and BSD-2-clause, and BSD-3-clause, and Expat, and Apache-2.0 or Expat or 0BSD, and Apache-2.0 or Boost-1.0, and Apache-2.0 or Expat, and Expat or Unlicense, and MPL-2.0, and Sun-permissive, and zlib | BSD-2-clause | BSD-3-clause | Boost-1.0 | CC-zero-waive-1.0-us | Expat | FSFAP | LGPL-2+ | MPL-2.0 | OFL-1.1 | Sun-permissive | Unlicense | zlib","","","","","","Organization: Debian GNOME Maintainers <pkg-gnome-maintainers@lists.alioth.debian.org>","Copyright (c) Debian contributors","cpe:2.3:a:debian:librsvg:2.60.0+dfsg-1:*:*:*:*:*:*:*","pkg:deb/debian/librsvg@2.60.0+dfsg-1?arch=arm64","cpe:2.3:a:debian:librsvg:2.60.0+dfsg-1:*:*:*:*:*:*:*","pkg:deb/debian/librsvg@2.60.0+dfsg-1?arch=arm64","LIBRARY","debian-target"
"librsvg2-common","2.60.0+dfsg-1","0BSD | Apache-2.0 | Apache-2.0, and BSD-2-clause, and BSD-3-clause, and Expat, and Apache-2.0 or Expat or 0BSD, and Apache-2.0 or Boost-1.0, and Apache-2.0 or Expat, and Expat or Unlicense, and MPL-2.0, and Sun-permissive, and zlib | BSD-2-clause | BSD-3-clause | Boost-1.0 | CC-zero-waive-1.0-us | Expat | FSFAP | LGPL-2+ | MPL-2.0 | OFL-1.1 | Sun-permissive | Unlicense | zlib","","","","","","Organization: Debian GNOME Maintainers <pkg-gnome-maintainers@lists.alioth.debian.org>","Copyright (c) Debian contributors","cpe:2.3:a:debian:librsvg:2.60.0+dfsg-1:*:*:*:*:*:*:*","pkg:deb/debian/librsvg@2.60.0+dfsg-1?arch=arm64","cpe:2.3:a:debian:librsvg:2.60.0+dfsg-1:*:*:*:*:*:*:*","pkg:deb/debian/librsvg@2.60.0+dfsg-1?arch=arm64","LIBRARY","debian-target"
"librtmp1","2.4+20151223.gitfa8646d.1-2+b5","","","","","","","Organization: Debian Multimedia Maintainers <debian-multimedia@lists.debian.org>","Copyright (c) Debian contributors","cpe:2.3:a:debian:rtmpdump (2.4+20151223.gitfa8646d.1-2):2.4+20151223.gitfa8646d.1-2+b5:*:*:*:*:*:*:*","pkg:deb/debian/rtmpdump (2.4+20151223.gitfa8646d.1-2)@2.4+20151223.gitfa8646d.1-2+b5?arch=arm64","cpe:2.3:a:debian:rtmpdump (2.4+20151223.gitfa8646d.1-2):2.4+20151223.gitfa8646d.1-2+b5:*:*:*:*:*:*:*","pkg:deb/debian/rtmpdump (2.4+20151223.gitfa8646d.1-2)@2.4+20151223.gitfa8646d.1-2+b5?arch=arm64","LIBRARY","debian-target"
"librttopo1","1.1.0-4","GPL-2+","","","","","","Organization: Debian GIS Project <pkg-grass-devel@lists.alioth.debian.org>","Copyright (c) Debian contributors","cpe:2.3:a:debian:librttopo:1.1.0-4:*:*:*:*:*:*:*","pkg:deb/debian/librttopo@1.1.0-4?arch=arm64","cpe:2.3:a:debian:librttopo:1.1.0-4:*:*:*:*:*:*:*","pkg:deb/debian/librttopo@1.1.0-4?arch=arm64","LIBRARY","debian-target"
"librubberband2","3.3.0+dfsg-2+b3","BSD-3-clause | Expat | GPL-2+ | Zlib | other-1","","","","","","Organization: Debian Multimedia Maintainers <debian-multimedia@lists.debian.org>","Copyright (c) Debian contributors","cpe:2.3:a:debian:rubberband (3.3.0+dfsg-2):3.3.0+dfsg-2+b3:*:*:*:*:*:*:*","pkg:deb/debian/rubberband (3.3.0+dfsg-2)@3.3.0+dfsg-2+b3?arch=arm64","cpe:2.3:a:debian:rubberband (3.3.0+dfsg-2):3.3.0+dfsg-2+b3:*:*:*:*:*:*:*","pkg:deb/debian/rubberband (3.3.0+dfsg-2)@3.3.0+dfsg-2+b3?arch=arm64","LIBRARY","debian-target"
"libsamplerate0","0.2.2-4+b2","BSD-2-clause | FSFAP | GPL-2+ | GPL-3+","","","","","","Organization: Debian Multimedia Maintainers <debian-multimedia@lists.debian.org>","Copyright (c) Debian contributors","cpe:2.3:a:debian:libsamplerate (0.2.2-4):0.2.2-4+b2:*:*:*:*:*:*:*","pkg:deb/debian/libsamplerate (0.2.2-4)@0.2.2-4+b2?arch=arm64","cpe:2.3:a:debian:libsamplerate (0.2.2-4):0.2.2-4+b2:*:*:*:*:*:*:*","pkg:deb/debian/libsamplerate (0.2.2-4)@0.2.2-4+b2?arch=arm64","LIBRARY","debian-target"
"libsane-common","1.3.1-3","Artistic | CC-BY-SA-4.0 | Expat | GFDL-1.1+ | GPL-2 | GPL-2 and EXPAT | GPL-2+ | GPL-2+ and EXPAT | GPL-2+ with sane exception | GPL-3 | GPL-3+ | LGPL-2+ | LGPL-2.1+ | public-domain","","","","","","Organization: Jörg Frings-Fürst <debian@jff.email>","Copyright (c) Debian contributors","cpe:2.3:a:debian:sane-backends:1.3.1-3:*:*:*:*:*:*:*","pkg:deb/debian/sane-backends@1.3.1-3?arch=all","cpe:2.3:a:debian:sane-backends:1.3.1-3:*:*:*:*:*:*:*","pkg:deb/debian/sane-backends@1.3.1-3?arch=all","LIBRARY","debian-target"
"libsane1","1.3.1-3+b1","Artistic | CC-BY-SA-4.0 | Expat | GFDL-1.1+ | GPL-2 | GPL-2 and EXPAT | GPL-2+ | GPL-2+ and EXPAT | GPL-2+ with sane exception | GPL-3 | GPL-3+ | LGPL-2+ | LGPL-2.1+ | public-domain","","","","","","Organization: Jörg Frings-Fürst <debian@jff.email>","Copyright (c) Debian contributors","cpe:2.3:a:debian:sane-backends (1.3.1-3):1.3.1-3+b1:*:*:*:*:*:*:*","pkg:deb/debian/sane-backends (1.3.1-3)@1.3.1-3+b1?arch=arm64","cpe:2.3:a:debian:sane-backends (1.3.1-3):1.3.1-3+b1:*:*:*:*:*:*:*","pkg:deb/debian/sane-backends (1.3.1-3)@1.3.1-3+b1?arch=arm64","LIBRARY","debian-target"
"libsasl2-2","2.1.28+dfsg1-9","BSD-2-clause | BSD-2-clause and MIT-CMU | BSD-2.2-clause | BSD-3-Clause-Attribution | BSD-3-Clause-Attribution and IBM-as-is | BSD-3-Clause-Attribution and MIT-Export | BSD-3-clause | BSD-3-clause-JANET | BSD-3-clause-JANET and BSD-3-Clause-Attribution | BSD-3-clause-PADL | BSD-3-clause-PADL and MIT-OpenVision | BSD-4-clause-UC | FSFULLR | FSFULLR and MIT-CMU | GPL-3 | GPL-3+ | IBM-as-is | MIT-CMU | MIT-Export | MIT-OpenVision | OpenLDAP | RSA-MD","","","","","","Organization: Debian Cyrus Team <team+cyrus@tracker.debian.org>","Copyright (c) Debian contributors","cpe:2.3:a:debian:cyrus-sasl2:2.1.28+dfsg1-9:*:*:*:*:*:*:*","pkg:deb/debian/cyrus-sasl2@2.1.28+dfsg1-9?arch=arm64","cpe:2.3:a:debian:cyrus-sasl2:2.1.28+dfsg1-9:*:*:*:*:*:*:*","pkg:deb/debian/cyrus-sasl2@2.1.28+dfsg1-9?arch=arm64","LIBRARY","debian-target"
"libsasl2-modules-db","2.1.28+dfsg1-9","BSD-2-clause | BSD-2-clause and MIT-CMU | BSD-2.2-clause | BSD-3-Clause-Attribution | BSD-3-Clause-Attribution and IBM-as-is | BSD-3-Clause-Attribution and MIT-Export | BSD-3-clause | BSD-3-clause-JANET | BSD-3-clause-JANET and BSD-3-Clause-Attribution | BSD-3-clause-PADL | BSD-3-clause-PADL and MIT-OpenVision | BSD-4-clause-UC | FSFULLR | FSFULLR and MIT-CMU | GPL-3 | GPL-3+ | IBM-as-is | MIT-CMU | MIT-Export | MIT-OpenVision | OpenLDAP | RSA-MD","","","","","","Organization: Debian Cyrus Team <team+cyrus@tracker.debian.org>","Copyright (c) Debian contributors","cpe:2.3:a:debian:cyrus-sasl2:2.1.28+dfsg1-9:*:*:*:*:*:*:*","pkg:deb/debian/cyrus-sasl2@2.1.28+dfsg1-9?arch=arm64","cpe:2.3:a:debian:cyrus-sasl2:2.1.28+dfsg1-9:*:*:*:*:*:*:*","pkg:deb/debian/cyrus-sasl2@2.1.28+dfsg1-9?arch=arm64","LIBRARY","debian-target"
"libsbc1","2.1-1","GPL-2+ | LGPL-2.1+","","","","","","Organization: Debian Bluetooth Maintainers <team+pkg-bluetooth@tracker.debian.org>","Copyright (c) Debian contributors","cpe:2.3:a:debian:sbc:2.1-1:*:*:*:*:*:*:*","pkg:deb/debian/sbc@2.1-1?arch=arm64","cpe:2.3:a:debian:sbc:2.1-1:*:*:*:*:*:*:*","pkg:deb/debian/sbc@2.1-1?arch=arm64","LIBRARY","debian-target"
"libsctp1","1.0.21+dfsg-1","BSD-3-clause | GPL-2.0+ | LGPL-2.1+","","","","","","Organization: Michael Biebl <biebl@debian.org>","Copyright (c) Debian contributors","cpe:2.3:a:debian:lksctp-tools:1.0.21+dfsg-1:*:*:*:*:*:*:*","pkg:deb/debian/lksctp-tools@1.0.21+dfsg-1?arch=arm64","cpe:2.3:a:debian:lksctp-tools:1.0.21+dfsg-1:*:*:*:*:*:*:*","pkg:deb/debian/lksctp-tools@1.0.21+dfsg-1?arch=arm64","LIBRARY","debian-target"
"libsdl2-2.0-0","2.32.4+dfsg-1","Apache-2.0 | BSD-3-clause | BSD-3-clause or GPL-3 or hidapi-orig, and zlib/libpng | BSD-3-clause-chromium | BSD-3-clause-kitware | BrownUn_UnCalifornia_ErikCorry | Expat | Expat and MIT-open-group | Expat-like | GPL-3 | Gareth_McCaughan | LGPL-2.1+ | MIT-open-group | Mozilla-permissive | Mozilla-permissive and Expat and zlib/libpng | PublicDomain_David_Ludwig | PublicDomain_Edgar_Simo | PublicDomain_Sam_Lantinga | RSA_Data_Security | SGI-Free-Software-License-B | SunPro | hidapi-orig | zlib-libpng-like-permissive | zlib/libpng | zlib/libpng and Expat-like and Apache-2.0 | zlib/libpng and RSA_Data_Security | zlib/libpng and zlib-libpng-like-permissive","","","","","","Organization: Debian SDL packages maintainers <pkg-sdl-maintainers@lists.alioth.debian.org>","Copyright (c) Debian contributors","cpe:2.3:a:debian:libsdl2:2.32.4+dfsg-1:*:*:*:*:*:*:*","pkg:deb/debian/libsdl2@2.32.4+dfsg-1?arch=arm64","cpe:2.3:a:debian:libsdl2:2.32.4+dfsg-1:*:*:*:*:*:*:*","pkg:deb/debian/libsdl2@2.32.4+dfsg-1?arch=arm64","LIBRARY","debian-target"
"libseat-dev","0.9.1-1","Expat | LGPL-2.1+","","","","","","Organization: Mark Hindley <leepen@debian.org>","Copyright (c) Debian contributors","cpe:2.3:a:debian:seatd:0.9.1-1:*:*:*:*:*:*:*","pkg:deb/debian/seatd@0.9.1-1?arch=arm64","cpe:2.3:a:debian:seatd:0.9.1-1:*:*:*:*:*:*:*","pkg:deb/debian/seatd@0.9.1-1?arch=arm64","LIBRARY","debian-target"
"libseat1","0.9.1-1","Expat | LGPL-2.1+","","","","","","Organization: Mark Hindley <leepen@debian.org>","Copyright (c) Debian contributors","cpe:2.3:a:debian:seatd:0.9.1-1:*:*:*:*:*:*:*","pkg:deb/debian/seatd@0.9.1-1?arch=arm64","cpe:2.3:a:debian:seatd:0.9.1-1:*:*:*:*:*:*:*","pkg:deb/debian/seatd@0.9.1-1?arch=arm64","LIBRARY","debian-target"
"libseccomp2","2.6.0-2","LGPL-2.1","","","","","","Organization: Kees Cook <kees@debian.org>","Copyright (c) Debian contributors","cpe:2.3:a:debian:libseccomp:2.6.0-2:*:*:*:*:*:*:*","pkg:deb/debian/libseccomp@2.6.0-2?arch=arm64","cpe:2.3:a:debian:libseccomp:2.6.0-2:*:*:*:*:*:*:*","pkg:deb/debian/libseccomp@2.6.0-2?arch=arm64","LIBRARY","debian-target"
"libsecret-1-0","0.21.7-1","Apache-2.0 | BSD-3-clause | GPL-2+ | LGPL-2.1+","","","","","","Organization: Debian GNOME Maintainers <pkg-gnome-maintainers@lists.alioth.debian.org>","Copyright (c) Debian contributors","cpe:2.3:a:debian:libsecret:0.21.7-1:*:*:*:*:*:*:*","pkg:deb/debian/libsecret@0.21.7-1?arch=arm64","cpe:2.3:a:debian:libsecret:0.21.7-1:*:*:*:*:*:*:*","pkg:deb/debian/libsecret@0.21.7-1?arch=arm64","LIBRARY","debian-target"
"libsecret-common","0.21.7-1","Apache-2.0 | BSD-3-clause | GPL-2+ | LGPL-2.1+","","","","","","Organization: Debian GNOME Maintainers <pkg-gnome-maintainers@lists.alioth.debian.org>","Copyright (c) Debian contributors","cpe:2.3:a:debian:libsecret:0.21.7-1:*:*:*:*:*:*:*","pkg:deb/debian/libsecret@0.21.7-1?arch=all","cpe:2.3:a:debian:libsecret:0.21.7-1:*:*:*:*:*:*:*","pkg:deb/debian/libsecret@0.21.7-1?arch=all","LIBRARY","debian-target"
"libselinux1","3.8.1-1","GPL-2 | public-domain","","","","","","Organization: Debian SELinux maintainers <selinux-devel@lists.alioth.debian.org>","Copyright (c) Debian contributors","cpe:2.3:a:debian:libselinux:3.8.1-1:*:*:*:*:*:*:*","pkg:deb/debian/libselinux@3.8.1-1?arch=arm64","cpe:2.3:a:debian:libselinux:3.8.1-1:*:*:*:*:*:*:*","pkg:deb/debian/libselinux@3.8.1-1?arch=arm64","LIBRARY","debian-target"
"libselinux1-dev","3.8.1-1","GPL-2 | public-domain","","","","","","Organization: Debian SELinux maintainers <selinux-devel@lists.alioth.debian.org>","Copyright (c) Debian contributors","cpe:2.3:a:debian:libselinux:3.8.1-1:*:*:*:*:*:*:*","pkg:deb/debian/libselinux@3.8.1-1?arch=arm64","cpe:2.3:a:debian:libselinux:3.8.1-1:*:*:*:*:*:*:*","pkg:deb/debian/libselinux@3.8.1-1?arch=arm64","LIBRARY","debian-target"
"libsemanage-common","3.8.1-1","GPL-2 | LGPL-2.1+","","","","","","Organization: Debian SELinux maintainers <selinux-devel@lists.alioth.debian.org>","Copyright (c) Debian contributors","cpe:2.3:a:debian:libsemanage:3.8.1-1:*:*:*:*:*:*:*","pkg:deb/debian/libsemanage@3.8.1-1?arch=all","cpe:2.3:a:debian:libsemanage:3.8.1-1:*:*:*:*:*:*:*","pkg:deb/debian/libsemanage@3.8.1-1?arch=all","LIBRARY","debian-target"
"libsemanage2","3.8.1-1","GPL-2 | LGPL-2.1+","","","","","","Organization: Debian SELinux maintainers <selinux-devel@lists.alioth.debian.org>","Copyright (c) Debian contributors","cpe:2.3:a:debian:libsemanage:3.8.1-1:*:*:*:*:*:*:*","pkg:deb/debian/libsemanage@3.8.1-1?arch=arm64","cpe:2.3:a:debian:libsemanage:3.8.1-1:*:*:*:*:*:*:*","pkg:deb/debian/libsemanage@3.8.1-1?arch=arm64","LIBRARY","debian-target"
"libsensors-config","1:3.6.2-2","GPL-2 | GPL-2+ | LGPL-2.1+ | Linux-man-pages-copyleft","","","","","","Organization: Aurelien Jarno <aurel32@debian.org>","Copyright (c) Debian contributors","cpe:2.3:a:debian:lm-sensors:1:3.6.2-2:*:*:*:*:*:*:*","pkg:deb/debian/lm-sensors@1:3.6.2-2?arch=all","cpe:2.3:a:debian:lm-sensors:1:3.6.2-2:*:*:*:*:*:*:*","pkg:deb/debian/lm-sensors@1:3.6.2-2?arch=all","APPLICATION","debian-target"
"libsensors5","1:3.6.2-2","GPL-2 | GPL-2+ | LGPL-2.1+ | Linux-man-pages-copyleft","","","","","","Organization: Aurelien Jarno <aurel32@debian.org>","Copyright (c) Debian contributors","cpe:2.3:a:debian:lm-sensors:1:3.6.2-2:*:*:*:*:*:*:*","pkg:deb/debian/lm-sensors@1:3.6.2-2?arch=arm64","cpe:2.3:a:debian:lm-sensors:1:3.6.2-2:*:*:*:*:*:*:*","pkg:deb/debian/lm-sensors@1:3.6.2-2?arch=arm64","LIBRARY","debian-target"
"libsepol-dev","3.8.1-1","GPL-2 | GPL-2+ | LGPL-2.1+ | Zlib","","","","","","Organization: Debian SELinux maintainers <selinux-devel@lists.alioth.debian.org>","Copyright (c) Debian contributors","cpe:2.3:a:debian:libsepol:3.8.1-1:*:*:*:*:*:*:*","pkg:deb/debian/libsepol@3.8.1-1?arch=arm64","cpe:2.3:a:debian:libsepol:3.8.1-1:*:*:*:*:*:*:*","pkg:deb/debian/libsepol@3.8.1-1?arch=arm64","LIBRARY","debian-target"
"libsepol2","3.8.1-1","GPL-2 | GPL-2+ | LGPL-2.1+ | Zlib","","","","","","Organization: Debian SELinux maintainers <selinux-devel@lists.alioth.debian.org>","Copyright (c) Debian contributors","cpe:2.3:a:debian:libsepol:3.8.1-1:*:*:*:*:*:*:*","pkg:deb/debian/libsepol@3.8.1-1?arch=arm64","cpe:2.3:a:debian:libsepol:3.8.1-1:*:*:*:*:*:*:*","pkg:deb/debian/libsepol@3.8.1-1?arch=arm64","LIBRARY","debian-target"
"libserd-0-0","0.32.4-1","0BSD | BSD-3-clause | ISC","","","","","","Organization: Debian Multimedia Maintainers <debian-multimedia@lists.debian.org>","Copyright (c) Debian contributors","cpe:2.3:a:debian:serd:0.32.4-1:*:*:*:*:*:*:*","pkg:deb/debian/serd@0.32.4-1?arch=arm64","cpe:2.3:a:debian:serd:0.32.4-1:*:*:*:*:*:*:*","pkg:deb/debian/serd@0.32.4-1?arch=arm64","LIBRARY","debian-target"
"libsframe1","2.44-3","","","","","","","Organization: Matthias Klose <doko@debian.org>","Copyright (c) Debian contributors","cpe:2.3:a:debian:binutils:2.44-3:*:*:*:*:*:*:*","pkg:deb/debian/binutils@2.44-3?arch=arm64","cpe:2.3:a:debian:binutils:2.44-3:*:*:*:*:*:*:*","pkg:deb/debian/binutils@2.44-3?arch=arm64","LIBRARY","debian-target"
"libsharpyuv-dev","1.5.0-0.1","Apache-2.0 | BSD-3-Clause","","","","","","Organization: Jeff Breidenbach <jab@debian.org>","Copyright (c) Debian contributors","cpe:2.3:a:debian:libwebp:1.5.0-0.1:*:*:*:*:*:*:*","pkg:deb/debian/libwebp@1.5.0-0.1?arch=arm64","cpe:2.3:a:debian:libwebp:1.5.0-0.1:*:*:*:*:*:*:*","pkg:deb/debian/libwebp@1.5.0-0.1?arch=arm64","LIBRARY","debian-target"
"libsharpyuv0","1.5.0-0.1","Apache-2.0 | BSD-3-Clause","","","","","","Organization: Jeff Breidenbach <jab@debian.org>","Copyright (c) Debian contributors","cpe:2.3:a:debian:libwebp:1.5.0-0.1:*:*:*:*:*:*:*","pkg:deb/debian/libwebp@1.5.0-0.1?arch=arm64","cpe:2.3:a:debian:libwebp:1.5.0-0.1:*:*:*:*:*:*:*","pkg:deb/debian/libwebp@1.5.0-0.1?arch=arm64","LIBRARY","debian-target"
"libshine3","3.1.1-2+b2","GPL-2+ | LGPL-2","","","","","","Organization: Debian Multimedia Maintainers <debian-multimedia@lists.debian.org>","Copyright (c) Debian contributors","cpe:2.3:a:debian:shine (3.1.1-2):3.1.1-2+b2:*:*:*:*:*:*:*","pkg:deb/debian/shine (3.1.1-2)@3.1.1-2+b2?arch=arm64","cpe:2.3:a:debian:shine (3.1.1-2):3.1.1-2+b2:*:*:*:*:*:*:*","pkg:deb/debian/shine (3.1.1-2)@3.1.1-2+b2?arch=arm64","LIBRARY","debian-target"
"libshout3","2.4.6-1+b3","FSFUL | FSFULLR | FSFULLR and GPL-2+ with Libtool exception | FSFULLR~Makefile.in | GPL-2+ | GPL-2+ with Autoconf exception | GPL-3+ | GPL-3+~file | GPL-3+~file with Autoconf exception | LGPL-2+ | NTP~Rushing | X11","","","","","","Organization: Debian Multimedia Maintainers <debian-multimedia@lists.debian.org>","Copyright (c) Debian contributors","cpe:2.3:a:debian:libshout (2.4.6-1):2.4.6-1+b3:*:*:*:*:*:*:*","pkg:deb/debian/libshout (2.4.6-1)@2.4.6-1+b3?arch=arm64","cpe:2.3:a:debian:libshout (2.4.6-1):2.4.6-1+b3:*:*:*:*:*:*:*","pkg:deb/debian/libshout (2.4.6-1)@2.4.6-1+b3?arch=arm64","LIBRARY","debian-target"
"libshumate-1.0-1","1.4.0-1","LGPL-2+ | LGPL-2.1+","","","","","","Organization: Debian GNOME Maintainers <pkg-gnome-maintainers@lists.alioth.debian.org>","Copyright (c) Debian contributors","cpe:2.3:a:debian:libshumate:1.4.0-1:*:*:*:*:*:*:*","pkg:deb/debian/libshumate@1.4.0-1?arch=arm64","cpe:2.3:a:debian:libshumate:1.4.0-1:*:*:*:*:*:*:*","pkg:deb/debian/libshumate@1.4.0-1?arch=arm64","LIBRARY","debian-target"
"libshumate-common","1.4.0-1","LGPL-2+ | LGPL-2.1+","","","","","","Organization: Debian GNOME Maintainers <pkg-gnome-maintainers@lists.alioth.debian.org>","Copyright (c) Debian contributors","cpe:2.3:a:debian:libshumate:1.4.0-1:*:*:*:*:*:*:*","pkg:deb/debian/libshumate@1.4.0-1?arch=all","cpe:2.3:a:debian:libshumate:1.4.0-1:*:*:*:*:*:*:*","pkg:deb/debian/libshumate@1.4.0-1?arch=all","LIBRARY","debian-target"
"libsidplay1v5","1.36.60-1+b2","","","","","","","Organization: Laszlo Boszormenyi (GCS) <gcs@debian.org>","Copyright (c) Debian contributors","cpe:2.3:a:debian:libsidplay (1.36.60-1):1.36.60-1+b2:*:*:*:*:*:*:*","pkg:deb/debian/libsidplay (1.36.60-1)@1.36.60-1+b2?arch=arm64","cpe:2.3:a:debian:libsidplay (1.36.60-1):1.36.60-1+b2:*:*:*:*:*:*:*","pkg:deb/debian/libsidplay (1.36.60-1)@1.36.60-1+b2?arch=arm64","LIBRARY","debian-target"
"libsigc++-2.0-0v5","2.12.1-3","GPL-3.0-or-later | LGPL-2.1-or-later | LGPL-3.0-or-later | Public-Domain | permissive-axboost-1","","","","","","Organization: Debian GNOME Maintainers <pkg-gnome-maintainers@lists.alioth.debian.org>","Copyright (c) Debian contributors","cpe:2.3:a:debian:libsigc++-2.0:2.12.1-3:*:*:*:*:*:*:*","pkg:deb/debian/libsigc++-2.0@2.12.1-3?arch=arm64","cpe:2.3:a:debian:libsigc++-2.0:2.12.1-3:*:*:*:*:*:*:*","pkg:deb/debian/libsigc++-2.0@2.12.1-3?arch=arm64","LIBRARY","debian-target"
"libsigc++-3.0-0","3.6.0-2+b1","GPL-3.0-or-later | LGPL-2.1-or-later | LGPL-3.0-or-later | Public-Domain | permissive-axboost-1","","","","","","Organization: Debian GNOME Maintainers <pkg-gnome-maintainers@lists.alioth.debian.org>","Copyright (c) Debian contributors","cpe:2.3:a:debian:libsigc++-3.0 (3.6.0-2):3.6.0-2+b1:*:*:*:*:*:*:*","pkg:deb/debian/libsigc++-3.0 (3.6.0-2)@3.6.0-2+b1?arch=arm64","cpe:2.3:a:debian:libsigc++-3.0 (3.6.0-2):3.6.0-2+b1:*:*:*:*:*:*:*","pkg:deb/debian/libsigc++-3.0 (3.6.0-2)@3.6.0-2+b1?arch=arm64","LIBRARY","debian-target"
"libsigsegv2","2.14-1+b2","Expat | FSFULL | GPL-2+ | GPL-2+ with Autoconf exception | GPL-3+ with Autoconf exception | permissive","","","","","","Organization: Debian Common Lisp Team <debian-common-lisp@lists.debian.org>","Copyright (c) Debian contributors","cpe:2.3:a:debian:libsigsegv (2.14-1):2.14-1+b2:*:*:*:*:*:*:*","pkg:deb/debian/libsigsegv (2.14-1)@2.14-1+b2?arch=arm64","cpe:2.3:a:debian:libsigsegv (2.14-1):2.14-1+b2:*:*:*:*:*:*:*","pkg:deb/debian/libsigsegv (2.14-1)@2.14-1+b2?arch=arm64","LIBRARY","debian-target"
"libslang2","2.3.3-5+b2","GPL-2+","","","","","","Organization: Alastair McKinstry <mckinstry@debian.org>","Copyright (c) Debian contributors","cpe:2.3:a:debian:slang2 (2.3.3-5):2.3.3-5+b2:*:*:*:*:*:*:*","pkg:deb/debian/slang2 (2.3.3-5)@2.3.3-5+b2?arch=arm64","cpe:2.3:a:debian:slang2 (2.3.3-5):2.3.3-5+b2:*:*:*:*:*:*:*","pkg:deb/debian/slang2 (2.3.3-5)@2.3.3-5+b2?arch=arm64","LIBRARY","debian-target"
"libsm-dev","2:1.2.6-1","","","","","","","Organization: Debian X Strike Force <debian-x@lists.debian.org>","Copyright (c) Debian contributors","cpe:2.3:a:debian:libsm:2:1.2.6-1:*:*:*:*:*:*:*","pkg:deb/debian/libsm@2:1.2.6-1?arch=arm64","cpe:2.3:a:debian:libsm:2:1.2.6-1:*:*:*:*:*:*:*","pkg:deb/debian/libsm@2:1.2.6-1?arch=arm64","LIBRARY","debian-target"
"libsm6","2:1.2.6-1","","","","","","","Organization: Debian X Strike Force <debian-x@lists.debian.org>","Copyright (c) Debian contributors","cpe:2.3:a:debian:libsm:2:1.2.6-1:*:*:*:*:*:*:*","pkg:deb/debian/libsm@2:1.2.6-1?arch=arm64","cpe:2.3:a:debian:libsm:2:1.2.6-1:*:*:*:*:*:*:*","pkg:deb/debian/libsm@2:1.2.6-1?arch=arm64","LIBRARY","debian-target"
"libsmartcols1","2.41-5","BSD-2-clause | BSD-3-clause | BSD-4-clause | BSLA | Expat | GPL-2 | GPL-2+ | GPL-3+ | ISC | LGPL | LGPL-2+ | LGPL-2.1+ | LGPL-3+ | public-domain","","","","","","Organization: Chris Hofstaedtler <zeha@debian.org>","Copyright (c) Debian contributors","cpe:2.3:a:debian:util-linux:2.41-5:*:*:*:*:*:*:*","pkg:deb/debian/util-linux@2.41-5?arch=arm64","cpe:2.3:a:debian:util-linux:2.41-5:*:*:*:*:*:*:*","pkg:deb/debian/util-linux@2.41-5?arch=arm64","LIBRARY","debian-target"
"libsmbclient0","2:4.22.8+dfsg-0+deb13u2","BSD-3 | GPL-3 | GPL-3.0+ | ISC | LGPL-3.0+ | MS-ADSL | PostgreSQL","","","","","","Organization: Debian Samba Maintainers <pkg-samba-maint@lists.alioth.debian.org>","Copyright (c) Debian contributors","cpe:2.3:a:debian:samba:2:4.22.8+dfsg-0+deb13u2:*:*:*:*:*:*:*","pkg:deb/debian/samba@2:4.22.8+dfsg-0+deb13u2?arch=arm64","cpe:2.3:a:debian:samba:2:4.22.8+dfsg-0+deb13u2:*:*:*:*:*:*:*","pkg:deb/debian/samba@2:4.22.8+dfsg-0+deb13u2?arch=arm64","LIBRARY","debian-target"
"libsnappy1v5","1.2.2-1","BSD-3-Clause | CC-BY-3.0 | CC-BY-4.0 | MIT | public-domain","","","","","","Organization: Laszlo Boszormenyi (GCS) <gcs@debian.org>","Copyright (c) Debian contributors","cpe:2.3:a:debian:snappy:1.2.2-1:*:*:*:*:*:*:*","pkg:deb/debian/snappy@1.2.2-1?arch=arm64","cpe:2.3:a:debian:snappy:1.2.2-1:*:*:*:*:*:*:*","pkg:deb/debian/snappy@1.2.2-1?arch=arm64","LIBRARY","debian-target"
"libsndfile1","1.2.2-2+deb13u1","Apache-2.0 | BSD-2-clause | BSD-3-clause | BSD-3-clause and LGPL-2.1+ | FSFAP | GPL-2+ | GPL-3+ | LGPL-2+ | LGPL-2.1+ | NTP | gsm | sun","","","","","","Organization: Debian Multimedia Maintainers <debian-multimedia@lists.debian.org>","Copyright (c) Debian contributors","cpe:2.3:a:debian:libsndfile:1.2.2-2+deb13u1:*:*:*:*:*:*:*","pkg:deb/debian/libsndfile@1.2.2-2+deb13u1?arch=arm64","cpe:2.3:a:debian:libsndfile:1.2.2-2+deb13u1:*:*:*:*:*:*:*","pkg:deb/debian/libsndfile@1.2.2-2+deb13u1?arch=arm64","LIBRARY","debian-target"
"libsnmp-base","5.9.4+dfsg-2+deb13u1","Artistic-1.0 | BSD-3-clause | BSD-LIKE | BSD-LIKE and BSD-3-clause | GPL-2.0+ | GPL-2.0+ or Artistic-1.0","","","","","","Organization: Craig Small <csmall@debian.org>","Copyright (c) Debian contributors","cpe:2.3:a:debian:net-snmp:5.9.4+dfsg-2+deb13u1:*:*:*:*:*:*:*","pkg:deb/debian/net-snmp@5.9.4+dfsg-2+deb13u1?arch=all","cpe:2.3:a:debian:net-snmp:5.9.4+dfsg-2+deb13u1:*:*:*:*:*:*:*","pkg:deb/debian/net-snmp@5.9.4+dfsg-2+deb13u1?arch=all","LIBRARY","debian-target"
"libsnmp40t64","5.9.4+dfsg-2+deb13u1","Artistic-1.0 | BSD-3-clause | BSD-LIKE | BSD-LIKE and BSD-3-clause | GPL-2.0+ | GPL-2.0+ or Artistic-1.0","","","","","","Organization: Craig Small <csmall@debian.org>","Copyright (c) Debian contributors","cpe:2.3:a:debian:net-snmp:5.9.4+dfsg-2+deb13u1:*:*:*:*:*:*:*","pkg:deb/debian/net-snmp@5.9.4+dfsg-2+deb13u1?arch=arm64","cpe:2.3:a:debian:net-snmp:5.9.4+dfsg-2+deb13u1:*:*:*:*:*:*:*","pkg:deb/debian/net-snmp@5.9.4+dfsg-2+deb13u1?arch=arm64","LIBRARY","debian-target"
"libsocket++1","1.12.13+git20131030.5d039ba-1+b2","AS_IS | PD","","","","","","Organization: Debian Med Packaging Team <debian-med-packaging@lists.alioth.debian.org>","Copyright (c) Debian contributors","cpe:2.3:a:debian:socket++ (1.12.13+git20131030.5d039ba-1):1.12.13+git20131030.5d039ba-1+b2:*:*:*:*:*:*:*","pkg:deb/debian/socket++ (1.12.13+git20131030.5d039ba-1)@1.12.13+git20131030.5d039ba-1+b2?arch=arm64","cpe:2.3:a:debian:socket++ (1.12.13+git20131030.5d039ba-1):1.12.13+git20131030.5d039ba-1+b2:*:*:*:*:*:*:*","pkg:deb/debian/socket++ (1.12.13+git20131030.5d039ba-1)@1.12.13+git20131030.5d039ba-1+b2?arch=arm64","LIBRARY","debian-target"
"libsodium23","1.0.18-1+deb13u1","BSD-2-clause | CC0 | GPL-2+ | ISC | MIT | public-domain","","","","","","Organization: Laszlo Boszormenyi (GCS) <gcs@debian.org>","Copyright (c) Debian contributors","cpe:2.3:a:debian:libsodium:1.0.18-1+deb13u1:*:*:*:*:*:*:*","pkg:deb/debian/libsodium@1.0.18-1+deb13u1?arch=arm64","cpe:2.3:a:debian:libsodium:1.0.18-1+deb13u1:*:*:*:*:*:*:*","pkg:deb/debian/libsodium@1.0.18-1+deb13u1?arch=arm64","LIBRARY","debian-target"
"libsord-0-0","0.16.18-1","ISC","","","","","","Organization: Debian Multimedia Maintainers <debian-multimedia@lists.debian.org>","Copyright (c) Debian contributors","cpe:2.3:a:debian:sord:0.16.18-1:*:*:*:*:*:*:*","pkg:deb/debian/sord@0.16.18-1?arch=arm64","cpe:2.3:a:debian:sord:0.16.18-1:*:*:*:*:*:*:*","pkg:deb/debian/sord@0.16.18-1?arch=arm64","LIBRARY","debian-target"
"libsoundtouch1","2.4.0+ds-1","LGPL-2.1+","","","","","","Organization: Debian Multimedia Maintainers <debian-multimedia@lists.debian.org>","Copyright (c) Debian contributors","cpe:2.3:a:debian:soundtouch:2.4.0+ds-1:*:*:*:*:*:*:*","pkg:deb/debian/soundtouch@2.4.0+ds-1?arch=arm64","cpe:2.3:a:debian:soundtouch:2.4.0+ds-1:*:*:*:*:*:*:*","pkg:deb/debian/soundtouch@2.4.0+ds-1?arch=arm64","LIBRARY","debian-target"
"libsoup-2.4-1","2.74.3-10.1","Expat | LGPL-2+ | LGPL-2.1+","","","","","","Organization: Debian GNOME Maintainers <pkg-gnome-maintainers@lists.alioth.debian.org>","Copyright (c) Debian contributors","cpe:2.3:a:debian:libsoup2.4:2.74.3-10.1:*:*:*:*:*:*:*","pkg:deb/debian/libsoup2.4@2.74.3-10.1?arch=arm64","cpe:2.3:a:debian:libsoup2.4:2.74.3-10.1:*:*:*:*:*:*:*","pkg:deb/debian/libsoup2.4@2.74.3-10.1?arch=arm64","APPLICATION","debian-target"
"libsoup-3.0-0","3.6.5-3","Expat | LGPL-2+ | LGPL-2.1+ | MPL-2.0 | MPL-2.0 or RSA-Other | RSA-Other","","","","","","Organization: Debian GNOME Maintainers <pkg-gnome-maintainers@lists.alioth.debian.org>","Copyright (c) Debian contributors","cpe:2.3:a:debian:libsoup3:3.6.5-3:*:*:*:*:*:*:*","pkg:deb/debian/libsoup3@3.6.5-3?arch=arm64","cpe:2.3:a:debian:libsoup3:3.6.5-3:*:*:*:*:*:*:*","pkg:deb/debian/libsoup3@3.6.5-3?arch=arm64","LIBRARY","debian-target"
"libsoup-3.0-common","3.6.5-3","Expat | LGPL-2+ | LGPL-2.1+ | MPL-2.0 | MPL-2.0 or RSA-Other | RSA-Other","","","","","","Organization: Debian GNOME Maintainers <pkg-gnome-maintainers@lists.alioth.debian.org>","Copyright (c) Debian contributors","cpe:2.3:a:debian:libsoup3:3.6.5-3:*:*:*:*:*:*:*","pkg:deb/debian/libsoup3@3.6.5-3?arch=all","cpe:2.3:a:debian:libsoup3:3.6.5-3:*:*:*:*:*:*:*","pkg:deb/debian/libsoup3@3.6.5-3?arch=all","LIBRARY","debian-target"
"libsoup2.4-common","2.74.3-10.1","Expat | LGPL-2+ | LGPL-2.1+","","","","","","Organization: Debian GNOME Maintainers <pkg-gnome-maintainers@lists.alioth.debian.org>","Copyright (c) Debian contributors","cpe:2.3:a:debian:libsoup2.4:2.74.3-10.1:*:*:*:*:*:*:*","pkg:deb/debian/libsoup2.4@2.74.3-10.1?arch=all","cpe:2.3:a:debian:libsoup2.4:2.74.3-10.1:*:*:*:*:*:*:*","pkg:deb/debian/libsoup2.4@2.74.3-10.1?arch=all","APPLICATION","debian-target"
"libsox-fmt-all","14.4.2+git20190427-5+b3","Expat | FSF_unlimited | FSF_unlimited or GPL-2+ with AutoConf exception | FSF_unlimited or GPL-2+ with LibTool exception | GPL | GPL-2+ | GPL-2+ or LGPL-2.1+ | GPL-2+ with AutoConf exception | GPL-2+ with LibTool exception | ISC | LGPL-2.1+ | LGPL-2.1+ or MIT/X11 | MIT/X11","","","","","","Organization: Debian Multimedia Maintainers <debian-multimedia@lists.debian.org>","Copyright (c) Debian contributors","cpe:2.3:a:debian:sox (14.4.2+git20190427-5):14.4.2+git20190427-5+b3:*:*:*:*:*:*:*","pkg:deb/debian/sox (14.4.2+git20190427-5)@14.4.2+git20190427-5+b3?arch=arm64","cpe:2.3:a:debian:sox (14.4.2+git20190427-5):14.4.2+git20190427-5+b3:*:*:*:*:*:*:*","pkg:deb/debian/sox (14.4.2+git20190427-5)@14.4.2+git20190427-5+b3?arch=arm64","LIBRARY","debian-target"
"libsox-fmt-alsa","14.4.2+git20190427-5+b3","Expat | FSF_unlimited | FSF_unlimited or GPL-2+ with AutoConf exception | FSF_unlimited or GPL-2+ with LibTool exception | GPL | GPL-2+ | GPL-2+ or LGPL-2.1+ | GPL-2+ with AutoConf exception | GPL-2+ with LibTool exception | ISC | LGPL-2.1+ | LGPL-2.1+ or MIT/X11 | MIT/X11","","","","","","Organization: Debian Multimedia Maintainers <debian-multimedia@lists.debian.org>","Copyright (c) Debian contributors","cpe:2.3:a:debian:sox (14.4.2+git20190427-5):14.4.2+git20190427-5+b3:*:*:*:*:*:*:*","pkg:deb/debian/sox (14.4.2+git20190427-5)@14.4.2+git20190427-5+b3?arch=arm64","cpe:2.3:a:debian:sox (14.4.2+git20190427-5):14.4.2+git20190427-5+b3:*:*:*:*:*:*:*","pkg:deb/debian/sox (14.4.2+git20190427-5)@14.4.2+git20190427-5+b3?arch=arm64","LIBRARY","debian-target"
"libsox-fmt-ao","14.4.2+git20190427-5+b3","Expat | FSF_unlimited | FSF_unlimited or GPL-2+ with AutoConf exception | FSF_unlimited or GPL-2+ with LibTool exception | GPL | GPL-2+ | GPL-2+ or LGPL-2.1+ | GPL-2+ with AutoConf exception | GPL-2+ with LibTool exception | ISC | LGPL-2.1+ | LGPL-2.1+ or MIT/X11 | MIT/X11","","","","","","Organization: Debian Multimedia Maintainers <debian-multimedia@lists.debian.org>","Copyright (c) Debian contributors","cpe:2.3:a:debian:sox (14.4.2+git20190427-5):14.4.2+git20190427-5+b3:*:*:*:*:*:*:*","pkg:deb/debian/sox (14.4.2+git20190427-5)@14.4.2+git20190427-5+b3?arch=arm64","cpe:2.3:a:debian:sox (14.4.2+git20190427-5):14.4.2+git20190427-5+b3:*:*:*:*:*:*:*","pkg:deb/debian/sox (14.4.2+git20190427-5)@14.4.2+git20190427-5+b3?arch=arm64","LIBRARY","debian-target"
"libsox-fmt-base","14.4.2+git20190427-5+b3","Expat | FSF_unlimited | FSF_unlimited or GPL-2+ with AutoConf exception | FSF_unlimited or GPL-2+ with LibTool exception | GPL | GPL-2+ | GPL-2+ or LGPL-2.1+ | GPL-2+ with AutoConf exception | GPL-2+ with LibTool exception | ISC | LGPL-2.1+ | LGPL-2.1+ or MIT/X11 | MIT/X11","","","","","","Organization: Debian Multimedia Maintainers <debian-multimedia@lists.debian.org>","Copyright (c) Debian contributors","cpe:2.3:a:debian:sox (14.4.2+git20190427-5):14.4.2+git20190427-5+b3:*:*:*:*:*:*:*","pkg:deb/debian/sox (14.4.2+git20190427-5)@14.4.2+git20190427-5+b3?arch=arm64","cpe:2.3:a:debian:sox (14.4.2+git20190427-5):14.4.2+git20190427-5+b3:*:*:*:*:*:*:*","pkg:deb/debian/sox (14.4.2+git20190427-5)@14.4.2+git20190427-5+b3?arch=arm64","LIBRARY","debian-target"
"libsox-fmt-mp3","14.4.2+git20190427-5+b3","Expat | FSF_unlimited | FSF_unlimited or GPL-2+ with AutoConf exception | FSF_unlimited or GPL-2+ with LibTool exception | GPL | GPL-2+ | GPL-2+ or LGPL-2.1+ | GPL-2+ with AutoConf exception | GPL-2+ with LibTool exception | ISC | LGPL-2.1+ | LGPL-2.1+ or MIT/X11 | MIT/X11","","","","","","Organization: Debian Multimedia Maintainers <debian-multimedia@lists.debian.org>","Copyright (c) Debian contributors","cpe:2.3:a:debian:sox (14.4.2+git20190427-5):14.4.2+git20190427-5+b3:*:*:*:*:*:*:*","pkg:deb/debian/sox (14.4.2+git20190427-5)@14.4.2+git20190427-5+b3?arch=arm64","cpe:2.3:a:debian:sox (14.4.2+git20190427-5):14.4.2+git20190427-5+b3:*:*:*:*:*:*:*","pkg:deb/debian/sox (14.4.2+git20190427-5)@14.4.2+git20190427-5+b3?arch=arm64","LIBRARY","debian-target"
"libsox-fmt-opus","14.4.2+git20190427-5+b3","Expat | FSF_unlimited | FSF_unlimited or GPL-2+ with AutoConf exception | FSF_unlimited or GPL-2+ with LibTool exception | GPL | GPL-2+ | GPL-2+ or LGPL-2.1+ | GPL-2+ with AutoConf exception | GPL-2+ with LibTool exception | ISC | LGPL-2.1+ | LGPL-2.1+ or MIT/X11 | MIT/X11","","","","","","Organization: Debian Multimedia Maintainers <debian-multimedia@lists.debian.org>","Copyright (c) Debian contributors","cpe:2.3:a:debian:sox (14.4.2+git20190427-5):14.4.2+git20190427-5+b3:*:*:*:*:*:*:*","pkg:deb/debian/sox (14.4.2+git20190427-5)@14.4.2+git20190427-5+b3?arch=arm64","cpe:2.3:a:debian:sox (14.4.2+git20190427-5):14.4.2+git20190427-5+b3:*:*:*:*:*:*:*","pkg:deb/debian/sox (14.4.2+git20190427-5)@14.4.2+git20190427-5+b3?arch=arm64","LIBRARY","debian-target"
"libsox-fmt-oss","14.4.2+git20190427-5+b3","Expat | FSF_unlimited | FSF_unlimited or GPL-2+ with AutoConf exception | FSF_unlimited or GPL-2+ with LibTool exception | GPL | GPL-2+ | GPL-2+ or LGPL-2.1+ | GPL-2+ with AutoConf exception | GPL-2+ with LibTool exception | ISC | LGPL-2.1+ | LGPL-2.1+ or MIT/X11 | MIT/X11","","","","","","Organization: Debian Multimedia Maintainers <debian-multimedia@lists.debian.org>","Copyright (c) Debian contributors","cpe:2.3:a:debian:sox (14.4.2+git20190427-5):14.4.2+git20190427-5+b3:*:*:*:*:*:*:*","pkg:deb/debian/sox (14.4.2+git20190427-5)@14.4.2+git20190427-5+b3?arch=arm64","cpe:2.3:a:debian:sox (14.4.2+git20190427-5):14.4.2+git20190427-5+b3:*:*:*:*:*:*:*","pkg:deb/debian/sox (14.4.2+git20190427-5)@14.4.2+git20190427-5+b3?arch=arm64","LIBRARY","debian-target"
"libsox-fmt-pulse","14.4.2+git20190427-5+b3","Expat | FSF_unlimited | FSF_unlimited or GPL-2+ with AutoConf exception | FSF_unlimited or GPL-2+ with LibTool exception | GPL | GPL-2+ | GPL-2+ or LGPL-2.1+ | GPL-2+ with AutoConf exception | GPL-2+ with LibTool exception | ISC | LGPL-2.1+ | LGPL-2.1+ or MIT/X11 | MIT/X11","","","","","","Organization: Debian Multimedia Maintainers <debian-multimedia@lists.debian.org>","Copyright (c) Debian contributors","cpe:2.3:a:debian:sox (14.4.2+git20190427-5):14.4.2+git20190427-5+b3:*:*:*:*:*:*:*","pkg:deb/debian/sox (14.4.2+git20190427-5)@14.4.2+git20190427-5+b3?arch=arm64","cpe:2.3:a:debian:sox (14.4.2+git20190427-5):14.4.2+git20190427-5+b3:*:*:*:*:*:*:*","pkg:deb/debian/sox (14.4.2+git20190427-5)@14.4.2+git20190427-5+b3?arch=arm64","LIBRARY","debian-target"
"libsox3","14.4.2+git20190427-5+b3","Expat | FSF_unlimited | FSF_unlimited or GPL-2+ with AutoConf exception | FSF_unlimited or GPL-2+ with LibTool exception | GPL | GPL-2+ | GPL-2+ or LGPL-2.1+ | GPL-2+ with AutoConf exception | GPL-2+ with LibTool exception | ISC | LGPL-2.1+ | LGPL-2.1+ or MIT/X11 | MIT/X11","","","","","","Organization: Debian Multimedia Maintainers <debian-multimedia@lists.debian.org>","Copyright (c) Debian contributors","cpe:2.3:a:debian:sox (14.4.2+git20190427-5):14.4.2+git20190427-5+b3:*:*:*:*:*:*:*","pkg:deb/debian/sox (14.4.2+git20190427-5)@14.4.2+git20190427-5+b3?arch=arm64","cpe:2.3:a:debian:sox (14.4.2+git20190427-5):14.4.2+git20190427-5+b3:*:*:*:*:*:*:*","pkg:deb/debian/sox (14.4.2+git20190427-5)@14.4.2+git20190427-5+b3?arch=arm64","LIBRARY","debian-target"
"libsoxr0","0.1.3-4+b2","LGPL-2.1+ | Spherepack | permissive1 | permissive2","","","","","","Organization: Debian Multimedia Maintainers <debian-multimedia@lists.debian.org>","Copyright (c) Debian contributors","cpe:2.3:a:debian:libsoxr (0.1.3-4):0.1.3-4+b2:*:*:*:*:*:*:*","pkg:deb/debian/libsoxr (0.1.3-4)@0.1.3-4+b2?arch=arm64","cpe:2.3:a:debian:libsoxr (0.1.3-4):0.1.3-4+b2:*:*:*:*:*:*:*","pkg:deb/debian/libsoxr (0.1.3-4)@0.1.3-4+b2?arch=arm64","LIBRARY","debian-target"
"libspa-0.2-bluetooth","1.4.2-1","BZIP2 | Expat | Expat and LGPL-2.1+ | FFTPACK | GPL-2 | LGPL-2+ | LGPL-2+ and LGPL-2.1+ and Expat | LGPL-2.1+","","","","","","Organization: Utopia Maintenance Team <pkg-utopia-maintainers@alioth-lists.debian.net>","Copyright (c) Debian contributors","cpe:2.3:a:debian:pipewire:1.4.2-1:*:*:*:*:*:*:*","pkg:deb/debian/pipewire@1.4.2-1?arch=arm64","cpe:2.3:a:debian:pipewire:1.4.2-1:*:*:*:*:*:*:*","pkg:deb/debian/pipewire@1.4.2-1?arch=arm64","LIBRARY","debian-target"
"libspa-0.2-modules","1.4.2-1","BZIP2 | Expat | Expat and LGPL-2.1+ | FFTPACK | GPL-2 | LGPL-2+ | LGPL-2+ and LGPL-2.1+ and Expat | LGPL-2.1+","","","","","","Organization: Utopia Maintenance Team <pkg-utopia-maintainers@alioth-lists.debian.net>","Copyright (c) Debian contributors","cpe:2.3:a:debian:pipewire:1.4.2-1:*:*:*:*:*:*:*","pkg:deb/debian/pipewire@1.4.2-1?arch=arm64","cpe:2.3:a:debian:pipewire:1.4.2-1:*:*:*:*:*:*:*","pkg:deb/debian/pipewire@1.4.2-1?arch=arm64","LIBRARY","debian-target"
"libspandsp2t64","0.0.6+dfsg-2.2","","","","","","","Organization: Debian VoIP Team <pkg-voip-maintainers@lists.alioth.debian.org>","Copyright (c) Debian contributors","cpe:2.3:a:debian:spandsp:0.0.6+dfsg-2.2:*:*:*:*:*:*:*","pkg:deb/debian/spandsp@0.0.6+dfsg-2.2?arch=arm64","cpe:2.3:a:debian:spandsp:0.0.6+dfsg-2.2:*:*:*:*:*:*:*","pkg:deb/debian/spandsp@0.0.6+dfsg-2.2?arch=arm64","LIBRARY","debian-target"
"libspatialite8t64","5.1.0-3+b2","BSD-4-Clause | GPL-2+ | GPL-3+ | LGPL-2+ | LGPL-2.1+ | MPL-1.1 | MPL-1.1 or GPL-2+ or LGPL-2.1+ | public-domain","","","","","","Organization: Debian GIS Project <pkg-grass-devel@lists.alioth.debian.org>","Copyright (c) Debian contributors","cpe:2.3:a:debian:spatialite (5.1.0-3):5.1.0-3+b2:*:*:*:*:*:*:*","pkg:deb/debian/spatialite (5.1.0-3)@5.1.0-3+b2?arch=arm64","cpe:2.3:a:debian:spatialite (5.1.0-3):5.1.0-3+b2:*:*:*:*:*:*:*","pkg:deb/debian/spatialite (5.1.0-3)@5.1.0-3+b2?arch=arm64","LIBRARY","debian-target"
"libspectre1","0.2.12-1+b2","GPL-2+","","","","","","Organization: Debian Krap Maintainers <debian-qt-kde@lists.debian.org>","Copyright (c) Debian contributors","cpe:2.3:a:debian:libspectre (0.2.12-1):0.2.12-1+b2:*:*:*:*:*:*:*","pkg:deb/debian/libspectre (0.2.12-1)@0.2.12-1+b2?arch=arm64","cpe:2.3:a:debian:libspectre (0.2.12-1):0.2.12-1+b2:*:*:*:*:*:*:*","pkg:deb/debian/libspectre (0.2.12-1)@0.2.12-1+b2?arch=arm64","LIBRARY","debian-target"
"libspeechd-module0","0.12.0-5","GFDL-NIV-1.2+ | GFDL-NIV-1.2+ or GPL-2+ | GPL-2+ | GPL-2+ and public-domain | GPL-3+ with tex exception | LGPL-2.1+ | other | public-domain","","","","","","Organization: Debian TTS Team <tts-project@alioth-lists.debian.net>","Copyright (c) Debian contributors","cpe:2.3:a:debian:speech-dispatcher:0.12.0-5:*:*:*:*:*:*:*","pkg:deb/debian/speech-dispatcher@0.12.0-5?arch=arm64","cpe:2.3:a:debian:speech-dispatcher:0.12.0-5:*:*:*:*:*:*:*","pkg:deb/debian/speech-dispatcher@0.12.0-5?arch=arm64","LIBRARY","debian-target"
"libspeechd2","0.12.0-5","GFDL-NIV-1.2+ | GFDL-NIV-1.2+ or GPL-2+ | GPL-2+ | GPL-2+ and public-domain | GPL-3+ with tex exception | LGPL-2.1+ | other | public-domain","","","","","","Organization: Debian TTS Team <tts-project@alioth-lists.debian.net>","Copyright (c) Debian contributors","cpe:2.3:a:debian:speech-dispatcher:0.12.0-5:*:*:*:*:*:*:*","pkg:deb/debian/speech-dispatcher@0.12.0-5?arch=arm64","cpe:2.3:a:debian:speech-dispatcher:0.12.0-5:*:*:*:*:*:*:*","pkg:deb/debian/speech-dispatcher@0.12.0-5?arch=arm64","LIBRARY","debian-target"
"libspeex1","1.2.1-3","BSD-3-Clause | BSD-3-Clause and custom-1 | GFDL-1.1-or-later | LGPL-2.0-or-later | custom-1","","","","","","Organization: Debian Multimedia Maintainers <debian-multimedia@lists.debian.org>","Copyright (c) Debian contributors","cpe:2.3:a:debian:speex:1.2.1-3:*:*:*:*:*:*:*","pkg:deb/debian/speex@1.2.1-3?arch=arm64","cpe:2.3:a:debian:speex:1.2.1-3:*:*:*:*:*:*:*","pkg:deb/debian/speex@1.2.1-3?arch=arm64","LIBRARY","debian-target"
"libspeexdsp1","1.2.1-3","BSD-3-Clause | CC0-1.0 | GFDL-1.1-or-later","","","","","","Organization: Debian Multimedia Maintainers <debian-multimedia@lists.debian.org>","Copyright (c) Debian contributors","cpe:2.3:a:debian:speexdsp:1.2.1-3:*:*:*:*:*:*:*","pkg:deb/debian/speexdsp@1.2.1-3?arch=arm64","cpe:2.3:a:debian:speexdsp:1.2.1-3:*:*:*:*:*:*:*","pkg:deb/debian/speexdsp@1.2.1-3?arch=arm64","LIBRARY","debian-target"
"libspelling-1-2","0.4.8-1","GPL-3+ | LGPL-2.1+ | LGPL-3+ | LGPL-3+ and GPL-3+","","","","","","Organization: Debian GNOME Maintainers <pkg-gnome-maintainers@lists.alioth.debian.org>","Copyright (c) Debian contributors","cpe:2.3:a:debian:libspelling:0.4.8-1:*:*:*:*:*:*:*","pkg:deb/debian/libspelling@0.4.8-1?arch=arm64","cpe:2.3:a:debian:libspelling:0.4.8-1:*:*:*:*:*:*:*","pkg:deb/debian/libspelling@0.4.8-1?arch=arm64","LIBRARY","debian-target"
"libspelling-common","0.4.8-1","GPL-3+ | LGPL-2.1+ | LGPL-3+ | LGPL-3+ and GPL-3+","","","","","","Organization: Debian GNOME Maintainers <pkg-gnome-maintainers@lists.alioth.debian.org>","Copyright (c) Debian contributors","cpe:2.3:a:debian:libspelling:0.4.8-1:*:*:*:*:*:*:*","pkg:deb/debian/libspelling@0.4.8-1?arch=all","cpe:2.3:a:debian:libspelling:0.4.8-1:*:*:*:*:*:*:*","pkg:deb/debian/libspelling@0.4.8-1?arch=all","LIBRARY","debian-target"
"libsphinxbase3t64","0.8+5prealpha+1-21+b1","BSD-2-clause | BSD-2-clause-beyond | BSD-3-clause | BSD-3-clause-carnegie | GPL-2+ | lucent | u-o-tennesee","","","","","","Organization: Debian Accessibility Team <pkg-a11y-devel@alioth-lists.debian.net>","Copyright (c) Debian contributors","cpe:2.3:a:debian:sphinxbase (0.8+5prealpha+1-21):0.8+5prealpha+1-21+b1:*:*:*:*:*:*:*","pkg:deb/debian/sphinxbase (0.8+5prealpha+1-21)@0.8+5prealpha+1-21+b1?arch=arm64","cpe:2.3:a:debian:sphinxbase (0.8+5prealpha+1-21):0.8+5prealpha+1-21+b1:*:*:*:*:*:*:*","pkg:deb/debian/sphinxbase (0.8+5prealpha+1-21)@0.8+5prealpha+1-21+b1?arch=arm64","LIBRARY","debian-target"
"libsqlite3-0","3.46.1-7+deb13u1","GPL-2+ | public-domain","","","","","","Organization: Laszlo Boszormenyi (GCS) <gcs@debian.org>","Copyright (c) Debian contributors","cpe:2.3:a:debian:sqlite3:3.46.1-7+deb13u1:*:*:*:*:*:*:*","pkg:deb/debian/sqlite3@3.46.1-7+deb13u1?arch=arm64","cpe:2.3:a:debian:sqlite3:3.46.1-7+deb13u1:*:*:*:*:*:*:*","pkg:deb/debian/sqlite3@3.46.1-7+deb13u1?arch=arm64","LIBRARY","debian-target"
"libsratom-0-0","0.6.18-1","0BSD | ISC","","","","","","Organization: Debian Multimedia Maintainers <debian-multimedia@lists.debian.org>","Copyright (c) Debian contributors","cpe:2.3:a:debian:sratom:0.6.18-1:*:*:*:*:*:*:*","pkg:deb/debian/sratom@0.6.18-1?arch=arm64","cpe:2.3:a:debian:sratom:0.6.18-1:*:*:*:*:*:*:*","pkg:deb/debian/sratom@0.6.18-1?arch=arm64","LIBRARY","debian-target"
"libsrt1.5-gnutls","1.5.4-1","BSD-3-clause | BSD-3-clause and MPL-2.0 | LGPL-2.1+ | MPL-2.0 | Zlib | unlicense","","","","","","Organization: Florian Ernst <florian@debian.org>","Copyright (c) Debian contributors","cpe:2.3:a:debian:srt:1.5.4-1:*:*:*:*:*:*:*","pkg:deb/debian/srt@1.5.4-1?arch=arm64","cpe:2.3:a:debian:srt:1.5.4-1:*:*:*:*:*:*:*","pkg:deb/debian/srt@1.5.4-1?arch=arm64","LIBRARY","debian-target"
"libsrtp2-1","2.7.0-3","BSD-3-clause~Cisco | BSD-3-clause~Ingate | Expat | FSFUL | GPL-2+ | GPL-2+ with Autoconf exception | GPL-3+ | X11","","","","","","Organization: Debian VoIP Team <pkg-voip-maintainers@lists.alioth.debian.org>","Copyright (c) Debian contributors","cpe:2.3:a:debian:libsrtp2:2.7.0-3:*:*:*:*:*:*:*","pkg:deb/debian/libsrtp2@2.7.0-3?arch=arm64","cpe:2.3:a:debian:libsrtp2:2.7.0-3:*:*:*:*:*:*:*","pkg:deb/debian/libsrtp2@2.7.0-3?arch=arm64","LIBRARY","debian-target"
"libss2","1.47.2-3+b11","0BSD | Apache-2 | BSD-3-Clause | BSD-3-Clause-Variant | BSD-4-Clause-CMU | Expat | GPL or MIT-US-export | GPL-2 | GPL-2+ | GPL-2+ with Texinfo exception | ISC | Kazlib | LGPL-2 | Latex2e","","","","","","Organization: Theodore Y. Ts'o <tytso@mit.edu>","Copyright (c) Debian contributors","cpe:2.3:a:debian:e2fsprogs (1.47.2-3):1.47.2-3+b11:*:*:*:*:*:*:*","pkg:deb/debian/e2fsprogs (1.47.2-3)@1.47.2-3+b11?arch=arm64","cpe:2.3:a:debian:e2fsprogs (1.47.2-3):1.47.2-3+b11:*:*:*:*:*:*:*","pkg:deb/debian/e2fsprogs (1.47.2-3)@1.47.2-3+b11?arch=arm64","LIBRARY","debian-target"
"libssh-4","0.11.2-1+deb13u1","BSD-2-clause | BSD-3-clause | ISC | LGPL-2.1 | LGPL-2.1+~OpenSSL | LGPL-2.1+~OpenSSL or BSD-2-clause or BSD-3-clause | public-domain","","","","","","Organization: Laurent Bigonville <bigon@debian.org>","Copyright (c) Debian contributors","cpe:2.3:a:debian:libssh:0.11.2-1+deb13u1:*:*:*:*:*:*:*","pkg:deb/debian/libssh@0.11.2-1+deb13u1?arch=arm64","cpe:2.3:a:debian:libssh:0.11.2-1+deb13u1:*:*:*:*:*:*:*","pkg:deb/debian/libssh@0.11.2-1+deb13u1?arch=arm64","LIBRARY","debian-target"
"libssh2-1t64","1.11.1-1","BSD3 | ISC","","","","","","Organization: Nicolas Mora <babelouest@debian.org>","Copyright (c) Debian contributors","cpe:2.3:a:debian:libssh2:1.11.1-1:*:*:*:*:*:*:*","pkg:deb/debian/libssh2@1.11.1-1?arch=arm64","cpe:2.3:a:debian:libssh2:1.11.1-1:*:*:*:*:*:*:*","pkg:deb/debian/libssh2@1.11.1-1?arch=arm64","LIBRARY","debian-target"
"libssl3t64","3.5.6-1~deb13u2","Apache-2.0 | Artistic | Artistic or GPL-1+ | GPL-1+","","","","","","Organization: Debian OpenSSL Team <pkg-openssl-devel@alioth-lists.debian.net>","Copyright (c) Debian contributors","cpe:2.3:a:debian:openssl:3.5.6-1~deb13u2:*:*:*:*:*:*:*","pkg:deb/debian/openssl@3.5.6-1~deb13u2?arch=arm64","cpe:2.3:a:debian:openssl:3.5.6-1~deb13u2:*:*:*:*:*:*:*","pkg:deb/debian/openssl@3.5.6-1~deb13u2?arch=arm64","LIBRARY","debian-target"
"libstartup-notification0","0.12-8","part MIT, part LGPL, see below.","","","","","","Organization: Debian GNOME Maintainers <pkg-gnome-maintainers@lists.alioth.debian.org>","Copyright (c) Debian contributors","cpe:2.3:a:debian:startup-notification:0.12-8:*:*:*:*:*:*:*","pkg:deb/debian/startup-notification@0.12-8?arch=arm64","cpe:2.3:a:debian:startup-notification:0.12-8:*:*:*:*:*:*:*","pkg:deb/debian/startup-notification@0.12-8?arch=arm64","LIBRARY","debian-target"
"libstdc++-14-dev","14.2.0-19","","","","","","","Organization: Debian GCC Maintainers <debian-gcc@lists.debian.org>","Copyright (c) Debian contributors","cpe:2.3:a:debian:gcc-14:14.2.0-19:*:*:*:*:*:*:*","pkg:deb/debian/gcc-14@14.2.0-19?arch=arm64","cpe:2.3:a:debian:gcc-14:14.2.0-19:*:*:*:*:*:*:*","pkg:deb/debian/gcc-14@14.2.0-19?arch=arm64","LIBRARY","debian-target"
"libstdc++6","14.2.0-19","","","","","","","Organization: Debian GCC Maintainers <debian-gcc@lists.debian.org>","Copyright (c) Debian contributors","cpe:2.3:a:debian:gcc-14:14.2.0-19:*:*:*:*:*:*:*","pkg:deb/debian/gcc-14@14.2.0-19?arch=arm64","cpe:2.3:a:debian:gcc-14:14.2.0-19:*:*:*:*:*:*:*","pkg:deb/debian/gcc-14@14.2.0-19?arch=arm64","LIBRARY","debian-target"
"libstemmer0d","2.2.0-4+b2","BSD-3-snowball","","","","","","Organization: Stefano Rivera <stefanor@debian.org>","Copyright (c) Debian contributors","cpe:2.3:a:debian:snowball (2.2.0-4):2.2.0-4+b2:*:*:*:*:*:*:*","pkg:deb/debian/snowball (2.2.0-4)@2.2.0-4+b2?arch=arm64","cpe:2.3:a:debian:snowball (2.2.0-4):2.2.0-4+b2:*:*:*:*:*:*:*","pkg:deb/debian/snowball (2.2.0-4)@2.2.0-4+b2?arch=arm64","LIBRARY","debian-target"
"libstrongswan","6.0.1-6+deb13u6","BSD-3-clause | BSD-Young | CC0 | Expat | Expat or GPL-2+ | FSFUL | FSFULLR | FSFULLR or GPL-2+ with LibTool exception | GPL | GPL-2 | GPL-2+ | GPL-2+ with AutoConf exception | GPL-2+ with LibTool exception | GPL-2+ with OpenSSL exception | GPL-3+ with AutoConf exception | GPL-3+ with Bison exception | MIT | SSLeay","","","","","","Organization: strongSwan Maintainers <pkg-swan-devel@lists.alioth.debian.org>","Copyright (c) Debian contributors","cpe:2.3:a:debian:strongswan:6.0.1-6+deb13u6:*:*:*:*:*:*:*","pkg:deb/debian/strongswan@6.0.1-6+deb13u6?arch=arm64","cpe:2.3:a:debian:strongswan:6.0.1-6+deb13u6:*:*:*:*:*:*:*","pkg:deb/debian/strongswan@6.0.1-6+deb13u6?arch=arm64","APPLICATION","debian-target"
"libsvtav1enc2","2.3.0+dfsg-1","BSD-2-clause | BSD-3-Clause-Clear | BSD-3-clause | Expat | ISC | LGPL-2.1+","","","","","","Organization: Debian Multimedia Maintainers <debian-multimedia@lists.debian.org>","Copyright (c) Debian contributors","cpe:2.3:a:debian:svt-av1:2.3.0+dfsg-1:*:*:*:*:*:*:*","pkg:deb/debian/svt-av1@2.3.0+dfsg-1?arch=arm64","cpe:2.3:a:debian:svt-av1:2.3.0+dfsg-1:*:*:*:*:*:*:*","pkg:deb/debian/svt-av1@2.3.0+dfsg-1?arch=arm64","LIBRARY","debian-target"
"libswresample-dev","7:7.1.4-0+deb13u1","BSD-1-clause | BSD-2-clause | BSD-3-clause | BSL | Expat | GPL-2+ | GPL-3+ | IJG | ISC | LGPL-2+ | LGPL-2.1+ | LGPL-2.1+ and BSD-2-clause | LGPL-2.1+ and BSD-3-clause | LGPL-2.1+ and BSL | LGPL-2.1+ and Expat | LGPL-2.1+ and Sundry | Sundry | Zlib | man-page | public-domain","","","","","","Organization: Debian Multimedia Maintainers <debian-multimedia@lists.debian.org>","Copyright (c) Debian contributors","cpe:2.3:a:debian:ffmpeg:7:7.1.4-0+deb13u1:*:*:*:*:*:*:*","pkg:deb/debian/ffmpeg@7:7.1.4-0+deb13u1?arch=arm64","cpe:2.3:a:debian:ffmpeg:7:7.1.4-0+deb13u1:*:*:*:*:*:*:*","pkg:deb/debian/ffmpeg@7:7.1.4-0+deb13u1?arch=arm64","LIBRARY","debian-target"
"libswresample5","7:7.1.4-0+deb13u1","BSD-1-clause | BSD-2-clause | BSD-3-clause | BSL | Expat | GPL-2+ | GPL-3+ | IJG | ISC | LGPL-2+ | LGPL-2.1+ | LGPL-2.1+ and BSD-2-clause | LGPL-2.1+ and BSD-3-clause | LGPL-2.1+ and BSL | LGPL-2.1+ and Expat | LGPL-2.1+ and Sundry | Sundry | Zlib | man-page | public-domain","","","","","","Organization: Debian Multimedia Maintainers <debian-multimedia@lists.debian.org>","Copyright (c) Debian contributors","cpe:2.3:a:debian:ffmpeg:7:7.1.4-0+deb13u1:*:*:*:*:*:*:*","pkg:deb/debian/ffmpeg@7:7.1.4-0+deb13u1?arch=arm64","cpe:2.3:a:debian:ffmpeg:7:7.1.4-0+deb13u1:*:*:*:*:*:*:*","pkg:deb/debian/ffmpeg@7:7.1.4-0+deb13u1?arch=arm64","LIBRARY","debian-target"
"libswscale-dev","7:7.1.4-0+deb13u1","BSD-1-clause | BSD-2-clause | BSD-3-clause | BSL | Expat | GPL-2+ | GPL-3+ | IJG | ISC | LGPL-2+ | LGPL-2.1+ | LGPL-2.1+ and BSD-2-clause | LGPL-2.1+ and BSD-3-clause | LGPL-2.1+ and BSL | LGPL-2.1+ and Expat | LGPL-2.1+ and Sundry | Sundry | Zlib | man-page | public-domain","","","","","","Organization: Debian Multimedia Maintainers <debian-multimedia@lists.debian.org>","Copyright (c) Debian contributors","cpe:2.3:a:debian:ffmpeg:7:7.1.4-0+deb13u1:*:*:*:*:*:*:*","pkg:deb/debian/ffmpeg@7:7.1.4-0+deb13u1?arch=arm64","cpe:2.3:a:debian:ffmpeg:7:7.1.4-0+deb13u1:*:*:*:*:*:*:*","pkg:deb/debian/ffmpeg@7:7.1.4-0+deb13u1?arch=arm64","LIBRARY","debian-target"
"libswscale8","7:7.1.4-0+deb13u1","BSD-1-clause | BSD-2-clause | BSD-3-clause | BSL | Expat | GPL-2+ | GPL-3+ | IJG | ISC | LGPL-2+ | LGPL-2.1+ | LGPL-2.1+ and BSD-2-clause | LGPL-2.1+ and BSD-3-clause | LGPL-2.1+ and BSL | LGPL-2.1+ and Expat | LGPL-2.1+ and Sundry | Sundry | Zlib | man-page | public-domain","","","","","","Organization: Debian Multimedia Maintainers <debian-multimedia@lists.debian.org>","Copyright (c) Debian contributors","cpe:2.3:a:debian:ffmpeg:7:7.1.4-0+deb13u1:*:*:*:*:*:*:*","pkg:deb/debian/ffmpeg@7:7.1.4-0+deb13u1?arch=arm64","cpe:2.3:a:debian:ffmpeg:7:7.1.4-0+deb13u1:*:*:*:*:*:*:*","pkg:deb/debian/ffmpeg@7:7.1.4-0+deb13u1?arch=arm64","LIBRARY","debian-target"
"libsynctex2","2024.20240313.70630+ds-6","GPL-2+ | LPPL | MIT | TeX-Live","","","","","","Organization: Debian TeX Task Force <debian-tex-maint@lists.debian.org>","Copyright (c) Debian contributors","cpe:2.3:a:debian:texlive-bin:2024.20240313.70630+ds-6:*:*:*:*:*:*:*","pkg:deb/debian/texlive-bin@2024.20240313.70630+ds-6?arch=arm64","cpe:2.3:a:debian:texlive-bin:2024.20240313.70630+ds-6:*:*:*:*:*:*:*","pkg:deb/debian/texlive-bin@2024.20240313.70630+ds-6?arch=arm64","LIBRARY","debian-target"
"libsysprof-capture-4-dev","48.0-2","BSD-2-Clause-Patent | BSD-3-Clause | GPL-2.0+ | GPL-2.0+ and GPL-3.0+ and LGPL-2.0+ and LGPL-3.0+ and BSD-2-Clause-Patent and BSD-3-Clause and public-domain | GPL-3.0+ | LGPL-2.0+ | LGPL-3.0+ | public-domain","","","","","","Organization: Debian GNOME Maintainers <pkg-gnome-maintainers@lists.alioth.debian.org>","Copyright (c) Debian contributors","cpe:2.3:a:debian:sysprof:48.0-2:*:*:*:*:*:*:*","pkg:deb/debian/sysprof@48.0-2?arch=arm64","cpe:2.3:a:debian:sysprof:48.0-2:*:*:*:*:*:*:*","pkg:deb/debian/sysprof@48.0-2?arch=arm64","LIBRARY","debian-target"
"libsystemd-dev","257.13-1~deb13u1","CC0-1.0 | Expat | GPL-2 with Linux-syscall-note exception | GPL-2+ | LGPL-2.1+ | public-domain","","","","","","Organization: Debian systemd Maintainers <pkg-systemd-maintainers@lists.alioth.debian.org>","Copyright (c) Debian contributors","cpe:2.3:a:debian:systemd:257.13-1~deb13u1:*:*:*:*:*:*:*","pkg:deb/debian/systemd@257.13-1~deb13u1?arch=arm64","cpe:2.3:a:debian:systemd:257.13-1~deb13u1:*:*:*:*:*:*:*","pkg:deb/debian/systemd@257.13-1~deb13u1?arch=arm64","LIBRARY","debian-target"
"libsystemd-shared","257.13-1~deb13u1","CC0-1.0 | Expat | GPL-2 with Linux-syscall-note exception | GPL-2+ | LGPL-2.1+ | public-domain","","","","","","Organization: Debian systemd Maintainers <pkg-systemd-maintainers@lists.alioth.debian.org>","Copyright (c) Debian contributors","cpe:2.3:a:debian:systemd:257.13-1~deb13u1:*:*:*:*:*:*:*","pkg:deb/debian/systemd@257.13-1~deb13u1?arch=arm64","cpe:2.3:a:debian:systemd:257.13-1~deb13u1:*:*:*:*:*:*:*","pkg:deb/debian/systemd@257.13-1~deb13u1?arch=arm64","LIBRARY","debian-target"
"libsystemd0","257.13-1~deb13u1","CC0-1.0 | Expat | GPL-2 with Linux-syscall-note exception | GPL-2+ | LGPL-2.1+ | public-domain","","","","","","Organization: Debian systemd Maintainers <pkg-systemd-maintainers@lists.alioth.debian.org>","Copyright (c) Debian contributors","cpe:2.3:a:debian:systemd:257.13-1~deb13u1:*:*:*:*:*:*:*","pkg:deb/debian/systemd@257.13-1~deb13u1?arch=arm64","cpe:2.3:a:debian:systemd:257.13-1~deb13u1:*:*:*:*:*:*:*","pkg:deb/debian/systemd@257.13-1~deb13u1?arch=arm64","LIBRARY","debian-target"
"libsz2","1.1.3-1+b1","","","","","","","Organization: Alastair McKinstry <mckinstry@debian.org>","Copyright (c) Debian contributors","cpe:2.3:a:debian:libaec (1.1.3-1):1.1.3-1+b1:*:*:*:*:*:*:*","pkg:deb/debian/libaec (1.1.3-1)@1.1.3-1+b1?arch=arm64","cpe:2.3:a:debian:libaec (1.1.3-1):1.1.3-1+b1:*:*:*:*:*:*:*","pkg:deb/debian/libaec (1.1.3-1)@1.1.3-1+b1?arch=arm64","LIBRARY","debian-target"
"libtag2","2.0.2-2","BSD-2-clause | LGPL-2.1 | LGPL-2.1 or MPL-1.1 | MPL-1.1","","","","","","Organization: Debian Multimedia Maintainers <debian-multimedia@lists.debian.org>","Copyright (c) Debian contributors","cpe:2.3:a:debian:taglib:2.0.2-2:*:*:*:*:*:*:*","pkg:deb/debian/taglib@2.0.2-2?arch=arm64","cpe:2.3:a:debian:taglib:2.0.2-2:*:*:*:*:*:*:*","pkg:deb/debian/taglib@2.0.2-2?arch=arm64","LIBRARY","debian-target"
"libtalloc2","2:2.4.3+samba4.22.8+dfsg-0+deb13u2","BSD-3 | GPL-3 | GPL-3.0+ | ISC | LGPL-3.0+ | MS-ADSL | PostgreSQL","","","","","","Organization: Debian Samba Maintainers <pkg-samba-maint@lists.alioth.debian.org>","Copyright (c) Debian contributors","cpe:2.3:a:debian:samba (2:4.22.8+dfsg-0+deb13u2):2:2.4.3+samba4.22.8+dfsg-0+deb13u2:*:*:*:*:*:*:*","pkg:deb/debian/samba (2:4.22.8+dfsg-0+deb13u2)@2:2.4.3+samba4.22.8+dfsg-0+deb13u2?arch=arm64","cpe:2.3:a:debian:samba (2:4.22.8+dfsg-0+deb13u2):2:2.4.3+samba4.22.8+dfsg-0+deb13u2:*:*:*:*:*:*:*","pkg:deb/debian/samba (2:4.22.8+dfsg-0+deb13u2)@2:2.4.3+samba4.22.8+dfsg-0+deb13u2?arch=arm64","LIBRARY","debian-target"
"libtasn1-6","4.20.0-2","","","","","","","Organization: Debian GnuTLS Maintainers <pkg-gnutls-maint@lists.alioth.debian.org>","Copyright (c) Debian contributors","cpe:2.3:a:debian:libtasn1-6:4.20.0-2:*:*:*:*:*:*:*","pkg:deb/debian/libtasn1-6@4.20.0-2?arch=arm64","cpe:2.3:a:debian:libtasn1-6:4.20.0-2:*:*:*:*:*:*:*","pkg:deb/debian/libtasn1-6@4.20.0-2?arch=arm64","LIBRARY","debian-target"
"libtbb-dev","2022.1.0-1+deb13u1","Apache-2.0 | BSD-3-Clause | BSD-like-bzip2 | GPL-1+ | GPL-2 | MIT","","","","","","Organization: Debian Science Maintainers <debian-science-maintainers@lists.alioth.debian.org>","Copyright (c) Debian contributors","cpe:2.3:a:debian:onetbb:2022.1.0-1+deb13u1:*:*:*:*:*:*:*","pkg:deb/debian/onetbb@2022.1.0-1+deb13u1?arch=arm64","cpe:2.3:a:debian:onetbb:2022.1.0-1+deb13u1:*:*:*:*:*:*:*","pkg:deb/debian/onetbb@2022.1.0-1+deb13u1?arch=arm64","LIBRARY","debian-target"
"libtbb12","2022.1.0-1+deb13u1","Apache-2.0 | BSD-3-Clause | BSD-like-bzip2 | GPL-1+ | GPL-2 | MIT","","","","","","Organization: Debian Science Maintainers <debian-science-maintainers@lists.alioth.debian.org>","Copyright (c) Debian contributors","cpe:2.3:a:debian:onetbb:2022.1.0-1+deb13u1:*:*:*:*:*:*:*","pkg:deb/debian/onetbb@2022.1.0-1+deb13u1?arch=arm64","cpe:2.3:a:debian:onetbb:2022.1.0-1+deb13u1:*:*:*:*:*:*:*","pkg:deb/debian/onetbb@2022.1.0-1+deb13u1?arch=arm64","LIBRARY","debian-target"
"libtbbbind-2-5","2022.1.0-1+deb13u1","Apache-2.0 | BSD-3-Clause | BSD-like-bzip2 | GPL-1+ | GPL-2 | MIT","","","","","","Organization: Debian Science Maintainers <debian-science-maintainers@lists.alioth.debian.org>","Copyright (c) Debian contributors","cpe:2.3:a:debian:onetbb:2022.1.0-1+deb13u1:*:*:*:*:*:*:*","pkg:deb/debian/onetbb@2022.1.0-1+deb13u1?arch=arm64","cpe:2.3:a:debian:onetbb:2022.1.0-1+deb13u1:*:*:*:*:*:*:*","pkg:deb/debian/onetbb@2022.1.0-1+deb13u1?arch=arm64","LIBRARY","debian-target"
"libtbbmalloc2","2022.1.0-1+deb13u1","Apache-2.0 | BSD-3-Clause | BSD-like-bzip2 | GPL-1+ | GPL-2 | MIT","","","","","","Organization: Debian Science Maintainers <debian-science-maintainers@lists.alioth.debian.org>","Copyright (c) Debian contributors","cpe:2.3:a:debian:onetbb:2022.1.0-1+deb13u1:*:*:*:*:*:*:*","pkg:deb/debian/onetbb@2022.1.0-1+deb13u1?arch=arm64","cpe:2.3:a:debian:onetbb:2022.1.0-1+deb13u1:*:*:*:*:*:*:*","pkg:deb/debian/onetbb@2022.1.0-1+deb13u1?arch=arm64","LIBRARY","debian-target"
"libtcl8.6","8.6.16+dfsg-1","","","","","","","Organization: Debian Tcl/Tk Packagers <pkg-tcltk-devel@lists.alioth.debian.org>","Copyright (c) Debian contributors","cpe:2.3:a:debian:tcl8.6:8.6.16+dfsg-1:*:*:*:*:*:*:*","pkg:deb/debian/tcl8.6@8.6.16+dfsg-1?arch=arm64","cpe:2.3:a:debian:tcl8.6:8.6.16+dfsg-1:*:*:*:*:*:*:*","pkg:deb/debian/tcl8.6@8.6.16+dfsg-1?arch=arm64","LIBRARY","debian-target"
"libtdb1","2:1.4.13+samba4.22.8+dfsg-0+deb13u2","BSD-3 | GPL-3 | GPL-3.0+ | ISC | LGPL-3.0+ | MS-ADSL | PostgreSQL","","","","","","Organization: Debian Samba Maintainers <pkg-samba-maint@lists.alioth.debian.org>","Copyright (c) Debian contributors","cpe:2.3:a:debian:samba (2:4.22.8+dfsg-0+deb13u2):2:1.4.13+samba4.22.8+dfsg-0+deb13u2:*:*:*:*:*:*:*","pkg:deb/debian/samba (2:4.22.8+dfsg-0+deb13u2)@2:1.4.13+samba4.22.8+dfsg-0+deb13u2?arch=arm64","cpe:2.3:a:debian:samba (2:4.22.8+dfsg-0+deb13u2):2:1.4.13+samba4.22.8+dfsg-0+deb13u2:*:*:*:*:*:*:*","pkg:deb/debian/samba (2:4.22.8+dfsg-0+deb13u2)@2:1.4.13+samba4.22.8+dfsg-0+deb13u2?arch=arm64","LIBRARY","debian-target"
"libteamdctl0","1.31-1+b2","BSD-3-clause | BSD-3-clause or GPL-2 | GPL-2 | LGPL-2.1+","","","","","","Organization: Dmitry Smirnov <onlyjob@debian.org>","Copyright (c) Debian contributors","cpe:2.3:a:debian:libteam (1.31-1):1.31-1+b2:*:*:*:*:*:*:*","pkg:deb/debian/libteam (1.31-1)@1.31-1+b2?arch=arm64","cpe:2.3:a:debian:libteam (1.31-1):1.31-1+b2:*:*:*:*:*:*:*","pkg:deb/debian/libteam (1.31-1)@1.31-1+b2?arch=arm64","APPLICATION","debian-target"
"libtesseract5","5.5.0-1+b1","Apache-2.0 | MIT","","","","","","Organization: Alexander Pozdnyakov <almipo@mail.ru>","Copyright (c) Debian contributors","cpe:2.3:a:debian:tesseract (5.5.0-1):5.5.0-1+b1:*:*:*:*:*:*:*","pkg:deb/debian/tesseract (5.5.0-1)@5.5.0-1+b1?arch=arm64","cpe:2.3:a:debian:tesseract (5.5.0-1):5.5.0-1+b1:*:*:*:*:*:*:*","pkg:deb/debian/tesseract (5.5.0-1)@5.5.0-1+b1?arch=arm64","LIBRARY","debian-target"
"libtevent0t64","2:0.16.2+samba4.22.8+dfsg-0+deb13u2","BSD-3 | GPL-3 | GPL-3.0+ | ISC | LGPL-3.0+ | MS-ADSL | PostgreSQL","","","","","","Organization: Debian Samba Maintainers <pkg-samba-maint@lists.alioth.debian.org>","Copyright (c) Debian contributors","cpe:2.3:a:debian:samba (2:4.22.8+dfsg-0+deb13u2):2:0.16.2+samba4.22.8+dfsg-0+deb13u2:*:*:*:*:*:*:*","pkg:deb/debian/samba (2:4.22.8+dfsg-0+deb13u2)@2:0.16.2+samba4.22.8+dfsg-0+deb13u2?arch=arm64","cpe:2.3:a:debian:samba (2:4.22.8+dfsg-0+deb13u2):2:0.16.2+samba4.22.8+dfsg-0+deb13u2:*:*:*:*:*:*:*","pkg:deb/debian/samba (2:4.22.8+dfsg-0+deb13u2)@2:0.16.2+samba4.22.8+dfsg-0+deb13u2?arch=arm64","LIBRARY","debian-target"
"libtext-charwidth-perl","0.04-11+b4","Artistic | Artistic or GPL-1+ | GPL-1+","","","","","","Organization: Debian Perl Group <pkg-perl-maintainers@lists.alioth.debian.org>","Copyright (c) Debian contributors","cpe:2.3:a:debian:libtext-charwidth-perl (0.04-11):0.04-11+b4:*:*:*:*:*:*:*","pkg:deb/debian/libtext-charwidth-perl (0.04-11)@0.04-11+b4?arch=arm64","cpe:2.3:a:debian:libtext-charwidth-perl (0.04-11):0.04-11+b4:*:*:*:*:*:*:*","pkg:deb/debian/libtext-charwidth-perl (0.04-11)@0.04-11+b4?arch=arm64","APPLICATION","debian-target"
"libtext-iconv-perl","1.7-8+b4","Artistic | Artistic or GPL-1+ | GPL-1+","","","","","","Organization: Debian Perl Group <pkg-perl-maintainers@lists.alioth.debian.org>","Copyright (c) Debian contributors","cpe:2.3:a:debian:libtext-iconv-perl (1.7-8):1.7-8+b4:*:*:*:*:*:*:*","pkg:deb/debian/libtext-iconv-perl (1.7-8)@1.7-8+b4?arch=arm64","cpe:2.3:a:debian:libtext-iconv-perl (1.7-8):1.7-8+b4:*:*:*:*:*:*:*","pkg:deb/debian/libtext-iconv-perl (1.7-8)@1.7-8+b4?arch=arm64","APPLICATION","debian-target"
"libtext-wrapi18n-perl","0.06-10","Artistic | Artistic or GPL-1+ | GPL-1+","","","","","","Organization: Debian Perl Group <pkg-perl-maintainers@lists.alioth.debian.org>","Copyright (c) Debian contributors","cpe:2.3:a:debian:libtext-wrapi18n-perl:0.06-10:*:*:*:*:*:*:*","pkg:deb/debian/libtext-wrapi18n-perl@0.06-10?arch=all","cpe:2.3:a:debian:libtext-wrapi18n-perl:0.06-10:*:*:*:*:*:*:*","pkg:deb/debian/libtext-wrapi18n-perl@0.06-10?arch=all","APPLICATION","debian-target"
"libthai-data","0.1.29-2","GPL-2+ | LGPL-2.1+","","","","","","Organization: Theppitak Karoonboonyanan <thep@debian.org>","Copyright (c) Debian contributors","cpe:2.3:a:debian:libthai:0.1.29-2:*:*:*:*:*:*:*","pkg:deb/debian/libthai@0.1.29-2?arch=all","cpe:2.3:a:debian:libthai:0.1.29-2:*:*:*:*:*:*:*","pkg:deb/debian/libthai@0.1.29-2?arch=all","LIBRARY","debian-target"
"libthai-dev","0.1.29-2+b1","GPL-2+ | LGPL-2.1+","","","","","","Organization: Theppitak Karoonboonyanan <thep@debian.org>","Copyright (c) Debian contributors","cpe:2.3:a:debian:libthai (0.1.29-2):0.1.29-2+b1:*:*:*:*:*:*:*","pkg:deb/debian/libthai (0.1.29-2)@0.1.29-2+b1?arch=arm64","cpe:2.3:a:debian:libthai (0.1.29-2):0.1.29-2+b1:*:*:*:*:*:*:*","pkg:deb/debian/libthai (0.1.29-2)@0.1.29-2+b1?arch=arm64","LIBRARY","debian-target"
"libthai0","0.1.29-2+b1","GPL-2+ | LGPL-2.1+","","","","","","Organization: Theppitak Karoonboonyanan <thep@debian.org>","Copyright (c) Debian contributors","cpe:2.3:a:debian:libthai (0.1.29-2):0.1.29-2+b1:*:*:*:*:*:*:*","pkg:deb/debian/libthai (0.1.29-2)@0.1.29-2+b1?arch=arm64","cpe:2.3:a:debian:libthai (0.1.29-2):0.1.29-2+b1:*:*:*:*:*:*:*","pkg:deb/debian/libthai (0.1.29-2)@0.1.29-2+b1?arch=arm64","LIBRARY","debian-target"
"libtheora0","1.2.0~alpha1+dfsg-6","BSD-3-Clause | BSD-4-Clause | GPL-2+ | LGPL-2+","","","","","","Organization: Debian Multimedia Maintainers <debian-multimedia@lists.debian.org>","Copyright (c) Debian contributors","cpe:2.3:a:debian:libtheora:1.2.0~alpha1+dfsg-6:*:*:*:*:*:*:*","pkg:deb/debian/libtheora@1.2.0~alpha1+dfsg-6?arch=arm64","cpe:2.3:a:debian:libtheora:1.2.0~alpha1+dfsg-6:*:*:*:*:*:*:*","pkg:deb/debian/libtheora@1.2.0~alpha1+dfsg-6?arch=arm64","LIBRARY","debian-target"
"libtheoradec1","1.2.0~alpha1+dfsg-6","BSD-3-Clause | BSD-4-Clause | GPL-2+ | LGPL-2+","","","","","","Organization: Debian Multimedia Maintainers <debian-multimedia@lists.debian.org>","Copyright (c) Debian contributors","cpe:2.3:a:debian:libtheora:1.2.0~alpha1+dfsg-6:*:*:*:*:*:*:*","pkg:deb/debian/libtheora@1.2.0~alpha1+dfsg-6?arch=arm64","cpe:2.3:a:debian:libtheora:1.2.0~alpha1+dfsg-6:*:*:*:*:*:*:*","pkg:deb/debian/libtheora@1.2.0~alpha1+dfsg-6?arch=arm64","LIBRARY","debian-target"
"libtheoraenc1","1.2.0~alpha1+dfsg-6","BSD-3-Clause | BSD-4-Clause | GPL-2+ | LGPL-2+","","","","","","Organization: Debian Multimedia Maintainers <debian-multimedia@lists.debian.org>","Copyright (c) Debian contributors","cpe:2.3:a:debian:libtheora:1.2.0~alpha1+dfsg-6:*:*:*:*:*:*:*","pkg:deb/debian/libtheora@1.2.0~alpha1+dfsg-6?arch=arm64","cpe:2.3:a:debian:libtheora:1.2.0~alpha1+dfsg-6:*:*:*:*:*:*:*","pkg:deb/debian/libtheora@1.2.0~alpha1+dfsg-6?arch=arm64","LIBRARY","debian-target"
"libtiff-dev","4.7.0-3+deb13u2","Hylafax","","","","","","Organization: Laszlo Boszormenyi (GCS) <gcs@debian.org>","Copyright (c) Debian contributors","cpe:2.3:a:debian:tiff:4.7.0-3+deb13u2:*:*:*:*:*:*:*","pkg:deb/debian/tiff@4.7.0-3+deb13u2?arch=arm64","cpe:2.3:a:debian:tiff:4.7.0-3+deb13u2:*:*:*:*:*:*:*","pkg:deb/debian/tiff@4.7.0-3+deb13u2?arch=arm64","LIBRARY","debian-target"
"libtiff6","4.7.0-3+deb13u2","Hylafax","","","","","","Organization: Laszlo Boszormenyi (GCS) <gcs@debian.org>","Copyright (c) Debian contributors","cpe:2.3:a:debian:tiff:4.7.0-3+deb13u2:*:*:*:*:*:*:*","pkg:deb/debian/tiff@4.7.0-3+deb13u2?arch=arm64","cpe:2.3:a:debian:tiff:4.7.0-3+deb13u2:*:*:*:*:*:*:*","pkg:deb/debian/tiff@4.7.0-3+deb13u2?arch=arm64","LIBRARY","debian-target"
"libtiffxx6","4.7.0-3+deb13u2","Hylafax","","","","","","Organization: Laszlo Boszormenyi (GCS) <gcs@debian.org>","Copyright (c) Debian contributors","cpe:2.3:a:debian:tiff:4.7.0-3+deb13u2:*:*:*:*:*:*:*","pkg:deb/debian/tiff@4.7.0-3+deb13u2?arch=arm64","cpe:2.3:a:debian:tiff:4.7.0-3+deb13u2:*:*:*:*:*:*:*","pkg:deb/debian/tiff@4.7.0-3+deb13u2?arch=arm64","LIBRARY","debian-target"
"libtimedate-perl","2.3300-2","Artistic | Artistic or GPL-1+ | GPL-1+","","","","","","Organization: Debian Perl Group <pkg-perl-maintainers@lists.alioth.debian.org>","Copyright (c) Debian contributors","cpe:2.3:a:debian:libtimedate-perl:2.3300-2:*:*:*:*:*:*:*","pkg:deb/debian/libtimedate-perl@2.3300-2?arch=all","cpe:2.3:a:debian:libtimedate-perl:2.3300-2:*:*:*:*:*:*:*","pkg:deb/debian/libtimedate-perl@2.3300-2?arch=all","APPLICATION","debian-target"
"libtinfo6","6.5+20250216-2","BSD-3-clause | MIT/X11 | X11","","","","","","Organization: Ncurses Maintainers <ncurses@packages.debian.org>","Copyright (c) Debian contributors","cpe:2.3:a:debian:ncurses:6.5+20250216-2:*:*:*:*:*:*:*","pkg:deb/debian/ncurses@6.5+20250216-2?arch=arm64","cpe:2.3:a:debian:ncurses:6.5+20250216-2:*:*:*:*:*:*:*","pkg:deb/debian/ncurses@6.5+20250216-2?arch=arm64","LIBRARY","debian-target"
"libtinysparql-3.0-0","3.8.2-7","GPL-2+ | GPL-3+ | LGPL-2.1+","","","","","","Organization: Debian GNOME Maintainers <pkg-gnome-maintainers@lists.alioth.debian.org>","Copyright (c) Debian contributors","cpe:2.3:a:debian:tinysparql:3.8.2-7:*:*:*:*:*:*:*","pkg:deb/debian/tinysparql@3.8.2-7?arch=arm64","cpe:2.3:a:debian:tinysparql:3.8.2-7:*:*:*:*:*:*:*","pkg:deb/debian/tinysparql@3.8.2-7?arch=arm64","LIBRARY","debian-target"
"libtirpc-common","1.3.6+ds-1","BSD-2-Clause | BSD-3-Clause | BSD-4-Clause | GPL-2 | LGPL-2.1+ | PERMISSIVE | __AUTO_PERMISSIVE__","","","","","","Organization: Josue Ortega <josue@debian.org>","Copyright (c) Debian contributors","cpe:2.3:a:debian:libtirpc:1.3.6+ds-1:*:*:*:*:*:*:*","pkg:deb/debian/libtirpc@1.3.6+ds-1?arch=all","cpe:2.3:a:debian:libtirpc:1.3.6+ds-1:*:*:*:*:*:*:*","pkg:deb/debian/libtirpc@1.3.6+ds-1?arch=all","LIBRARY","debian-target"
"libtirpc3t64","1.3.6+ds-1","BSD-2-Clause | BSD-3-Clause | BSD-4-Clause | GPL-2 | LGPL-2.1+ | PERMISSIVE | __AUTO_PERMISSIVE__","","","","","","Organization: Josue Ortega <josue@debian.org>","Copyright (c) Debian contributors","cpe:2.3:a:debian:libtirpc:1.3.6+ds-1:*:*:*:*:*:*:*","pkg:deb/debian/libtirpc@1.3.6+ds-1?arch=arm64","cpe:2.3:a:debian:libtirpc:1.3.6+ds-1:*:*:*:*:*:*:*","pkg:deb/debian/libtirpc@1.3.6+ds-1?arch=arm64","LIBRARY","debian-target"
"libtk8.6","8.6.16-1","","","","","","","Organization: Debian Tcl/Tk Packagers <pkg-tcltk-devel@lists.alioth.debian.org>","Copyright (c) Debian contributors","cpe:2.3:a:debian:tk8.6:8.6.16-1:*:*:*:*:*:*:*","pkg:deb/debian/tk8.6@8.6.16-1?arch=arm64","cpe:2.3:a:debian:tk8.6:8.6.16-1:*:*:*:*:*:*:*","pkg:deb/debian/tk8.6@8.6.16-1?arch=arm64","LIBRARY","debian-target"
"libtotem-dev","43.2-3","","","","","","","Organization: Debian GNOME Maintainers <pkg-gnome-maintainers@lists.alioth.debian.org>","Copyright (c) Debian contributors","cpe:2.3:a:debian:totem:43.2-3:*:*:*:*:*:*:*","pkg:deb/debian/totem@43.2-3?arch=arm64","cpe:2.3:a:debian:totem:43.2-3:*:*:*:*:*:*:*","pkg:deb/debian/totem@43.2-3?arch=arm64","LIBRARY","debian-target"
"libtotem-plparser-common","3.26.6-2","","","","","","","Organization: Debian GNOME Maintainers <pkg-gnome-maintainers@lists.alioth.debian.org>","Copyright (c) Debian contributors","cpe:2.3:a:debian:totem-pl-parser:3.26.6-2:*:*:*:*:*:*:*","pkg:deb/debian/totem-pl-parser@3.26.6-2?arch=all","cpe:2.3:a:debian:totem-pl-parser:3.26.6-2:*:*:*:*:*:*:*","pkg:deb/debian/totem-pl-parser@3.26.6-2?arch=all","LIBRARY","debian-target"
"libtotem-plparser-dev","3.26.6-2","","","","","","","Organization: Debian GNOME Maintainers <pkg-gnome-maintainers@lists.alioth.debian.org>","Copyright (c) Debian contributors","cpe:2.3:a:debian:totem-pl-parser:3.26.6-2:*:*:*:*:*:*:*","pkg:deb/debian/totem-pl-parser@3.26.6-2?arch=arm64","cpe:2.3:a:debian:totem-pl-parser:3.26.6-2:*:*:*:*:*:*:*","pkg:deb/debian/totem-pl-parser@3.26.6-2?arch=arm64","LIBRARY","debian-target"
"libtotem-plparser18","3.26.6-2","","","","","","","Organization: Debian GNOME Maintainers <pkg-gnome-maintainers@lists.alioth.debian.org>","Copyright (c) Debian contributors","cpe:2.3:a:debian:totem-pl-parser:3.26.6-2:*:*:*:*:*:*:*","pkg:deb/debian/totem-pl-parser@3.26.6-2?arch=arm64","cpe:2.3:a:debian:totem-pl-parser:3.26.6-2:*:*:*:*:*:*:*","pkg:deb/debian/totem-pl-parser@3.26.6-2?arch=arm64","LIBRARY","debian-target"
"libtotem0","43.2-3","","","","","","","Organization: Debian GNOME Maintainers <pkg-gnome-maintainers@lists.alioth.debian.org>","Copyright (c) Debian contributors","cpe:2.3:a:debian:totem:43.2-3:*:*:*:*:*:*:*","pkg:deb/debian/totem@43.2-3?arch=arm64","cpe:2.3:a:debian:totem:43.2-3:*:*:*:*:*:*:*","pkg:deb/debian/totem@43.2-3?arch=arm64","LIBRARY","debian-target"
"libtotem0-dbgsym","43.2-3","","","","","","","Organization: Debian GNOME Maintainers <pkg-gnome-maintainers@lists.alioth.debian.org>","Copyright (c) Debian contributors","cpe:2.3:a:debian:totem:43.2-3:*:*:*:*:*:*:*","pkg:deb/debian/totem@43.2-3?arch=arm64","cpe:2.3:a:debian:totem:43.2-3:*:*:*:*:*:*:*","pkg:deb/debian/totem@43.2-3?arch=arm64","APPLICATION","debian-target"
"libtraceevent1","1:1.8.4-2","GPL-2.0 | LGPL-2.1","","","","","","Organization: Sudip Mukherjee <sudipm.mukherjee@gmail.com>","Copyright (c) Debian contributors","cpe:2.3:a:debian:libtraceevent:1:1.8.4-2:*:*:*:*:*:*:*","pkg:deb/debian/libtraceevent@1:1.8.4-2?arch=arm64","cpe:2.3:a:debian:libtraceevent:1:1.8.4-2:*:*:*:*:*:*:*","pkg:deb/debian/libtraceevent@1:1.8.4-2?arch=arm64","LIBRARY","debian-target"
"libtraceevent1-plugin","1:1.8.4-2","GPL-2.0 | LGPL-2.1","","","","","","Organization: Sudip Mukherjee <sudipm.mukherjee@gmail.com>","Copyright (c) Debian contributors","cpe:2.3:a:debian:libtraceevent:1:1.8.4-2:*:*:*:*:*:*:*","pkg:deb/debian/libtraceevent@1:1.8.4-2?arch=arm64","cpe:2.3:a:debian:libtraceevent:1:1.8.4-2:*:*:*:*:*:*:*","pkg:deb/debian/libtraceevent@1:1.8.4-2?arch=arm64","LIBRARY","debian-target"
"libtracefs1","1.8.1-1","GPL-2.0 | LGPL-2.1","","","","","","Organization: Sudip Mukherjee <sudipm.mukherjee@gmail.com>","Copyright (c) Debian contributors","cpe:2.3:a:debian:libtracefs:1.8.1-1:*:*:*:*:*:*:*","pkg:deb/debian/libtracefs@1.8.1-1?arch=arm64","cpe:2.3:a:debian:libtracefs:1.8.1-1:*:*:*:*:*:*:*","pkg:deb/debian/libtracefs@1.8.1-1?arch=arm64","LIBRARY","debian-target"
"libtry-tiny-perl","0.32-1","Expat","","","","","","Organization: Debian Perl Group <pkg-perl-maintainers@lists.alioth.debian.org>","Copyright (c) Debian contributors","cpe:2.3:a:debian:libtry-tiny-perl:0.32-1:*:*:*:*:*:*:*","pkg:deb/debian/libtry-tiny-perl@0.32-1?arch=all","cpe:2.3:a:debian:libtry-tiny-perl:0.32-1:*:*:*:*:*:*:*","pkg:deb/debian/libtry-tiny-perl@0.32-1?arch=all","APPLICATION","debian-target"
"libtsan2","14.2.0-19","","","","","","","Organization: Debian GCC Maintainers <debian-gcc@lists.debian.org>","Copyright (c) Debian contributors","cpe:2.3:a:debian:gcc-14:14.2.0-19:*:*:*:*:*:*:*","pkg:deb/debian/gcc-14@14.2.0-19?arch=arm64","cpe:2.3:a:debian:gcc-14:14.2.0-19:*:*:*:*:*:*:*","pkg:deb/debian/gcc-14@14.2.0-19?arch=arm64","LIBRARY","debian-target"
"libturbojpeg0","1:2.1.5-4","BSD-3-clause | BSD-BY-LC-NE | Expat | NTP | Zlib | zlib","","","","","","Organization: Ondřej Surý <ondrej@debian.org>","Copyright (c) Debian contributors","cpe:2.3:a:debian:libjpeg-turbo:1:2.1.5-4:*:*:*:*:*:*:*","pkg:deb/debian/libjpeg-turbo@1:2.1.5-4?arch=arm64","cpe:2.3:a:debian:libjpeg-turbo:1:2.1.5-4:*:*:*:*:*:*:*","pkg:deb/debian/libjpeg-turbo@1:2.1.5-4?arch=arm64","LIBRARY","debian-target"
"libtwolame0","0.4.0-2+b2","LGPL-2+","","","","","","Organization: Debian Multimedia Maintainers <debian-multimedia@lists.debian.org>","Copyright (c) Debian contributors","cpe:2.3:a:debian:twolame (0.4.0-2):0.4.0-2+b2:*:*:*:*:*:*:*","pkg:deb/debian/twolame (0.4.0-2)@0.4.0-2+b2?arch=arm64","cpe:2.3:a:debian:twolame (0.4.0-2):0.4.0-2+b2:*:*:*:*:*:*:*","pkg:deb/debian/twolame (0.4.0-2)@0.4.0-2+b2?arch=arm64","LIBRARY","debian-target"
"libubsan1","14.2.0-19","","","","","","","Organization: Debian GCC Maintainers <debian-gcc@lists.debian.org>","Copyright (c) Debian contributors","cpe:2.3:a:debian:gcc-14:14.2.0-19:*:*:*:*:*:*:*","pkg:deb/debian/gcc-14@14.2.0-19?arch=arm64","cpe:2.3:a:debian:gcc-14:14.2.0-19:*:*:*:*:*:*:*","pkg:deb/debian/gcc-14@14.2.0-19?arch=arm64","LIBRARY","debian-target"
"libuchardet0","0.0.8-1+b2","GPL-2+ | LGPL-2.1+ | MPL-1.1 | MPL-1.1 or GPL-2+ or LGPL-2.1+","","","","","","Organization: James Cowgill <jcowgill@debian.org>","Copyright (c) Debian contributors","cpe:2.3:a:debian:uchardet (0.0.8-1):0.0.8-1+b2:*:*:*:*:*:*:*","pkg:deb/debian/uchardet (0.0.8-1)@0.0.8-1+b2?arch=arm64","cpe:2.3:a:debian:uchardet (0.0.8-1):0.0.8-1+b2:*:*:*:*:*:*:*","pkg:deb/debian/uchardet (0.0.8-1)@0.0.8-1+b2?arch=arm64","LIBRARY","debian-target"
"libucx0","1.18.1+ds-2+b1","BSD-3-Clause | FSF-Free | Google-3-BSD | Public-Domain","","","","","","Organization: Debian Science Maintainers <debian-science-maintainers@lists.alioth.debian.org>","Copyright (c) Debian contributors","cpe:2.3:a:debian:ucx (1.18.1+ds-2):1.18.1+ds-2+b1:*:*:*:*:*:*:*","pkg:deb/debian/ucx (1.18.1+ds-2)@1.18.1+ds-2+b1?arch=arm64","cpe:2.3:a:debian:ucx (1.18.1+ds-2):1.18.1+ds-2+b1:*:*:*:*:*:*:*","pkg:deb/debian/ucx (1.18.1+ds-2)@1.18.1+ds-2+b1?arch=arm64","LIBRARY","debian-target"
"libudev-dev","257.13-1~deb13u1","CC0-1.0 | Expat | GPL-2 with Linux-syscall-note exception | GPL-2+ | LGPL-2.1+ | public-domain","","","","","","Organization: Debian systemd Maintainers <pkg-systemd-maintainers@lists.alioth.debian.org>","Copyright (c) Debian contributors","cpe:2.3:a:debian:systemd:257.13-1~deb13u1:*:*:*:*:*:*:*","pkg:deb/debian/systemd@257.13-1~deb13u1?arch=arm64","cpe:2.3:a:debian:systemd:257.13-1~deb13u1:*:*:*:*:*:*:*","pkg:deb/debian/systemd@257.13-1~deb13u1?arch=arm64","LIBRARY","debian-target"
"libudev1","257.13-1~deb13u1","CC0-1.0 | Expat | GPL-2 with Linux-syscall-note exception | GPL-2+ | LGPL-2.1+ | public-domain","","","","","","Organization: Debian systemd Maintainers <pkg-systemd-maintainers@lists.alioth.debian.org>","Copyright (c) Debian contributors","cpe:2.3:a:debian:systemd:257.13-1~deb13u1:*:*:*:*:*:*:*","pkg:deb/debian/systemd@257.13-1~deb13u1?arch=arm64","cpe:2.3:a:debian:systemd:257.13-1~deb13u1:*:*:*:*:*:*:*","pkg:deb/debian/systemd@257.13-1~deb13u1?arch=arm64","LIBRARY","debian-target"
"libudfread0","1.1.2-1+b2","GPL-2+ with autoconf-macro exception | LGPL-2.1+","","","","","","Organization: Debian Multimedia Maintainers <debian-multimedia@lists.debian.org>","Copyright (c) Debian contributors","cpe:2.3:a:debian:libudfread (1.1.2-1):1.1.2-1+b2:*:*:*:*:*:*:*","pkg:deb/debian/libudfread (1.1.2-1)@1.1.2-1+b2?arch=arm64","cpe:2.3:a:debian:libudfread (1.1.2-1):1.1.2-1+b2:*:*:*:*:*:*:*","pkg:deb/debian/libudfread (1.1.2-1)@1.1.2-1+b2?arch=arm64","LIBRARY","debian-target"
"libudisks2-0","2.10.1-12.1+deb13u1","GPL-2+ | LGPL-2+","","","","","","Organization: Utopia Maintenance Team <pkg-utopia-maintainers@lists.alioth.debian.org>","Copyright (c) Debian contributors","cpe:2.3:a:debian:udisks2:2.10.1-12.1+deb13u1:*:*:*:*:*:*:*","pkg:deb/debian/udisks2@2.10.1-12.1+deb13u1?arch=arm64","cpe:2.3:a:debian:udisks2:2.10.1-12.1+deb13u1:*:*:*:*:*:*:*","pkg:deb/debian/udisks2@2.10.1-12.1+deb13u1?arch=arm64","LIBRARY","debian-target"
"libunibreak6","6.1-3","Zlib | unicode-data","","","","","","Organization: Debian Qt/KDE Maintainers <debian-qt-kde@lists.debian.org>","Copyright (c) Debian contributors","cpe:2.3:a:debian:libunibreak:6.1-3:*:*:*:*:*:*:*","pkg:deb/debian/libunibreak@6.1-3?arch=arm64","cpe:2.3:a:debian:libunibreak:6.1-3:*:*:*:*:*:*:*","pkg:deb/debian/libunibreak@6.1-3?arch=arm64","LIBRARY","debian-target"
"libunistring5","1.3-2","BSD-3-clause or LGPL-2.1+ | BSD-3-clause or LGPL-3+ | FreeSoftware | GFDL-1.2+ or GPL-3+ or LGPL-3 | GFDL-1.3+ | GPL-2+ | GPL-2+ with distribution exception | GPL-2+ with distribution exception, Expat and GPL-2+ | GPL-3+ | ISC or LGPL-2.1+ | LGPL-2+ | LGPL-2+ or LGPL-3+ | LGPL-2.1+ | LGPL-3 | LGPL-3+ | Unicode-DFS-2016 | X11 | bsd-3-clause | gfdl-1.2+ | gfdl-1.3+ | isc | public-domain | unicode-dfs-2016","","","","","","Organization: Jörg Frings-Fürst <debian@jff.email>","Copyright (c) Debian contributors","cpe:2.3:a:debian:libunistring:1.3-2:*:*:*:*:*:*:*","pkg:deb/debian/libunistring@1.3-2?arch=arm64","cpe:2.3:a:debian:libunistring:1.3-2:*:*:*:*:*:*:*","pkg:deb/debian/libunistring@1.3-2?arch=arm64","LIBRARY","debian-target"
"libunwind-19","1:19.1.7-3+b1","APACHE-2-LLVM-EXCEPTIONS | BSD-3-Clause | BSD-3-clause | MIT | Python | solar-public-domain","","","","","","Organization: LLVM Packaging Team <pkg-llvm-team@lists.alioth.debian.org>","Copyright (c) Debian contributors","cpe:2.3:a:debian:llvm-toolchain-19 (1:19.1.7-3):1:19.1.7-3+b1:*:*:*:*:*:*:*","pkg:deb/debian/llvm-toolchain-19 (1:19.1.7-3)@1:19.1.7-3+b1?arch=arm64","cpe:2.3:a:debian:llvm-toolchain-19 (1:19.1.7-3):1:19.1.7-3+b1:*:*:*:*:*:*:*","pkg:deb/debian/llvm-toolchain-19 (1:19.1.7-3)@1:19.1.7-3+b1?arch=arm64","LIBRARY","debian-target"
"libunwind8","1.8.1-0.1","Expat | GPL-2+","","","","","","Organization: Adrian Bunk <bunk@debian.org>","Copyright (c) Debian contributors","cpe:2.3:a:debian:libunwind:1.8.1-0.1:*:*:*:*:*:*:*","pkg:deb/debian/libunwind@1.8.1-0.1?arch=arm64","cpe:2.3:a:debian:libunwind:1.8.1-0.1:*:*:*:*:*:*:*","pkg:deb/debian/libunwind@1.8.1-0.1?arch=arm64","LIBRARY","debian-target"
"libupower-glib3","1.90.9-1","GFDL-1.1+ | GPL-2+","","","","","","Organization: Utopia Maintenance Team <pkg-utopia-maintainers@lists.alioth.debian.org>","Copyright (c) Debian contributors","cpe:2.3:a:debian:upower:1.90.9-1:*:*:*:*:*:*:*","pkg:deb/debian/upower@1.90.9-1?arch=arm64","cpe:2.3:a:debian:upower:1.90.9-1:*:*:*:*:*:*:*","pkg:deb/debian/upower@1.90.9-1?arch=arm64","LIBRARY","debian-target"
"liburi-perl","5.30-1","Artistic | Artistic or GPL-1+ | GPL-1+","","","","","","Organization: Debian Perl Group <pkg-perl-maintainers@lists.alioth.debian.org>","Copyright (c) Debian contributors","cpe:2.3:a:debian:liburi-perl:5.30-1:*:*:*:*:*:*:*","pkg:deb/debian/liburi-perl@5.30-1?arch=all","cpe:2.3:a:debian:liburi-perl:5.30-1:*:*:*:*:*:*:*","pkg:deb/debian/liburi-perl@5.30-1?arch=all","APPLICATION","debian-target"
"liburiparser1","0.9.8+dfsg-2","BSD-3-clause | Expat | GPL-3+ | LGPL-2.1+","","","","","","Organization: Jörg Frings-Fürst <debian@jff.email>","Copyright (c) Debian contributors","cpe:2.3:a:debian:uriparser:0.9.8+dfsg-2:*:*:*:*:*:*:*","pkg:deb/debian/uriparser@0.9.8+dfsg-2?arch=arm64","cpe:2.3:a:debian:uriparser:0.9.8+dfsg-2:*:*:*:*:*:*:*","pkg:deb/debian/uriparser@0.9.8+dfsg-2?arch=arm64","LIBRARY","debian-target"
"libusb-1.0-0","2:1.0.28-1","FSFAP | GPL-2+ | LGPL-2.1+ | MIT","","","","","","Organization: Aurelien Jarno <aurel32@debian.org>","Copyright (c) Debian contributors","cpe:2.3:a:debian:libusb-1.0:2:1.0.28-1:*:*:*:*:*:*:*","pkg:deb/debian/libusb-1.0@2:1.0.28-1?arch=arm64","cpe:2.3:a:debian:libusb-1.0:2:1.0.28-1:*:*:*:*:*:*:*","pkg:deb/debian/libusb-1.0@2:1.0.28-1?arch=arm64","LIBRARY","debian-target"
"libusbmuxd-2.0-7","2.1.0-1+b1","GPL-2+ | GPL-3+ | LGPL-2.1+","","","","","","Organization: gtkpod Maintainers <pkg-gtkpod-devel@alioth-lists.debian.net>","Copyright (c) Debian contributors","cpe:2.3:a:debian:libusbmuxd (2.1.0-1):2.1.0-1+b1:*:*:*:*:*:*:*","pkg:deb/debian/libusbmuxd (2.1.0-1)@2.1.0-1+b1?arch=arm64","cpe:2.3:a:debian:libusbmuxd (2.1.0-1):2.1.0-1+b1:*:*:*:*:*:*:*","pkg:deb/debian/libusbmuxd (2.1.0-1)@2.1.0-1+b1?arch=arm64","LIBRARY","debian-target"
"libutempter0","1.2.1-4","BSD-2-Clause | LGPL-2.1","","","","","","Organization: Christian Göttsche <cgzones@googlemail.com>","Copyright (c) Debian contributors","cpe:2.3:a:debian:libutempter:1.2.1-4:*:*:*:*:*:*:*","pkg:deb/debian/libutempter@1.2.1-4?arch=arm64","cpe:2.3:a:debian:libutempter:1.2.1-4:*:*:*:*:*:*:*","pkg:deb/debian/libutempter@1.2.1-4?arch=arm64","LIBRARY","debian-target"
"libuuid1","2.41-5","BSD-2-clause | BSD-3-clause | BSD-4-clause | BSLA | Expat | GPL-2 | GPL-2+ | GPL-3+ | ISC | LGPL | LGPL-2+ | LGPL-2.1+ | LGPL-3+ | public-domain","","","","","","Organization: Chris Hofstaedtler <zeha@debian.org>","Copyright (c) Debian contributors","cpe:2.3:a:debian:util-linux:2.41-5:*:*:*:*:*:*:*","pkg:deb/debian/util-linux@2.41-5?arch=arm64","cpe:2.3:a:debian:util-linux:2.41-5:*:*:*:*:*:*:*","pkg:deb/debian/util-linux@2.41-5?arch=arm64","LIBRARY","debian-target"
"libuv1t64","1.50.0-2","Apache-2.0 | BSD-2-clause | CC-BY-4.0 | Expat | GPL3+ with autoconf exception | ISC","","","","","","Organization: Dominique Dumont <dod@debian.org>","Copyright (c) Debian contributors","cpe:2.3:a:debian:libuv1:1.50.0-2:*:*:*:*:*:*:*","pkg:deb/debian/libuv1@1.50.0-2?arch=arm64","cpe:2.3:a:debian:libuv1:1.50.0-2:*:*:*:*:*:*:*","pkg:deb/debian/libuv1@1.50.0-2?arch=arm64","LIBRARY","debian-target"
"libv4l-0t64","1.30.1-1","BSD-2-clause | BSD-3-clause | BSD-3-clause or GPL-2 | BSD-3-clause or GPL-2+ | BSD-3-clause or LGPL-2.1 | Expat | FSFULLR | GPL-2 | GPL-2+ | GPL-3+ | HPND-sell-variant | LGPL | LGPL-2+ | LGPL-2.1 | LGPL-2.1+ | jpeg-group","","","","","","Organization: Gregor Jasny <gjasny@googlemail.com>","Copyright (c) Debian contributors","cpe:2.3:a:debian:v4l-utils:1.30.1-1:*:*:*:*:*:*:*","pkg:deb/debian/v4l-utils@1.30.1-1?arch=arm64","cpe:2.3:a:debian:v4l-utils:1.30.1-1:*:*:*:*:*:*:*","pkg:deb/debian/v4l-utils@1.30.1-1?arch=arm64","LIBRARY","debian-target"
"libv4l-0t64-dbgsym","1.30.1-1","BSD-2-clause | BSD-3-clause | BSD-3-clause or GPL-2 | BSD-3-clause or GPL-2+ | BSD-3-clause or LGPL-2.1 | Expat | FSFULLR | GPL-2 | GPL-2+ | GPL-3+ | HPND-sell-variant | LGPL | LGPL-2+ | LGPL-2.1 | LGPL-2.1+ | jpeg-group","","","","","","Organization: Gregor Jasny <gjasny@googlemail.com>","Copyright (c) Debian contributors","cpe:2.3:a:debian:v4l-utils:1.30.1-1:*:*:*:*:*:*:*","pkg:deb/debian/v4l-utils@1.30.1-1?arch=arm64","cpe:2.3:a:debian:v4l-utils:1.30.1-1:*:*:*:*:*:*:*","pkg:deb/debian/v4l-utils@1.30.1-1?arch=arm64","APPLICATION","debian-target"
"libv4l-dev","1.30.1-1","BSD-2-clause | BSD-3-clause | BSD-3-clause or GPL-2 | BSD-3-clause or GPL-2+ | BSD-3-clause or LGPL-2.1 | Expat | FSFULLR | GPL-2 | GPL-2+ | GPL-3+ | HPND-sell-variant | LGPL | LGPL-2+ | LGPL-2.1 | LGPL-2.1+ | jpeg-group","","","","","","Organization: Gregor Jasny <gjasny@googlemail.com>","Copyright (c) Debian contributors","cpe:2.3:a:debian:v4l-utils:1.30.1-1:*:*:*:*:*:*:*","pkg:deb/debian/v4l-utils@1.30.1-1?arch=arm64","cpe:2.3:a:debian:v4l-utils:1.30.1-1:*:*:*:*:*:*:*","pkg:deb/debian/v4l-utils@1.30.1-1?arch=arm64","LIBRARY","debian-target"
"libv4l-rkmpp","1.8.0-1","LGPL-2.0+","","","","","","Organization: Jeffy Chen <jeffy.chen@rock-chips.com>","Copyright (c) Debian contributors","cpe:2.3:a:debian:libv4l-rkmpp:1.8.0-1:*:*:*:*:*:*:*","pkg:deb/debian/libv4l-rkmpp@1.8.0-1?arch=arm64","cpe:2.3:a:debian:libv4l-rkmpp:1.8.0-1:*:*:*:*:*:*:*","pkg:deb/debian/libv4l-rkmpp@1.8.0-1?arch=arm64","LIBRARY","debian-target"
"libv4l-rkmpp-dbgsym","1.8.0-1","LGPL-2.0+","","","","","","Organization: Jeffy Chen <jeffy.chen@rock-chips.com>","Copyright (c) Debian contributors","cpe:2.3:a:debian:libv4l-rkmpp:1.8.0-1:*:*:*:*:*:*:*","pkg:deb/debian/libv4l-rkmpp@1.8.0-1?arch=arm64","cpe:2.3:a:debian:libv4l-rkmpp:1.8.0-1:*:*:*:*:*:*:*","pkg:deb/debian/libv4l-rkmpp@1.8.0-1?arch=arm64","APPLICATION","debian-target"
"libv4l2rds0t64","1.30.1-1","BSD-2-clause | BSD-3-clause | BSD-3-clause or GPL-2 | BSD-3-clause or GPL-2+ | BSD-3-clause or LGPL-2.1 | Expat | FSFULLR | GPL-2 | GPL-2+ | GPL-3+ | HPND-sell-variant | LGPL | LGPL-2+ | LGPL-2.1 | LGPL-2.1+ | jpeg-group","","","","","","Organization: Gregor Jasny <gjasny@googlemail.com>","Copyright (c) Debian contributors","cpe:2.3:a:debian:v4l-utils:1.30.1-1:*:*:*:*:*:*:*","pkg:deb/debian/v4l-utils@1.30.1-1?arch=arm64","cpe:2.3:a:debian:v4l-utils:1.30.1-1:*:*:*:*:*:*:*","pkg:deb/debian/v4l-utils@1.30.1-1?arch=arm64","LIBRARY","debian-target"
"libv4l2rds0t64-dbgsym","1.30.1-1","BSD-2-clause | BSD-3-clause | BSD-3-clause or GPL-2 | BSD-3-clause or GPL-2+ | BSD-3-clause or LGPL-2.1 | Expat | FSFULLR | GPL-2 | GPL-2+ | GPL-3+ | HPND-sell-variant | LGPL | LGPL-2+ | LGPL-2.1 | LGPL-2.1+ | jpeg-group","","","","","","Organization: Gregor Jasny <gjasny@googlemail.com>","Copyright (c) Debian contributors","cpe:2.3:a:debian:v4l-utils:1.30.1-1:*:*:*:*:*:*:*","pkg:deb/debian/v4l-utils@1.30.1-1?arch=arm64","cpe:2.3:a:debian:v4l-utils:1.30.1-1:*:*:*:*:*:*:*","pkg:deb/debian/v4l-utils@1.30.1-1?arch=arm64","APPLICATION","debian-target"
"libv4lconvert0t64","1.30.1-1","BSD-2-clause | BSD-3-clause | BSD-3-clause or GPL-2 | BSD-3-clause or GPL-2+ | BSD-3-clause or LGPL-2.1 | Expat | FSFULLR | GPL-2 | GPL-2+ | GPL-3+ | HPND-sell-variant | LGPL | LGPL-2+ | LGPL-2.1 | LGPL-2.1+ | jpeg-group","","","","","","Organization: Gregor Jasny <gjasny@googlemail.com>","Copyright (c) Debian contributors","cpe:2.3:a:debian:v4l-utils:1.30.1-1:*:*:*:*:*:*:*","pkg:deb/debian/v4l-utils@1.30.1-1?arch=arm64","cpe:2.3:a:debian:v4l-utils:1.30.1-1:*:*:*:*:*:*:*","pkg:deb/debian/v4l-utils@1.30.1-1?arch=arm64","LIBRARY","debian-target"
"libv4lconvert0t64-dbgsym","1.30.1-1","BSD-2-clause | BSD-3-clause | BSD-3-clause or GPL-2 | BSD-3-clause or GPL-2+ | BSD-3-clause or LGPL-2.1 | Expat | FSFULLR | GPL-2 | GPL-2+ | GPL-3+ | HPND-sell-variant | LGPL | LGPL-2+ | LGPL-2.1 | LGPL-2.1+ | jpeg-group","","","","","","Organization: Gregor Jasny <gjasny@googlemail.com>","Copyright (c) Debian contributors","cpe:2.3:a:debian:v4l-utils:1.30.1-1:*:*:*:*:*:*:*","pkg:deb/debian/v4l-utils@1.30.1-1?arch=arm64","cpe:2.3:a:debian:v4l-utils:1.30.1-1:*:*:*:*:*:*:*","pkg:deb/debian/v4l-utils@1.30.1-1?arch=arm64","APPLICATION","debian-target"
"libva-drm2","2.22.0-3","Expat | Expat-advertising | GPL-2+ | other","","","","","","Organization: Debian Multimedia Maintainers <debian-multimedia@lists.debian.org>","Copyright (c) Debian contributors","cpe:2.3:a:debian:libva:2.22.0-3:*:*:*:*:*:*:*","pkg:deb/debian/libva@2.22.0-3?arch=arm64","cpe:2.3:a:debian:libva:2.22.0-3:*:*:*:*:*:*:*","pkg:deb/debian/libva@2.22.0-3?arch=arm64","LIBRARY","debian-target"
"libva-x11-2","2.22.0-3","Expat | Expat-advertising | GPL-2+ | other","","","","","","Organization: Debian Multimedia Maintainers <debian-multimedia@lists.debian.org>","Copyright (c) Debian contributors","cpe:2.3:a:debian:libva:2.22.0-3:*:*:*:*:*:*:*","pkg:deb/debian/libva@2.22.0-3?arch=arm64","cpe:2.3:a:debian:libva:2.22.0-3:*:*:*:*:*:*:*","pkg:deb/debian/libva@2.22.0-3?arch=arm64","LIBRARY","debian-target"
"libva2","2.22.0-3","Expat | Expat-advertising | GPL-2+ | other","","","","","","Organization: Debian Multimedia Maintainers <debian-multimedia@lists.debian.org>","Copyright (c) Debian contributors","cpe:2.3:a:debian:libva:2.22.0-3:*:*:*:*:*:*:*","pkg:deb/debian/libva@2.22.0-3?arch=arm64","cpe:2.3:a:debian:libva:2.22.0-3:*:*:*:*:*:*:*","pkg:deb/debian/libva@2.22.0-3?arch=arm64","LIBRARY","debian-target"
"libvdpau1","1.5-3+b1","Expat | other","","","","","","Organization: Debian NVIDIA Maintainers <pkg-nvidia-devel@lists.alioth.debian.org>","Copyright (c) Debian contributors","cpe:2.3:a:debian:libvdpau (1.5-3):1.5-3+b1:*:*:*:*:*:*:*","pkg:deb/debian/libvdpau (1.5-3)@1.5-3+b1?arch=arm64","cpe:2.3:a:debian:libvdpau (1.5-3):1.5-3+b1:*:*:*:*:*:*:*","pkg:deb/debian/libvdpau (1.5-3)@1.5-3+b1?arch=arm64","LIBRARY","debian-target"
"libvidstab1.1","1.1.0-2+b2","GPL-2.0+","","","","","","Organization: Keng-Yu Lin <kengyu@lexical.tw>","Copyright (c) Debian contributors","cpe:2.3:a:debian:libvidstab (1.1.0-2):1.1.0-2+b2:*:*:*:*:*:*:*","pkg:deb/debian/libvidstab (1.1.0-2)@1.1.0-2+b2?arch=arm64","cpe:2.3:a:debian:libvidstab (1.1.0-2):1.1.0-2+b2:*:*:*:*:*:*:*","pkg:deb/debian/libvidstab (1.1.0-2)@1.1.0-2+b2?arch=arm64","LIBRARY","debian-target"
"libvisual-0.4-0","0.4.2-2+b2","GPL-2+ | LGPL-2+ | LGPL-2.1+","","","","","","Organization: Debian QA Group <packages@qa.debian.org>","Copyright (c) Debian contributors","cpe:2.3:a:debian:libvisual (0.4.2-2):0.4.2-2+b2:*:*:*:*:*:*:*","pkg:deb/debian/libvisual (0.4.2-2)@0.4.2-2+b2?arch=arm64","cpe:2.3:a:debian:libvisual (0.4.2-2):0.4.2-2+b2:*:*:*:*:*:*:*","pkg:deb/debian/libvisual (0.4.2-2)@0.4.2-2+b2?arch=arm64","LIBRARY","debian-target"
"libvo-aacenc0","0.1.3-3","Apache-2.0","","","","","","Organization: Debian Multimedia Maintainers <debian-multimedia@lists.debian.org>","Copyright (c) Debian contributors","cpe:2.3:a:debian:vo-aacenc:0.1.3-3:*:*:*:*:*:*:*","pkg:deb/debian/vo-aacenc@0.1.3-3?arch=arm64","cpe:2.3:a:debian:vo-aacenc:0.1.3-3:*:*:*:*:*:*:*","pkg:deb/debian/vo-aacenc@0.1.3-3?arch=arm64","LIBRARY","debian-target"
"libvo-amrwbenc0","0.1.3-2+b2","Apache-2.0","","","","","","Organization: Debian Multimedia Maintainers <debian-multimedia@lists.debian.org>","Copyright (c) Debian contributors","cpe:2.3:a:debian:vo-amrwbenc (0.1.3-2):0.1.3-2+b2:*:*:*:*:*:*:*","pkg:deb/debian/vo-amrwbenc (0.1.3-2)@0.1.3-2+b2?arch=arm64","cpe:2.3:a:debian:vo-amrwbenc (0.1.3-2):0.1.3-2+b2:*:*:*:*:*:*:*","pkg:deb/debian/vo-amrwbenc (0.1.3-2)@0.1.3-2+b2?arch=arm64","LIBRARY","debian-target"
"libvolume-key1","0.3.12-9","GPL-2 | GPL-2+ | MPL-1.1 or GPL-2+ or LGPL-2.1+","","","","","","Organization: Utopia Maintenance Team <pkg-utopia-maintainers@lists.alioth.debian.org>","Copyright (c) Debian contributors","cpe:2.3:a:debian:volume-key:0.3.12-9:*:*:*:*:*:*:*","pkg:deb/debian/volume-key@0.3.12-9?arch=arm64","cpe:2.3:a:debian:volume-key:0.3.12-9:*:*:*:*:*:*:*","pkg:deb/debian/volume-key@0.3.12-9?arch=arm64","LIBRARY","debian-target"
"libvorbis0a","1.3.7-3","BSD-3-Clause | RFC-special","","","","","","Organization: Debian Multimedia Maintainers <debian-multimedia@lists.debian.org>","Copyright (c) Debian contributors","cpe:2.3:a:debian:libvorbis:1.3.7-3:*:*:*:*:*:*:*","pkg:deb/debian/libvorbis@1.3.7-3?arch=arm64","cpe:2.3:a:debian:libvorbis:1.3.7-3:*:*:*:*:*:*:*","pkg:deb/debian/libvorbis@1.3.7-3?arch=arm64","LIBRARY","debian-target"
"libvorbisenc2","1.3.7-3","BSD-3-Clause | RFC-special","","","","","","Organization: Debian Multimedia Maintainers <debian-multimedia@lists.debian.org>","Copyright (c) Debian contributors","cpe:2.3:a:debian:libvorbis:1.3.7-3:*:*:*:*:*:*:*","pkg:deb/debian/libvorbis@1.3.7-3?arch=arm64","cpe:2.3:a:debian:libvorbis:1.3.7-3:*:*:*:*:*:*:*","pkg:deb/debian/libvorbis@1.3.7-3?arch=arm64","LIBRARY","debian-target"
"libvorbisfile3","1.3.7-3","BSD-3-Clause | RFC-special","","","","","","Organization: Debian Multimedia Maintainers <debian-multimedia@lists.debian.org>","Copyright (c) Debian contributors","cpe:2.3:a:debian:libvorbis:1.3.7-3:*:*:*:*:*:*:*","pkg:deb/debian/libvorbis@1.3.7-3?arch=arm64","cpe:2.3:a:debian:libvorbis:1.3.7-3:*:*:*:*:*:*:*","pkg:deb/debian/libvorbis@1.3.7-3?arch=arm64","LIBRARY","debian-target"
"libvpx9","1.15.0-2.1+deb13u1","BSD-3-Clause | ISC | public-domain","","","","","","Organization: Debian Multimedia Maintainers <debian-multimedia@lists.debian.org>","Copyright (c) Debian contributors","cpe:2.3:a:debian:libvpx:1.15.0-2.1+deb13u1:*:*:*:*:*:*:*","pkg:deb/debian/libvpx@1.15.0-2.1+deb13u1?arch=arm64","cpe:2.3:a:debian:libvpx:1.15.0-2.1+deb13u1:*:*:*:*:*:*:*","pkg:deb/debian/libvpx@1.15.0-2.1+deb13u1?arch=arm64","LIBRARY","debian-target"
"libvte-2.91-0","0.80.1-1","Expat | GPL-3+ | GPL-3+ and LGPL-3+ | GPL-3+ and LGPL-3+ and Expat | LGPL-3+","","","","","","Organization: Debian GNOME Maintainers <pkg-gnome-maintainers@lists.alioth.debian.org>","Copyright (c) Debian contributors","cpe:2.3:a:debian:vte2.91:0.80.1-1:*:*:*:*:*:*:*","pkg:deb/debian/vte2.91@0.80.1-1?arch=arm64","cpe:2.3:a:debian:vte2.91:0.80.1-1:*:*:*:*:*:*:*","pkg:deb/debian/vte2.91@0.80.1-1?arch=arm64","LIBRARY","debian-target"
"libvte-2.91-common","0.80.1-1","Expat | GPL-3+ | GPL-3+ and LGPL-3+ | GPL-3+ and LGPL-3+ and Expat | LGPL-3+","","","","","","Organization: Debian GNOME Maintainers <pkg-gnome-maintainers@lists.alioth.debian.org>","Copyright (c) Debian contributors","cpe:2.3:a:debian:vte2.91:0.80.1-1:*:*:*:*:*:*:*","pkg:deb/debian/vte2.91@0.80.1-1?arch=arm64","cpe:2.3:a:debian:vte2.91:0.80.1-1:*:*:*:*:*:*:*","pkg:deb/debian/vte2.91@0.80.1-1?arch=arm64","LIBRARY","debian-target"
"libvtk9.3","9.3.0+dfsg1-4+b1","Apache-2 | BSD-2-clause | BSD-3-clause | BSD-3-clause-notice | BSD-3-clause-notice-2 | BSD-like | BSL-1 | Expat | GPL-2+ | MIT | MIT-exception | Zlib | public-domain","","","","","","Organization: Debian Science Maintainers <debian-science-maintainers@lists.alioth.debian.org>","Copyright (c) Debian contributors","cpe:2.3:a:debian:vtk9 (9.3.0+dfsg1-4):9.3.0+dfsg1-4+b1:*:*:*:*:*:*:*","pkg:deb/debian/vtk9 (9.3.0+dfsg1-4)@9.3.0+dfsg1-4+b1?arch=arm64","cpe:2.3:a:debian:vtk9 (9.3.0+dfsg1-4):9.3.0+dfsg1-4+b1:*:*:*:*:*:*:*","pkg:deb/debian/vtk9 (9.3.0+dfsg1-4)@9.3.0+dfsg1-4+b1?arch=arm64","LIBRARY","debian-target"
"libvulkan1","1.4.309.0-1","Apache-2.0 | MIT | MIT or Apache-2.0","","","","","","Organization: Debian X Strike Force <debian-x@lists.debian.org>","Copyright (c) Debian contributors","cpe:2.3:a:debian:vulkan-loader:1.4.309.0-1:*:*:*:*:*:*:*","pkg:deb/debian/vulkan-loader@1.4.309.0-1?arch=arm64","cpe:2.3:a:debian:vulkan-loader:1.4.309.0-1:*:*:*:*:*:*:*","pkg:deb/debian/vulkan-loader@1.4.309.0-1?arch=arm64","LIBRARY","debian-target"
"libwacom-common","2.14.0-1","MIT | permissive","","","","","","Organization: Timo Aaltonen <tjaalton@debian.org>","Copyright (c) Debian contributors","cpe:2.3:a:debian:libwacom:2.14.0-1:*:*:*:*:*:*:*","pkg:deb/debian/libwacom@2.14.0-1?arch=all","cpe:2.3:a:debian:libwacom:2.14.0-1:*:*:*:*:*:*:*","pkg:deb/debian/libwacom@2.14.0-1?arch=all","LIBRARY","debian-target"
"libwacom-dev","2.14.0-1","MIT | permissive","","","","","","Organization: Timo Aaltonen <tjaalton@debian.org>","Copyright (c) Debian contributors","cpe:2.3:a:debian:libwacom:2.14.0-1:*:*:*:*:*:*:*","pkg:deb/debian/libwacom@2.14.0-1?arch=arm64","cpe:2.3:a:debian:libwacom:2.14.0-1:*:*:*:*:*:*:*","pkg:deb/debian/libwacom@2.14.0-1?arch=arm64","LIBRARY","debian-target"
"libwacom9","2.14.0-1","MIT | permissive","","","","","","Organization: Timo Aaltonen <tjaalton@debian.org>","Copyright (c) Debian contributors","cpe:2.3:a:debian:libwacom:2.14.0-1:*:*:*:*:*:*:*","pkg:deb/debian/libwacom@2.14.0-1?arch=arm64","cpe:2.3:a:debian:libwacom:2.14.0-1:*:*:*:*:*:*:*","pkg:deb/debian/libwacom@2.14.0-1?arch=arm64","LIBRARY","debian-target"
"libwavpack1","5.8.1-1","BSD-2-clause | BSD-3-clause | public-domain","","","","","","Organization: Debian Multimedia Maintainers <debian-multimedia@lists.debian.org>","Copyright (c) Debian contributors","cpe:2.3:a:debian:wavpack:5.8.1-1:*:*:*:*:*:*:*","pkg:deb/debian/wavpack@5.8.1-1?arch=arm64","cpe:2.3:a:debian:wavpack:5.8.1-1:*:*:*:*:*:*:*","pkg:deb/debian/wavpack@5.8.1-1?arch=arm64","LIBRARY","debian-target"
"libwayland-bin","1.23.1-3","X11","","","","","","Organization: Debian X Strike Force <debian-x@lists.debian.org>","Copyright (c) Debian contributors","cpe:2.3:a:debian:wayland:1.23.1-3:*:*:*:*:*:*:*","pkg:deb/debian/wayland@1.23.1-3?arch=arm64","cpe:2.3:a:debian:wayland:1.23.1-3:*:*:*:*:*:*:*","pkg:deb/debian/wayland@1.23.1-3?arch=arm64","LIBRARY","debian-target"
"libwayland-bin-dbgsym","1.23.1-3","X11","","","","","","Organization: Debian X Strike Force <debian-x@lists.debian.org>","Copyright (c) Debian contributors","cpe:2.3:a:debian:wayland:1.23.1-3:*:*:*:*:*:*:*","pkg:deb/debian/wayland@1.23.1-3?arch=arm64","cpe:2.3:a:debian:wayland:1.23.1-3:*:*:*:*:*:*:*","pkg:deb/debian/wayland@1.23.1-3?arch=arm64","APPLICATION","debian-target"
"libwayland-client0","1.23.1-3","X11","","","","","","Organization: Debian X Strike Force <debian-x@lists.debian.org>","Copyright (c) Debian contributors","cpe:2.3:a:debian:wayland:1.23.1-3:*:*:*:*:*:*:*","pkg:deb/debian/wayland@1.23.1-3?arch=arm64","cpe:2.3:a:debian:wayland:1.23.1-3:*:*:*:*:*:*:*","pkg:deb/debian/wayland@1.23.1-3?arch=arm64","LIBRARY","debian-target"
"libwayland-client0-dbgsym","1.23.1-3","X11","","","","","","Organization: Debian X Strike Force <debian-x@lists.debian.org>","Copyright (c) Debian contributors","cpe:2.3:a:debian:wayland:1.23.1-3:*:*:*:*:*:*:*","pkg:deb/debian/wayland@1.23.1-3?arch=arm64","cpe:2.3:a:debian:wayland:1.23.1-3:*:*:*:*:*:*:*","pkg:deb/debian/wayland@1.23.1-3?arch=arm64","APPLICATION","debian-target"
"libwayland-cursor0","1.23.1-3","X11","","","","","","Organization: Debian X Strike Force <debian-x@lists.debian.org>","Copyright (c) Debian contributors","cpe:2.3:a:debian:wayland:1.23.1-3:*:*:*:*:*:*:*","pkg:deb/debian/wayland@1.23.1-3?arch=arm64","cpe:2.3:a:debian:wayland:1.23.1-3:*:*:*:*:*:*:*","pkg:deb/debian/wayland@1.23.1-3?arch=arm64","LIBRARY","debian-target"
"libwayland-cursor0-dbgsym","1.23.1-3","X11","","","","","","Organization: Debian X Strike Force <debian-x@lists.debian.org>","Copyright (c) Debian contributors","cpe:2.3:a:debian:wayland:1.23.1-3:*:*:*:*:*:*:*","pkg:deb/debian/wayland@1.23.1-3?arch=arm64","cpe:2.3:a:debian:wayland:1.23.1-3:*:*:*:*:*:*:*","pkg:deb/debian/wayland@1.23.1-3?arch=arm64","APPLICATION","debian-target"
"libwayland-dev","1.23.1-3","X11","","","","","","Organization: Debian X Strike Force <debian-x@lists.debian.org>","Copyright (c) Debian contributors","cpe:2.3:a:debian:wayland:1.23.1-3:*:*:*:*:*:*:*","pkg:deb/debian/wayland@1.23.1-3?arch=arm64","cpe:2.3:a:debian:wayland:1.23.1-3:*:*:*:*:*:*:*","pkg:deb/debian/wayland@1.23.1-3?arch=arm64","LIBRARY","debian-target"
"libwayland-doc","1.23.1-3","X11","","","","","","Organization: Debian X Strike Force <debian-x@lists.debian.org>","Copyright (c) Debian contributors","cpe:2.3:a:debian:wayland:1.23.1-3:*:*:*:*:*:*:*","pkg:deb/debian/wayland@1.23.1-3?arch=all","cpe:2.3:a:debian:wayland:1.23.1-3:*:*:*:*:*:*:*","pkg:deb/debian/wayland@1.23.1-3?arch=all","APPLICATION","debian-target"
"libwayland-egl-backend-dev","1.23.1-3","X11","","","","","","Organization: Debian X Strike Force <debian-x@lists.debian.org>","Copyright (c) Debian contributors","cpe:2.3:a:debian:wayland:1.23.1-3:*:*:*:*:*:*:*","pkg:deb/debian/wayland@1.23.1-3?arch=arm64","cpe:2.3:a:debian:wayland:1.23.1-3:*:*:*:*:*:*:*","pkg:deb/debian/wayland@1.23.1-3?arch=arm64","LIBRARY","debian-target"
"libwayland-egl1","1.23.1-3","X11","","","","","","Organization: Debian X Strike Force <debian-x@lists.debian.org>","Copyright (c) Debian contributors","cpe:2.3:a:debian:wayland:1.23.1-3:*:*:*:*:*:*:*","pkg:deb/debian/wayland@1.23.1-3?arch=arm64","cpe:2.3:a:debian:wayland:1.23.1-3:*:*:*:*:*:*:*","pkg:deb/debian/wayland@1.23.1-3?arch=arm64","LIBRARY","debian-target"
"libwayland-egl1-dbgsym","1.23.1-3","X11","","","","","","Organization: Debian X Strike Force <debian-x@lists.debian.org>","Copyright (c) Debian contributors","cpe:2.3:a:debian:wayland:1.23.1-3:*:*:*:*:*:*:*","pkg:deb/debian/wayland@1.23.1-3?arch=arm64","cpe:2.3:a:debian:wayland:1.23.1-3:*:*:*:*:*:*:*","pkg:deb/debian/wayland@1.23.1-3?arch=arm64","APPLICATION","debian-target"
"libwayland-server0","1.23.1-3","X11","","","","","","Organization: Debian X Strike Force <debian-x@lists.debian.org>","Copyright (c) Debian contributors","cpe:2.3:a:debian:wayland:1.23.1-3:*:*:*:*:*:*:*","pkg:deb/debian/wayland@1.23.1-3?arch=arm64","cpe:2.3:a:debian:wayland:1.23.1-3:*:*:*:*:*:*:*","pkg:deb/debian/wayland@1.23.1-3?arch=arm64","LIBRARY","debian-target"
"libwayland-server0-dbgsym","1.23.1-3","X11","","","","","","Organization: Debian X Strike Force <debian-x@lists.debian.org>","Copyright (c) Debian contributors","cpe:2.3:a:debian:wayland:1.23.1-3:*:*:*:*:*:*:*","pkg:deb/debian/wayland@1.23.1-3?arch=arm64","cpe:2.3:a:debian:wayland:1.23.1-3:*:*:*:*:*:*:*","pkg:deb/debian/wayland@1.23.1-3?arch=arm64","APPLICATION","debian-target"
"libwbclient0","2:4.22.8+dfsg-0+deb13u2","BSD-3 | GPL-3 | GPL-3.0+ | ISC | LGPL-3.0+ | MS-ADSL | PostgreSQL","","","","","","Organization: Debian Samba Maintainers <pkg-samba-maint@lists.alioth.debian.org>","Copyright (c) Debian contributors","cpe:2.3:a:debian:samba:2:4.22.8+dfsg-0+deb13u2:*:*:*:*:*:*:*","pkg:deb/debian/samba@2:4.22.8+dfsg-0+deb13u2?arch=arm64","cpe:2.3:a:debian:samba:2:4.22.8+dfsg-0+deb13u2:*:*:*:*:*:*:*","pkg:deb/debian/samba@2:4.22.8+dfsg-0+deb13u2?arch=arm64","LIBRARY","debian-target"
"libwebkit2gtk-4.1-0","2.52.3-2~deb13u1","AFL-2.0 | AFL-2.0 or LGPL-2+ | Apache-2.0 | BSD-2-Clause-Patent | BSD-2-clause | BSD-2-clause or BSL-1.0 | BSD-2-clause or Expat | BSD-3-clause-adam-barth | BSD-3-clause-apple | BSD-3-clause-canon | BSD-3-clause-code-aurora | BSD-3-clause-copyright-holder | BSD-3-clause-ericsson | BSD-3-clause-google | BSD-3-clause-jochen-kalmbach | BSD-3-clause-microsoft | BSD-3-clause-motorola | BSD-3-clause-opera | BSD-4-clause-valgrind | BSL-1.0 | Expat | GPL-2+ | GPL-2+ or LGPL-2.1+ or MPL-1.1 | GPL-2+ with Bison exception | GPL-3+ | GPL-3+ with Bison exception | ISC | LGPL-2 | LGPL-2+ | LGPL-2+ or MPL-1.1 | LGPL-2.1 | LGPL-2.1+ | LGPL-2.1+ or MPL-1.1 | MPL-1.1 | MPL-2.0","","","","","","Organization: Debian WebKit Maintainers <pkg-webkit-maintainers@lists.alioth.debian.org>","Copyright (c) Debian contributors","cpe:2.3:a:debian:webkit2gtk:2.52.3-2~deb13u1:*:*:*:*:*:*:*","pkg:deb/debian/webkit2gtk@2.52.3-2~deb13u1?arch=arm64","cpe:2.3:a:debian:webkit2gtk:2.52.3-2~deb13u1:*:*:*:*:*:*:*","pkg:deb/debian/webkit2gtk@2.52.3-2~deb13u1?arch=arm64","LIBRARY","debian-target"
"libwebkitgtk-6.0-4","2.52.3-2~deb13u1","AFL-2.0 | AFL-2.0 or LGPL-2+ | Apache-2.0 | BSD-2-Clause-Patent | BSD-2-clause | BSD-2-clause or BSL-1.0 | BSD-2-clause or Expat | BSD-3-clause-adam-barth | BSD-3-clause-apple | BSD-3-clause-canon | BSD-3-clause-code-aurora | BSD-3-clause-copyright-holder | BSD-3-clause-ericsson | BSD-3-clause-google | BSD-3-clause-jochen-kalmbach | BSD-3-clause-microsoft | BSD-3-clause-motorola | BSD-3-clause-opera | BSD-4-clause-valgrind | BSL-1.0 | Expat | GPL-2+ | GPL-2+ or LGPL-2.1+ or MPL-1.1 | GPL-2+ with Bison exception | GPL-3+ | GPL-3+ with Bison exception | ISC | LGPL-2 | LGPL-2+ | LGPL-2+ or MPL-1.1 | LGPL-2.1 | LGPL-2.1+ | LGPL-2.1+ or MPL-1.1 | MPL-1.1 | MPL-2.0","","","","","","Organization: Debian WebKit Maintainers <pkg-webkit-maintainers@lists.alioth.debian.org>","Copyright (c) Debian contributors","cpe:2.3:a:debian:webkit2gtk:2.52.3-2~deb13u1:*:*:*:*:*:*:*","pkg:deb/debian/webkit2gtk@2.52.3-2~deb13u1?arch=arm64","cpe:2.3:a:debian:webkit2gtk:2.52.3-2~deb13u1:*:*:*:*:*:*:*","pkg:deb/debian/webkit2gtk@2.52.3-2~deb13u1?arch=arm64","LIBRARY","debian-target"
"libwebp-dev","1.5.0-0.1","Apache-2.0 | BSD-3-Clause","","","","","","Organization: Jeff Breidenbach <jab@debian.org>","Copyright (c) Debian contributors","cpe:2.3:a:debian:libwebp:1.5.0-0.1:*:*:*:*:*:*:*","pkg:deb/debian/libwebp@1.5.0-0.1?arch=arm64","cpe:2.3:a:debian:libwebp:1.5.0-0.1:*:*:*:*:*:*:*","pkg:deb/debian/libwebp@1.5.0-0.1?arch=arm64","LIBRARY","debian-target"
"libwebp7","1.5.0-0.1","Apache-2.0 | BSD-3-Clause","","","","","","Organization: Jeff Breidenbach <jab@debian.org>","Copyright (c) Debian contributors","cpe:2.3:a:debian:libwebp:1.5.0-0.1:*:*:*:*:*:*:*","pkg:deb/debian/libwebp@1.5.0-0.1?arch=arm64","cpe:2.3:a:debian:libwebp:1.5.0-0.1:*:*:*:*:*:*:*","pkg:deb/debian/libwebp@1.5.0-0.1?arch=arm64","LIBRARY","debian-target"
"libwebpdecoder3","1.5.0-0.1","Apache-2.0 | BSD-3-Clause","","","","","","Organization: Jeff Breidenbach <jab@debian.org>","Copyright (c) Debian contributors","cpe:2.3:a:debian:libwebp:1.5.0-0.1:*:*:*:*:*:*:*","pkg:deb/debian/libwebp@1.5.0-0.1?arch=arm64","cpe:2.3:a:debian:libwebp:1.5.0-0.1:*:*:*:*:*:*:*","pkg:deb/debian/libwebp@1.5.0-0.1?arch=arm64","LIBRARY","debian-target"
"libwebpdemux2","1.5.0-0.1","Apache-2.0 | BSD-3-Clause","","","","","","Organization: Jeff Breidenbach <jab@debian.org>","Copyright (c) Debian contributors","cpe:2.3:a:debian:libwebp:1.5.0-0.1:*:*:*:*:*:*:*","pkg:deb/debian/libwebp@1.5.0-0.1?arch=arm64","cpe:2.3:a:debian:libwebp:1.5.0-0.1:*:*:*:*:*:*:*","pkg:deb/debian/libwebp@1.5.0-0.1?arch=arm64","LIBRARY","debian-target"
"libwebpmux3","1.5.0-0.1","Apache-2.0 | BSD-3-Clause","","","","","","Organization: Jeff Breidenbach <jab@debian.org>","Copyright (c) Debian contributors","cpe:2.3:a:debian:libwebp:1.5.0-0.1:*:*:*:*:*:*:*","pkg:deb/debian/libwebp@1.5.0-0.1?arch=arm64","cpe:2.3:a:debian:libwebp:1.5.0-0.1:*:*:*:*:*:*:*","pkg:deb/debian/libwebp@1.5.0-0.1?arch=arm64","LIBRARY","debian-target"
"libwebrtc-audio-processing-1-3","1.3-3+b1","BSD-2-Clause | BSD-3-Clause | BSD-3-clause | Custom-FFT | FFTPACK","","","","","","Organization: Pulseaudio maintenance team <pkg-pulseaudio-devel@lists.alioth.debian.org>","Copyright (c) Debian contributors","cpe:2.3:a:debian:webrtc-audio-processing (1.3-3):1.3-3+b1:*:*:*:*:*:*:*","pkg:deb/debian/webrtc-audio-processing (1.3-3)@1.3-3+b1?arch=arm64","cpe:2.3:a:debian:webrtc-audio-processing (1.3-3):1.3-3+b1:*:*:*:*:*:*:*","pkg:deb/debian/webrtc-audio-processing (1.3-3)@1.3-3+b1?arch=arm64","LIBRARY","debian-target"
"libweston-14-0","14.0.2-5","CC-BY-SA-3.0 | MIT | X11","","","","","","Organization: Debian X Strike Force <debian-x@lists.debian.org>","Copyright (c) Debian contributors","cpe:2.3:a:debian:weston:14.0.2-5:*:*:*:*:*:*:*","pkg:deb/debian/weston@14.0.2-5?arch=arm64","cpe:2.3:a:debian:weston:14.0.2-5:*:*:*:*:*:*:*","pkg:deb/debian/weston@14.0.2-5?arch=arm64","LIBRARY","debian-target"
"libweston-14-0-dbgsym","14.0.2-5","CC-BY-SA-3.0 | MIT | X11","","","","","","Organization: Debian X Strike Force <debian-x@lists.debian.org>","Copyright (c) Debian contributors","cpe:2.3:a:debian:weston:14.0.2-5:*:*:*:*:*:*:*","pkg:deb/debian/weston@14.0.2-5?arch=arm64","cpe:2.3:a:debian:weston:14.0.2-5:*:*:*:*:*:*:*","pkg:deb/debian/weston@14.0.2-5?arch=arm64","APPLICATION","debian-target"
"libweston-14-dev","14.0.2-5","CC-BY-SA-3.0 | MIT | X11","","","","","","Organization: Debian X Strike Force <debian-x@lists.debian.org>","Copyright (c) Debian contributors","cpe:2.3:a:debian:weston:14.0.2-5:*:*:*:*:*:*:*","pkg:deb/debian/weston@14.0.2-5?arch=arm64","cpe:2.3:a:debian:weston:14.0.2-5:*:*:*:*:*:*:*","pkg:deb/debian/weston@14.0.2-5?arch=arm64","LIBRARY","debian-target"
"libwildmidi2","0.4.3-1+b3","CC-BY-SA-4.0 | GPL-3+ | LGPL-3+","","","","","","Organization: Bret Curtis <psi29a@gmail.com>","Copyright (c) Debian contributors","cpe:2.3:a:debian:wildmidi (0.4.3-1):0.4.3-1+b3:*:*:*:*:*:*:*","pkg:deb/debian/wildmidi (0.4.3-1)@0.4.3-1+b3?arch=arm64","cpe:2.3:a:debian:wildmidi (0.4.3-1):0.4.3-1+b3:*:*:*:*:*:*:*","pkg:deb/debian/wildmidi (0.4.3-1)@0.4.3-1+b3?arch=arm64","LIBRARY","debian-target"
"libwinpr3-3","3.15.0+dfsg-2.1+deb13u3","Apache-2.0 | Apache-2.0 or BSD-2-clause or BSD-3-clause or BSL-1.0 or Expat or Zlib or public-domain or OFL-1.1 | BSD-2-clause | BSD-3-clause | BSL-1.0 | Expat | HPND-sell-variant~and/or~NTP~disclaimer | LGPL-2.1+ | OFL-1.1 | Zlib | public-domain","","","","","","Organization: Debian Remote Maintainers <debian-remote@lists.debian.org>","Copyright (c) Debian contributors","cpe:2.3:a:debian:freerdp3:3.15.0+dfsg-2.1+deb13u3:*:*:*:*:*:*:*","pkg:deb/debian/freerdp3@3.15.0+dfsg-2.1+deb13u3?arch=arm64","cpe:2.3:a:debian:freerdp3:3.15.0+dfsg-2.1+deb13u3:*:*:*:*:*:*:*","pkg:deb/debian/freerdp3@3.15.0+dfsg-2.1+deb13u3?arch=arm64","LIBRARY","debian-target"
"libwireplumber-0.5-0","0.5.8-2","MIT","","","","","","Organization: Utopia Maintenance Team <pkg-utopia-maintainers@alioth-lists.debian.net>","Copyright (c) Debian contributors","cpe:2.3:a:debian:wireplumber:0.5.8-2:*:*:*:*:*:*:*","pkg:deb/debian/wireplumber@0.5.8-2?arch=arm64","cpe:2.3:a:debian:wireplumber:0.5.8-2:*:*:*:*:*:*:*","pkg:deb/debian/wireplumber@0.5.8-2?arch=arm64","LIBRARY","debian-target"
"libwnck-3-0","43.2-1","LGPL-2+","","","","","","Organization: Debian GNOME Maintainers <pkg-gnome-maintainers@lists.alioth.debian.org>","Copyright (c) Debian contributors","cpe:2.3:a:debian:libwnck3:43.2-1:*:*:*:*:*:*:*","pkg:deb/debian/libwnck3@43.2-1?arch=arm64","cpe:2.3:a:debian:libwnck3:43.2-1:*:*:*:*:*:*:*","pkg:deb/debian/libwnck3@43.2-1?arch=arm64","LIBRARY","debian-target"
"libwnck-3-common","43.2-1","LGPL-2+","","","","","","Organization: Debian GNOME Maintainers <pkg-gnome-maintainers@lists.alioth.debian.org>","Copyright (c) Debian contributors","cpe:2.3:a:debian:libwnck3:43.2-1:*:*:*:*:*:*:*","pkg:deb/debian/libwnck3@43.2-1?arch=all","cpe:2.3:a:debian:libwnck3:43.2-1:*:*:*:*:*:*:*","pkg:deb/debian/libwnck3@43.2-1?arch=all","LIBRARY","debian-target"
"libwoff1","1.0.2-2+b2","Expat","","","","","","Organization: Debian Fonts Task Force <pkg-fonts-devel@lists.alioth.debian.org>","Copyright (c) Debian contributors","cpe:2.3:a:debian:woff2 (1.0.2-2):1.0.2-2+b2:*:*:*:*:*:*:*","pkg:deb/debian/woff2 (1.0.2-2)@1.0.2-2+b2?arch=arm64","cpe:2.3:a:debian:woff2 (1.0.2-2):1.0.2-2+b2:*:*:*:*:*:*:*","pkg:deb/debian/woff2 (1.0.2-2)@1.0.2-2+b2?arch=arm64","LIBRARY","debian-target"
"libwpe-1.0-1","1.16.2-1","BSD-2-clause | LGPL-2+","","","","","","Organization: Debian WebKit Maintainers <pkg-webkit-maintainers@lists.alioth.debian.org>","Copyright (c) Debian contributors","cpe:2.3:a:debian:libwpe:1.16.2-1:*:*:*:*:*:*:*","pkg:deb/debian/libwpe@1.16.2-1?arch=arm64","cpe:2.3:a:debian:libwpe:1.16.2-1:*:*:*:*:*:*:*","pkg:deb/debian/libwpe@1.16.2-1?arch=arm64","LIBRARY","debian-target"
"libwpebackend-fdo-1.0-1","1.16.0-1","BSD-2-clause | Expat | NTP","","","","","","Organization: Debian WebKit Maintainers <pkg-webkit-maintainers@lists.alioth.debian.org>","Copyright (c) Debian contributors","cpe:2.3:a:debian:wpebackend-fdo:1.16.0-1:*:*:*:*:*:*:*","pkg:deb/debian/wpebackend-fdo@1.16.0-1?arch=arm64","cpe:2.3:a:debian:wpebackend-fdo:1.16.0-1:*:*:*:*:*:*:*","pkg:deb/debian/wpebackend-fdo@1.16.0-1?arch=arm64","LIBRARY","debian-target"
"libwpewebkit-2.0-1","2.48.3-1","AFL-2.0 | AFL-2.0 or LGPL-2+ | Apache-2.0 | BSD-2-Clause-Patent | BSD-2-clause | BSD-2-clause or BSL-1.0 | BSD-2-clause or Expat | BSD-3-clause-adam-barth | BSD-3-clause-apple | BSD-3-clause-canon | BSD-3-clause-code-aurora | BSD-3-clause-copyright-holder | BSD-3-clause-ericsson | BSD-3-clause-google | BSD-3-clause-jochen-kalmbach | BSD-3-clause-microsoft | BSD-3-clause-motorola | BSD-3-clause-opera | BSD-4-clause-valgrind | BSL-1.0 | Expat | GPL-2+ | GPL-2+ or LGPL-2.1+ or MPL-1.1 | GPL-2+ with Bison exception | GPL-3+ | GPL-3+ with Bison exception | ISC | LGPL-2 | LGPL-2+ | LGPL-2+ or MPL-1.1 | LGPL-2.1 | LGPL-2.1+ | LGPL-2.1+ or MPL-1.1 | MPL-1.1 | MPL-2.0","","","","","","Organization: Debian WebKit Maintainers <pkg-webkit-maintainers@lists.alioth.debian.org>","Copyright (c) Debian contributors","cpe:2.3:a:debian:wpewebkit:2.48.3-1:*:*:*:*:*:*:*","pkg:deb/debian/wpewebkit@2.48.3-1?arch=arm64","cpe:2.3:a:debian:wpewebkit:2.48.3-1:*:*:*:*:*:*:*","pkg:deb/debian/wpewebkit@2.48.3-1?arch=arm64","LIBRARY","debian-target"
"libwrap0","7.6.q-36","BSD-3-clause | SSH | TCP-wrappers","","","","","","Organization: Marco d'Itri <md@linux.it>","Copyright (c) Debian contributors","cpe:2.3:a:debian:tcp-wrappers:7.6.q-36:*:*:*:*:*:*:*","pkg:deb/debian/tcp-wrappers@7.6.q-36?arch=arm64","cpe:2.3:a:debian:tcp-wrappers:7.6.q-36:*:*:*:*:*:*:*","pkg:deb/debian/tcp-wrappers@7.6.q-36?arch=arm64","LIBRARY","debian-target"
"libwtmpdb0","0.73.0-3+deb13u1","BSD-2-Clause | GPL-2+","","","","","","Organization: Andrew Bower <andrew@bower.uk>","Copyright (c) Debian contributors","cpe:2.3:a:debian:wtmpdb:0.73.0-3+deb13u1:*:*:*:*:*:*:*","pkg:deb/debian/wtmpdb@0.73.0-3+deb13u1?arch=arm64","cpe:2.3:a:debian:wtmpdb:0.73.0-3+deb13u1:*:*:*:*:*:*:*","pkg:deb/debian/wtmpdb@0.73.0-3+deb13u1?arch=arm64","LIBRARY","debian-target"
"libwww-perl","6.78-1","Artistic | Artistic or GPL-1+ | GPL-1+","","","","","","Organization: Debian Perl Group <pkg-perl-maintainers@lists.alioth.debian.org>","Copyright (c) Debian contributors","cpe:2.3:a:debian:libwww-perl:6.78-1:*:*:*:*:*:*:*","pkg:deb/debian/libwww-perl@6.78-1?arch=all","cpe:2.3:a:debian:libwww-perl:6.78-1:*:*:*:*:*:*:*","pkg:deb/debian/libwww-perl@6.78-1?arch=all","APPLICATION","debian-target"
"libwww-robotrules-perl","6.02-1","Artistic | Artistic or GPL-1+ | GPL-1+","","","","","","Organization: Debian Perl Group <pkg-perl-maintainers@lists.alioth.debian.org>","Copyright (c) Debian contributors","cpe:2.3:a:debian:libwww-robotrules-perl:6.02-1:*:*:*:*:*:*:*","pkg:deb/debian/libwww-robotrules-perl@6.02-1?arch=all","cpe:2.3:a:debian:libwww-robotrules-perl:6.02-1:*:*:*:*:*:*:*","pkg:deb/debian/libwww-robotrules-perl@6.02-1?arch=all","APPLICATION","debian-target"
"libx11-6","2:1.8.12-1","","","","","","","Organization: Debian X Strike Force <debian-x@lists.debian.org>","Copyright (c) Debian contributors","cpe:2.3:a:debian:libx11:2:1.8.12-1:*:*:*:*:*:*:*","pkg:deb/debian/libx11@2:1.8.12-1?arch=arm64","cpe:2.3:a:debian:libx11:2:1.8.12-1:*:*:*:*:*:*:*","pkg:deb/debian/libx11@2:1.8.12-1?arch=arm64","LIBRARY","debian-target"
"libx11-data","2:1.8.12-1","","","","","","","Organization: Debian X Strike Force <debian-x@lists.debian.org>","Copyright (c) Debian contributors","cpe:2.3:a:debian:libx11:2:1.8.12-1:*:*:*:*:*:*:*","pkg:deb/debian/libx11@2:1.8.12-1?arch=all","cpe:2.3:a:debian:libx11:2:1.8.12-1:*:*:*:*:*:*:*","pkg:deb/debian/libx11@2:1.8.12-1?arch=all","APPLICATION","debian-target"
"libx11-dev","2:1.8.12-1","","","","","","","Organization: Debian X Strike Force <debian-x@lists.debian.org>","Copyright (c) Debian contributors","cpe:2.3:a:debian:libx11:2:1.8.12-1:*:*:*:*:*:*:*","pkg:deb/debian/libx11@2:1.8.12-1?arch=arm64","cpe:2.3:a:debian:libx11:2:1.8.12-1:*:*:*:*:*:*:*","pkg:deb/debian/libx11@2:1.8.12-1?arch=arm64","LIBRARY","debian-target"
"libx11-xcb-dev","2:1.8.12-1","","","","","","","Organization: Debian X Strike Force <debian-x@lists.debian.org>","Copyright (c) Debian contributors","cpe:2.3:a:debian:libx11:2:1.8.12-1:*:*:*:*:*:*:*","pkg:deb/debian/libx11@2:1.8.12-1?arch=arm64","cpe:2.3:a:debian:libx11:2:1.8.12-1:*:*:*:*:*:*:*","pkg:deb/debian/libx11@2:1.8.12-1?arch=arm64","LIBRARY","debian-target"
"libx11-xcb1","2:1.8.12-1","","","","","","","Organization: Debian X Strike Force <debian-x@lists.debian.org>","Copyright (c) Debian contributors","cpe:2.3:a:debian:libx11:2:1.8.12-1:*:*:*:*:*:*:*","pkg:deb/debian/libx11@2:1.8.12-1?arch=arm64","cpe:2.3:a:debian:libx11:2:1.8.12-1:*:*:*:*:*:*:*","pkg:deb/debian/libx11@2:1.8.12-1?arch=arm64","LIBRARY","debian-target"
"libx264-164","2:0.164.3108+git31e19f9-2+b1","BSD-3-clause | Expat | GPL-2+ | GPL-2+ with other exception | ISC | LGPL-2.1+ | public-domain","","","","","","Organization: Debian Multimedia Maintainers <debian-multimedia@lists.debian.org>","Copyright (c) Debian contributors","cpe:2.3:a:debian:x264 (2:0.164.3108+git31e19f9-2):2:0.164.3108+git31e19f9-2+b1:*:*:*:*:*:*:*","pkg:deb/debian/x264 (2:0.164.3108+git31e19f9-2)@2:0.164.3108+git31e19f9-2+b1?arch=arm64","cpe:2.3:a:debian:x264 (2:0.164.3108+git31e19f9-2):2:0.164.3108+git31e19f9-2+b1:*:*:*:*:*:*:*","pkg:deb/debian/x264 (2:0.164.3108+git31e19f9-2)@2:0.164.3108+git31e19f9-2+b1?arch=arm64","LIBRARY","debian-target"
"libx265-215","4.1-2","Expat | GPL-2+ | ISC | LGPL-2.1+","","","","","","Organization: Debian Multimedia Maintainers <debian-multimedia@lists.debian.org>","Copyright (c) Debian contributors","cpe:2.3:a:debian:x265:4.1-2:*:*:*:*:*:*:*","pkg:deb/debian/x265@4.1-2?arch=arm64","cpe:2.3:a:debian:x265:4.1-2:*:*:*:*:*:*:*","pkg:deb/debian/x265@4.1-2?arch=arm64","LIBRARY","debian-target"
"libxau-dev","1:1.0.11-1","","","","","","","Organization: Debian X Strike Force <debian-x@lists.debian.org>","Copyright (c) Debian contributors","cpe:2.3:a:debian:libxau:1:1.0.11-1:*:*:*:*:*:*:*","pkg:deb/debian/libxau@1:1.0.11-1?arch=arm64","cpe:2.3:a:debian:libxau:1:1.0.11-1:*:*:*:*:*:*:*","pkg:deb/debian/libxau@1:1.0.11-1?arch=arm64","LIBRARY","debian-target"
"libxau6","1:1.0.11-1","","","","","","","Organization: Debian X Strike Force <debian-x@lists.debian.org>","Copyright (c) Debian contributors","cpe:2.3:a:debian:libxau:1:1.0.11-1:*:*:*:*:*:*:*","pkg:deb/debian/libxau@1:1.0.11-1?arch=arm64","cpe:2.3:a:debian:libxau:1:1.0.11-1:*:*:*:*:*:*:*","pkg:deb/debian/libxau@1:1.0.11-1?arch=arm64","LIBRARY","debian-target"
"libxaw7","2:1.0.16-1","","","","","","","Organization: Debian X Strike Force <debian-x@lists.debian.org>","Copyright (c) Debian contributors","cpe:2.3:a:debian:libxaw:2:1.0.16-1:*:*:*:*:*:*:*","pkg:deb/debian/libxaw@2:1.0.16-1?arch=arm64","cpe:2.3:a:debian:libxaw:2:1.0.16-1:*:*:*:*:*:*:*","pkg:deb/debian/libxaw@2:1.0.16-1?arch=arm64","LIBRARY","debian-target"
"libxcb-composite0","1.17.0-2+b1","","","","","","","Organization: Debian X Strike Force <debian-x@lists.debian.org>","Copyright (c) Debian contributors","cpe:2.3:a:debian:libxcb (1.17.0-2):1.17.0-2+b1:*:*:*:*:*:*:*","pkg:deb/debian/libxcb (1.17.0-2)@1.17.0-2+b1?arch=arm64","cpe:2.3:a:debian:libxcb (1.17.0-2):1.17.0-2+b1:*:*:*:*:*:*:*","pkg:deb/debian/libxcb (1.17.0-2)@1.17.0-2+b1?arch=arm64","LIBRARY","debian-target"
"libxcb-damage0","1.17.0-2+b1","","","","","","","Organization: Debian X Strike Force <debian-x@lists.debian.org>","Copyright (c) Debian contributors","cpe:2.3:a:debian:libxcb (1.17.0-2):1.17.0-2+b1:*:*:*:*:*:*:*","pkg:deb/debian/libxcb (1.17.0-2)@1.17.0-2+b1?arch=arm64","cpe:2.3:a:debian:libxcb (1.17.0-2):1.17.0-2+b1:*:*:*:*:*:*:*","pkg:deb/debian/libxcb (1.17.0-2)@1.17.0-2+b1?arch=arm64","LIBRARY","debian-target"
"libxcb-dri3-0","1.17.0-2+b1","","","","","","","Organization: Debian X Strike Force <debian-x@lists.debian.org>","Copyright (c) Debian contributors","cpe:2.3:a:debian:libxcb (1.17.0-2):1.17.0-2+b1:*:*:*:*:*:*:*","pkg:deb/debian/libxcb (1.17.0-2)@1.17.0-2+b1?arch=arm64","cpe:2.3:a:debian:libxcb (1.17.0-2):1.17.0-2+b1:*:*:*:*:*:*:*","pkg:deb/debian/libxcb (1.17.0-2)@1.17.0-2+b1?arch=arm64","LIBRARY","debian-target"
"libxcb-glx0","1.17.0-2+b1","","","","","","","Organization: Debian X Strike Force <debian-x@lists.debian.org>","Copyright (c) Debian contributors","cpe:2.3:a:debian:libxcb (1.17.0-2):1.17.0-2+b1:*:*:*:*:*:*:*","pkg:deb/debian/libxcb (1.17.0-2)@1.17.0-2+b1?arch=arm64","cpe:2.3:a:debian:libxcb (1.17.0-2):1.17.0-2+b1:*:*:*:*:*:*:*","pkg:deb/debian/libxcb (1.17.0-2)@1.17.0-2+b1?arch=arm64","LIBRARY","debian-target"
"libxcb-icccm4","0.4.2-1","GPL-2+ | MIT/X Consortium License","","","","","","Organization: Debian X Strike Force <debian-x@lists.debian.org>","Copyright (c) Debian contributors","cpe:2.3:a:debian:xcb-util-wm:0.4.2-1:*:*:*:*:*:*:*","pkg:deb/debian/xcb-util-wm@0.4.2-1?arch=arm64","cpe:2.3:a:debian:xcb-util-wm:0.4.2-1:*:*:*:*:*:*:*","pkg:deb/debian/xcb-util-wm@0.4.2-1?arch=arm64","LIBRARY","debian-target"
"libxcb-image0","0.4.0-2+b2","GPL-2+ | MIT/X11","","","","","","Organization: Debian X Strike Force <debian-x@lists.debian.org>","Copyright (c) Debian contributors","cpe:2.3:a:debian:xcb-util-image (0.4.0-2):0.4.0-2+b2:*:*:*:*:*:*:*","pkg:deb/debian/xcb-util-image (0.4.0-2)@0.4.0-2+b2?arch=arm64","cpe:2.3:a:debian:xcb-util-image (0.4.0-2):0.4.0-2+b2:*:*:*:*:*:*:*","pkg:deb/debian/xcb-util-image (0.4.0-2)@0.4.0-2+b2?arch=arm64","LIBRARY","debian-target"
"libxcb-keysyms1","0.4.1-1","GPL-2+ | MIT/X11","","","","","","Organization: Debian X Strike Force <debian-x@lists.debian.org>","Copyright (c) Debian contributors","cpe:2.3:a:debian:xcb-util-keysyms:0.4.1-1:*:*:*:*:*:*:*","pkg:deb/debian/xcb-util-keysyms@0.4.1-1?arch=arm64","cpe:2.3:a:debian:xcb-util-keysyms:0.4.1-1:*:*:*:*:*:*:*","pkg:deb/debian/xcb-util-keysyms@0.4.1-1?arch=arm64","LIBRARY","debian-target"
"libxcb-present0","1.17.0-2+b1","","","","","","","Organization: Debian X Strike Force <debian-x@lists.debian.org>","Copyright (c) Debian contributors","cpe:2.3:a:debian:libxcb (1.17.0-2):1.17.0-2+b1:*:*:*:*:*:*:*","pkg:deb/debian/libxcb (1.17.0-2)@1.17.0-2+b1?arch=arm64","cpe:2.3:a:debian:libxcb (1.17.0-2):1.17.0-2+b1:*:*:*:*:*:*:*","pkg:deb/debian/libxcb (1.17.0-2)@1.17.0-2+b1?arch=arm64","LIBRARY","debian-target"
"libxcb-randr0","1.17.0-2+b1","","","","","","","Organization: Debian X Strike Force <debian-x@lists.debian.org>","Copyright (c) Debian contributors","cpe:2.3:a:debian:libxcb (1.17.0-2):1.17.0-2+b1:*:*:*:*:*:*:*","pkg:deb/debian/libxcb (1.17.0-2)@1.17.0-2+b1?arch=arm64","cpe:2.3:a:debian:libxcb (1.17.0-2):1.17.0-2+b1:*:*:*:*:*:*:*","pkg:deb/debian/libxcb (1.17.0-2)@1.17.0-2+b1?arch=arm64","LIBRARY","debian-target"
"libxcb-render-util0","0.3.10-1","Expat | GPL-2+","","","","","","Organization: Debian X Strike Force <debian-x@lists.debian.org>","Copyright (c) Debian contributors","cpe:2.3:a:debian:xcb-util-renderutil:0.3.10-1:*:*:*:*:*:*:*","pkg:deb/debian/xcb-util-renderutil@0.3.10-1?arch=arm64","cpe:2.3:a:debian:xcb-util-renderutil:0.3.10-1:*:*:*:*:*:*:*","pkg:deb/debian/xcb-util-renderutil@0.3.10-1?arch=arm64","LIBRARY","debian-target"
"libxcb-render0","1.17.0-2+b1","","","","","","","Organization: Debian X Strike Force <debian-x@lists.debian.org>","Copyright (c) Debian contributors","cpe:2.3:a:debian:libxcb (1.17.0-2):1.17.0-2+b1:*:*:*:*:*:*:*","pkg:deb/debian/libxcb (1.17.0-2)@1.17.0-2+b1?arch=arm64","cpe:2.3:a:debian:libxcb (1.17.0-2):1.17.0-2+b1:*:*:*:*:*:*:*","pkg:deb/debian/libxcb (1.17.0-2)@1.17.0-2+b1?arch=arm64","LIBRARY","debian-target"
"libxcb-render0-dev","1.17.0-2+b1","","","","","","","Organization: Debian X Strike Force <debian-x@lists.debian.org>","Copyright (c) Debian contributors","cpe:2.3:a:debian:libxcb (1.17.0-2):1.17.0-2+b1:*:*:*:*:*:*:*","pkg:deb/debian/libxcb (1.17.0-2)@1.17.0-2+b1?arch=arm64","cpe:2.3:a:debian:libxcb (1.17.0-2):1.17.0-2+b1:*:*:*:*:*:*:*","pkg:deb/debian/libxcb (1.17.0-2)@1.17.0-2+b1?arch=arm64","LIBRARY","debian-target"
"libxcb-res0","1.17.0-2+b1","","","","","","","Organization: Debian X Strike Force <debian-x@lists.debian.org>","Copyright (c) Debian contributors","cpe:2.3:a:debian:libxcb (1.17.0-2):1.17.0-2+b1:*:*:*:*:*:*:*","pkg:deb/debian/libxcb (1.17.0-2)@1.17.0-2+b1?arch=arm64","cpe:2.3:a:debian:libxcb (1.17.0-2):1.17.0-2+b1:*:*:*:*:*:*:*","pkg:deb/debian/libxcb (1.17.0-2)@1.17.0-2+b1?arch=arm64","LIBRARY","debian-target"
"libxcb-shape0","1.17.0-2+b1","","","","","","","Organization: Debian X Strike Force <debian-x@lists.debian.org>","Copyright (c) Debian contributors","cpe:2.3:a:debian:libxcb (1.17.0-2):1.17.0-2+b1:*:*:*:*:*:*:*","pkg:deb/debian/libxcb (1.17.0-2)@1.17.0-2+b1?arch=arm64","cpe:2.3:a:debian:libxcb (1.17.0-2):1.17.0-2+b1:*:*:*:*:*:*:*","pkg:deb/debian/libxcb (1.17.0-2)@1.17.0-2+b1?arch=arm64","LIBRARY","debian-target"
"libxcb-shm0","1.17.0-2+b1","","","","","","","Organization: Debian X Strike Force <debian-x@lists.debian.org>","Copyright (c) Debian contributors","cpe:2.3:a:debian:libxcb (1.17.0-2):1.17.0-2+b1:*:*:*:*:*:*:*","pkg:deb/debian/libxcb (1.17.0-2)@1.17.0-2+b1?arch=arm64","cpe:2.3:a:debian:libxcb (1.17.0-2):1.17.0-2+b1:*:*:*:*:*:*:*","pkg:deb/debian/libxcb (1.17.0-2)@1.17.0-2+b1?arch=arm64","LIBRARY","debian-target"
"libxcb-shm0-dev","1.17.0-2+b1","","","","","","","Organization: Debian X Strike Force <debian-x@lists.debian.org>","Copyright (c) Debian contributors","cpe:2.3:a:debian:libxcb (1.17.0-2):1.17.0-2+b1:*:*:*:*:*:*:*","pkg:deb/debian/libxcb (1.17.0-2)@1.17.0-2+b1?arch=arm64","cpe:2.3:a:debian:libxcb (1.17.0-2):1.17.0-2+b1:*:*:*:*:*:*:*","pkg:deb/debian/libxcb (1.17.0-2)@1.17.0-2+b1?arch=arm64","LIBRARY","debian-target"
"libxcb-sync1","1.17.0-2+b1","","","","","","","Organization: Debian X Strike Force <debian-x@lists.debian.org>","Copyright (c) Debian contributors","cpe:2.3:a:debian:libxcb (1.17.0-2):1.17.0-2+b1:*:*:*:*:*:*:*","pkg:deb/debian/libxcb (1.17.0-2)@1.17.0-2+b1?arch=arm64","cpe:2.3:a:debian:libxcb (1.17.0-2):1.17.0-2+b1:*:*:*:*:*:*:*","pkg:deb/debian/libxcb (1.17.0-2)@1.17.0-2+b1?arch=arm64","LIBRARY","debian-target"
"libxcb-util1","0.4.1-1","GPL-2+ | MIT","","","","","","Organization: Debian X Strike Force <debian-x@lists.debian.org>","Copyright (c) Debian contributors","cpe:2.3:a:debian:xcb-util:0.4.1-1:*:*:*:*:*:*:*","pkg:deb/debian/xcb-util@0.4.1-1?arch=arm64","cpe:2.3:a:debian:xcb-util:0.4.1-1:*:*:*:*:*:*:*","pkg:deb/debian/xcb-util@0.4.1-1?arch=arm64","LIBRARY","debian-target"
"libxcb-xfixes0","1.17.0-2+b1","","","","","","","Organization: Debian X Strike Force <debian-x@lists.debian.org>","Copyright (c) Debian contributors","cpe:2.3:a:debian:libxcb (1.17.0-2):1.17.0-2+b1:*:*:*:*:*:*:*","pkg:deb/debian/libxcb (1.17.0-2)@1.17.0-2+b1?arch=arm64","cpe:2.3:a:debian:libxcb (1.17.0-2):1.17.0-2+b1:*:*:*:*:*:*:*","pkg:deb/debian/libxcb (1.17.0-2)@1.17.0-2+b1?arch=arm64","LIBRARY","debian-target"
"libxcb-xinerama0","1.17.0-2+b1","","","","","","","Organization: Debian X Strike Force <debian-x@lists.debian.org>","Copyright (c) Debian contributors","cpe:2.3:a:debian:libxcb (1.17.0-2):1.17.0-2+b1:*:*:*:*:*:*:*","pkg:deb/debian/libxcb (1.17.0-2)@1.17.0-2+b1?arch=arm64","cpe:2.3:a:debian:libxcb (1.17.0-2):1.17.0-2+b1:*:*:*:*:*:*:*","pkg:deb/debian/libxcb (1.17.0-2)@1.17.0-2+b1?arch=arm64","LIBRARY","debian-target"
"libxcb-xinput0","1.17.0-2+b1","","","","","","","Organization: Debian X Strike Force <debian-x@lists.debian.org>","Copyright (c) Debian contributors","cpe:2.3:a:debian:libxcb (1.17.0-2):1.17.0-2+b1:*:*:*:*:*:*:*","pkg:deb/debian/libxcb (1.17.0-2)@1.17.0-2+b1?arch=arm64","cpe:2.3:a:debian:libxcb (1.17.0-2):1.17.0-2+b1:*:*:*:*:*:*:*","pkg:deb/debian/libxcb (1.17.0-2)@1.17.0-2+b1?arch=arm64","LIBRARY","debian-target"
"libxcb-xkb1","1.17.0-2+b1","","","","","","","Organization: Debian X Strike Force <debian-x@lists.debian.org>","Copyright (c) Debian contributors","cpe:2.3:a:debian:libxcb (1.17.0-2):1.17.0-2+b1:*:*:*:*:*:*:*","pkg:deb/debian/libxcb (1.17.0-2)@1.17.0-2+b1?arch=arm64","cpe:2.3:a:debian:libxcb (1.17.0-2):1.17.0-2+b1:*:*:*:*:*:*:*","pkg:deb/debian/libxcb (1.17.0-2)@1.17.0-2+b1?arch=arm64","LIBRARY","debian-target"
"libxcb1","1.17.0-2+b1","","","","","","","Organization: Debian X Strike Force <debian-x@lists.debian.org>","Copyright (c) Debian contributors","cpe:2.3:a:debian:libxcb (1.17.0-2):1.17.0-2+b1:*:*:*:*:*:*:*","pkg:deb/debian/libxcb (1.17.0-2)@1.17.0-2+b1?arch=arm64","cpe:2.3:a:debian:libxcb (1.17.0-2):1.17.0-2+b1:*:*:*:*:*:*:*","pkg:deb/debian/libxcb (1.17.0-2)@1.17.0-2+b1?arch=arm64","LIBRARY","debian-target"
"libxcb1-dev","1.17.0-2+b1","","","","","","","Organization: Debian X Strike Force <debian-x@lists.debian.org>","Copyright (c) Debian contributors","cpe:2.3:a:debian:libxcb (1.17.0-2):1.17.0-2+b1:*:*:*:*:*:*:*","pkg:deb/debian/libxcb (1.17.0-2)@1.17.0-2+b1?arch=arm64","cpe:2.3:a:debian:libxcb (1.17.0-2):1.17.0-2+b1:*:*:*:*:*:*:*","pkg:deb/debian/libxcb (1.17.0-2)@1.17.0-2+b1?arch=arm64","LIBRARY","debian-target"
"libxcomposite-dev","1:0.4.6-1","","","","","","","Organization: Debian X Strike Force <debian-x@lists.debian.org>","Copyright (c) Debian contributors","cpe:2.3:a:debian:libxcomposite:1:0.4.6-1:*:*:*:*:*:*:*","pkg:deb/debian/libxcomposite@1:0.4.6-1?arch=arm64","cpe:2.3:a:debian:libxcomposite:1:0.4.6-1:*:*:*:*:*:*:*","pkg:deb/debian/libxcomposite@1:0.4.6-1?arch=arm64","LIBRARY","debian-target"
"libxcomposite1","1:0.4.6-1","","","","","","","Organization: Debian X Strike Force <debian-x@lists.debian.org>","Copyright (c) Debian contributors","cpe:2.3:a:debian:libxcomposite:1:0.4.6-1:*:*:*:*:*:*:*","pkg:deb/debian/libxcomposite@1:0.4.6-1?arch=arm64","cpe:2.3:a:debian:libxcomposite:1:0.4.6-1:*:*:*:*:*:*:*","pkg:deb/debian/libxcomposite@1:0.4.6-1?arch=arm64","LIBRARY","debian-target"
"libxcursor-dev","1:1.2.3-1","","","","","","","Organization: Debian X Strike Force <debian-x@lists.debian.org>","Copyright (c) Debian contributors","cpe:2.3:a:debian:libxcursor:1:1.2.3-1:*:*:*:*:*:*:*","pkg:deb/debian/libxcursor@1:1.2.3-1?arch=arm64","cpe:2.3:a:debian:libxcursor:1:1.2.3-1:*:*:*:*:*:*:*","pkg:deb/debian/libxcursor@1:1.2.3-1?arch=arm64","LIBRARY","debian-target"
"libxcursor1","1:1.2.3-1","","","","","","","Organization: Debian X Strike Force <debian-x@lists.debian.org>","Copyright (c) Debian contributors","cpe:2.3:a:debian:libxcursor:1:1.2.3-1:*:*:*:*:*:*:*","pkg:deb/debian/libxcursor@1:1.2.3-1?arch=arm64","cpe:2.3:a:debian:libxcursor:1:1.2.3-1:*:*:*:*:*:*:*","pkg:deb/debian/libxcursor@1:1.2.3-1?arch=arm64","LIBRARY","debian-target"
"libxcvt0","0.1.3-1","MIT | NTP","","","","","","Organization: Debian X Strike Force <debian-x@lists.debian.org>","Copyright (c) Debian contributors","cpe:2.3:a:debian:libxcvt:0.1.3-1:*:*:*:*:*:*:*","pkg:deb/debian/libxcvt@0.1.3-1?arch=arm64","cpe:2.3:a:debian:libxcvt:0.1.3-1:*:*:*:*:*:*:*","pkg:deb/debian/libxcvt@0.1.3-1?arch=arm64","LIBRARY","debian-target"
"libxdamage-dev","1:1.1.6-1+b2","","","","","","","Organization: Debian X Strike Force <debian-x@lists.debian.org>","Copyright (c) Debian contributors","cpe:2.3:a:debian:libxdamage (1:1.1.6-1):1:1.1.6-1+b2:*:*:*:*:*:*:*","pkg:deb/debian/libxdamage (1:1.1.6-1)@1:1.1.6-1+b2?arch=arm64","cpe:2.3:a:debian:libxdamage (1:1.1.6-1):1:1.1.6-1+b2:*:*:*:*:*:*:*","pkg:deb/debian/libxdamage (1:1.1.6-1)@1:1.1.6-1+b2?arch=arm64","LIBRARY","debian-target"
"libxdamage1","1:1.1.6-1+b2","","","","","","","Organization: Debian X Strike Force <debian-x@lists.debian.org>","Copyright (c) Debian contributors","cpe:2.3:a:debian:libxdamage (1:1.1.6-1):1:1.1.6-1+b2:*:*:*:*:*:*:*","pkg:deb/debian/libxdamage (1:1.1.6-1)@1:1.1.6-1+b2?arch=arm64","cpe:2.3:a:debian:libxdamage (1:1.1.6-1):1:1.1.6-1+b2:*:*:*:*:*:*:*","pkg:deb/debian/libxdamage (1:1.1.6-1)@1:1.1.6-1+b2?arch=arm64","LIBRARY","debian-target"
"libxdmcp-dev","1:1.1.5-1","","","","","","","Organization: Debian X Strike Force <debian-x@lists.debian.org>","Copyright (c) Debian contributors","cpe:2.3:a:debian:libxdmcp:1:1.1.5-1:*:*:*:*:*:*:*","pkg:deb/debian/libxdmcp@1:1.1.5-1?arch=arm64","cpe:2.3:a:debian:libxdmcp:1:1.1.5-1:*:*:*:*:*:*:*","pkg:deb/debian/libxdmcp@1:1.1.5-1?arch=arm64","LIBRARY","debian-target"
"libxdmcp6","1:1.1.5-1","","","","","","","Organization: Debian X Strike Force <debian-x@lists.debian.org>","Copyright (c) Debian contributors","cpe:2.3:a:debian:libxdmcp:1:1.1.5-1:*:*:*:*:*:*:*","pkg:deb/debian/libxdmcp@1:1.1.5-1?arch=arm64","cpe:2.3:a:debian:libxdmcp:1:1.1.5-1:*:*:*:*:*:*:*","pkg:deb/debian/libxdmcp@1:1.1.5-1?arch=arm64","LIBRARY","debian-target"
"libxerces-c3.2t64","3.2.4+debian-1.3+b2","Apache-2.0 | GPL-2+ with Autoconf exception | GPL-2+ with Libtool exception | GPL-3+ with Autoconf exception | X11-install-sh | permissive-configure | permissive-fsf | xerces-Apache-2.0","","","","","","Organization: William Blough <bblough@debian.org>","Copyright (c) Debian contributors","cpe:2.3:a:debian:xerces-c (3.2.4+debian-1.3):3.2.4+debian-1.3+b2:*:*:*:*:*:*:*","pkg:deb/debian/xerces-c (3.2.4+debian-1.3)@3.2.4+debian-1.3+b2?arch=arm64","cpe:2.3:a:debian:xerces-c (3.2.4+debian-1.3):3.2.4+debian-1.3+b2:*:*:*:*:*:*:*","pkg:deb/debian/xerces-c (3.2.4+debian-1.3)@3.2.4+debian-1.3+b2?arch=arm64","LIBRARY","debian-target"
"libxext-dev","2:1.3.4-1+b3","","","","","","","Organization: Debian X Strike Force <debian-x@lists.debian.org>","Copyright (c) Debian contributors","cpe:2.3:a:debian:libxext (2:1.3.4-1):2:1.3.4-1+b3:*:*:*:*:*:*:*","pkg:deb/debian/libxext (2:1.3.4-1)@2:1.3.4-1+b3?arch=arm64","cpe:2.3:a:debian:libxext (2:1.3.4-1):2:1.3.4-1+b3:*:*:*:*:*:*:*","pkg:deb/debian/libxext (2:1.3.4-1)@2:1.3.4-1+b3?arch=arm64","LIBRARY","debian-target"
"libxext6","2:1.3.4-1+b3","","","","","","","Organization: Debian X Strike Force <debian-x@lists.debian.org>","Copyright (c) Debian contributors","cpe:2.3:a:debian:libxext (2:1.3.4-1):2:1.3.4-1+b3:*:*:*:*:*:*:*","pkg:deb/debian/libxext (2:1.3.4-1)@2:1.3.4-1+b3?arch=arm64","cpe:2.3:a:debian:libxext (2:1.3.4-1):2:1.3.4-1+b3:*:*:*:*:*:*:*","pkg:deb/debian/libxext (2:1.3.4-1)@2:1.3.4-1+b3?arch=arm64","LIBRARY","debian-target"
"libxfixes-dev","1:6.0.0-2+b4","","","","","","","Organization: Debian X Strike Force <debian-x@lists.debian.org>","Copyright (c) Debian contributors","cpe:2.3:a:debian:libxfixes (1:6.0.0-2):1:6.0.0-2+b4:*:*:*:*:*:*:*","pkg:deb/debian/libxfixes (1:6.0.0-2)@1:6.0.0-2+b4?arch=arm64","cpe:2.3:a:debian:libxfixes (1:6.0.0-2):1:6.0.0-2+b4:*:*:*:*:*:*:*","pkg:deb/debian/libxfixes (1:6.0.0-2)@1:6.0.0-2+b4?arch=arm64","LIBRARY","debian-target"
"libxfixes3","1:6.0.0-2+b4","","","","","","","Organization: Debian X Strike Force <debian-x@lists.debian.org>","Copyright (c) Debian contributors","cpe:2.3:a:debian:libxfixes (1:6.0.0-2):1:6.0.0-2+b4:*:*:*:*:*:*:*","pkg:deb/debian/libxfixes (1:6.0.0-2)@1:6.0.0-2+b4?arch=arm64","cpe:2.3:a:debian:libxfixes (1:6.0.0-2):1:6.0.0-2+b4:*:*:*:*:*:*:*","pkg:deb/debian/libxfixes (1:6.0.0-2)@1:6.0.0-2+b4?arch=arm64","LIBRARY","debian-target"
"libxfont2","1:2.0.6-1+b3","","","","","","","Organization: Debian X Strike Force <debian-x@lists.debian.org>","Copyright (c) Debian contributors","cpe:2.3:a:debian:libxfont (1:2.0.6-1):1:2.0.6-1+b3:*:*:*:*:*:*:*","pkg:deb/debian/libxfont (1:2.0.6-1)@1:2.0.6-1+b3?arch=arm64","cpe:2.3:a:debian:libxfont (1:2.0.6-1):1:2.0.6-1+b3:*:*:*:*:*:*:*","pkg:deb/debian/libxfont (1:2.0.6-1)@1:2.0.6-1+b3?arch=arm64","LIBRARY","debian-target"
"libxft-dev","2.3.6-1+b4","","","","","","","Organization: Debian X Strike Force <debian-x@lists.debian.org>","Copyright (c) Debian contributors","cpe:2.3:a:debian:xft (2.3.6-1):2.3.6-1+b4:*:*:*:*:*:*:*","pkg:deb/debian/xft (2.3.6-1)@2.3.6-1+b4?arch=arm64","cpe:2.3:a:debian:xft (2.3.6-1):2.3.6-1+b4:*:*:*:*:*:*:*","pkg:deb/debian/xft (2.3.6-1)@2.3.6-1+b4?arch=arm64","LIBRARY","debian-target"
"libxft2","2.3.6-1+b4","","","","","","","Organization: Debian X Strike Force <debian-x@lists.debian.org>","Copyright (c) Debian contributors","cpe:2.3:a:debian:xft (2.3.6-1):2.3.6-1+b4:*:*:*:*:*:*:*","pkg:deb/debian/xft (2.3.6-1)@2.3.6-1+b4?arch=arm64","cpe:2.3:a:debian:xft (2.3.6-1):2.3.6-1+b4:*:*:*:*:*:*:*","pkg:deb/debian/xft (2.3.6-1)@2.3.6-1+b4?arch=arm64","LIBRARY","debian-target"
"libxi-dev","2:1.8.2-1","","","","","","","Organization: Debian X Strike Force <debian-x@lists.debian.org>","Copyright (c) Debian contributors","cpe:2.3:a:debian:libxi:2:1.8.2-1:*:*:*:*:*:*:*","pkg:deb/debian/libxi@2:1.8.2-1?arch=arm64","cpe:2.3:a:debian:libxi:2:1.8.2-1:*:*:*:*:*:*:*","pkg:deb/debian/libxi@2:1.8.2-1?arch=arm64","LIBRARY","debian-target"
"libxi6","2:1.8.2-1","","","","","","","Organization: Debian X Strike Force <debian-x@lists.debian.org>","Copyright (c) Debian contributors","cpe:2.3:a:debian:libxi:2:1.8.2-1:*:*:*:*:*:*:*","pkg:deb/debian/libxi@2:1.8.2-1?arch=arm64","cpe:2.3:a:debian:libxi:2:1.8.2-1:*:*:*:*:*:*:*","pkg:deb/debian/libxi@2:1.8.2-1?arch=arm64","LIBRARY","debian-target"
"libxinerama-dev","2:1.1.4-3+b4","","","","","","","Organization: Debian X Strike Force <debian-x@lists.debian.org>","Copyright (c) Debian contributors","cpe:2.3:a:debian:libxinerama (2:1.1.4-3):2:1.1.4-3+b4:*:*:*:*:*:*:*","pkg:deb/debian/libxinerama (2:1.1.4-3)@2:1.1.4-3+b4?arch=arm64","cpe:2.3:a:debian:libxinerama (2:1.1.4-3):2:1.1.4-3+b4:*:*:*:*:*:*:*","pkg:deb/debian/libxinerama (2:1.1.4-3)@2:1.1.4-3+b4?arch=arm64","LIBRARY","debian-target"
"libxinerama1","2:1.1.4-3+b4","","","","","","","Organization: Debian X Strike Force <debian-x@lists.debian.org>","Copyright (c) Debian contributors","cpe:2.3:a:debian:libxinerama (2:1.1.4-3):2:1.1.4-3+b4:*:*:*:*:*:*:*","pkg:deb/debian/libxinerama (2:1.1.4-3)@2:1.1.4-3+b4?arch=arm64","cpe:2.3:a:debian:libxinerama (2:1.1.4-3):2:1.1.4-3+b4:*:*:*:*:*:*:*","pkg:deb/debian/libxinerama (2:1.1.4-3)@2:1.1.4-3+b4?arch=arm64","LIBRARY","debian-target"
"libxkbcommon-dev","1.7.0-2","","","","","","","Organization: Debian X Strike Force <debian-x@lists.debian.org>","Copyright (c) Debian contributors","cpe:2.3:a:debian:libxkbcommon:1.7.0-2:*:*:*:*:*:*:*","pkg:deb/debian/libxkbcommon@1.7.0-2?arch=arm64","cpe:2.3:a:debian:libxkbcommon:1.7.0-2:*:*:*:*:*:*:*","pkg:deb/debian/libxkbcommon@1.7.0-2?arch=arm64","LIBRARY","debian-target"
"libxkbcommon-x11-0","1.7.0-2","","","","","","","Organization: Debian X Strike Force <debian-x@lists.debian.org>","Copyright (c) Debian contributors","cpe:2.3:a:debian:libxkbcommon:1.7.0-2:*:*:*:*:*:*:*","pkg:deb/debian/libxkbcommon@1.7.0-2?arch=arm64","cpe:2.3:a:debian:libxkbcommon:1.7.0-2:*:*:*:*:*:*:*","pkg:deb/debian/libxkbcommon@1.7.0-2?arch=arm64","LIBRARY","debian-target"
"libxkbcommon0","1.7.0-2","","","","","","","Organization: Debian X Strike Force <debian-x@lists.debian.org>","Copyright (c) Debian contributors","cpe:2.3:a:debian:libxkbcommon:1.7.0-2:*:*:*:*:*:*:*","pkg:deb/debian/libxkbcommon@1.7.0-2?arch=arm64","cpe:2.3:a:debian:libxkbcommon:1.7.0-2:*:*:*:*:*:*:*","pkg:deb/debian/libxkbcommon@1.7.0-2?arch=arm64","LIBRARY","debian-target"
"libxkbfile1","1:1.1.0-1+b4","","","","","","","Organization: Debian X Strike Force <debian-x@lists.debian.org>","Copyright (c) Debian contributors","cpe:2.3:a:debian:libxkbfile (1:1.1.0-1):1:1.1.0-1+b4:*:*:*:*:*:*:*","pkg:deb/debian/libxkbfile (1:1.1.0-1)@1:1.1.0-1+b4?arch=arm64","cpe:2.3:a:debian:libxkbfile (1:1.1.0-1):1:1.1.0-1+b4:*:*:*:*:*:*:*","pkg:deb/debian/libxkbfile (1:1.1.0-1)@1:1.1.0-1+b4?arch=arm64","LIBRARY","debian-target"
"libxkbregistry0","1.7.0-2","","","","","","","Organization: Debian X Strike Force <debian-x@lists.debian.org>","Copyright (c) Debian contributors","cpe:2.3:a:debian:libxkbcommon:1.7.0-2:*:*:*:*:*:*:*","pkg:deb/debian/libxkbcommon@1.7.0-2?arch=arm64","cpe:2.3:a:debian:libxkbcommon:1.7.0-2:*:*:*:*:*:*:*","pkg:deb/debian/libxkbcommon@1.7.0-2?arch=arm64","LIBRARY","debian-target"
"libxml++2.6-2v5","2.42.3-2","GPL-2+ | LGPL-2.1+","","","","","","Organization: Debian GNOME Maintainers <pkg-gnome-maintainers@lists.alioth.debian.org>","Copyright (c) Debian contributors","cpe:2.3:a:debian:libxml++2.6:2.42.3-2:*:*:*:*:*:*:*","pkg:deb/debian/libxml++2.6@2.42.3-2?arch=arm64","cpe:2.3:a:debian:libxml++2.6:2.42.3-2:*:*:*:*:*:*:*","pkg:deb/debian/libxml++2.6@2.42.3-2?arch=arm64","LIBRARY","debian-target"
"libxml-parser-perl","2.47-2~deb13u1","Artistic | Artistic or GPL-1+ | GPL-1+","","","","","","Organization: Debian Perl Group <pkg-perl-maintainers@lists.alioth.debian.org>","Copyright (c) Debian contributors","cpe:2.3:a:debian:libxml-parser-perl:2.47-2~deb13u1:*:*:*:*:*:*:*","pkg:deb/debian/libxml-parser-perl@2.47-2~deb13u1?arch=arm64","cpe:2.3:a:debian:libxml-parser-perl:2.47-2~deb13u1:*:*:*:*:*:*:*","pkg:deb/debian/libxml-parser-perl@2.47-2~deb13u1?arch=arm64","APPLICATION","debian-target"
"libxml-twig-perl","1:3.52-3","Artistic | Artistic or GPL-1+ | Artistic or GPL-2+ | GPL-1+ | GPL-2 | GPL-2+","","","","","","Organization: Debian Perl Group <pkg-perl-maintainers@lists.alioth.debian.org>","Copyright (c) Debian contributors","cpe:2.3:a:debian:libxml-twig-perl:1:3.52-3:*:*:*:*:*:*:*","pkg:deb/debian/libxml-twig-perl@1:3.52-3?arch=all","cpe:2.3:a:debian:libxml-twig-perl:1:3.52-3:*:*:*:*:*:*:*","pkg:deb/debian/libxml-twig-perl@1:3.52-3?arch=all","APPLICATION","debian-target"
"libxml2","2.12.7+dfsg+really2.9.14-2.1+deb13u2","ISC | MIT-1","","","","","","Organization: Debian XML/SGML Group <debian-xml-sgml-pkgs@lists.alioth.debian.org>","Copyright (c) Debian contributors","cpe:2.3:a:debian:libxml2:2.12.7+dfsg+really2.9.14-2.1+deb13u2:*:*:*:*:*:*:*","pkg:deb/debian/libxml2@2.12.7+dfsg+really2.9.14-2.1+deb13u2?arch=arm64","cpe:2.3:a:debian:libxml2:2.12.7+dfsg+really2.9.14-2.1+deb13u2:*:*:*:*:*:*:*","pkg:deb/debian/libxml2@2.12.7+dfsg+really2.9.14-2.1+deb13u2?arch=arm64","LIBRARY","debian-target"
"libxml2-dev","2.12.7+dfsg+really2.9.14-2.1+deb13u2","ISC | MIT-1","","","","","","Organization: Debian XML/SGML Group <debian-xml-sgml-pkgs@lists.alioth.debian.org>","Copyright (c) Debian contributors","cpe:2.3:a:debian:libxml2:2.12.7+dfsg+really2.9.14-2.1+deb13u2:*:*:*:*:*:*:*","pkg:deb/debian/libxml2@2.12.7+dfsg+really2.9.14-2.1+deb13u2?arch=arm64","cpe:2.3:a:debian:libxml2:2.12.7+dfsg+really2.9.14-2.1+deb13u2:*:*:*:*:*:*:*","pkg:deb/debian/libxml2@2.12.7+dfsg+really2.9.14-2.1+deb13u2?arch=arm64","LIBRARY","debian-target"
"libxml2-utils","2.12.7+dfsg+really2.9.14-2.1+deb13u2","ISC | MIT-1","","","","","","Organization: Debian XML/SGML Group <debian-xml-sgml-pkgs@lists.alioth.debian.org>","Copyright (c) Debian contributors","cpe:2.3:a:debian:libxml2:2.12.7+dfsg+really2.9.14-2.1+deb13u2:*:*:*:*:*:*:*","pkg:deb/debian/libxml2@2.12.7+dfsg+really2.9.14-2.1+deb13u2?arch=arm64","cpe:2.3:a:debian:libxml2:2.12.7+dfsg+really2.9.14-2.1+deb13u2:*:*:*:*:*:*:*","pkg:deb/debian/libxml2@2.12.7+dfsg+really2.9.14-2.1+deb13u2?arch=arm64","APPLICATION","debian-target"
"libxmlb2","0.3.22-1","CC0-1.0 | LGPL-2.1+","","","","","","Organization: Debian EFI team <debian-efi@lists.debian.org>","Copyright (c) Debian contributors","cpe:2.3:a:debian:libxmlb:0.3.22-1:*:*:*:*:*:*:*","pkg:deb/debian/libxmlb@0.3.22-1?arch=arm64","cpe:2.3:a:debian:libxmlb:0.3.22-1:*:*:*:*:*:*:*","pkg:deb/debian/libxmlb@0.3.22-1?arch=arm64","LIBRARY","debian-target"
"libxmu6","2:1.1.3-3+b4","","","","","","","Organization: Debian X Strike Force <debian-x@lists.debian.org>","Copyright (c) Debian contributors","cpe:2.3:a:debian:libxmu (2:1.1.3-3):2:1.1.3-3+b4:*:*:*:*:*:*:*","pkg:deb/debian/libxmu (2:1.1.3-3)@2:1.1.3-3+b4?arch=arm64","cpe:2.3:a:debian:libxmu (2:1.1.3-3):2:1.1.3-3+b4:*:*:*:*:*:*:*","pkg:deb/debian/libxmu (2:1.1.3-3)@2:1.1.3-3+b4?arch=arm64","LIBRARY","debian-target"
"libxmuu1","2:1.1.3-3+b4","","","","","","","Organization: Debian X Strike Force <debian-x@lists.debian.org>","Copyright (c) Debian contributors","cpe:2.3:a:debian:libxmu (2:1.1.3-3):2:1.1.3-3+b4:*:*:*:*:*:*:*","pkg:deb/debian/libxmu (2:1.1.3-3)@2:1.1.3-3+b4?arch=arm64","cpe:2.3:a:debian:libxmu (2:1.1.3-3):2:1.1.3-3+b4:*:*:*:*:*:*:*","pkg:deb/debian/libxmu (2:1.1.3-3)@2:1.1.3-3+b4?arch=arm64","LIBRARY","debian-target"
"libxnnpack0.20241108","0.0~git20241108.4ea82e5-2","BSD-3-Clause | Expat","","","","","","Organization: Debian Deep Learning Team <debian-ai@lists.debian.org>","Copyright (c) Debian contributors","cpe:2.3:a:debian:xnnpack:0.0~git20241108.4ea82e5-2:*:*:*:*:*:*:*","pkg:deb/debian/xnnpack@0.0~git20241108.4ea82e5-2?arch=arm64","cpe:2.3:a:debian:xnnpack:0.0~git20241108.4ea82e5-2:*:*:*:*:*:*:*","pkg:deb/debian/xnnpack@0.0~git20241108.4ea82e5-2?arch=arm64","LIBRARY","debian-target"
"libxnvctrl0","535.171.04-1+b2","Expat | Expat-Precision | Expat-RedHat | GPL-2 | other-MetroLink | other-MetroLink and other-XFree | other-XFree","","","","","","Organization: Debian NVIDIA Maintainers <pkg-nvidia-devel@lists.alioth.debian.org>","Copyright (c) Debian contributors","cpe:2.3:a:debian:libxnvctrl (535.171.04-1):535.171.04-1+b2:*:*:*:*:*:*:*","pkg:deb/debian/libxnvctrl (535.171.04-1)@535.171.04-1+b2?arch=arm64","cpe:2.3:a:debian:libxnvctrl (535.171.04-1):535.171.04-1+b2:*:*:*:*:*:*:*","pkg:deb/debian/libxnvctrl (535.171.04-1)@535.171.04-1+b2?arch=arm64","LIBRARY","debian-target"
"libxpm4","1:3.5.17-1+b3","","","","","","","Organization: Debian X Strike Force <debian-x@lists.debian.org>","Copyright (c) Debian contributors","cpe:2.3:a:debian:libxpm (1:3.5.17-1):1:3.5.17-1+b3:*:*:*:*:*:*:*","pkg:deb/debian/libxpm (1:3.5.17-1)@1:3.5.17-1+b3?arch=arm64","cpe:2.3:a:debian:libxpm (1:3.5.17-1):1:3.5.17-1+b3:*:*:*:*:*:*:*","pkg:deb/debian/libxpm (1:3.5.17-1)@1:3.5.17-1+b3?arch=arm64","LIBRARY","debian-target"
"libxrandr-dev","2:1.5.4-1+b3","","","","","","","Organization: Debian X Strike Force <debian-x@lists.debian.org>","Copyright (c) Debian contributors","cpe:2.3:a:debian:libxrandr (2:1.5.4-1):2:1.5.4-1+b3:*:*:*:*:*:*:*","pkg:deb/debian/libxrandr (2:1.5.4-1)@2:1.5.4-1+b3?arch=arm64","cpe:2.3:a:debian:libxrandr (2:1.5.4-1):2:1.5.4-1+b3:*:*:*:*:*:*:*","pkg:deb/debian/libxrandr (2:1.5.4-1)@2:1.5.4-1+b3?arch=arm64","LIBRARY","debian-target"
"libxrandr2","2:1.5.4-1+b3","","","","","","","Organization: Debian X Strike Force <debian-x@lists.debian.org>","Copyright (c) Debian contributors","cpe:2.3:a:debian:libxrandr (2:1.5.4-1):2:1.5.4-1+b3:*:*:*:*:*:*:*","pkg:deb/debian/libxrandr (2:1.5.4-1)@2:1.5.4-1+b3?arch=arm64","cpe:2.3:a:debian:libxrandr (2:1.5.4-1):2:1.5.4-1+b3:*:*:*:*:*:*:*","pkg:deb/debian/libxrandr (2:1.5.4-1)@2:1.5.4-1+b3?arch=arm64","LIBRARY","debian-target"
"libxrender-dev","1:0.9.12-1","","","","","","","Organization: Debian X Strike Force <debian-x@lists.debian.org>","Copyright (c) Debian contributors","cpe:2.3:a:debian:libxrender:1:0.9.12-1:*:*:*:*:*:*:*","pkg:deb/debian/libxrender@1:0.9.12-1?arch=arm64","cpe:2.3:a:debian:libxrender:1:0.9.12-1:*:*:*:*:*:*:*","pkg:deb/debian/libxrender@1:0.9.12-1?arch=arm64","LIBRARY","debian-target"
"libxrender1","1:0.9.12-1","","","","","","","Organization: Debian X Strike Force <debian-x@lists.debian.org>","Copyright (c) Debian contributors","cpe:2.3:a:debian:libxrender:1:0.9.12-1:*:*:*:*:*:*:*","pkg:deb/debian/libxrender@1:0.9.12-1?arch=arm64","cpe:2.3:a:debian:libxrender:1:0.9.12-1:*:*:*:*:*:*:*","pkg:deb/debian/libxrender@1:0.9.12-1?arch=arm64","LIBRARY","debian-target"
"libxres1","2:1.2.1-1+b2","","","","","","","Organization: Debian X Strike Force <debian-x@lists.debian.org>","Copyright (c) Debian contributors","cpe:2.3:a:debian:libxres (2:1.2.1-1):2:1.2.1-1+b2:*:*:*:*:*:*:*","pkg:deb/debian/libxres (2:1.2.1-1)@2:1.2.1-1+b2?arch=arm64","cpe:2.3:a:debian:libxres (2:1.2.1-1):2:1.2.1-1+b2:*:*:*:*:*:*:*","pkg:deb/debian/libxres (2:1.2.1-1)@2:1.2.1-1+b2?arch=arm64","LIBRARY","debian-target"
"libxshmfence1","1.3.3-1","","","","","","","Organization: Debian X Strike Force <debian-x@lists.debian.org>","Copyright (c) Debian contributors","cpe:2.3:a:debian:libxshmfence:1.3.3-1:*:*:*:*:*:*:*","pkg:deb/debian/libxshmfence@1.3.3-1?arch=arm64","cpe:2.3:a:debian:libxshmfence:1.3.3-1:*:*:*:*:*:*:*","pkg:deb/debian/libxshmfence@1.3.3-1?arch=arm64","LIBRARY","debian-target"
"libxslt1.1","1.1.35-1.2+deb13u3","","","","","","","Organization: Debian XML/SGML Group <debian-xml-sgml-pkgs@lists.alioth.debian.org>","Copyright (c) Debian contributors","cpe:2.3:a:debian:libxslt:1.1.35-1.2+deb13u3:*:*:*:*:*:*:*","pkg:deb/debian/libxslt@1.1.35-1.2+deb13u3?arch=arm64","cpe:2.3:a:debian:libxslt:1.1.35-1.2+deb13u3:*:*:*:*:*:*:*","pkg:deb/debian/libxslt@1.1.35-1.2+deb13u3?arch=arm64","LIBRARY","debian-target"
"libxss1","1:1.2.3-1+b3","","","","","","","Organization: Debian X Strike Force <debian-x@lists.debian.org>","Copyright (c) Debian contributors","cpe:2.3:a:debian:libxss (1:1.2.3-1):1:1.2.3-1+b3:*:*:*:*:*:*:*","pkg:deb/debian/libxss (1:1.2.3-1)@1:1.2.3-1+b3?arch=arm64","cpe:2.3:a:debian:libxss (1:1.2.3-1):1:1.2.3-1+b3:*:*:*:*:*:*:*","pkg:deb/debian/libxss (1:1.2.3-1)@1:1.2.3-1+b3?arch=arm64","LIBRARY","debian-target"
"libxt6t64","1:1.2.1-1.2+b2","","","","","","","Organization: Debian X Strike Force <debian-x@lists.debian.org>","Copyright (c) Debian contributors","cpe:2.3:a:debian:libxt (1:1.2.1-1.2):1:1.2.1-1.2+b2:*:*:*:*:*:*:*","pkg:deb/debian/libxt (1:1.2.1-1.2)@1:1.2.1-1.2+b2?arch=arm64","cpe:2.3:a:debian:libxt (1:1.2.1-1.2):1:1.2.1-1.2+b2:*:*:*:*:*:*:*","pkg:deb/debian/libxt (1:1.2.1-1.2)@1:1.2.1-1.2+b2?arch=arm64","LIBRARY","debian-target"
"libxtables12","1.8.11-2","Artistic | GPL-2 | GPL-2+ | custom","","","","","","Organization: Debian Netfilter Packaging Team <team+pkg-netfilter-team@tracker.debian.org>","Copyright (c) Debian contributors","cpe:2.3:a:debian:iptables:1.8.11-2:*:*:*:*:*:*:*","pkg:deb/debian/iptables@1.8.11-2?arch=arm64","cpe:2.3:a:debian:iptables:1.8.11-2:*:*:*:*:*:*:*","pkg:deb/debian/iptables@1.8.11-2?arch=arm64","LIBRARY","debian-target"
"libxtst-dev","2:1.2.5-1","","","","","","","Organization: Debian X Strike Force <debian-x@lists.debian.org>","Copyright (c) Debian contributors","cpe:2.3:a:debian:libxtst:2:1.2.5-1:*:*:*:*:*:*:*","pkg:deb/debian/libxtst@2:1.2.5-1?arch=arm64","cpe:2.3:a:debian:libxtst:2:1.2.5-1:*:*:*:*:*:*:*","pkg:deb/debian/libxtst@2:1.2.5-1?arch=arm64","LIBRARY","debian-target"
"libxtst6","2:1.2.5-1","","","","","","","Organization: Debian X Strike Force <debian-x@lists.debian.org>","Copyright (c) Debian contributors","cpe:2.3:a:debian:libxtst:2:1.2.5-1:*:*:*:*:*:*:*","pkg:deb/debian/libxtst@2:1.2.5-1?arch=arm64","cpe:2.3:a:debian:libxtst:2:1.2.5-1:*:*:*:*:*:*:*","pkg:deb/debian/libxtst@2:1.2.5-1?arch=arm64","LIBRARY","debian-target"
"libxv1","2:1.0.11-1.1+b3","","","","","","","Organization: Debian X Strike Force <debian-x@lists.debian.org>","Copyright (c) Debian contributors","cpe:2.3:a:debian:libxv (2:1.0.11-1.1):2:1.0.11-1.1+b3:*:*:*:*:*:*:*","pkg:deb/debian/libxv (2:1.0.11-1.1)@2:1.0.11-1.1+b3?arch=arm64","cpe:2.3:a:debian:libxv (2:1.0.11-1.1):2:1.0.11-1.1+b3:*:*:*:*:*:*:*","pkg:deb/debian/libxv (2:1.0.11-1.1)@2:1.0.11-1.1+b3?arch=arm64","LIBRARY","debian-target"
"libxvidcore4","2:1.3.7-1+b2","GPL-2+ | LGPL-2+","","","","","","Organization: Debian Multimedia Maintainers <debian-multimedia@lists.debian.org>","Copyright (c) Debian contributors","cpe:2.3:a:debian:xvidcore (2:1.3.7-1):2:1.3.7-1+b2:*:*:*:*:*:*:*","pkg:deb/debian/xvidcore (2:1.3.7-1)@2:1.3.7-1+b2?arch=arm64","cpe:2.3:a:debian:xvidcore (2:1.3.7-1):2:1.3.7-1+b2:*:*:*:*:*:*:*","pkg:deb/debian/xvidcore (2:1.3.7-1)@2:1.3.7-1+b2?arch=arm64","LIBRARY","debian-target"
"libxxf86dga1","2:1.1.5-1+b3","","","","","","","Organization: Debian X Strike Force <debian-x@lists.debian.org>","Copyright (c) Debian contributors","cpe:2.3:a:debian:libxxf86dga (2:1.1.5-1):2:1.1.5-1+b3:*:*:*:*:*:*:*","pkg:deb/debian/libxxf86dga (2:1.1.5-1)@2:1.1.5-1+b3?arch=arm64","cpe:2.3:a:debian:libxxf86dga (2:1.1.5-1):2:1.1.5-1+b3:*:*:*:*:*:*:*","pkg:deb/debian/libxxf86dga (2:1.1.5-1)@2:1.1.5-1+b3?arch=arm64","LIBRARY","debian-target"
"libxxf86vm1","1:1.1.4-1+b4","","","","","","","Organization: Debian X Strike Force <debian-x@lists.debian.org>","Copyright (c) Debian contributors","cpe:2.3:a:debian:libxxf86vm (1:1.1.4-1):1:1.1.4-1+b4:*:*:*:*:*:*:*","pkg:deb/debian/libxxf86vm (1:1.1.4-1)@1:1.1.4-1+b4?arch=arm64","cpe:2.3:a:debian:libxxf86vm (1:1.1.4-1):1:1.1.4-1+b4:*:*:*:*:*:*:*","pkg:deb/debian/libxxf86vm (1:1.1.4-1)@1:1.1.4-1+b4?arch=arm64","LIBRARY","debian-target"
"libxxhash-dev","0.8.3-2","BSD-2-clause | BSD-2-clause or GPL-2+ | GPL-2+","","","","","","Organization: Josue Ortega <josue@debian.org>","Copyright (c) Debian contributors","cpe:2.3:a:debian:xxhash:0.8.3-2:*:*:*:*:*:*:*","pkg:deb/debian/xxhash@0.8.3-2?arch=arm64","cpe:2.3:a:debian:xxhash:0.8.3-2:*:*:*:*:*:*:*","pkg:deb/debian/xxhash@0.8.3-2?arch=arm64","LIBRARY","debian-target"
"libxxhash0","0.8.3-2","BSD-2-clause | BSD-2-clause or GPL-2+ | GPL-2+","","","","","","Organization: Josue Ortega <josue@debian.org>","Copyright (c) Debian contributors","cpe:2.3:a:debian:xxhash:0.8.3-2:*:*:*:*:*:*:*","pkg:deb/debian/xxhash@0.8.3-2?arch=arm64","cpe:2.3:a:debian:xxhash:0.8.3-2:*:*:*:*:*:*:*","pkg:deb/debian/xxhash@0.8.3-2?arch=arm64","LIBRARY","debian-target"
"libyajl2","2.1.0-5+b2","ISC","","","","","","Organization: John Stamp <jstamp@users.sourceforge.net>","Copyright (c) Debian contributors","cpe:2.3:a:debian:yajl (2.1.0-5):2.1.0-5+b2:*:*:*:*:*:*:*","pkg:deb/debian/yajl (2.1.0-5)@2.1.0-5+b2?arch=arm64","cpe:2.3:a:debian:yajl (2.1.0-5):2.1.0-5+b2:*:*:*:*:*:*:*","pkg:deb/debian/yajl (2.1.0-5)@2.1.0-5+b2?arch=arm64","LIBRARY","debian-target"
"libyaml-0-2","0.2.5-2","Expat | permissive","","","","","","Organization: Florian Ernst <florian@debian.org>","Copyright (c) Debian contributors","cpe:2.3:a:debian:libyaml:0.2.5-2:*:*:*:*:*:*:*","pkg:deb/debian/libyaml@0.2.5-2?arch=arm64","cpe:2.3:a:debian:libyaml:0.2.5-2:*:*:*:*:*:*:*","pkg:deb/debian/libyaml@0.2.5-2?arch=arm64","LIBRARY","debian-target"
"libyelp0","42.2-4+deb13u1","Apache-2.0 | GPL-2+","","","","","","Organization: Debian GNOME Maintainers <pkg-gnome-maintainers@lists.alioth.debian.org>","Copyright (c) Debian contributors","cpe:2.3:a:debian:yelp:42.2-4+deb13u1:*:*:*:*:*:*:*","pkg:deb/debian/yelp@42.2-4+deb13u1?arch=arm64","cpe:2.3:a:debian:yelp:42.2-4+deb13u1:*:*:*:*:*:*:*","pkg:deb/debian/yelp@42.2-4+deb13u1?arch=arm64","LIBRARY","debian-target"
"libyuv0","0.0.1904.20250204-1","BSD-3-Clause | public-domain","","","","","","Organization: Debian Multimedia Maintainers <debian-multimedia@lists.debian.org>","Copyright (c) Debian contributors","cpe:2.3:a:debian:libyuv:0.0.1904.20250204-1:*:*:*:*:*:*:*","pkg:deb/debian/libyuv@0.0.1904.20250204-1?arch=arm64","cpe:2.3:a:debian:libyuv:0.0.1904.20250204-1:*:*:*:*:*:*:*","pkg:deb/debian/libyuv@0.0.1904.20250204-1?arch=arm64","LIBRARY","debian-target"
"libz3-4","4.13.3-1","Expat | GPL-2+","","","","","","Organization: LLVM Packaging Team <pkg-llvm-team@lists.alioth.debian.org>","Copyright (c) Debian contributors","cpe:2.3:a:debian:z3:4.13.3-1:*:*:*:*:*:*:*","pkg:deb/debian/z3@4.13.3-1?arch=arm64","cpe:2.3:a:debian:z3:4.13.3-1:*:*:*:*:*:*:*","pkg:deb/debian/z3@4.13.3-1?arch=arm64","LIBRARY","debian-target"
"libzbar0t64","0.23.93-8","","","","","","","Organization: Debian QA Group <packages@qa.debian.org>","Copyright (c) Debian contributors","cpe:2.3:a:debian:zbar:0.23.93-8:*:*:*:*:*:*:*","pkg:deb/debian/zbar@0.23.93-8?arch=arm64","cpe:2.3:a:debian:zbar:0.23.93-8:*:*:*:*:*:*:*","pkg:deb/debian/zbar@0.23.93-8?arch=arm64","LIBRARY","debian-target"
"libzimg2","3.0.5+ds1-1+b2","GPL-3+ with AutoConf exception | WTFPL-2","","","","","","Organization: Debian Multimedia Maintainers <debian-multimedia@lists.debian.org>","Copyright (c) Debian contributors","cpe:2.3:a:debian:zimg (3.0.5+ds1-1):3.0.5+ds1-1+b2:*:*:*:*:*:*:*","pkg:deb/debian/zimg (3.0.5+ds1-1)@3.0.5+ds1-1+b2?arch=arm64","cpe:2.3:a:debian:zimg (3.0.5+ds1-1):3.0.5+ds1-1+b2:*:*:*:*:*:*:*","pkg:deb/debian/zimg (3.0.5+ds1-1)@3.0.5+ds1-1+b2?arch=arm64","LIBRARY","debian-target"
"libzix-0-0","0.6.2-1","0BSD | 0BSD or ISC | ISC","","","","","","Organization: Debian Multimedia Maintainers <debian-multimedia@lists.debian.org>","Copyright (c) Debian contributors","cpe:2.3:a:debian:zix:0.6.2-1:*:*:*:*:*:*:*","pkg:deb/debian/zix@0.6.2-1?arch=arm64","cpe:2.3:a:debian:zix:0.6.2-1:*:*:*:*:*:*:*","pkg:deb/debian/zix@0.6.2-1?arch=arm64","LIBRARY","debian-target"
"libzmq5","4.3.5-1+b3","LGPL-2.0+ | MIT | MPL-2.0","","","","","","Organization: Laszlo Boszormenyi (GCS) <gcs@debian.org>","Copyright (c) Debian contributors","cpe:2.3:a:debian:zeromq3 (4.3.5-1):4.3.5-1+b3:*:*:*:*:*:*:*","pkg:deb/debian/zeromq3 (4.3.5-1)@4.3.5-1+b3?arch=arm64","cpe:2.3:a:debian:zeromq3 (4.3.5-1):4.3.5-1+b3:*:*:*:*:*:*:*","pkg:deb/debian/zeromq3 (4.3.5-1)@4.3.5-1+b3?arch=arm64","LIBRARY","debian-target"
"libzstd-dev","1.5.7+dfsg-1","BSD-3-clause | BSD-3-clause or GPL-2 | Expat | GPL-2 | zlib","","","","","","Organization: RPM packaging team <team+pkg-rpm@tracker.debian.org>","Copyright (c) Debian contributors","cpe:2.3:a:debian:libzstd:1.5.7+dfsg-1:*:*:*:*:*:*:*","pkg:deb/debian/libzstd@1.5.7+dfsg-1?arch=arm64","cpe:2.3:a:debian:libzstd:1.5.7+dfsg-1:*:*:*:*:*:*:*","pkg:deb/debian/libzstd@1.5.7+dfsg-1?arch=arm64","LIBRARY","debian-target"
"libzstd1","1.5.7+dfsg-1","BSD-3-clause | BSD-3-clause or GPL-2 | Expat | GPL-2 | zlib","","","","","","Organization: RPM packaging team <team+pkg-rpm@tracker.debian.org>","Copyright (c) Debian contributors","cpe:2.3:a:debian:libzstd:1.5.7+dfsg-1:*:*:*:*:*:*:*","pkg:deb/debian/libzstd@1.5.7+dfsg-1?arch=arm64","cpe:2.3:a:debian:libzstd:1.5.7+dfsg-1:*:*:*:*:*:*:*","pkg:deb/debian/libzstd@1.5.7+dfsg-1?arch=arm64","LIBRARY","debian-target"
"libzvbi-common","0.2.44-1","BSD-2-Clause | BSD-3-Clause | GPL-2 | GPL-2+ | GPL-2+ or BSD-3-Clause | LGPL-2+ | LGPL-2.1+ | MIT","","","","","","Organization: Ileana Dumitrescu <ileanadumitrescu95@gmail.com>","Copyright (c) Debian contributors","cpe:2.3:a:debian:zvbi:0.2.44-1:*:*:*:*:*:*:*","pkg:deb/debian/zvbi@0.2.44-1?arch=all","cpe:2.3:a:debian:zvbi:0.2.44-1:*:*:*:*:*:*:*","pkg:deb/debian/zvbi@0.2.44-1?arch=all","LIBRARY","debian-target"
"libzvbi0t64","0.2.44-1","BSD-2-Clause | BSD-3-Clause | GPL-2 | GPL-2+ | GPL-2+ or BSD-3-Clause | LGPL-2+ | LGPL-2.1+ | MIT","","","","","","Organization: Ileana Dumitrescu <ileanadumitrescu95@gmail.com>","Copyright (c) Debian contributors","cpe:2.3:a:debian:zvbi:0.2.44-1:*:*:*:*:*:*:*","pkg:deb/debian/zvbi@0.2.44-1?arch=arm64","cpe:2.3:a:debian:zvbi:0.2.44-1:*:*:*:*:*:*:*","pkg:deb/debian/zvbi@0.2.44-1?arch=arm64","LIBRARY","debian-target"
"libzxing3","2.3.0-4","Apache-2.0 | BSD-3-Clause | CC0-1.0 | CC0-1.0 or Apache-2.0 | Unicode-license-v3","","","","","","Organization: Boyuan Yang <byang@debian.org>","Copyright (c) Debian contributors","cpe:2.3:a:debian:zxing-cpp:2.3.0-4:*:*:*:*:*:*:*","pkg:deb/debian/zxing-cpp@2.3.0-4?arch=arm64","cpe:2.3:a:debian:zxing-cpp:2.3.0-4:*:*:*:*:*:*:*","pkg:deb/debian/zxing-cpp@2.3.0-4?arch=arm64","LIBRARY","debian-target"
"linux-base","4.12.1","GPL-2 | LGPL-2.1+","","","","","","Organization: Debian Kernel Team <debian-kernel@lists.debian.org>","Copyright (c) Debian contributors","cpe:2.3:a:debian:linux-base:4.12.1:*:*:*:*:*:*:*","pkg:deb/debian/linux-base@4.12.1?arch=all","cpe:2.3:a:debian:linux-base:4.12.1:*:*:*:*:*:*:*","pkg:deb/debian/linux-base@4.12.1?arch=all","OPERATING_SYSTEM","debian-target"
"linux-libc-dev","6.12.90-2","BSD-2-clause | GPL-2 | GPL-2 or BSD-2-clause | GPL-2+-or-X11 | LGPL-2.1 | LGPL-2.1 or BSD-2-clause | Unicode-data | Xen-interface","","","","","","Organization: Debian Kernel Team <debian-kernel@lists.debian.org>","Copyright (c) Debian contributors","cpe:2.3:a:debian:linux:6.12.90-2:*:*:*:*:*:*:*","pkg:deb/debian/linux@6.12.90-2?arch=all","cpe:2.3:a:debian:linux:6.12.90-2:*:*:*:*:*:*:*","pkg:deb/debian/linux@6.12.90-2?arch=all","LIBRARY","debian-target"
"locales","2.41-12+deb13u3","BSD-2-clause | BSD-2-clause or GPL-2 | BSD-3-clause-Berkeley | BSD-3-clause-Berkeley and BSD-3-clause-WIDE | BSD-3-clause-Berkeley and DEC | BSD-3-clause-Berkeley and DEC and IBM and ISC | BSD-3-clause-Berkeley and DEC and ISC | BSD-3-clause-Berkeley and DEC and ISC and LGPL-2.1+ | BSD-3-clause-Berkeley and DEC and LGPL-2.1+ | BSD-3-clause-Berkeley and ISC | BSD-3-clause-Berkeley and LGPL-2.1+ | BSD-3-clause-Berkeley and LGPL-2.1+ and Univ-Coimbra | BSD-3-clause-Carnegie | BSD-3-clause-Oracle | BSD-3-clause-WIDE | BSD-like-Spencer | BSL-1.0 | CORE-MATH | Carnegie | Carnegie and LGPL-2.1+ | DEC | FSFAP | GPL-2 | GPL-2+ | GPL-2+-with-link-exception | GPL-3+ | IBM | IBM and ISC | ISC | ISC and LGPL-2.1+ | Inner-Net | Inner-Net and LGPL-2.1+ | LGPL-2+ | LGPL-2.1+ | LGPL-2.1+ and GPL-2 | LGPL-2.1+ and SunPro | LGPL-2.1+-with-link-exception | LGPL-3+ | MIT-like-Lord | PCRE | SunPro | Unicode-DFS-2016 | Univ-Coimbra | public-domain","","","","","","Organization: GNU Libc Maintainers <debian-glibc@lists.debian.org>","Copyright (c) Debian contributors","cpe:2.3:a:debian:glibc:2.41-12+deb13u3:*:*:*:*:*:*:*","pkg:deb/debian/glibc@2.41-12+deb13u3?arch=all","cpe:2.3:a:debian:glibc:2.41-12+deb13u3:*:*:*:*:*:*:*","pkg:deb/debian/glibc@2.41-12+deb13u3?arch=all","APPLICATION","debian-target"
"login","1:4.16.0-2+really2.41-5","BSD-2-clause | BSD-3-clause | BSD-4-clause | BSLA | Expat | GPL-2 | GPL-2+ | GPL-3+ | ISC | LGPL | LGPL-2+ | LGPL-2.1+ | LGPL-3+ | public-domain","","","","","","Organization: Chris Hofstaedtler <zeha@debian.org>","Copyright (c) Debian contributors","cpe:2.3:a:debian:util-linux (2.41-5):1:4.16.0-2+really2.41-5:*:*:*:*:*:*:*","pkg:deb/debian/util-linux (2.41-5)@1:4.16.0-2+really2.41-5?arch=arm64","cpe:2.3:a:debian:util-linux (2.41-5):1:4.16.0-2+really2.41-5:*:*:*:*:*:*:*","pkg:deb/debian/util-linux (2.41-5)@1:4.16.0-2+really2.41-5?arch=arm64","OPERATING_SYSTEM","debian-target"
"login.defs","1:4.17.4-2","BSD-3-clause | GPL-1 | GPL-2+","","","","","","Organization: Shadow package maintainers <pkg-shadow-devel@lists.alioth.debian.org>","Copyright (c) Debian contributors","cpe:2.3:a:debian:shadow:1:4.17.4-2:*:*:*:*:*:*:*","pkg:deb/debian/shadow@1:4.17.4-2?arch=all","cpe:2.3:a:debian:shadow:1:4.17.4-2:*:*:*:*:*:*:*","pkg:deb/debian/shadow@1:4.17.4-2?arch=all","OPERATING_SYSTEM","debian-target"
"logsave","1.47.2-3+b11","0BSD | Apache-2 | BSD-3-Clause | BSD-3-Clause-Variant | BSD-4-Clause-CMU | Expat | GPL or MIT-US-export | GPL-2 | GPL-2+ | GPL-2+ with Texinfo exception | ISC | Kazlib | LGPL-2 | Latex2e","","","","","","Organization: Theodore Y. Ts'o <tytso@mit.edu>","Copyright (c) Debian contributors","cpe:2.3:a:debian:e2fsprogs (1.47.2-3):1.47.2-3+b11:*:*:*:*:*:*:*","pkg:deb/debian/e2fsprogs (1.47.2-3)@1.47.2-3+b11?arch=arm64","cpe:2.3:a:debian:e2fsprogs (1.47.2-3):1.47.2-3+b11:*:*:*:*:*:*:*","pkg:deb/debian/e2fsprogs (1.47.2-3)@1.47.2-3+b11?arch=arm64","OPERATING_SYSTEM","debian-target"
"loupe","48.1-3","CC-BY-SA-4.0 | CC0-1.0 | GPL-3+","","","","","","Organization: Debian GNOME Maintainers <pkg-gnome-maintainers@lists.alioth.debian.org>","Copyright (c) Debian contributors","cpe:2.3:a:debian:loupe:48.1-3:*:*:*:*:*:*:*","pkg:deb/debian/loupe@48.1-3?arch=arm64","cpe:2.3:a:debian:loupe:48.1-3:*:*:*:*:*:*:*","pkg:deb/debian/loupe@48.1-3?arch=arm64","APPLICATION","debian-target"
"lsb-release","12.1-1","0BSD | ISC","","","","","","Organization: Gioele Barabucci <gioele@svario.it>","Copyright (c) Debian contributors","cpe:2.3:a:debian:lsb-release-minimal:12.1-1:*:*:*:*:*:*:*","pkg:deb/debian/lsb-release-minimal@12.1-1?arch=all","cpe:2.3:a:debian:lsb-release-minimal:12.1-1:*:*:*:*:*:*:*","pkg:deb/debian/lsb-release-minimal@12.1-1?arch=all","APPLICATION","debian-target"
"lsof","4.99.4+dfsg-2","BSD-4-clause | FSFAP | GPL-2+ | PD | Purdue","","","","","","Organization: Andres Salomon <dilinger@debian.org>","Copyright (c) Debian contributors","cpe:2.3:a:debian:lsof:4.99.4+dfsg-2:*:*:*:*:*:*:*","pkg:deb/debian/lsof@4.99.4+dfsg-2?arch=arm64","cpe:2.3:a:debian:lsof:4.99.4+dfsg-2:*:*:*:*:*:*:*","pkg:deb/debian/lsof@4.99.4+dfsg-2?arch=arm64","APPLICATION","debian-target"
"make","4.4.1-2","GPL-3+","","","","","","Organization: Stephen Kitt <skitt@debian.org>","Copyright (c) Debian contributors","cpe:2.3:a:debian:make-dfsg:4.4.1-2:*:*:*:*:*:*:*","pkg:deb/debian/make-dfsg@4.4.1-2?arch=arm64","cpe:2.3:a:debian:make-dfsg:4.4.1-2:*:*:*:*:*:*:*","pkg:deb/debian/make-dfsg@4.4.1-2?arch=arm64","LIBRARY","debian-target"
"man-db","2.13.1-1","GPL-2+ | GPL-3+","","","","","","Organization: Colin Watson <cjwatson@debian.org>","Copyright (c) Debian contributors","cpe:2.3:a:debian:man-db:2.13.1-1:*:*:*:*:*:*:*","pkg:deb/debian/man-db@2.13.1-1?arch=arm64","cpe:2.3:a:debian:man-db:2.13.1-1:*:*:*:*:*:*:*","pkg:deb/debian/man-db@2.13.1-1?arch=arm64","APPLICATION","debian-target"
"manpages","6.9.1-1","BSD-2-clause | BSD-3-clause | BSD-4-clause | BSD-4-clause and Linux-man-pages-copyleft | Expat | GPL-1+ | GPL-2 | GPL-2+ | GPL-2+ and Linux-man-pages-copyleft | GPL-3 | Linux-man-pages-1-para | Linux-man-pages-copyleft | Linux-man-pages-copyleft-2-para | Linux-man-pages-copyleft-var | may be freely modified and distributed","","","","","","Organization: Dr. Tobias Quathamer <toddy@debian.org>","Copyright (c) Debian contributors","cpe:2.3:a:debian:manpages:6.9.1-1:*:*:*:*:*:*:*","pkg:deb/debian/manpages@6.9.1-1?arch=all","cpe:2.3:a:debian:manpages:6.9.1-1:*:*:*:*:*:*:*","pkg:deb/debian/manpages@6.9.1-1?arch=all","APPLICATION","debian-target"
"manpages-dev","6.9.1-1","BSD-2-clause | BSD-3-clause | BSD-4-clause | BSD-4-clause and Linux-man-pages-copyleft | Expat | GPL-1+ | GPL-2 | GPL-2+ | GPL-2+ and Linux-man-pages-copyleft | GPL-3 | Linux-man-pages-1-para | Linux-man-pages-copyleft | Linux-man-pages-copyleft-2-para | Linux-man-pages-copyleft-var | may be freely modified and distributed","","","","","","Organization: Dr. Tobias Quathamer <toddy@debian.org>","Copyright (c) Debian contributors","cpe:2.3:a:debian:manpages:6.9.1-1:*:*:*:*:*:*:*","pkg:deb/debian/manpages@6.9.1-1?arch=all","cpe:2.3:a:debian:manpages:6.9.1-1:*:*:*:*:*:*:*","pkg:deb/debian/manpages@6.9.1-1?arch=all","APPLICATION","debian-target"
"mariadb-common","1:11.8.6-0+deb13u1","Artistic | BSD-2-Clause | BSD-2-clause | BSD-3-Clause | BSD-3-clause | GPL-2 | GPL-2 or Artistic | GPL-2+ | GPL-2+-with-bison-exception | GPL-3+-with-bison-exception | LGPL-2 | LGPL-2+ | LGPL-2.1+ | SWsoft | public-domain | unlimited-free-doc | zlib/libpng","","","","","","Organization: Debian MySQL Maintainers <pkg-mysql-maint@lists.alioth.debian.org>","Copyright (c) Debian contributors","cpe:2.3:a:debian:mariadb:1:11.8.6-0+deb13u1:*:*:*:*:*:*:*","pkg:deb/debian/mariadb@1:11.8.6-0+deb13u1?arch=all","cpe:2.3:a:debian:mariadb:1:11.8.6-0+deb13u1:*:*:*:*:*:*:*","pkg:deb/debian/mariadb@1:11.8.6-0+deb13u1?arch=all","APPLICATION","debian-target"
"mate-polkit","1.26.1-4+b2","LGPL-2+ | public-domain","","","","","","Organization: Debian+Ubuntu MATE Packaging Team <debian-mate@lists.debian.org>","Copyright (c) Debian contributors","cpe:2.3:a:debian:mate-polkit (1.26.1-4):1.26.1-4+b2:*:*:*:*:*:*:*","pkg:deb/debian/mate-polkit (1.26.1-4)@1.26.1-4+b2?arch=arm64","cpe:2.3:a:debian:mate-polkit (1.26.1-4):1.26.1-4+b2:*:*:*:*:*:*:*","pkg:deb/debian/mate-polkit (1.26.1-4)@1.26.1-4+b2?arch=arm64","APPLICATION","debian-target"
"mate-polkit-common","1.26.1-4","LGPL-2+ | public-domain","","","","","","Organization: Debian+Ubuntu MATE Packaging Team <debian-mate@lists.debian.org>","Copyright (c) Debian contributors","cpe:2.3:a:debian:mate-polkit:1.26.1-4:*:*:*:*:*:*:*","pkg:deb/debian/mate-polkit@1.26.1-4?arch=all","cpe:2.3:a:debian:mate-polkit:1.26.1-4:*:*:*:*:*:*:*","pkg:deb/debian/mate-polkit@1.26.1-4?arch=all","APPLICATION","debian-target"
"mawk","1.3.4.20250131-1","CC-BY-3.0 | GPL-2.0-only | X11","","","","","","Organization: Boyuan Yang <byang@debian.org>","Copyright (c) Debian contributors","cpe:2.3:a:debian:mawk:1.3.4.20250131-1:*:*:*:*:*:*:*","pkg:deb/debian/mawk@1.3.4.20250131-1?arch=arm64","cpe:2.3:a:debian:mawk:1.3.4.20250131-1:*:*:*:*:*:*:*","pkg:deb/debian/mawk@1.3.4.20250131-1?arch=arm64","APPLICATION","debian-target"
"media-player-info","26-1","BSD-3-clause","","","","","","Organization: Martin Pitt <mpitt@debian.org>","Copyright (c) Debian contributors","cpe:2.3:a:debian:media-player-info:26-1:*:*:*:*:*:*:*","pkg:deb/debian/media-player-info@26-1?arch=all","cpe:2.3:a:debian:media-player-info:26-1:*:*:*:*:*:*:*","pkg:deb/debian/media-player-info@26-1?arch=all","OPERATING_SYSTEM","debian-target"
"media-types","13.0.0","ad-hoc","","","","","","Organization: Mime-Support Packagers <team+debian-mimesupport-packagers@tracker.debian.org>","Copyright (c) Debian contributors","cpe:2.3:a:debian:media-types:13.0.0:*:*:*:*:*:*:*","pkg:deb/debian/media-types@13.0.0?arch=all","cpe:2.3:a:debian:media-types:13.0.0:*:*:*:*:*:*:*","pkg:deb/debian/media-types@13.0.0?arch=all","APPLICATION","debian-target"
"mesa-libgallium","25.0.7-2","Apache-2.0 | BSD-2-clause | BSD-3-google | BSL | GPL | GPL-1+ | GPL-2 | GPL-2 or MIT | Khronos | MIT | MLAA | SGI","","","","","","Organization: Debian X Strike Force <debian-x@lists.debian.org>","Copyright (c) Debian contributors","cpe:2.3:a:debian:mesa:25.0.7-2:*:*:*:*:*:*:*","pkg:deb/debian/mesa@25.0.7-2?arch=arm64","cpe:2.3:a:debian:mesa:25.0.7-2:*:*:*:*:*:*:*","pkg:deb/debian/mesa@25.0.7-2?arch=arm64","LIBRARY","debian-target"
"mesa-utils","9.0.0-2+b2","","","","","","","Organization: Debian X Strike Force <debian-x@lists.debian.org>","Copyright (c) Debian contributors","cpe:2.3:a:debian:mesa-demos (9.0.0-2):9.0.0-2+b2:*:*:*:*:*:*:*","pkg:deb/debian/mesa-demos (9.0.0-2)@9.0.0-2+b2?arch=arm64","cpe:2.3:a:debian:mesa-demos (9.0.0-2):9.0.0-2+b2:*:*:*:*:*:*:*","pkg:deb/debian/mesa-demos (9.0.0-2)@9.0.0-2+b2?arch=arm64","APPLICATION","debian-target"
"mesa-utils-bin","9.0.0-2+b2","","","","","","","Organization: Debian X Strike Force <debian-x@lists.debian.org>","Copyright (c) Debian contributors","cpe:2.3:a:debian:mesa-demos (9.0.0-2):9.0.0-2+b2:*:*:*:*:*:*:*","pkg:deb/debian/mesa-demos (9.0.0-2)@9.0.0-2+b2?arch=arm64","cpe:2.3:a:debian:mesa-demos (9.0.0-2):9.0.0-2+b2:*:*:*:*:*:*:*","pkg:deb/debian/mesa-demos (9.0.0-2)@9.0.0-2+b2?arch=arm64","APPLICATION","debian-target"
"mount","2.41-5","BSD-2-clause | BSD-3-clause | BSD-4-clause | BSLA | Expat | GPL-2 | GPL-2+ | GPL-3+ | ISC | LGPL | LGPL-2+ | LGPL-2.1+ | LGPL-3+ | public-domain","","","","","","Organization: Chris Hofstaedtler <zeha@debian.org>","Copyright (c) Debian contributors","cpe:2.3:a:debian:util-linux:2.41-5:*:*:*:*:*:*:*","pkg:deb/debian/util-linux@2.41-5?arch=arm64","cpe:2.3:a:debian:util-linux:2.41-5:*:*:*:*:*:*:*","pkg:deb/debian/util-linux@2.41-5?arch=arm64","OPERATING_SYSTEM","debian-target"
"mutter-common","48.7-0+deb13u1","DEC-BSD-variant | DEC-BSD-variant and OpenGroup-BSD-variant | DEC-BSD-variant and OpenGroup-BSD-variant and GPL-2+ | Expat | GPL-2+ | GPL-2+ and GPL-3+ and LGPL-2+ and LGPL-2.1+ and Expat and NTP-BSD-variant and SGI-B-2.0 | GPL-3+ | LGPL-2+ | LGPL-2.1+ | NTP-BSD-variant | OpenGroup-BSD-variant | SGI-B-2.0 | WRF-BSD-variant | free-of-known-restrictions","","","","","","Organization: Debian GNOME Maintainers <pkg-gnome-maintainers@lists.alioth.debian.org>","Copyright (c) Debian contributors","cpe:2.3:a:debian:mutter:48.7-0+deb13u1:*:*:*:*:*:*:*","pkg:deb/debian/mutter@48.7-0+deb13u1?arch=all","cpe:2.3:a:debian:mutter:48.7-0+deb13u1:*:*:*:*:*:*:*","pkg:deb/debian/mutter@48.7-0+deb13u1?arch=all","APPLICATION","debian-target"
"mutter-common-bin","48.7-0+deb13u1","DEC-BSD-variant | DEC-BSD-variant and OpenGroup-BSD-variant | DEC-BSD-variant and OpenGroup-BSD-variant and GPL-2+ | Expat | GPL-2+ | GPL-2+ and GPL-3+ and LGPL-2+ and LGPL-2.1+ and Expat and NTP-BSD-variant and SGI-B-2.0 | GPL-3+ | LGPL-2+ | LGPL-2.1+ | NTP-BSD-variant | OpenGroup-BSD-variant | SGI-B-2.0 | WRF-BSD-variant | free-of-known-restrictions","","","","","","Organization: Debian GNOME Maintainers <pkg-gnome-maintainers@lists.alioth.debian.org>","Copyright (c) Debian contributors","cpe:2.3:a:debian:mutter:48.7-0+deb13u1:*:*:*:*:*:*:*","pkg:deb/debian/mutter@48.7-0+deb13u1?arch=arm64","cpe:2.3:a:debian:mutter:48.7-0+deb13u1:*:*:*:*:*:*:*","pkg:deb/debian/mutter@48.7-0+deb13u1?arch=arm64","APPLICATION","debian-target"
"mysql-common","5.8+1.1.1","GPL-2+","","","","","","Organization: Debian MySQL Maintainers <pkg-mysql-maint@lists.alioth.debian.org>","Copyright (c) Debian contributors","cpe:2.3:a:debian:mysql-defaults (1.1.1):5.8+1.1.1:*:*:*:*:*:*:*","pkg:deb/debian/mysql-defaults (1.1.1)@5.8+1.1.1?arch=all","cpe:2.3:a:debian:mysql-defaults (1.1.1):5.8+1.1.1:*:*:*:*:*:*:*","pkg:deb/debian/mysql-defaults (1.1.1)@5.8+1.1.1?arch=all","APPLICATION","debian-target"
"native-architecture","0.2.6","GPL-2+","","","","","","Organization: Architecture Properties Maintainers <architecture-properties@packages.debian.org>","Copyright (c) Debian contributors","cpe:2.3:a:debian:architecture-properties:0.2.6:*:*:*:*:*:*:*","pkg:deb/debian/architecture-properties@0.2.6?arch=all","cpe:2.3:a:debian:architecture-properties:0.2.6:*:*:*:*:*:*:*","pkg:deb/debian/architecture-properties@0.2.6?arch=all","LIBRARY","debian-target"
"nautilus","48.3-2","","","","","","","Organization: Debian GNOME Maintainers <pkg-gnome-maintainers@lists.alioth.debian.org>","Copyright (c) Debian contributors","cpe:2.3:a:debian:nautilus:48.3-2:*:*:*:*:*:*:*","pkg:deb/debian/nautilus@48.3-2?arch=arm64","cpe:2.3:a:debian:nautilus:48.3-2:*:*:*:*:*:*:*","pkg:deb/debian/nautilus@48.3-2?arch=arm64","APPLICATION","debian-target"
"nautilus-data","48.3-2","","","","","","","Organization: Debian GNOME Maintainers <pkg-gnome-maintainers@lists.alioth.debian.org>","Copyright (c) Debian contributors","cpe:2.3:a:debian:nautilus:48.3-2:*:*:*:*:*:*:*","pkg:deb/debian/nautilus@48.3-2?arch=all","cpe:2.3:a:debian:nautilus:48.3-2:*:*:*:*:*:*:*","pkg:deb/debian/nautilus@48.3-2?arch=all","APPLICATION","debian-target"
"ncal","12.1.8+b1","","","","","","","Organization: Debian Bsdmainutils Team <pkg-bsdmainutils@teams.debian.net>","Copyright (c) Debian contributors","cpe:2.3:a:debian:bsdmainutils (12.1.8):12.1.8+b1:*:*:*:*:*:*:*","pkg:deb/debian/bsdmainutils (12.1.8)@12.1.8+b1?arch=arm64","cpe:2.3:a:debian:bsdmainutils (12.1.8):12.1.8+b1:*:*:*:*:*:*:*","pkg:deb/debian/bsdmainutils (12.1.8)@12.1.8+b1?arch=arm64","APPLICATION","debian-target"
"ncurses-base","6.5+20250216-2","BSD-3-clause | MIT/X11 | X11","","","","","","Organization: Ncurses Maintainers <ncurses@packages.debian.org>","Copyright (c) Debian contributors","cpe:2.3:a:debian:ncurses:6.5+20250216-2:*:*:*:*:*:*:*","pkg:deb/debian/ncurses@6.5+20250216-2?arch=all","cpe:2.3:a:debian:ncurses:6.5+20250216-2:*:*:*:*:*:*:*","pkg:deb/debian/ncurses@6.5+20250216-2?arch=all","APPLICATION","debian-target"
"ncurses-bin","6.5+20250216-2","BSD-3-clause | MIT/X11 | X11","","","","","","Organization: Ncurses Maintainers <ncurses@packages.debian.org>","Copyright (c) Debian contributors","cpe:2.3:a:debian:ncurses:6.5+20250216-2:*:*:*:*:*:*:*","pkg:deb/debian/ncurses@6.5+20250216-2?arch=arm64","cpe:2.3:a:debian:ncurses:6.5+20250216-2:*:*:*:*:*:*:*","pkg:deb/debian/ncurses@6.5+20250216-2?arch=arm64","APPLICATION","debian-target"
"net-tools","2.10-1.3","GPL-2+","","","","","","Organization: net-tools Team <team+net-tools@tracker.debian.org>","Copyright (c) Debian contributors","cpe:2.3:a:debian:net-tools:2.10-1.3:*:*:*:*:*:*:*","pkg:deb/debian/net-tools@2.10-1.3?arch=arm64","cpe:2.3:a:debian:net-tools:2.10-1.3:*:*:*:*:*:*:*","pkg:deb/debian/net-tools@2.10-1.3?arch=arm64","APPLICATION","debian-target"
"netbase","6.5","GPL-2","","","","","","Organization: Marco d'Itri <md@linux.it>","Copyright (c) Debian contributors","cpe:2.3:a:debian:netbase:6.5:*:*:*:*:*:*:*","pkg:deb/debian/netbase@6.5?arch=all","cpe:2.3:a:debian:netbase:6.5:*:*:*:*:*:*:*","pkg:deb/debian/netbase@6.5?arch=all","OPERATING_SYSTEM","debian-target"
"nettle-dev","3.10.1-1","Expat | GAP | GPL-2 | GPL-2+ | GPL-3+ with Autoconf exception | LGPL-2+ | LGPL-3+ | LGPL-3+ or GPL-2+ | public-domain","","","","","","Organization: Magnus Holmgren <holmgren@debian.org>","Copyright (c) Debian contributors","cpe:2.3:a:debian:nettle:3.10.1-1:*:*:*:*:*:*:*","pkg:deb/debian/nettle@3.10.1-1?arch=arm64","cpe:2.3:a:debian:nettle:3.10.1-1:*:*:*:*:*:*:*","pkg:deb/debian/nettle@3.10.1-1?arch=arm64","LIBRARY","debian-target"
"network-manager","1.52.1-1","GFDL-NIV-1.1+ | GPL-2+ | LGPL-2.1+","","","","","","Organization: Utopia Maintenance Team <pkg-utopia-maintainers@lists.alioth.debian.org>","Copyright (c) Debian contributors","cpe:2.3:a:debian:network-manager:1.52.1-1:*:*:*:*:*:*:*","pkg:deb/debian/network-manager@1.52.1-1?arch=arm64","cpe:2.3:a:debian:network-manager:1.52.1-1:*:*:*:*:*:*:*","pkg:deb/debian/network-manager@1.52.1-1?arch=arm64","APPLICATION","debian-target"
"network-manager-applet","1.36.0-3","GPL-2+ | LGPL-2+","","","","","","Organization: Utopia Maintenance Team <pkg-utopia-maintainers@lists.alioth.debian.org>","Copyright (c) Debian contributors","cpe:2.3:a:debian:network-manager-applet:1.36.0-3:*:*:*:*:*:*:*","pkg:deb/debian/network-manager-applet@1.36.0-3?arch=arm64","cpe:2.3:a:debian:network-manager-applet:1.36.0-3:*:*:*:*:*:*:*","pkg:deb/debian/network-manager-applet@1.36.0-3?arch=arm64","APPLICATION","debian-target"
"network-manager-gnome","1.36.0-3","GPL-2+ | LGPL-2+","","","","","","Organization: Utopia Maintenance Team <pkg-utopia-maintainers@lists.alioth.debian.org>","Copyright (c) Debian contributors","cpe:2.3:a:debian:network-manager-applet:1.36.0-3:*:*:*:*:*:*:*","pkg:deb/debian/network-manager-applet@1.36.0-3?arch=arm64","cpe:2.3:a:debian:network-manager-applet:1.36.0-3:*:*:*:*:*:*:*","pkg:deb/debian/network-manager-applet@1.36.0-3?arch=arm64","APPLICATION","debian-target"
"network-manager-l2tp","1.20.20-2","CC0-1.0 | FSFAP | FSFULLR | GPL-2+ | GPL-2+ or LGPL-2+ | LGPL-2+ | LGPL-2.1+","","","","","","Organization: Douglas Kosovic <doug@uq.edu.au>","Copyright (c) Debian contributors","cpe:2.3:a:debian:network-manager-l2tp:1.20.20-2:*:*:*:*:*:*:*","pkg:deb/debian/network-manager-l2tp@1.20.20-2?arch=arm64","cpe:2.3:a:debian:network-manager-l2tp:1.20.20-2:*:*:*:*:*:*:*","pkg:deb/debian/network-manager-l2tp@1.20.20-2?arch=arm64","APPLICATION","debian-target"
"network-manager-openvpn","1.12.3-1~deb13u1","GPL-2+ | LGPL-2+","","","","","","Organization: Utopia Maintenance Team <pkg-utopia-maintainers@lists.alioth.debian.org>","Copyright (c) Debian contributors","cpe:2.3:a:debian:network-manager-openvpn:1.12.3-1~deb13u1:*:*:*:*:*:*:*","pkg:deb/debian/network-manager-openvpn@1.12.3-1~deb13u1?arch=arm64","cpe:2.3:a:debian:network-manager-openvpn:1.12.3-1~deb13u1:*:*:*:*:*:*:*","pkg:deb/debian/network-manager-openvpn@1.12.3-1~deb13u1?arch=arm64","APPLICATION","debian-target"
"network-manager-pptp","1.2.12-4+b2","GPL-2+ | LGPL-2+","","","","","","Organization: Utopia Maintenance Team <pkg-utopia-maintainers@lists.alioth.debian.org>","Copyright (c) Debian contributors","cpe:2.3:a:debian:network-manager-pptp (1.2.12-4):1.2.12-4+b2:*:*:*:*:*:*:*","pkg:deb/debian/network-manager-pptp (1.2.12-4)@1.2.12-4+b2?arch=arm64","cpe:2.3:a:debian:network-manager-pptp (1.2.12-4):1.2.12-4+b2:*:*:*:*:*:*:*","pkg:deb/debian/network-manager-pptp (1.2.12-4)@1.2.12-4+b2?arch=arm64","APPLICATION","debian-target"
"network-manager-strongswan","1.6.2-1","GPL-2","","","","","","Organization: Harald Dunkel <harri@afaics.de>","Copyright (c) Debian contributors","cpe:2.3:a:debian:network-manager-strongswan:1.6.2-1:*:*:*:*:*:*:*","pkg:deb/debian/network-manager-strongswan@1.6.2-1?arch=arm64","cpe:2.3:a:debian:network-manager-strongswan:1.6.2-1:*:*:*:*:*:*:*","pkg:deb/debian/network-manager-strongswan@1.6.2-1?arch=arm64","APPLICATION","debian-target"
"network-manager-vpnc","1.4.0-2","GPL-2+ | LGPL-2+","","","","","","Organization: Utopia Maintenance Team <pkg-utopia-maintainers@lists.alioth.debian.org>","Copyright (c) Debian contributors","cpe:2.3:a:debian:network-manager-vpnc:1.4.0-2:*:*:*:*:*:*:*","pkg:deb/debian/network-manager-vpnc@1.4.0-2?arch=arm64","cpe:2.3:a:debian:network-manager-vpnc:1.4.0-2:*:*:*:*:*:*:*","pkg:deb/debian/network-manager-vpnc@1.4.0-2?arch=arm64","APPLICATION","debian-target"
"nm-connection-editor","1.36.0-3","GPL-2+ | LGPL-2+","","","","","","Organization: Utopia Maintenance Team <pkg-utopia-maintainers@lists.alioth.debian.org>","Copyright (c) Debian contributors","cpe:2.3:a:debian:network-manager-applet:1.36.0-3:*:*:*:*:*:*:*","pkg:deb/debian/network-manager-applet@1.36.0-3?arch=arm64","cpe:2.3:a:debian:network-manager-applet:1.36.0-3:*:*:*:*:*:*:*","pkg:deb/debian/network-manager-applet@1.36.0-3?arch=arm64","APPLICATION","debian-target"
"notification-daemon","3.20.0-5","GPL-2+","","","","","","Organization: Debian GNOME Maintainers <pkg-gnome-maintainers@lists.alioth.debian.org>","Copyright (c) Debian contributors","cpe:2.3:a:debian:notification-daemon:3.20.0-5:*:*:*:*:*:*:*","pkg:deb/debian/notification-daemon@3.20.0-5?arch=arm64","cpe:2.3:a:debian:notification-daemon:3.20.0-5:*:*:*:*:*:*:*","pkg:deb/debian/notification-daemon@3.20.0-5?arch=arm64","APPLICATION","debian-target"
"ntfs-3g","1:2022.10.3-5+deb13u1","GPL-2+ | LGPL-2+","","","","","","Organization: Laszlo Boszormenyi (GCS) <gcs@debian.org>","Copyright (c) Debian contributors","cpe:2.3:a:debian:ntfs-3g:1:2022.10.3-5+deb13u1:*:*:*:*:*:*:*","pkg:deb/debian/ntfs-3g@1:2022.10.3-5+deb13u1?arch=arm64","cpe:2.3:a:debian:ntfs-3g:1:2022.10.3-5+deb13u1:*:*:*:*:*:*:*","pkg:deb/debian/ntfs-3g@1:2022.10.3-5+deb13u1?arch=arm64","APPLICATION","debian-target"
"ntpsec-ntpdate","1.2.3+dfsg1-8","Apache-2.0 | BSD-2-clause | BSD-3-clause | BSD-3-clause-Abe | BSD-4-Clause-UC | BSD-4-clause-Trimble | Beerware | CC-BY-4.0 | CC0 | Expat | GPL-2 | ISC | NTP | NTP and ISC","","","","","","Organization: Richard Laager <rlaager@debian.org>","Copyright (c) Debian contributors","cpe:2.3:a:debian:ntpsec:1.2.3+dfsg1-8:*:*:*:*:*:*:*","pkg:deb/debian/ntpsec@1.2.3+dfsg1-8?arch=arm64","cpe:2.3:a:debian:ntpsec:1.2.3+dfsg1-8:*:*:*:*:*:*:*","pkg:deb/debian/ntpsec@1.2.3+dfsg1-8?arch=arm64","APPLICATION","debian-target"
"ntpsec-ntpdig","1.2.3+dfsg1-8","Apache-2.0 | BSD-2-clause | BSD-3-clause | BSD-3-clause-Abe | BSD-4-Clause-UC | BSD-4-clause-Trimble | Beerware | CC-BY-4.0 | CC0 | Expat | GPL-2 | ISC | NTP | NTP and ISC","","","","","","Organization: Richard Laager <rlaager@debian.org>","Copyright (c) Debian contributors","cpe:2.3:a:debian:ntpsec:1.2.3+dfsg1-8:*:*:*:*:*:*:*","pkg:deb/debian/ntpsec@1.2.3+dfsg1-8?arch=arm64","cpe:2.3:a:debian:ntpsec:1.2.3+dfsg1-8:*:*:*:*:*:*:*","pkg:deb/debian/ntpsec@1.2.3+dfsg1-8?arch=arm64","APPLICATION","debian-target"
"obconf","1:2.0.4+git20150213-3+b1","GPL-2+","","","","","","Organization: Mateusz Łukasik <mati75@linuxmint.pl>","Copyright (c) Debian contributors","cpe:2.3:a:debian:obconf (1:2.0.4+git20150213-3):1:2.0.4+git20150213-3+b1:*:*:*:*:*:*:*","pkg:deb/debian/obconf (1:2.0.4+git20150213-3)@1:2.0.4+git20150213-3+b1?arch=arm64","cpe:2.3:a:debian:obconf (1:2.0.4+git20150213-3):1:2.0.4+git20150213-3+b1:*:*:*:*:*:*:*","pkg:deb/debian/obconf (1:2.0.4+git20150213-3)@1:2.0.4+git20150213-3+b1?arch=arm64","APPLICATION","debian-target"
"ocl-icd-libopencl1","2.3.3-1","Apache-2.0 | BSD-2-Clause","","","","","","Organization: Debian OpenCL Maintainers <pkg-opencl-devel@lists.alioth.debian.org>","Copyright (c) Debian contributors","cpe:2.3:a:debian:ocl-icd:2.3.3-1:*:*:*:*:*:*:*","pkg:deb/debian/ocl-icd@2.3.3-1?arch=arm64","cpe:2.3:a:debian:ocl-icd:2.3.3-1:*:*:*:*:*:*:*","pkg:deb/debian/ocl-icd@2.3.3-1?arch=arm64","LIBRARY","debian-target"
"openssh-client","1:10.0p1-7+deb13u4","BSD-2-clause | BSD-3-clause | Expat-with-advertising-restriction | Mazieres-BSD-style | OpenSSH | Powell-BSD-style | public-domain","","","","","","Organization: Debian OpenSSH Maintainers <debian-ssh@lists.debian.org>","Copyright (c) Debian contributors","cpe:2.3:a:debian:openssh:1:10.0p1-7+deb13u4:*:*:*:*:*:*:*","pkg:deb/debian/openssh@1:10.0p1-7+deb13u4?arch=arm64","cpe:2.3:a:debian:openssh:1:10.0p1-7+deb13u4:*:*:*:*:*:*:*","pkg:deb/debian/openssh@1:10.0p1-7+deb13u4?arch=arm64","APPLICATION","debian-target"
"openssh-server","1:10.0p1-7+deb13u4","BSD-2-clause | BSD-3-clause | Expat-with-advertising-restriction | Mazieres-BSD-style | OpenSSH | Powell-BSD-style | public-domain","","","","","","Organization: Debian OpenSSH Maintainers <debian-ssh@lists.debian.org>","Copyright (c) Debian contributors","cpe:2.3:a:debian:openssh:1:10.0p1-7+deb13u4:*:*:*:*:*:*:*","pkg:deb/debian/openssh@1:10.0p1-7+deb13u4?arch=arm64","cpe:2.3:a:debian:openssh:1:10.0p1-7+deb13u4:*:*:*:*:*:*:*","pkg:deb/debian/openssh@1:10.0p1-7+deb13u4?arch=arm64","APPLICATION","debian-target"
"openssh-sftp-server","1:10.0p1-7+deb13u4","BSD-2-clause | BSD-3-clause | Expat-with-advertising-restriction | Mazieres-BSD-style | OpenSSH | Powell-BSD-style | public-domain","","","","","","Organization: Debian OpenSSH Maintainers <debian-ssh@lists.debian.org>","Copyright (c) Debian contributors","cpe:2.3:a:debian:openssh:1:10.0p1-7+deb13u4:*:*:*:*:*:*:*","pkg:deb/debian/openssh@1:10.0p1-7+deb13u4?arch=arm64","cpe:2.3:a:debian:openssh:1:10.0p1-7+deb13u4:*:*:*:*:*:*:*","pkg:deb/debian/openssh@1:10.0p1-7+deb13u4?arch=arm64","APPLICATION","debian-target"
"openssl","3.5.6-1~deb13u2","Apache-2.0 | Artistic | Artistic or GPL-1+ | GPL-1+","","","","","","Organization: Debian OpenSSL Team <pkg-openssl-devel@alioth-lists.debian.net>","Copyright (c) Debian contributors","cpe:2.3:a:debian:openssl:3.5.6-1~deb13u2:*:*:*:*:*:*:*","pkg:deb/debian/openssl@3.5.6-1~deb13u2?arch=arm64","cpe:2.3:a:debian:openssl:3.5.6-1~deb13u2:*:*:*:*:*:*:*","pkg:deb/debian/openssl@3.5.6-1~deb13u2?arch=arm64","APPLICATION","debian-target"
"openssl-provider-legacy","3.5.6-1~deb13u2","Apache-2.0 | Artistic | Artistic or GPL-1+ | GPL-1+","","","","","","Organization: Debian OpenSSL Team <pkg-openssl-devel@alioth-lists.debian.net>","Copyright (c) Debian contributors","cpe:2.3:a:debian:openssl:3.5.6-1~deb13u2:*:*:*:*:*:*:*","pkg:deb/debian/openssl@3.5.6-1~deb13u2?arch=arm64","cpe:2.3:a:debian:openssl:3.5.6-1~deb13u2:*:*:*:*:*:*:*","pkg:deb/debian/openssl@3.5.6-1~deb13u2?arch=arm64","APPLICATION","debian-target"
"openvpn","2.6.14-1+deb13u2","BSD-2 | BSD-3 | GPL-2 | GPL-2 with OpenSSL exception | GPL-2+ | GPL-3+ | MIT | other","","","","","","Organization: Bernhard Schmidt <berni@debian.org>","Copyright (c) Debian contributors","cpe:2.3:a:debian:openvpn:2.6.14-1+deb13u2:*:*:*:*:*:*:*","pkg:deb/debian/openvpn@2.6.14-1+deb13u2?arch=arm64","cpe:2.3:a:debian:openvpn:2.6.14-1+deb13u2:*:*:*:*:*:*:*","pkg:deb/debian/openvpn@2.6.14-1+deb13u2?arch=arm64","APPLICATION","debian-target"
"orca","48.1-1+deb13u2","LGPL-2.1+","","","","","","Organization: Debian Accessibility Team <pkg-a11y-devel@alioth-lists.debian.net>","Copyright (c) Debian contributors","cpe:2.3:a:debian:orca:48.1-1+deb13u2:*:*:*:*:*:*:*","pkg:deb/debian/orca@48.1-1+deb13u2?arch=all","cpe:2.3:a:debian:orca:48.1-1+deb13u2:*:*:*:*:*:*:*","pkg:deb/debian/orca@48.1-1+deb13u2?arch=all","APPLICATION","debian-target"
"osinfo-db","0.20250606-1","GPL-2+","","","","","","Organization: Debian Libvirt Maintainers <pkg-libvirt-maintainers@lists.alioth.debian.org>","Copyright (c) Debian contributors","cpe:2.3:a:debian:osinfo-db:0.20250606-1:*:*:*:*:*:*:*","pkg:deb/debian/osinfo-db@0.20250606-1?arch=all","cpe:2.3:a:debian:osinfo-db:0.20250606-1:*:*:*:*:*:*:*","pkg:deb/debian/osinfo-db@0.20250606-1?arch=all","LIBRARY","debian-target"
"p11-kit","0.25.5-3","Apache-2.0 | BSD-3-clause | FSFAP | FSFULLR | GPL-2+ with Autoconf-data exception | GPL-3+ with Autoconf-data exception | ISC | LGPL-2.1+ | X11 | customFSFUL | customFSFULLRWD","","","","","","Organization: Debian GnuTLS Maintainers <pkg-gnutls-maint@lists.alioth.debian.org>","Copyright (c) Debian contributors","cpe:2.3:a:debian:p11-kit:0.25.5-3:*:*:*:*:*:*:*","pkg:deb/debian/p11-kit@0.25.5-3?arch=arm64","cpe:2.3:a:debian:p11-kit:0.25.5-3:*:*:*:*:*:*:*","pkg:deb/debian/p11-kit@0.25.5-3?arch=arm64","APPLICATION","debian-target"
"p11-kit-modules","0.25.5-3","Apache-2.0 | BSD-3-clause | FSFAP | FSFULLR | GPL-2+ with Autoconf-data exception | GPL-3+ with Autoconf-data exception | ISC | LGPL-2.1+ | X11 | customFSFUL | customFSFULLRWD","","","","","","Organization: Debian GnuTLS Maintainers <pkg-gnutls-maint@lists.alioth.debian.org>","Copyright (c) Debian contributors","cpe:2.3:a:debian:p11-kit:0.25.5-3:*:*:*:*:*:*:*","pkg:deb/debian/p11-kit@0.25.5-3?arch=arm64","cpe:2.3:a:debian:p11-kit:0.25.5-3:*:*:*:*:*:*:*","pkg:deb/debian/p11-kit@0.25.5-3?arch=arm64","APPLICATION","debian-target"
"packagekit","1.3.1-1+deb13u1","FSFAP | GPL-2+ | GPL-2+ and LGPL-2.1+ | LGPL-2.1+","","","","","","Organization: Matthias Klumpp <mak@debian.org>","Copyright (c) Debian contributors","cpe:2.3:a:debian:packagekit:1.3.1-1+deb13u1:*:*:*:*:*:*:*","pkg:deb/debian/packagekit@1.3.1-1+deb13u1?arch=arm64","cpe:2.3:a:debian:packagekit:1.3.1-1+deb13u1:*:*:*:*:*:*:*","pkg:deb/debian/packagekit@1.3.1-1+deb13u1?arch=arm64","OPERATING_SYSTEM","debian-target"
"pango1.0-tools","1.56.3-1","Apache-2 | Apache-2 and Bitstream-Vera and OFL-1.1 | Bitstream-Vera | Chromium-BSD-style | Example | ICU | LGPL-2+ | LGPL-2+ and ICU | LGPL-2+ and LGPL-2.1+ | LGPL-2+ and TCL | LGPL-2.1+ | OFL-1.1 | TCL | Unicode","","","","","","Organization: Debian GNOME Maintainers <pkg-gnome-maintainers@lists.alioth.debian.org>","Copyright (c) Debian contributors","cpe:2.3:a:debian:pango1.0:1.56.3-1:*:*:*:*:*:*:*","pkg:deb/debian/pango1.0@1.56.3-1?arch=arm64","cpe:2.3:a:debian:pango1.0:1.56.3-1:*:*:*:*:*:*:*","pkg:deb/debian/pango1.0@1.56.3-1?arch=arm64","LIBRARY","debian-target"
"parted","3.6-5","","","","","","","Organization: Parted Maintainer Team <parted-maintainers@alioth-lists.debian.net>","Copyright (c) Debian contributors","cpe:2.3:a:debian:parted:3.6-5:*:*:*:*:*:*:*","pkg:deb/debian/parted@3.6-5?arch=arm64","cpe:2.3:a:debian:parted:3.6-5:*:*:*:*:*:*:*","pkg:deb/debian/parted@3.6-5?arch=arm64","OPERATING_SYSTEM","debian-target"
"passwd","1:4.17.4-2","BSD-3-clause | GPL-1 | GPL-2+","","","","","","Organization: Shadow package maintainers <pkg-shadow-devel@lists.alioth.debian.org>","Copyright (c) Debian contributors","cpe:2.3:a:debian:shadow:1:4.17.4-2:*:*:*:*:*:*:*","pkg:deb/debian/shadow@1:4.17.4-2?arch=arm64","cpe:2.3:a:debian:shadow:1:4.17.4-2:*:*:*:*:*:*:*","pkg:deb/debian/shadow@1:4.17.4-2?arch=arm64","OPERATING_SYSTEM","debian-target"
"patch","2.8-2","GPL-3+","","","","","","Organization: Laszlo Boszormenyi (GCS) <gcs@debian.org>","Copyright (c) Debian contributors","cpe:2.3:a:debian:patch:2.8-2:*:*:*:*:*:*:*","pkg:deb/debian/patch@2.8-2?arch=arm64","cpe:2.3:a:debian:patch:2.8-2:*:*:*:*:*:*:*","pkg:deb/debian/patch@2.8-2?arch=arm64","APPLICATION","debian-target"
"pavucontrol","6.1-1","GPL-2+","","","","","","Organization: Pulseaudio maintenance team <pkg-pulseaudio-devel@lists.alioth.debian.org>","Copyright (c) Debian contributors","cpe:2.3:a:debian:pavucontrol:6.1-1:*:*:*:*:*:*:*","pkg:deb/debian/pavucontrol@6.1-1?arch=arm64","cpe:2.3:a:debian:pavucontrol:6.1-1:*:*:*:*:*:*:*","pkg:deb/debian/pavucontrol@6.1-1?arch=arm64","APPLICATION","debian-target"
"pci.ids","0.0~2025.06.09-1","BSD-3-clause | GPL-2+ | GPL-2+ or BSD-3-clause","","","","","","Organization: Guillem Jover <guillem@debian.org>","Copyright (c) Debian contributors","cpe:2.3:a:debian:pci.ids:0.0~2025.06.09-1:*:*:*:*:*:*:*","pkg:deb/debian/pci.ids@0.0~2025.06.09-1?arch=all","cpe:2.3:a:debian:pci.ids:0.0~2025.06.09-1:*:*:*:*:*:*:*","pkg:deb/debian/pci.ids@0.0~2025.06.09-1?arch=all","OPERATING_SYSTEM","debian-target"
"perl","5.40.1-6","Artistic | Artistic or GPL-1+ | Artistic or GPL-1+ or Artistic-dist | Artistic-2 | Artistic-dist | BSD-3-clause | BSD-3-clause-GENERIC | BSD-3-clause-with-weird-numbering | BSD-4-clause-POWERDOG | BZIP | CC0-1.0 | DONT-CHANGE-THE-GPL | Expat | Expat or GPL-1+ or Artistic | FSFAP | GPL-1+ | GPL-1+ or Artistic | GPL-1+ or Artistic or Artistic-dist | GPL-1+ or Artistic, and BSD-3-clause-GENERIC | GPL-1+ or Artistic, and BSD-4-clause-POWERDOG | GPL-1+ or Artistic, and Expat | GPL-1+ or Artistic, and Unicode | GPL-2+ | GPL-2+ or Artistic | GPL-3+-WITH-BISON-EXCEPTION | LGPL-2.1 | REGCOMP | REGCOMP, and GPL-1+ or Artistic | SDBM-PUBLIC-DOMAIN | TEXT-TABS | Unicode | ZLIB","","","","","","Organization: Niko Tyni <ntyni@debian.org>","Copyright (c) Debian contributors","cpe:2.3:a:debian:perl:5.40.1-6:*:*:*:*:*:*:*","pkg:deb/debian/perl@5.40.1-6?arch=arm64","cpe:2.3:a:debian:perl:5.40.1-6:*:*:*:*:*:*:*","pkg:deb/debian/perl@5.40.1-6?arch=arm64","APPLICATION","debian-target"
"perl-base","5.40.1-6","Artistic | Artistic or GPL-1+ | Artistic or GPL-1+ or Artistic-dist | Artistic-2 | Artistic-dist | BSD-3-clause | BSD-3-clause-GENERIC | BSD-3-clause-with-weird-numbering | BSD-4-clause-POWERDOG | BZIP | CC0-1.0 | DONT-CHANGE-THE-GPL | Expat | Expat or GPL-1+ or Artistic | FSFAP | GPL-1+ | GPL-1+ or Artistic | GPL-1+ or Artistic or Artistic-dist | GPL-1+ or Artistic, and BSD-3-clause-GENERIC | GPL-1+ or Artistic, and BSD-4-clause-POWERDOG | GPL-1+ or Artistic, and Expat | GPL-1+ or Artistic, and Unicode | GPL-2+ | GPL-2+ or Artistic | GPL-3+-WITH-BISON-EXCEPTION | LGPL-2.1 | REGCOMP | REGCOMP, and GPL-1+ or Artistic | SDBM-PUBLIC-DOMAIN | TEXT-TABS | Unicode | ZLIB","","","","","","Organization: Niko Tyni <ntyni@debian.org>","Copyright (c) Debian contributors","cpe:2.3:a:debian:perl:5.40.1-6:*:*:*:*:*:*:*","pkg:deb/debian/perl@5.40.1-6?arch=arm64","cpe:2.3:a:debian:perl:5.40.1-6:*:*:*:*:*:*:*","pkg:deb/debian/perl@5.40.1-6?arch=arm64","APPLICATION","debian-target"
"perl-modules-5.40","5.40.1-6","Artistic | Artistic or GPL-1+ | Artistic or GPL-1+ or Artistic-dist | Artistic-2 | Artistic-dist | BSD-3-clause | BSD-3-clause-GENERIC | BSD-3-clause-with-weird-numbering | BSD-4-clause-POWERDOG | BZIP | CC0-1.0 | DONT-CHANGE-THE-GPL | Expat | Expat or GPL-1+ or Artistic | FSFAP | GPL-1+ | GPL-1+ or Artistic | GPL-1+ or Artistic or Artistic-dist | GPL-1+ or Artistic, and BSD-3-clause-GENERIC | GPL-1+ or Artistic, and BSD-4-clause-POWERDOG | GPL-1+ or Artistic, and Expat | GPL-1+ or Artistic, and Unicode | GPL-2+ | GPL-2+ or Artistic | GPL-3+-WITH-BISON-EXCEPTION | LGPL-2.1 | REGCOMP | REGCOMP, and GPL-1+ or Artistic | SDBM-PUBLIC-DOMAIN | TEXT-TABS | Unicode | ZLIB","","","","","","Organization: Niko Tyni <ntyni@debian.org>","Copyright (c) Debian contributors","cpe:2.3:a:debian:perl:5.40.1-6:*:*:*:*:*:*:*","pkg:deb/debian/perl@5.40.1-6?arch=all","cpe:2.3:a:debian:perl:5.40.1-6:*:*:*:*:*:*:*","pkg:deb/debian/perl@5.40.1-6?arch=all","LIBRARY","debian-target"
"perl-openssl-defaults","7+b2","Artistic | Artistic or GPL-1+ | GPL-1+","","","","","","Organization: Debian Perl Group <pkg-perl-maintainers@lists.alioth.debian.org>","Copyright (c) Debian contributors","cpe:2.3:a:debian:perl-openssl-defaults (7):7+b2:*:*:*:*:*:*:*","pkg:deb/debian/perl-openssl-defaults (7)@7+b2?arch=arm64","cpe:2.3:a:debian:perl-openssl-defaults (7):7+b2:*:*:*:*:*:*:*","pkg:deb/debian/perl-openssl-defaults (7)@7+b2?arch=arm64","APPLICATION","debian-target"
"pinentry-curses","1.3.1-2","GPL-2 | GPL-2+ | LGPL-3+ | LGPL-3+ or GPL-2+ | X11","","","","","","Organization: Debian GnuPG Maintainers <pkg-gnupg-maint@lists.alioth.debian.org>","Copyright (c) Debian contributors","cpe:2.3:a:debian:pinentry:1.3.1-2:*:*:*:*:*:*:*","pkg:deb/debian/pinentry@1.3.1-2?arch=arm64","cpe:2.3:a:debian:pinentry:1.3.1-2:*:*:*:*:*:*:*","pkg:deb/debian/pinentry@1.3.1-2?arch=arm64","APPLICATION","debian-target"
"pinentry-gnome3","1.3.1-2","GPL-2 | GPL-2+ | LGPL-3+ | LGPL-3+ or GPL-2+ | X11","","","","","","Organization: Debian GnuPG Maintainers <pkg-gnupg-maint@lists.alioth.debian.org>","Copyright (c) Debian contributors","cpe:2.3:a:debian:pinentry:1.3.1-2:*:*:*:*:*:*:*","pkg:deb/debian/pinentry@1.3.1-2?arch=arm64","cpe:2.3:a:debian:pinentry:1.3.1-2:*:*:*:*:*:*:*","pkg:deb/debian/pinentry@1.3.1-2?arch=arm64","APPLICATION","debian-target"
"pipewire","1.4.2-1","BZIP2 | Expat | Expat and LGPL-2.1+ | FFTPACK | GPL-2 | LGPL-2+ | LGPL-2+ and LGPL-2.1+ and Expat | LGPL-2.1+","","","","","","Organization: Utopia Maintenance Team <pkg-utopia-maintainers@alioth-lists.debian.net>","Copyright (c) Debian contributors","cpe:2.3:a:debian:pipewire:1.4.2-1:*:*:*:*:*:*:*","pkg:deb/debian/pipewire@1.4.2-1?arch=arm64","cpe:2.3:a:debian:pipewire:1.4.2-1:*:*:*:*:*:*:*","pkg:deb/debian/pipewire@1.4.2-1?arch=arm64","APPLICATION","debian-target"
"pipewire-alsa","1.4.2-1","BZIP2 | Expat | Expat and LGPL-2.1+ | FFTPACK | GPL-2 | LGPL-2+ | LGPL-2+ and LGPL-2.1+ and Expat | LGPL-2.1+","","","","","","Organization: Utopia Maintenance Team <pkg-utopia-maintainers@alioth-lists.debian.net>","Copyright (c) Debian contributors","cpe:2.3:a:debian:pipewire:1.4.2-1:*:*:*:*:*:*:*","pkg:deb/debian/pipewire@1.4.2-1?arch=arm64","cpe:2.3:a:debian:pipewire:1.4.2-1:*:*:*:*:*:*:*","pkg:deb/debian/pipewire@1.4.2-1?arch=arm64","APPLICATION","debian-target"
"pipewire-audio","1.4.2-1","BZIP2 | Expat | Expat and LGPL-2.1+ | FFTPACK | GPL-2 | LGPL-2+ | LGPL-2+ and LGPL-2.1+ and Expat | LGPL-2.1+","","","","","","Organization: Utopia Maintenance Team <pkg-utopia-maintainers@alioth-lists.debian.net>","Copyright (c) Debian contributors","cpe:2.3:a:debian:pipewire:1.4.2-1:*:*:*:*:*:*:*","pkg:deb/debian/pipewire@1.4.2-1?arch=all","cpe:2.3:a:debian:pipewire:1.4.2-1:*:*:*:*:*:*:*","pkg:deb/debian/pipewire@1.4.2-1?arch=all","APPLICATION","debian-target"
"pipewire-bin","1.4.2-1","BZIP2 | Expat | Expat and LGPL-2.1+ | FFTPACK | GPL-2 | LGPL-2+ | LGPL-2+ and LGPL-2.1+ and Expat | LGPL-2.1+","","","","","","Organization: Utopia Maintenance Team <pkg-utopia-maintainers@alioth-lists.debian.net>","Copyright (c) Debian contributors","cpe:2.3:a:debian:pipewire:1.4.2-1:*:*:*:*:*:*:*","pkg:deb/debian/pipewire@1.4.2-1?arch=arm64","cpe:2.3:a:debian:pipewire:1.4.2-1:*:*:*:*:*:*:*","pkg:deb/debian/pipewire@1.4.2-1?arch=arm64","APPLICATION","debian-target"
"pipewire-pulse","1.4.2-1","BZIP2 | Expat | Expat and LGPL-2.1+ | FFTPACK | GPL-2 | LGPL-2+ | LGPL-2+ and LGPL-2.1+ and Expat | LGPL-2.1+","","","","","","Organization: Utopia Maintenance Team <pkg-utopia-maintainers@alioth-lists.debian.net>","Copyright (c) Debian contributors","cpe:2.3:a:debian:pipewire:1.4.2-1:*:*:*:*:*:*:*","pkg:deb/debian/pipewire@1.4.2-1?arch=arm64","cpe:2.3:a:debian:pipewire:1.4.2-1:*:*:*:*:*:*:*","pkg:deb/debian/pipewire@1.4.2-1?arch=arm64","APPLICATION","debian-target"
"pkexec","126-2","Expat | LGPL-2.0+ | LGPL-2.0+ and Expat","","","","","","Organization: Utopia Maintenance Team <pkg-utopia-maintainers@lists.alioth.debian.org>","Copyright (c) Debian contributors","cpe:2.3:a:debian:policykit-1:126-2:*:*:*:*:*:*:*","pkg:deb/debian/policykit-1@126-2?arch=arm64","cpe:2.3:a:debian:policykit-1:126-2:*:*:*:*:*:*:*","pkg:deb/debian/policykit-1@126-2?arch=arm64","OPERATING_SYSTEM","debian-target"
"pkgconf","1.8.1-4","BSD-2 | BSD-4 | GPL-2+ | ISC | X11","","","","","","Organization: Andrej Shadura <andrewsh@debian.org>","Copyright (c) Debian contributors","cpe:2.3:a:debian:pkgconf:1.8.1-4:*:*:*:*:*:*:*","pkg:deb/debian/pkgconf@1.8.1-4?arch=arm64","cpe:2.3:a:debian:pkgconf:1.8.1-4:*:*:*:*:*:*:*","pkg:deb/debian/pkgconf@1.8.1-4?arch=arm64","LIBRARY","debian-target"
"pkgconf-bin","1.8.1-4","BSD-2 | BSD-4 | GPL-2+ | ISC | X11","","","","","","Organization: Andrej Shadura <andrewsh@debian.org>","Copyright (c) Debian contributors","cpe:2.3:a:debian:pkgconf:1.8.1-4:*:*:*:*:*:*:*","pkg:deb/debian/pkgconf@1.8.1-4?arch=arm64","cpe:2.3:a:debian:pkgconf:1.8.1-4:*:*:*:*:*:*:*","pkg:deb/debian/pkgconf@1.8.1-4?arch=arm64","LIBRARY","debian-target"
"pm-utils","1.4.1-21","GPL-2","","","","","","Organization: Ian Jackson <ijackson@chiark.greenend.org.uk>","Copyright (c) Debian contributors","cpe:2.3:a:debian:pm-utils:1.4.1-21:*:*:*:*:*:*:*","pkg:deb/debian/pm-utils@1.4.1-21?arch=all","cpe:2.3:a:debian:pm-utils:1.4.1-21:*:*:*:*:*:*:*","pkg:deb/debian/pm-utils@1.4.1-21?arch=all","OPERATING_SYSTEM","debian-target"
"polkitd","126-2","Expat | LGPL-2.0+ | LGPL-2.0+ and Expat","","","","","","Organization: Utopia Maintenance Team <pkg-utopia-maintainers@lists.alioth.debian.org>","Copyright (c) Debian contributors","cpe:2.3:a:debian:policykit-1:126-2:*:*:*:*:*:*:*","pkg:deb/debian/policykit-1@126-2?arch=arm64","cpe:2.3:a:debian:policykit-1:126-2:*:*:*:*:*:*:*","pkg:deb/debian/policykit-1@126-2?arch=arm64","OPERATING_SYSTEM","debian-target"
"poppler-data","0.4.12-1","AGPL-3+ | BSD-3-cluase | GPL-2 | MIT","","","","","","Organization: Hideki Yamane <henrich@debian.org>","Copyright (c) Debian contributors","cpe:2.3:a:debian:poppler-data:0.4.12-1:*:*:*:*:*:*:*","pkg:deb/debian/poppler-data@0.4.12-1?arch=all","cpe:2.3:a:debian:poppler-data:0.4.12-1:*:*:*:*:*:*:*","pkg:deb/debian/poppler-data@0.4.12-1?arch=all","APPLICATION","debian-target"
"poppler-utils","25.03.0-5+deb13u3","Apache-2.0 | GPL-2 | GPL-2 or GPL-3 | GPL-3","","","","","","Organization: Debian freedesktop.org maintainers <pkg-freedesktop-maintainers@lists.alioth.debian.org>","Copyright (c) Debian contributors","cpe:2.3:a:debian:poppler:25.03.0-5+deb13u3:*:*:*:*:*:*:*","pkg:deb/debian/poppler@25.03.0-5+deb13u3?arch=arm64","cpe:2.3:a:debian:poppler:25.03.0-5+deb13u3:*:*:*:*:*:*:*","pkg:deb/debian/poppler@25.03.0-5+deb13u3?arch=arm64","APPLICATION","debian-target"
"powerdebug","0.7.0-2013.08-4+b1","EPL-1.0","","","","","","Organization: Debian QA Group <packages@qa.debian.org>","Copyright (c) Debian contributors","cpe:2.3:a:debian:powerdebug (0.7.0-2013.08-4):0.7.0-2013.08-4+b1:*:*:*:*:*:*:*","pkg:deb/debian/powerdebug (0.7.0-2013.08-4)@0.7.0-2013.08-4+b1?arch=arm64","cpe:2.3:a:debian:powerdebug (0.7.0-2013.08-4):0.7.0-2013.08-4+b1:*:*:*:*:*:*:*","pkg:deb/debian/powerdebug (0.7.0-2013.08-4)@0.7.0-2013.08-4+b1?arch=arm64","APPLICATION","debian-target"
"powermgmt-base","1.38","GPL-2+","","","","","","Organization: Adam Borowski <kilobyte@angband.pl>","Copyright (c) Debian contributors","cpe:2.3:a:debian:powermgmt-base:1.38:*:*:*:*:*:*:*","pkg:deb/debian/powermgmt-base@1.38?arch=all","cpe:2.3:a:debian:powermgmt-base:1.38:*:*:*:*:*:*:*","pkg:deb/debian/powermgmt-base@1.38?arch=all","APPLICATION","debian-target"
"powertop","2.15-4","Custom | GPL-2 | ISC | LGPL-2.1","","","","","","Organization: Kan-Ru Chen (陳侃如) <koster@debian.org>","Copyright (c) Debian contributors","cpe:2.3:a:debian:powertop:2.15-4:*:*:*:*:*:*:*","pkg:deb/debian/powertop@2.15-4?arch=arm64","cpe:2.3:a:debian:powertop:2.15-4:*:*:*:*:*:*:*","pkg:deb/debian/powertop@2.15-4?arch=arm64","APPLICATION","debian-target"
"ppp","2.5.2-1+1","","","","","","","Organization: Chris Boot <bootc@debian.org>","Copyright (c) Debian contributors","cpe:2.3:a:debian:ppp:2.5.2-1+1:*:*:*:*:*:*:*","pkg:deb/debian/ppp@2.5.2-1+1?arch=arm64","cpe:2.3:a:debian:ppp:2.5.2-1+1:*:*:*:*:*:*:*","pkg:deb/debian/ppp@2.5.2-1+1?arch=arm64","OPERATING_SYSTEM","debian-target"
"pptp-linux","1.10.0-2","GPL-2.0+","","","","","","Organization: Christoph Biedl <debian.axhn@manchmal.in-ulm.de>","Copyright (c) Debian contributors","cpe:2.3:a:debian:pptp-linux:1.10.0-2:*:*:*:*:*:*:*","pkg:deb/debian/pptp-linux@1.10.0-2?arch=arm64","cpe:2.3:a:debian:pptp-linux:1.10.0-2:*:*:*:*:*:*:*","pkg:deb/debian/pptp-linux@1.10.0-2?arch=arm64","APPLICATION","debian-target"
"procps","2:4.0.4-9","GPL-2.0+ | LGPL-2.0+ | LGPL-2.1+","","","","","","Organization: Craig Small <csmall@debian.org>","Copyright (c) Debian contributors","cpe:2.3:a:debian:procps:2:4.0.4-9:*:*:*:*:*:*:*","pkg:deb/debian/procps@2:4.0.4-9?arch=arm64","cpe:2.3:a:debian:procps:2:4.0.4-9:*:*:*:*:*:*:*","pkg:deb/debian/procps@2:4.0.4-9?arch=arm64","OPERATING_SYSTEM","debian-target"
"proj-data","9.6.0-1","Apache-2.0 | Expat | GPL-2+ | GPL-3+ with Bison exception | LRUCache11 | public-domain","","","","","","Organization: Debian GIS Project <pkg-grass-devel@lists.alioth.debian.org>","Copyright (c) Debian contributors","cpe:2.3:a:debian:proj:9.6.0-1:*:*:*:*:*:*:*","pkg:deb/debian/proj@9.6.0-1?arch=all","cpe:2.3:a:debian:proj:9.6.0-1:*:*:*:*:*:*:*","pkg:deb/debian/proj@9.6.0-1?arch=all","LIBRARY","debian-target"
"psmisc","23.7-2","GPL-2+","","","","","","Organization: Craig Small <csmall@debian.org>","Copyright (c) Debian contributors","cpe:2.3:a:debian:psmisc:23.7-2:*:*:*:*:*:*:*","pkg:deb/debian/psmisc@23.7-2?arch=arm64","cpe:2.3:a:debian:psmisc:23.7-2:*:*:*:*:*:*:*","pkg:deb/debian/psmisc@23.7-2?arch=arm64","OPERATING_SYSTEM","debian-target"
"python3","3.13.5-1","","","","","","","Organization: Matthias Klose <doko@debian.org>","Copyright (c) Debian contributors","cpe:2.3:a:debian:python3-defaults:3.13.5-1:*:*:*:*:*:*:*","pkg:deb/debian/python3-defaults@3.13.5-1?arch=arm64","cpe:2.3:a:debian:python3-defaults:3.13.5-1:*:*:*:*:*:*:*","pkg:deb/debian/python3-defaults@3.13.5-1?arch=arm64","APPLICATION","debian-target"
"python3-brlapi","6.7-3.1+deb13u3","","","","","","","Organization: Debian Accessibility Team <pkg-a11y-devel@alioth-lists.debian.net>","Copyright (c) Debian contributors","cpe:2.3:a:debian:brltty:6.7-3.1+deb13u3:*:*:*:*:*:*:*","pkg:deb/debian/brltty@6.7-3.1+deb13u3?arch=arm64","cpe:2.3:a:debian:brltty:6.7-3.1+deb13u3:*:*:*:*:*:*:*","pkg:deb/debian/brltty@6.7-3.1+deb13u3?arch=arm64","APPLICATION","debian-target"
"python3-cairo","1.27.0-2","","","","","","","Organization: Debian Python Team <team+python@tracker.debian.org>","Copyright (c) Debian contributors","cpe:2.3:a:debian:pycairo:1.27.0-2:*:*:*:*:*:*:*","pkg:deb/debian/pycairo@1.27.0-2?arch=arm64","cpe:2.3:a:debian:pycairo:1.27.0-2:*:*:*:*:*:*:*","pkg:deb/debian/pycairo@1.27.0-2?arch=arm64","APPLICATION","debian-target"
"python3-certifi","2025.1.31+ds-1","GPL-2 | MPL-2","","","","","","Organization: Sebastien Delafond <seb@debian.org>","Copyright (c) Debian contributors","cpe:2.3:a:debian:python-certifi:2025.1.31+ds-1:*:*:*:*:*:*:*","pkg:deb/debian/python-certifi@2025.1.31+ds-1?arch=all","cpe:2.3:a:debian:python-certifi:2025.1.31+ds-1:*:*:*:*:*:*:*","pkg:deb/debian/python-certifi@2025.1.31+ds-1?arch=all","APPLICATION","debian-target"
"python3-chardet","5.2.0+dfsg-2","LGPL-2.1+ | non-given-in-english","","","","","","Organization: Piotr Ożarowski <piotr@debian.org>","Copyright (c) Debian contributors","cpe:2.3:a:debian:chardet:5.2.0+dfsg-2:*:*:*:*:*:*:*","pkg:deb/debian/chardet@5.2.0+dfsg-2?arch=all","cpe:2.3:a:debian:chardet:5.2.0+dfsg-2:*:*:*:*:*:*:*","pkg:deb/debian/chardet@5.2.0+dfsg-2?arch=all","APPLICATION","debian-target"
"python3-charset-normalizer","3.4.2-1","CC-BY-SA-3.0 | CC-BY-SA-3.0 or PUBLIC-DOMAIN | Expat | PUBLIC-DOMAIN","","","","","","Organization: Debian Python Team <team+python@tracker.debian.org>","Copyright (c) Debian contributors","cpe:2.3:a:debian:python-charset-normalizer:3.4.2-1:*:*:*:*:*:*:*","pkg:deb/debian/python-charset-normalizer@3.4.2-1?arch=arm64","cpe:2.3:a:debian:python-charset-normalizer:3.4.2-1:*:*:*:*:*:*:*","pkg:deb/debian/python-charset-normalizer@3.4.2-1?arch=arm64","APPLICATION","debian-target"
"python3-cups","2.0.4-2+b2","GPL-2+","","","","","","Organization: Debian Python Team <team+python@tracker.debian.org>","Copyright (c) Debian contributors","cpe:2.3:a:debian:python-cups (2.0.4-2):2.0.4-2+b2:*:*:*:*:*:*:*","pkg:deb/debian/python-cups (2.0.4-2)@2.0.4-2+b2?arch=arm64","cpe:2.3:a:debian:python-cups (2.0.4-2):2.0.4-2+b2:*:*:*:*:*:*:*","pkg:deb/debian/python-cups (2.0.4-2)@2.0.4-2+b2?arch=arm64","APPLICATION","debian-target"
"python3-cupshelpers","1.5.18-4","GPL-2+","","","","","","Organization: Debian GNOME Maintainers <pkg-gnome-maintainers@lists.alioth.debian.org>","Copyright (c) Debian contributors","cpe:2.3:a:debian:system-config-printer:1.5.18-4:*:*:*:*:*:*:*","pkg:deb/debian/system-config-printer@1.5.18-4?arch=all","cpe:2.3:a:debian:system-config-printer:1.5.18-4:*:*:*:*:*:*:*","pkg:deb/debian/system-config-printer@1.5.18-4?arch=all","APPLICATION","debian-target"
"python3-dbus","1.4.0-1","AFL-2.1 | Expat | GPL-2+ | GPL-2+ or AFL-2.1, and Expat","","","","","","Organization: Utopia Maintenance Team <pkg-utopia-maintainers@lists.alioth.debian.org>","Copyright (c) Debian contributors","cpe:2.3:a:debian:dbus-python:1.4.0-1:*:*:*:*:*:*:*","pkg:deb/debian/dbus-python@1.4.0-1?arch=arm64","cpe:2.3:a:debian:dbus-python:1.4.0-1:*:*:*:*:*:*:*","pkg:deb/debian/dbus-python@1.4.0-1?arch=arm64","APPLICATION","debian-target"
"python3-distro","1.9.0-1","Apache-2.0","","","","","","Organization: Debian Python Team <team+python@tracker.debian.org>","Copyright (c) Debian contributors","cpe:2.3:a:debian:python-distro:1.9.0-1:*:*:*:*:*:*:*","pkg:deb/debian/python-distro@1.9.0-1?arch=all","cpe:2.3:a:debian:python-distro:1.9.0-1:*:*:*:*:*:*:*","pkg:deb/debian/python-distro@1.9.0-1?arch=all","APPLICATION","debian-target"
"python3-gi","3.50.0-4+b1","Expat | LGPL-2.1+","","","","","","Organization: Debian GNOME Maintainers <pkg-gnome-maintainers@lists.alioth.debian.org>","Copyright (c) Debian contributors","cpe:2.3:a:debian:pygobject (3.50.0-4):3.50.0-4+b1:*:*:*:*:*:*:*","pkg:deb/debian/pygobject (3.50.0-4)@3.50.0-4+b1?arch=arm64","cpe:2.3:a:debian:pygobject (3.50.0-4):3.50.0-4+b1:*:*:*:*:*:*:*","pkg:deb/debian/pygobject (3.50.0-4)@3.50.0-4+b1?arch=arm64","APPLICATION","debian-target"
"python3-gi-cairo","3.50.0-4+b1","Expat | LGPL-2.1+","","","","","","Organization: Debian GNOME Maintainers <pkg-gnome-maintainers@lists.alioth.debian.org>","Copyright (c) Debian contributors","cpe:2.3:a:debian:pygobject (3.50.0-4):3.50.0-4+b1:*:*:*:*:*:*:*","pkg:deb/debian/pygobject (3.50.0-4)@3.50.0-4+b1?arch=arm64","cpe:2.3:a:debian:pygobject (3.50.0-4):3.50.0-4+b1:*:*:*:*:*:*:*","pkg:deb/debian/pygobject (3.50.0-4)@3.50.0-4+b1?arch=arm64","APPLICATION","debian-target"
"python3-ibus-1.0","1.5.32-2","GPL-2.0+ with autoconf exception | GPL-3.0+ with autoconf exception | ISC-Fujitsu | ISC-Intel | ISC-NCR | ISC-Sun | LGPL-2.0+ | LGPL-2.1+ | MIT | MIT and ISC-NCR | permissive | permissive-author-grant-attribution | permissive-autoconf-m4 | permissive-fsf-grant | permissive-fsf-grant-attribution | permissive-makefile-in","","","","","","Organization: Debian Input Method Team <debian-input-method@lists.debian.org>","Copyright (c) Debian contributors","cpe:2.3:a:debian:ibus:1.5.32-2:*:*:*:*:*:*:*","pkg:deb/debian/ibus@1.5.32-2?arch=all","cpe:2.3:a:debian:ibus:1.5.32-2:*:*:*:*:*:*:*","pkg:deb/debian/ibus@1.5.32-2?arch=all","APPLICATION","debian-target"
"python3-idna","3.10-1","BSD-3-clause | BSD-3-clause and PSF-2 | BSD-3-clause and PSF-2 and Unicode | PSF-2 | Unicode","","","","","","Organization: Debian Python Team <team+python@tracker.debian.org>","Copyright (c) Debian contributors","cpe:2.3:a:debian:python-idna:3.10-1:*:*:*:*:*:*:*","pkg:deb/debian/python-idna@3.10-1?arch=all","cpe:2.3:a:debian:python-idna:3.10-1:*:*:*:*:*:*:*","pkg:deb/debian/python-idna@3.10-1?arch=all","APPLICATION","debian-target"
"python3-louis","3.33.0-1","","","","","","","Organization: Debian Accessibility Team <pkg-a11y-devel@alioth-lists.debian.net>","Copyright (c) Debian contributors","cpe:2.3:a:debian:liblouis:3.33.0-1:*:*:*:*:*:*:*","pkg:deb/debian/liblouis@3.33.0-1?arch=all","cpe:2.3:a:debian:liblouis:3.33.0-1:*:*:*:*:*:*:*","pkg:deb/debian/liblouis@3.33.0-1?arch=all","APPLICATION","debian-target"
"python3-minimal","3.13.5-1","","","","","","","Organization: Matthias Klose <doko@debian.org>","Copyright (c) Debian contributors","cpe:2.3:a:debian:python3-defaults:3.13.5-1:*:*:*:*:*:*:*","pkg:deb/debian/python3-defaults@3.13.5-1?arch=arm64","cpe:2.3:a:debian:python3-defaults:3.13.5-1:*:*:*:*:*:*:*","pkg:deb/debian/python3-defaults@3.13.5-1?arch=arm64","APPLICATION","debian-target"
"python3-ntp","1.2.3+dfsg1-8","Apache-2.0 | BSD-2-clause | BSD-3-clause | BSD-3-clause-Abe | BSD-4-Clause-UC | BSD-4-clause-Trimble | Beerware | CC-BY-4.0 | CC0 | Expat | GPL-2 | ISC | NTP | NTP and ISC","","","","","","Organization: Richard Laager <rlaager@debian.org>","Copyright (c) Debian contributors","cpe:2.3:a:debian:ntpsec:1.2.3+dfsg1-8:*:*:*:*:*:*:*","pkg:deb/debian/ntpsec@1.2.3+dfsg1-8?arch=arm64","cpe:2.3:a:debian:ntpsec:1.2.3+dfsg1-8:*:*:*:*:*:*:*","pkg:deb/debian/ntpsec@1.2.3+dfsg1-8?arch=arm64","APPLICATION","debian-target"
"python3-packaging","25.0-1","Apache-2.0 | Apache-2.0 or BSD-2-clause | BSD-2-clause | BSD-3-clause | Expat","","","","","","Organization: Debian Python Team <team+python@tracker.debian.org>","Copyright (c) Debian contributors","cpe:2.3:a:debian:python-packaging:25.0-1:*:*:*:*:*:*:*","pkg:deb/debian/python-packaging@25.0-1?arch=all","cpe:2.3:a:debian:python-packaging:25.0-1:*:*:*:*:*:*:*","pkg:deb/debian/python-packaging@25.0-1?arch=all","APPLICATION","debian-target"
"python3-psutil","7.0.0-2","BSD-3-clause","","","","","","Organization: Sandro Tosi <morph@debian.org>","Copyright (c) Debian contributors","cpe:2.3:a:debian:python-psutil:7.0.0-2:*:*:*:*:*:*:*","pkg:deb/debian/python-psutil@7.0.0-2?arch=arm64","cpe:2.3:a:debian:python-psutil:7.0.0-2:*:*:*:*:*:*:*","pkg:deb/debian/python-psutil@7.0.0-2?arch=arm64","APPLICATION","debian-target"
"python3-requests","2.32.3+dfsg-5+deb13u1","Apache | other","","","","","","Organization: Debian Python Team <team+python@tracker.debian.org>","Copyright (c) Debian contributors","cpe:2.3:a:debian:requests:2.32.3+dfsg-5+deb13u1:*:*:*:*:*:*:*","pkg:deb/debian/requests@2.32.3+dfsg-5+deb13u1?arch=all","cpe:2.3:a:debian:requests:2.32.3+dfsg-5+deb13u1:*:*:*:*:*:*:*","pkg:deb/debian/requests@2.32.3+dfsg-5+deb13u1?arch=all","APPLICATION","debian-target"
"python3-setproctitle","1.3.6-2","BSD-3-clause | PostgreSQL | PostgreSQL and BSD-3-clause","","","","","","Organization: Debian Python Team <team+python@tracker.debian.org>","Copyright (c) Debian contributors","cpe:2.3:a:debian:python-setproctitle:1.3.6-2:*:*:*:*:*:*:*","pkg:deb/debian/python-setproctitle@1.3.6-2?arch=arm64","cpe:2.3:a:debian:python-setproctitle:1.3.6-2:*:*:*:*:*:*:*","pkg:deb/debian/python-setproctitle@1.3.6-2?arch=arm64","APPLICATION","debian-target"
"python3-speechd","0.12.0-5","GFDL-NIV-1.2+ | GFDL-NIV-1.2+ or GPL-2+ | GPL-2+ | GPL-2+ and public-domain | GPL-3+ with tex exception | LGPL-2.1+ | other | public-domain","","","","","","Organization: Debian TTS Team <tts-project@alioth-lists.debian.net>","Copyright (c) Debian contributors","cpe:2.3:a:debian:speech-dispatcher:0.12.0-5:*:*:*:*:*:*:*","pkg:deb/debian/speech-dispatcher@0.12.0-5?arch=all","cpe:2.3:a:debian:speech-dispatcher:0.12.0-5:*:*:*:*:*:*:*","pkg:deb/debian/speech-dispatcher@0.12.0-5?arch=all","APPLICATION","debian-target"
"python3-urllib3","2.3.0-3+deb13u1","Expat","","","","","","Organization: Debian Python Team <team+python@tracker.debian.org>","Copyright (c) Debian contributors","cpe:2.3:a:debian:python-urllib3:2.3.0-3+deb13u1:*:*:*:*:*:*:*","pkg:deb/debian/python-urllib3@2.3.0-3+deb13u1?arch=all","cpe:2.3:a:debian:python-urllib3:2.3.0-3+deb13u1:*:*:*:*:*:*:*","pkg:deb/debian/python-urllib3@2.3.0-3+deb13u1?arch=all","APPLICATION","debian-target"
"python3-xdg","0.28-2","LGPL-2","","","","","","Organization: Debian Python Team <team+python@tracker.debian.org>","Copyright (c) Debian contributors","cpe:2.3:a:debian:pyxdg:0.28-2:*:*:*:*:*:*:*","pkg:deb/debian/pyxdg@0.28-2?arch=all","cpe:2.3:a:debian:pyxdg:0.28-2:*:*:*:*:*:*:*","pkg:deb/debian/pyxdg@0.28-2?arch=all","APPLICATION","debian-target"
"python3.13","3.13.5-2+deb13u2","* Permission to use this software in any way is granted without | By obtaining, using, and/or copying this software and/or its | Permission  is  hereby granted,  free  of charge,  to  any person | Permission is hereby granted, free of charge, to any person obtaining | Permission to use, copy, modify, and distribute this software and | Permission to use, copy, modify, and distribute this software and its | Permission to use, copy, modify, and distribute this software for any | Redistribution and use in source and binary forms, with or without | This software is provided 'as-is', without any express or implied | This software is provided as-is, without express or implied","","","","","","Organization: Matthias Klose <doko@debian.org>","Copyright (c) Debian contributors","cpe:2.3:a:debian:python3.13:3.13.5-2+deb13u2:*:*:*:*:*:*:*","pkg:deb/debian/python3.13@3.13.5-2+deb13u2?arch=arm64","cpe:2.3:a:debian:python3.13:3.13.5-2+deb13u2:*:*:*:*:*:*:*","pkg:deb/debian/python3.13@3.13.5-2+deb13u2?arch=arm64","APPLICATION","debian-target"
"python3.13-minimal","3.13.5-2+deb13u2","* Permission to use this software in any way is granted without | By obtaining, using, and/or copying this software and/or its | Permission  is  hereby granted,  free  of charge,  to  any person | Permission is hereby granted, free of charge, to any person obtaining | Permission to use, copy, modify, and distribute this software and | Permission to use, copy, modify, and distribute this software and its | Permission to use, copy, modify, and distribute this software for any | Redistribution and use in source and binary forms, with or without | This software is provided 'as-is', without any express or implied | This software is provided as-is, without express or implied","","","","","","Organization: Matthias Klose <doko@debian.org>","Copyright (c) Debian contributors","cpe:2.3:a:debian:python3.13:3.13.5-2+deb13u2:*:*:*:*:*:*:*","pkg:deb/debian/python3.13@3.13.5-2+deb13u2?arch=arm64","cpe:2.3:a:debian:python3.13:3.13.5-2+deb13u2:*:*:*:*:*:*:*","pkg:deb/debian/python3.13@3.13.5-2+deb13u2?arch=arm64","APPLICATION","debian-target"
"read-edid","3.0.2-1.1+b1","GPL-2 | GPL-2+","","","","","","Organization: Dariusz Dwornikowski <dariusz.dwornikowski@cs.put.poznan.pl>","Copyright (c) Debian contributors","cpe:2.3:a:debian:read-edid (3.0.2-1.1):3.0.2-1.1+b1:*:*:*:*:*:*:*","pkg:deb/debian/read-edid (3.0.2-1.1)@3.0.2-1.1+b1?arch=arm64","cpe:2.3:a:debian:read-edid (3.0.2-1.1):3.0.2-1.1+b1:*:*:*:*:*:*:*","pkg:deb/debian/read-edid (3.0.2-1.1)@3.0.2-1.1+b1?arch=arm64","APPLICATION","debian-target"
"readline-common","8.2-6","GFDL-NIV-1.3+ | GPL-2+ | GPL-3 | GPL-3+ | ISC-no-attribution","","","","","","Organization: Matthias Klose <doko@debian.org>","Copyright (c) Debian contributors","cpe:2.3:a:debian:readline:8.2-6:*:*:*:*:*:*:*","pkg:deb/debian/readline@8.2-6?arch=all","cpe:2.3:a:debian:readline:8.2-6:*:*:*:*:*:*:*","pkg:deb/debian/readline@8.2-6?arch=all","APPLICATION","debian-target"
"resolvconf","1.94","GPL-2+","","","","","","Organization: resolvconf team <team+resolvconf@tracker.debian.org>","Copyright (c) Debian contributors","cpe:2.3:a:debian:resolvconf:1.94:*:*:*:*:*:*:*","pkg:deb/debian/resolvconf@1.94?arch=all","cpe:2.3:a:debian:resolvconf:1.94:*:*:*:*:*:*:*","pkg:deb/debian/resolvconf@1.94?arch=all","APPLICATION","debian-target"
"rfkill","2.41-5","BSD-2-clause | BSD-3-clause | BSD-4-clause | BSLA | Expat | GPL-2 | GPL-2+ | GPL-3+ | ISC | LGPL | LGPL-2+ | LGPL-2.1+ | LGPL-3+ | public-domain","","","","","","Organization: Chris Hofstaedtler <zeha@debian.org>","Copyright (c) Debian contributors","cpe:2.3:a:debian:util-linux:2.41-5:*:*:*:*:*:*:*","pkg:deb/debian/util-linux@2.41-5?arch=arm64","cpe:2.3:a:debian:util-linux:2.41-5:*:*:*:*:*:*:*","pkg:deb/debian/util-linux@2.41-5?arch=arm64","APPLICATION","debian-target"
"rhythmbox","3.4.8-1+b1","","","","","","","Organization: Debian GNOME Maintainers <pkg-gnome-maintainers@lists.alioth.debian.org>","Copyright (c) Debian contributors","cpe:2.3:a:debian:rhythmbox (3.4.8-1):3.4.8-1+b1:*:*:*:*:*:*:*","pkg:deb/debian/rhythmbox (3.4.8-1)@3.4.8-1+b1?arch=arm64","cpe:2.3:a:debian:rhythmbox (3.4.8-1):3.4.8-1+b1:*:*:*:*:*:*:*","pkg:deb/debian/rhythmbox (3.4.8-1)@3.4.8-1+b1?arch=arm64","APPLICATION","debian-target"
"rhythmbox-data","3.4.8-1","","","","","","","Organization: Debian GNOME Maintainers <pkg-gnome-maintainers@lists.alioth.debian.org>","Copyright (c) Debian contributors","cpe:2.3:a:debian:rhythmbox:3.4.8-1:*:*:*:*:*:*:*","pkg:deb/debian/rhythmbox@3.4.8-1?arch=all","cpe:2.3:a:debian:rhythmbox:3.4.8-1:*:*:*:*:*:*:*","pkg:deb/debian/rhythmbox@3.4.8-1?arch=all","APPLICATION","debian-target"
"rockchip-mpp-demos","1.5.0-1","Apache-2.0","","","","","","Organization: Randy Li <randy.li@rock-chips.com>","Copyright (c) Debian contributors","cpe:2.3:a:debian:mpp:1.5.0-1:*:*:*:*:*:*:*","pkg:deb/debian/mpp@1.5.0-1?arch=arm64","cpe:2.3:a:debian:mpp:1.5.0-1:*:*:*:*:*:*:*","pkg:deb/debian/mpp@1.5.0-1?arch=arm64","LIBRARY","debian-target"
"rockchip-mpp-demos-dbgsym","1.5.0-1","Apache-2.0","","","","","","Organization: Randy Li <randy.li@rock-chips.com>","Copyright (c) Debian contributors","cpe:2.3:a:debian:mpp:1.5.0-1:*:*:*:*:*:*:*","pkg:deb/debian/mpp@1.5.0-1?arch=arm64","cpe:2.3:a:debian:mpp:1.5.0-1:*:*:*:*:*:*:*","pkg:deb/debian/mpp@1.5.0-1?arch=arm64","APPLICATION","debian-target"
"rpcsvc-proto","1.4.3-1+b1","BSD-3-clause | GPL-2+-autoconf-exception | GPL-3+-autoconf-exception | MIT | permissive-autoconf-m4 | permissive-autoconf-m4-no-warranty | permissive-configure | permissive-fsf | permissive-makefile-in","","","","","","Organization: GNU Libc Maintainers <debian-glibc@lists.debian.org>","Copyright (c) Debian contributors","cpe:2.3:a:debian:rpcsvc-proto (1.4.3-1):1.4.3-1+b1:*:*:*:*:*:*:*","pkg:deb/debian/rpcsvc-proto (1.4.3-1)@1.4.3-1+b1?arch=arm64","cpe:2.3:a:debian:rpcsvc-proto (1.4.3-1):1.4.3-1+b1:*:*:*:*:*:*:*","pkg:deb/debian/rpcsvc-proto (1.4.3-1)@1.4.3-1+b1?arch=arm64","LIBRARY","debian-target"
"rsyslog","8.2504.0-1","Apache-2.0 | BSD-3-clause | GPL-3.0+ | GPL-3.0+ and Apache-2.0 | LGPL-3.0+ | LGPL-3.0+ and Apache-2.0","","","","","","Organization: Michael Biebl <biebl@debian.org>","Copyright (c) Debian contributors","cpe:2.3:a:debian:rsyslog:8.2504.0-1:*:*:*:*:*:*:*","pkg:deb/debian/rsyslog@8.2504.0-1?arch=arm64","cpe:2.3:a:debian:rsyslog:8.2504.0-1:*:*:*:*:*:*:*","pkg:deb/debian/rsyslog@8.2504.0-1?arch=arm64","OPERATING_SYSTEM","debian-target"
"rt-tests","2.6-1.1","GPL-2 | GPL-2+ | LGPL-2.1+","","","","","","Organization: Uwe Kleine-König <ukleinek@debian.org>","Copyright (c) Debian contributors","cpe:2.3:a:debian:rt-tests:2.6-1.1:*:*:*:*:*:*:*","pkg:deb/debian/rt-tests@2.6-1.1?arch=arm64","cpe:2.3:a:debian:rt-tests:2.6-1.1:*:*:*:*:*:*:*","pkg:deb/debian/rt-tests@2.6-1.1?arch=arm64","APPLICATION","debian-target"
"runit-helper","2.16.4","GPL-3+","","","","","","Organization: Lorenzo Puliti <plorenzo@disroot.org>","Copyright (c) Debian contributors","cpe:2.3:a:debian:dh-runit:2.16.4:*:*:*:*:*:*:*","pkg:deb/debian/dh-runit@2.16.4?arch=all","cpe:2.3:a:debian:dh-runit:2.16.4:*:*:*:*:*:*:*","pkg:deb/debian/dh-runit@2.16.4?arch=all","OPERATING_SYSTEM","debian-target"
"samba-libs","2:4.22.8+dfsg-0+deb13u2","BSD-3 | GPL-3 | GPL-3.0+ | ISC | LGPL-3.0+ | MS-ADSL | PostgreSQL","","","","","","Organization: Debian Samba Maintainers <pkg-samba-maint@lists.alioth.debian.org>","Copyright (c) Debian contributors","cpe:2.3:a:debian:samba:2:4.22.8+dfsg-0+deb13u2:*:*:*:*:*:*:*","pkg:deb/debian/samba@2:4.22.8+dfsg-0+deb13u2?arch=arm64","cpe:2.3:a:debian:samba:2:4.22.8+dfsg-0+deb13u2:*:*:*:*:*:*:*","pkg:deb/debian/samba@2:4.22.8+dfsg-0+deb13u2?arch=arm64","LIBRARY","debian-target"
"sed","4.9-2+deb13u1","BSD-4-clause-UC | BSL-1 | GFDL-NIV-1.3+ | GPL-3+ | GPL-3+ and ISC | ISC | X11 | pcre","","","","","","Organization: Clint Adams <clint@debian.org>","Copyright (c) Debian contributors","cpe:2.3:a:debian:sed:4.9-2+deb13u1:*:*:*:*:*:*:*","pkg:deb/debian/sed@4.9-2+deb13u1?arch=arm64","cpe:2.3:a:debian:sed:4.9-2+deb13u1:*:*:*:*:*:*:*","pkg:deb/debian/sed@4.9-2+deb13u1?arch=arm64","APPLICATION","debian-target"
"sensible-utils","0.0.25","All-permissive | GPL-2+ | configure | installsh","","","","","","Organization: Anibal Monsalve Salazar <anibal@debian.org>","Copyright (c) Debian contributors","cpe:2.3:a:debian:sensible-utils:0.0.25:*:*:*:*:*:*:*","pkg:deb/debian/sensible-utils@0.0.25?arch=all","cpe:2.3:a:debian:sensible-utils:0.0.25:*:*:*:*:*:*:*","pkg:deb/debian/sensible-utils@0.0.25?arch=all","APPLICATION","debian-target"
"sgml-base","1.31+nmu1","GPL-2+","","","","","","Organization: Debian QA Group <packages@qa.debian.org>","Copyright (c) Debian contributors","cpe:2.3:a:debian:sgml-base:1.31+nmu1:*:*:*:*:*:*:*","pkg:deb/debian/sgml-base@1.31+nmu1?arch=all","cpe:2.3:a:debian:sgml-base:1.31+nmu1:*:*:*:*:*:*:*","pkg:deb/debian/sgml-base@1.31+nmu1?arch=all","APPLICATION","debian-target"
"shared-mime-info","2.4-5+b2","","","","","","","Organization: Debian freedesktop.org maintainers <pkg-freedesktop-maintainers@lists.alioth.debian.org>","Copyright (c) Debian contributors","cpe:2.3:a:debian:shared-mime-info (2.4-5):2.4-5+b2:*:*:*:*:*:*:*","pkg:deb/debian/shared-mime-info (2.4-5)@2.4-5+b2?arch=arm64","cpe:2.3:a:debian:shared-mime-info (2.4-5):2.4-5+b2:*:*:*:*:*:*:*","pkg:deb/debian/shared-mime-info (2.4-5)@2.4-5+b2?arch=arm64","APPLICATION","debian-target"
"simple-scan","46.0-2","GPL-3+","","","","","","Organization: Jörg Frings-Fürst <debian@jff.email>","Copyright (c) Debian contributors","cpe:2.3:a:debian:simple-scan:46.0-2:*:*:*:*:*:*:*","pkg:deb/debian/simple-scan@46.0-2?arch=arm64","cpe:2.3:a:debian:simple-scan:46.0-2:*:*:*:*:*:*:*","pkg:deb/debian/simple-scan@46.0-2?arch=arm64","APPLICATION","debian-target"
"sound-theme-freedesktop","0.8-6~deb13u1","CC-BY-3.0 | CC-BY-3.0 and CC-BY-SA-3.0 and GPL-2 and GPL-2+ | CC-BY-SA-3.0 | GPL-2 | GPL-2+","","","","","","Organization: Debian GNOME Maintainers <pkg-gnome-maintainers@lists.alioth.debian.org>","Copyright (c) Debian contributors","cpe:2.3:a:debian:sound-theme-freedesktop:0.8-6~deb13u1:*:*:*:*:*:*:*","pkg:deb/debian/sound-theme-freedesktop@0.8-6~deb13u1?arch=all","cpe:2.3:a:debian:sound-theme-freedesktop:0.8-6~deb13u1:*:*:*:*:*:*:*","pkg:deb/debian/sound-theme-freedesktop@0.8-6~deb13u1?arch=all","APPLICATION","debian-target"
"sox","14.4.2+git20190427-5+b3","Expat | FSF_unlimited | FSF_unlimited or GPL-2+ with AutoConf exception | FSF_unlimited or GPL-2+ with LibTool exception | GPL | GPL-2+ | GPL-2+ or LGPL-2.1+ | GPL-2+ with AutoConf exception | GPL-2+ with LibTool exception | ISC | LGPL-2.1+ | LGPL-2.1+ or MIT/X11 | MIT/X11","","","","","","Organization: Debian Multimedia Maintainers <debian-multimedia@lists.debian.org>","Copyright (c) Debian contributors","cpe:2.3:a:debian:sox (14.4.2+git20190427-5):14.4.2+git20190427-5+b3:*:*:*:*:*:*:*","pkg:deb/debian/sox (14.4.2+git20190427-5)@14.4.2+git20190427-5+b3?arch=arm64","cpe:2.3:a:debian:sox (14.4.2+git20190427-5):14.4.2+git20190427-5+b3:*:*:*:*:*:*:*","pkg:deb/debian/sox (14.4.2+git20190427-5)@14.4.2+git20190427-5+b3?arch=arm64","APPLICATION","debian-target"
"speech-dispatcher","0.12.0-5","GFDL-NIV-1.2+ | GFDL-NIV-1.2+ or GPL-2+ | GPL-2+ | GPL-2+ and public-domain | GPL-3+ with tex exception | LGPL-2.1+ | other | public-domain","","","","","","Organization: Debian TTS Team <tts-project@alioth-lists.debian.net>","Copyright (c) Debian contributors","cpe:2.3:a:debian:speech-dispatcher:0.12.0-5:*:*:*:*:*:*:*","pkg:deb/debian/speech-dispatcher@0.12.0-5?arch=arm64","cpe:2.3:a:debian:speech-dispatcher:0.12.0-5:*:*:*:*:*:*:*","pkg:deb/debian/speech-dispatcher@0.12.0-5?arch=arm64","APPLICATION","debian-target"
"speech-dispatcher-audio-plugins","0.12.0-5","GFDL-NIV-1.2+ | GFDL-NIV-1.2+ or GPL-2+ | GPL-2+ | GPL-2+ and public-domain | GPL-3+ with tex exception | LGPL-2.1+ | other | public-domain","","","","","","Organization: Debian TTS Team <tts-project@alioth-lists.debian.net>","Copyright (c) Debian contributors","cpe:2.3:a:debian:speech-dispatcher:0.12.0-5:*:*:*:*:*:*:*","pkg:deb/debian/speech-dispatcher@0.12.0-5?arch=arm64","cpe:2.3:a:debian:speech-dispatcher:0.12.0-5:*:*:*:*:*:*:*","pkg:deb/debian/speech-dispatcher@0.12.0-5?arch=arm64","APPLICATION","debian-target"
"sqv","1.3.0-3+b2","LGPL-2.0-or-later","","","","","","Organization: Debian Rust Maintainers <pkg-rust-maintainers@alioth-lists.debian.net>","Copyright (c) Debian contributors","cpe:2.3:a:debian:rust-sequoia-sqv (1.3.0-3):1.3.0-3+b2:*:*:*:*:*:*:*","pkg:deb/debian/rust-sequoia-sqv (1.3.0-3)@1.3.0-3+b2?arch=arm64","cpe:2.3:a:debian:rust-sequoia-sqv (1.3.0-3):1.3.0-3+b2:*:*:*:*:*:*:*","pkg:deb/debian/rust-sequoia-sqv (1.3.0-3)@1.3.0-3+b2?arch=arm64","APPLICATION","debian-target"
"ssh-import-id","5.10-3","GPL-3","","","","","","Organization: Andrew Starr-Bochicchio <asb@debian.org>","Copyright (c) Debian contributors","cpe:2.3:a:debian:ssh-import-id:5.10-3:*:*:*:*:*:*:*","pkg:deb/debian/ssh-import-id@5.10-3?arch=all","cpe:2.3:a:debian:ssh-import-id:5.10-3:*:*:*:*:*:*:*","pkg:deb/debian/ssh-import-id@5.10-3?arch=all","APPLICATION","debian-target"
"ssl-cert","1.1.3","BSD-3-clause","","","","","","Organization: Debian Apache Maintainers <debian-apache@lists.debian.org>","Copyright (c) Debian contributors","cpe:2.3:a:debian:ssl-cert:1.1.3:*:*:*:*:*:*:*","pkg:deb/debian/ssl-cert@1.1.3?arch=all","cpe:2.3:a:debian:ssl-cert:1.1.3:*:*:*:*:*:*:*","pkg:deb/debian/ssl-cert@1.1.3?arch=all","APPLICATION","debian-target"
"strace","6.13+ds-1","BSD-2-Clause | BSD-3-Clause | Expat | GPL-2 | GPL-2.0 with Linux-syscall-note exception | ISC | LGPL-2.1+ | LGPL-2.1+ with Linux-syscall-note exception","","","","","","Organization: Steve McIntyre <93sam@debian.org>","Copyright (c) Debian contributors","cpe:2.3:a:debian:strace:6.13+ds-1:*:*:*:*:*:*:*","pkg:deb/debian/strace@6.13+ds-1?arch=arm64","cpe:2.3:a:debian:strace:6.13+ds-1:*:*:*:*:*:*:*","pkg:deb/debian/strace@6.13+ds-1?arch=arm64","APPLICATION","debian-target"
"stress","1.0.7-1+b1","BSD-3-Clause | GPL-2+ | special","","","","","","Organization: Joao Eriberto Mota Filho <eriberto@debian.org>","Copyright (c) Debian contributors","cpe:2.3:a:debian:stress (1.0.7-1):1.0.7-1+b1:*:*:*:*:*:*:*","pkg:deb/debian/stress (1.0.7-1)@1.0.7-1+b1?arch=arm64","cpe:2.3:a:debian:stress (1.0.7-1):1.0.7-1+b1:*:*:*:*:*:*:*","pkg:deb/debian/stress (1.0.7-1)@1.0.7-1+b1?arch=arm64","LIBRARY","debian-target"
"stress-ng","0.19.02-1","GPL-2+","","","","","","Organization: Colin Ian King <colin.i.king@gmail.com>","Copyright (c) Debian contributors","cpe:2.3:a:debian:stress-ng:0.19.02-1:*:*:*:*:*:*:*","pkg:deb/debian/stress-ng@0.19.02-1?arch=arm64","cpe:2.3:a:debian:stress-ng:0.19.02-1:*:*:*:*:*:*:*","pkg:deb/debian/stress-ng@0.19.02-1?arch=arm64","LIBRARY","debian-target"
"strongswan-charon","6.0.1-6+deb13u6","BSD-3-clause | BSD-Young | CC0 | Expat | Expat or GPL-2+ | FSFUL | FSFULLR | FSFULLR or GPL-2+ with LibTool exception | GPL | GPL-2 | GPL-2+ | GPL-2+ with AutoConf exception | GPL-2+ with LibTool exception | GPL-2+ with OpenSSL exception | GPL-3+ with AutoConf exception | GPL-3+ with Bison exception | MIT | SSLeay","","","","","","Organization: strongSwan Maintainers <pkg-swan-devel@lists.alioth.debian.org>","Copyright (c) Debian contributors","cpe:2.3:a:debian:strongswan:6.0.1-6+deb13u6:*:*:*:*:*:*:*","pkg:deb/debian/strongswan@6.0.1-6+deb13u6?arch=arm64","cpe:2.3:a:debian:strongswan:6.0.1-6+deb13u6:*:*:*:*:*:*:*","pkg:deb/debian/strongswan@6.0.1-6+deb13u6?arch=arm64","APPLICATION","debian-target"
"strongswan-libcharon","6.0.1-6+deb13u6","BSD-3-clause | BSD-Young | CC0 | Expat | Expat or GPL-2+ | FSFUL | FSFULLR | FSFULLR or GPL-2+ with LibTool exception | GPL | GPL-2 | GPL-2+ | GPL-2+ with AutoConf exception | GPL-2+ with LibTool exception | GPL-2+ with OpenSSL exception | GPL-3+ with AutoConf exception | GPL-3+ with Bison exception | MIT | SSLeay","","","","","","Organization: strongSwan Maintainers <pkg-swan-devel@lists.alioth.debian.org>","Copyright (c) Debian contributors","cpe:2.3:a:debian:strongswan:6.0.1-6+deb13u6:*:*:*:*:*:*:*","pkg:deb/debian/strongswan@6.0.1-6+deb13u6?arch=arm64","cpe:2.3:a:debian:strongswan:6.0.1-6+deb13u6:*:*:*:*:*:*:*","pkg:deb/debian/strongswan@6.0.1-6+deb13u6?arch=arm64","APPLICATION","debian-target"
"strongswan-nm","6.0.1-6+deb13u6","BSD-3-clause | BSD-Young | CC0 | Expat | Expat or GPL-2+ | FSFUL | FSFULLR | FSFULLR or GPL-2+ with LibTool exception | GPL | GPL-2 | GPL-2+ | GPL-2+ with AutoConf exception | GPL-2+ with LibTool exception | GPL-2+ with OpenSSL exception | GPL-3+ with AutoConf exception | GPL-3+ with Bison exception | MIT | SSLeay","","","","","","Organization: strongSwan Maintainers <pkg-swan-devel@lists.alioth.debian.org>","Copyright (c) Debian contributors","cpe:2.3:a:debian:strongswan:6.0.1-6+deb13u6:*:*:*:*:*:*:*","pkg:deb/debian/strongswan@6.0.1-6+deb13u6?arch=arm64","cpe:2.3:a:debian:strongswan:6.0.1-6+deb13u6:*:*:*:*:*:*:*","pkg:deb/debian/strongswan@6.0.1-6+deb13u6?arch=arm64","APPLICATION","debian-target"
"strongswan-starter","6.0.1-6+deb13u6","BSD-3-clause | BSD-Young | CC0 | Expat | Expat or GPL-2+ | FSFUL | FSFULLR | FSFULLR or GPL-2+ with LibTool exception | GPL | GPL-2 | GPL-2+ | GPL-2+ with AutoConf exception | GPL-2+ with LibTool exception | GPL-2+ with OpenSSL exception | GPL-3+ with AutoConf exception | GPL-3+ with Bison exception | MIT | SSLeay","","","","","","Organization: strongSwan Maintainers <pkg-swan-devel@lists.alioth.debian.org>","Copyright (c) Debian contributors","cpe:2.3:a:debian:strongswan:6.0.1-6+deb13u6:*:*:*:*:*:*:*","pkg:deb/debian/strongswan@6.0.1-6+deb13u6?arch=arm64","cpe:2.3:a:debian:strongswan:6.0.1-6+deb13u6:*:*:*:*:*:*:*","pkg:deb/debian/strongswan@6.0.1-6+deb13u6?arch=arm64","APPLICATION","debian-target"
"sudo","1.9.16p2-3+deb13u2","BSD-2-Clause | BSD-3-Clause | GPL-2+ | ISC | Zlib | other | public-domain","","","","","","Organization: Debian Sudo Maintainers <sudo@packages.debian.org>","Copyright (c) Debian contributors","cpe:2.3:a:debian:sudo:1.9.16p2-3+deb13u2:*:*:*:*:*:*:*","pkg:deb/debian/sudo@1.9.16p2-3+deb13u2?arch=arm64","cpe:2.3:a:debian:sudo:1.9.16p2-3+deb13u2:*:*:*:*:*:*:*","pkg:deb/debian/sudo@1.9.16p2-3+deb13u2?arch=arm64","OPERATING_SYSTEM","debian-target"
"synaptic","0.91.7","","","","","","","Organization: Michael Vogt <mvo@debian.org>","Copyright (c) Debian contributors","cpe:2.3:a:debian:synaptic:0.91.7:*:*:*:*:*:*:*","pkg:deb/debian/synaptic@0.91.7?arch=arm64","cpe:2.3:a:debian:synaptic:0.91.7:*:*:*:*:*:*:*","pkg:deb/debian/synaptic@0.91.7?arch=arm64","OPERATING_SYSTEM","debian-target"
"syslinux-common","3:6.04~git20190206.bf6db5b4+dfsg1-3.1","BSD-2-clause | BSD-3-clause-des | BSD-3-clause-jpeg | BSD-3-clause-lwip | BSD-3-clause-strtod | BSD-old | CC-BY-SA-3.0 | Expat | GPL-2 | GPL-2+ | LGPL-2+ | LGPL-2.1 | MD5-RSA | Zlib | jpeg-group | libpng-license | retain-copyright","","","","","","Organization: Debian CD Group <debian-cd@lists.debian.org>","Copyright (c) Debian contributors","cpe:2.3:a:debian:syslinux:3:6.04~git20190206.bf6db5b4+dfsg1-3.1:*:*:*:*:*:*:*","pkg:deb/debian/syslinux@3:6.04~git20190206.bf6db5b4+dfsg1-3.1?arch=all","cpe:2.3:a:debian:syslinux:3:6.04~git20190206.bf6db5b4+dfsg1-3.1:*:*:*:*:*:*:*","pkg:deb/debian/syslinux@3:6.04~git20190206.bf6db5b4+dfsg1-3.1?arch=all","OPERATING_SYSTEM","debian-target"
"system-config-printer-common","1.5.18-4","GPL-2+","","","","","","Organization: Debian GNOME Maintainers <pkg-gnome-maintainers@lists.alioth.debian.org>","Copyright (c) Debian contributors","cpe:2.3:a:debian:system-config-printer:1.5.18-4:*:*:*:*:*:*:*","pkg:deb/debian/system-config-printer@1.5.18-4?arch=all","cpe:2.3:a:debian:system-config-printer:1.5.18-4:*:*:*:*:*:*:*","pkg:deb/debian/system-config-printer@1.5.18-4?arch=all","APPLICATION","debian-target"
"system-config-printer-udev","1.5.18-4","GPL-2+","","","","","","Organization: Debian GNOME Maintainers <pkg-gnome-maintainers@lists.alioth.debian.org>","Copyright (c) Debian contributors","cpe:2.3:a:debian:system-config-printer:1.5.18-4:*:*:*:*:*:*:*","pkg:deb/debian/system-config-printer@1.5.18-4?arch=arm64","cpe:2.3:a:debian:system-config-printer:1.5.18-4:*:*:*:*:*:*:*","pkg:deb/debian/system-config-printer@1.5.18-4?arch=arm64","APPLICATION","debian-target"
"system-tools-backends","2.10.2-5","GPL-2+ | LGPL-2+","","","","","","Organization: Andriy Grytsenko <andrej@rep.kiev.ua>","Copyright (c) Debian contributors","cpe:2.3:a:debian:system-tools-backends:2.10.2-5:*:*:*:*:*:*:*","pkg:deb/debian/system-tools-backends@2.10.2-5?arch=arm64","cpe:2.3:a:debian:system-tools-backends:2.10.2-5:*:*:*:*:*:*:*","pkg:deb/debian/system-tools-backends@2.10.2-5?arch=arm64","OPERATING_SYSTEM","debian-target"
"systemd","257.13-1~deb13u1","CC0-1.0 | Expat | GPL-2 with Linux-syscall-note exception | GPL-2+ | LGPL-2.1+ | public-domain","","","","","","Organization: Debian systemd Maintainers <pkg-systemd-maintainers@lists.alioth.debian.org>","Copyright (c) Debian contributors","cpe:2.3:a:debian:systemd:257.13-1~deb13u1:*:*:*:*:*:*:*","pkg:deb/debian/systemd@257.13-1~deb13u1?arch=arm64","cpe:2.3:a:debian:systemd:257.13-1~deb13u1:*:*:*:*:*:*:*","pkg:deb/debian/systemd@257.13-1~deb13u1?arch=arm64","OPERATING_SYSTEM","debian-target"
"systemd-sysv","257.13-1~deb13u1","CC0-1.0 | Expat | GPL-2 with Linux-syscall-note exception | GPL-2+ | LGPL-2.1+ | public-domain","","","","","","Organization: Debian systemd Maintainers <pkg-systemd-maintainers@lists.alioth.debian.org>","Copyright (c) Debian contributors","cpe:2.3:a:debian:systemd:257.13-1~deb13u1:*:*:*:*:*:*:*","pkg:deb/debian/systemd@257.13-1~deb13u1?arch=arm64","cpe:2.3:a:debian:systemd:257.13-1~deb13u1:*:*:*:*:*:*:*","pkg:deb/debian/systemd@257.13-1~deb13u1?arch=arm64","OPERATING_SYSTEM","debian-target"
"systemd-timesyncd","257.13-1~deb13u1","CC0-1.0 | Expat | GPL-2 with Linux-syscall-note exception | GPL-2+ | LGPL-2.1+ | public-domain","","","","","","Organization: Debian systemd Maintainers <pkg-systemd-maintainers@lists.alioth.debian.org>","Copyright (c) Debian contributors","cpe:2.3:a:debian:systemd:257.13-1~deb13u1:*:*:*:*:*:*:*","pkg:deb/debian/systemd@257.13-1~deb13u1?arch=arm64","cpe:2.3:a:debian:systemd:257.13-1~deb13u1:*:*:*:*:*:*:*","pkg:deb/debian/systemd@257.13-1~deb13u1?arch=arm64","OPERATING_SYSTEM","debian-target"
"sysvinit-utils","3.14-4","GPL-2.0 | GPL-2.0+ | GPL-3.0 | LGPL-2.1+","","","","","","Organization: Debian sysvinit maintainers <debian-init-diversity@chiark.greenend.org.uk>","Copyright (c) Debian contributors","cpe:2.3:a:debian:sysvinit:3.14-4:*:*:*:*:*:*:*","pkg:deb/debian/sysvinit@3.14-4?arch=arm64","cpe:2.3:a:debian:sysvinit:3.14-4:*:*:*:*:*:*:*","pkg:deb/debian/sysvinit@3.14-4?arch=arm64","OPERATING_SYSTEM","debian-target"
"tar","1.35+dfsg-3.1","GPL-2+ | GPL-3+ | GPL-3+ with Bison exception | LGPL-2.1+ | LGPL-3+","","","","","","Organization: Janos Lenart <ocsi@debian.org>","Copyright (c) Debian contributors","cpe:2.3:a:debian:tar:1.35+dfsg-3.1:*:*:*:*:*:*:*","pkg:deb/debian/tar@1.35+dfsg-3.1?arch=arm64","cpe:2.3:a:debian:tar:1.35+dfsg-3.1:*:*:*:*:*:*:*","pkg:deb/debian/tar@1.35+dfsg-3.1?arch=arm64","APPLICATION","debian-target"
"task-desktop","3.81","GPL-2","","","","","","Organization: Debian Install System Team <debian-boot@lists.debian.org>","Copyright (c) Debian contributors","cpe:2.3:a:debian:tasksel:3.81:*:*:*:*:*:*:*","pkg:deb/debian/tasksel@3.81?arch=all","cpe:2.3:a:debian:tasksel:3.81:*:*:*:*:*:*:*","pkg:deb/debian/tasksel@3.81?arch=all","APPLICATION","debian-target"
"tasksel","3.81","GPL-2","","","","","","Organization: Debian Install System Team <debian-boot@lists.debian.org>","Copyright (c) Debian contributors","cpe:2.3:a:debian:tasksel:3.81:*:*:*:*:*:*:*","pkg:deb/debian/tasksel@3.81?arch=all","cpe:2.3:a:debian:tasksel:3.81:*:*:*:*:*:*:*","pkg:deb/debian/tasksel@3.81?arch=all","OPERATING_SYSTEM","debian-target"
"tasksel-data","3.81","GPL-2","","","","","","Organization: Debian Install System Team <debian-boot@lists.debian.org>","Copyright (c) Debian contributors","cpe:2.3:a:debian:tasksel:3.81:*:*:*:*:*:*:*","pkg:deb/debian/tasksel@3.81?arch=all","cpe:2.3:a:debian:tasksel:3.81:*:*:*:*:*:*:*","pkg:deb/debian/tasksel@3.81?arch=all","OPERATING_SYSTEM","debian-target"
"tecla","48.0.2-1","CC-BY-SA-4.0 | GPL-2+","","","","","","Organization: Debian GNOME Maintainers <pkg-gnome-maintainers@lists.alioth.debian.org>","Copyright (c) Debian contributors","cpe:2.3:a:debian:tecla:48.0.2-1:*:*:*:*:*:*:*","pkg:deb/debian/tecla@48.0.2-1?arch=arm64","cpe:2.3:a:debian:tecla:48.0.2-1:*:*:*:*:*:*:*","pkg:deb/debian/tecla@48.0.2-1?arch=arm64","APPLICATION","debian-target"
"timgm6mb-soundfont","1.3-5","GPL-2 | GPL-3+","","","","","","Organization: Debian Multimedia Maintainers <debian-multimedia@lists.debian.org>","Copyright (c) Debian contributors","cpe:2.3:a:debian:timgm6mb-soundfont:1.3-5:*:*:*:*:*:*:*","pkg:deb/debian/timgm6mb-soundfont@1.3-5?arch=all","cpe:2.3:a:debian:timgm6mb-soundfont:1.3-5:*:*:*:*:*:*:*","pkg:deb/debian/timgm6mb-soundfont@1.3-5?arch=all","APPLICATION","debian-target"
"tinysparql","3.8.2-7","GPL-2+ | GPL-3+ | LGPL-2.1+","","","","","","Organization: Debian GNOME Maintainers <pkg-gnome-maintainers@lists.alioth.debian.org>","Copyright (c) Debian contributors","cpe:2.3:a:debian:tinysparql:3.8.2-7:*:*:*:*:*:*:*","pkg:deb/debian/tinysparql@3.8.2-7?arch=arm64","cpe:2.3:a:debian:tinysparql:3.8.2-7:*:*:*:*:*:*:*","pkg:deb/debian/tinysparql@3.8.2-7?arch=arm64","APPLICATION","debian-target"
"totem","43.2-3","","","","","","","Organization: Debian GNOME Maintainers <pkg-gnome-maintainers@lists.alioth.debian.org>","Copyright (c) Debian contributors","cpe:2.3:a:debian:totem:43.2-3:*:*:*:*:*:*:*","pkg:deb/debian/totem@43.2-3?arch=arm64","cpe:2.3:a:debian:totem:43.2-3:*:*:*:*:*:*:*","pkg:deb/debian/totem@43.2-3?arch=arm64","APPLICATION","debian-target"
"totem-common","43.2-3","","","","","","","Organization: Debian GNOME Maintainers <pkg-gnome-maintainers@lists.alioth.debian.org>","Copyright (c) Debian contributors","cpe:2.3:a:debian:totem:43.2-3:*:*:*:*:*:*:*","pkg:deb/debian/totem@43.2-3?arch=all","cpe:2.3:a:debian:totem:43.2-3:*:*:*:*:*:*:*","pkg:deb/debian/totem@43.2-3?arch=all","APPLICATION","debian-target"
"totem-dbgsym","43.2-3","","","","","","","Organization: Debian GNOME Maintainers <pkg-gnome-maintainers@lists.alioth.debian.org>","Copyright (c) Debian contributors","cpe:2.3:a:debian:totem:43.2-3:*:*:*:*:*:*:*","pkg:deb/debian/totem@43.2-3?arch=arm64","cpe:2.3:a:debian:totem:43.2-3:*:*:*:*:*:*:*","pkg:deb/debian/totem@43.2-3?arch=arm64","APPLICATION","debian-target"
"totem-plugins","43.2-3","","","","","","","Organization: Debian GNOME Maintainers <pkg-gnome-maintainers@lists.alioth.debian.org>","Copyright (c) Debian contributors","cpe:2.3:a:debian:totem:43.2-3:*:*:*:*:*:*:*","pkg:deb/debian/totem@43.2-3?arch=arm64","cpe:2.3:a:debian:totem:43.2-3:*:*:*:*:*:*:*","pkg:deb/debian/totem@43.2-3?arch=arm64","APPLICATION","debian-target"
"totem-plugins-dbgsym","43.2-3","","","","","","","Organization: Debian GNOME Maintainers <pkg-gnome-maintainers@lists.alioth.debian.org>","Copyright (c) Debian contributors","cpe:2.3:a:debian:totem:43.2-3:*:*:*:*:*:*:*","pkg:deb/debian/totem@43.2-3?arch=arm64","cpe:2.3:a:debian:totem:43.2-3:*:*:*:*:*:*:*","pkg:deb/debian/totem@43.2-3?arch=arm64","APPLICATION","debian-target"
"trace-cmd","3.3.1-1+b1","GPL-2 | GPL-2.0+ | LGPL-2.1 | LGPL-2.1-or-later","","","","","","Organization: Sudip Mukherjee <sudipm.mukherjee@gmail.com>","Copyright (c) Debian contributors","cpe:2.3:a:debian:trace-cmd (3.3.1-1):3.3.1-1+b1:*:*:*:*:*:*:*","pkg:deb/debian/trace-cmd (3.3.1-1)@3.3.1-1+b1?arch=arm64","cpe:2.3:a:debian:trace-cmd (3.3.1-1):3.3.1-1+b1:*:*:*:*:*:*:*","pkg:deb/debian/trace-cmd (3.3.1-1)@3.3.1-1+b1?arch=arm64","LIBRARY","debian-target"
"tracker-extract","3.8.2-4+b1","BSD-3-clause | Expat | GPL-2+ | GPL-3+ | LGPL-2+ | LGPL-2.1+ | bzip2-1.0.6","","","","","","Organization: Debian GNOME Maintainers <pkg-gnome-maintainers@lists.alioth.debian.org>","Copyright (c) Debian contributors","cpe:2.3:a:debian:tracker-miners (3.8.2-4):3.8.2-4+b1:*:*:*:*:*:*:*","pkg:deb/debian/tracker-miners (3.8.2-4)@3.8.2-4+b1?arch=arm64","cpe:2.3:a:debian:tracker-miners (3.8.2-4):3.8.2-4+b1:*:*:*:*:*:*:*","pkg:deb/debian/tracker-miners (3.8.2-4)@3.8.2-4+b1?arch=arm64","APPLICATION","debian-target"
"triggerhappy","0.5.0-1.1+b4","GPL-3+","","","","","","Organization: Stefan Tomanek <stefan.tomanek+debian@wertarbyte.de>","Copyright (c) Debian contributors","cpe:2.3:a:debian:triggerhappy (0.5.0-1.1):0.5.0-1.1+b4:*:*:*:*:*:*:*","pkg:deb/debian/triggerhappy (0.5.0-1.1)@0.5.0-1.1+b4?arch=arm64","cpe:2.3:a:debian:triggerhappy (0.5.0-1.1):0.5.0-1.1+b4:*:*:*:*:*:*:*","pkg:deb/debian/triggerhappy (0.5.0-1.1)@0.5.0-1.1+b4?arch=arm64","APPLICATION","debian-target"
"tzdata","2026b-0+deb13u1","public-domain","","","","","","Organization: GNU Libc Maintainers <debian-glibc@lists.debian.org>","Copyright (c) Debian contributors","cpe:2.3:a:debian:tzdata:2026b-0+deb13u1:*:*:*:*:*:*:*","pkg:deb/debian/tzdata@2026b-0+deb13u1?arch=all","cpe:2.3:a:debian:tzdata:2026b-0+deb13u1:*:*:*:*:*:*:*","pkg:deb/debian/tzdata@2026b-0+deb13u1?arch=all","APPLICATION","debian-target"
"ucf","3.0052","GPL-2","","","","","","Organization: Mark Hindley <leepen@debian.org>","Copyright (c) Debian contributors","cpe:2.3:a:debian:ucf:3.0052:*:*:*:*:*:*:*","pkg:deb/debian/ucf@3.0052?arch=all","cpe:2.3:a:debian:ucf:3.0052:*:*:*:*:*:*:*","pkg:deb/debian/ucf@3.0052?arch=all","APPLICATION","debian-target"
"udev","257.13-1~deb13u1","CC0-1.0 | Expat | GPL-2 with Linux-syscall-note exception | GPL-2+ | LGPL-2.1+ | public-domain","","","","","","Organization: Debian systemd Maintainers <pkg-systemd-maintainers@lists.alioth.debian.org>","Copyright (c) Debian contributors","cpe:2.3:a:debian:systemd:257.13-1~deb13u1:*:*:*:*:*:*:*","pkg:deb/debian/systemd@257.13-1~deb13u1?arch=arm64","cpe:2.3:a:debian:systemd:257.13-1~deb13u1:*:*:*:*:*:*:*","pkg:deb/debian/systemd@257.13-1~deb13u1?arch=arm64","OPERATING_SYSTEM","debian-target"
"udisks2","2.10.1-12.1+deb13u1","GPL-2+ | LGPL-2+","","","","","","Organization: Utopia Maintenance Team <pkg-utopia-maintainers@lists.alioth.debian.org>","Copyright (c) Debian contributors","cpe:2.3:a:debian:udisks2:2.10.1-12.1+deb13u1:*:*:*:*:*:*:*","pkg:deb/debian/udisks2@2.10.1-12.1+deb13u1?arch=arm64","cpe:2.3:a:debian:udisks2:2.10.1-12.1+deb13u1:*:*:*:*:*:*:*","pkg:deb/debian/udisks2@2.10.1-12.1+deb13u1?arch=arm64","OPERATING_SYSTEM","debian-target"
"unixodbc-common","2.3.12-2","GPL-2+ | LGPL-2+ | LGPL-2.1+ | ppowell","","","","","","Organization: Hugh McMaster <hmc@debian.org>","Copyright (c) Debian contributors","cpe:2.3:a:debian:unixodbc:2.3.12-2:*:*:*:*:*:*:*","pkg:deb/debian/unixodbc@2.3.12-2?arch=all","cpe:2.3:a:debian:unixodbc:2.3.12-2:*:*:*:*:*:*:*","pkg:deb/debian/unixodbc@2.3.12-2?arch=all","LIBRARY","debian-target"
"unzip","6.0-29","","","","","","","Organization: Santiago Vila <sanvila@debian.org>","Copyright (c) Debian contributors","cpe:2.3:a:debian:unzip:6.0-29:*:*:*:*:*:*:*","pkg:deb/debian/unzip@6.0-29?arch=arm64","cpe:2.3:a:debian:unzip:6.0-29:*:*:*:*:*:*:*","pkg:deb/debian/unzip@6.0-29?arch=arm64","APPLICATION","debian-target"
"upower","1.90.9-1","GFDL-1.1+ | GPL-2+","","","","","","Organization: Utopia Maintenance Team <pkg-utopia-maintainers@lists.alioth.debian.org>","Copyright (c) Debian contributors","cpe:2.3:a:debian:upower:1.90.9-1:*:*:*:*:*:*:*","pkg:deb/debian/upower@1.90.9-1?arch=arm64","cpe:2.3:a:debian:upower:1.90.9-1:*:*:*:*:*:*:*","pkg:deb/debian/upower@1.90.9-1?arch=arm64","OPERATING_SYSTEM","debian-target"
"usb-modeswitch","2.6.1-4+b2","BSD-2-clause | GPL-2+","","","","","","Organization: Thorsten Alteholz <debian@alteholz.de>","Copyright (c) Debian contributors","cpe:2.3:a:debian:usb-modeswitch (2.6.1-4):2.6.1-4+b2:*:*:*:*:*:*:*","pkg:deb/debian/usb-modeswitch (2.6.1-4)@2.6.1-4+b2?arch=arm64","cpe:2.3:a:debian:usb-modeswitch (2.6.1-4):2.6.1-4+b2:*:*:*:*:*:*:*","pkg:deb/debian/usb-modeswitch (2.6.1-4)@2.6.1-4+b2?arch=arm64","APPLICATION","debian-target"
"usb-modeswitch-data","20191128-7","","","","","","","Organization: Thorsten Alteholz <debian@alteholz.de>","Copyright (c) Debian contributors","cpe:2.3:a:debian:usb-modeswitch-data:20191128-7:*:*:*:*:*:*:*","pkg:deb/debian/usb-modeswitch-data@20191128-7?arch=all","cpe:2.3:a:debian:usb-modeswitch-data:20191128-7:*:*:*:*:*:*:*","pkg:deb/debian/usb-modeswitch-data@20191128-7?arch=all","APPLICATION","debian-target"
"usb.ids","2025.07.26-1","BSD-3-clause | BSD-3-clause or GPL-2+ | GPL-2+","","","","","","Organization: Aurelien Jarno <aurel32@debian.org>","Copyright (c) Debian contributors","cpe:2.3:a:debian:usb.ids:2025.07.26-1:*:*:*:*:*:*:*","pkg:deb/debian/usb.ids@2025.07.26-1?arch=all","cpe:2.3:a:debian:usb.ids:2025.07.26-1:*:*:*:*:*:*:*","pkg:deb/debian/usb.ids@2025.07.26-1?arch=all","OPERATING_SYSTEM","debian-target"
"usbutils","1:018-2","CC0-1.0 | GPL-2.0 | GPL-2.0 or GPL-3.0 | GPL-2.0+ | GPL-3.0 | LGPL-2.1+ | MIT","","","","","","Organization: Aurelien Jarno <aurel32@debian.org>","Copyright (c) Debian contributors","cpe:2.3:a:debian:usbutils:1:018-2:*:*:*:*:*:*:*","pkg:deb/debian/usbutils@1:018-2?arch=arm64","cpe:2.3:a:debian:usbutils:1:018-2:*:*:*:*:*:*:*","pkg:deb/debian/usbutils@1:018-2?arch=arm64","APPLICATION","debian-target"
"user-setup","1.107","","","","","","","Organization: Debian Install System Team <debian-boot@lists.debian.org>","Copyright (c) Debian contributors","cpe:2.3:a:debian:user-setup:1.107:*:*:*:*:*:*:*","pkg:deb/debian/user-setup@1.107?arch=all","cpe:2.3:a:debian:user-setup:1.107:*:*:*:*:*:*:*","pkg:deb/debian/user-setup@1.107?arch=all","OPERATING_SYSTEM","debian-target"
"util-linux","2.41-5","BSD-2-clause | BSD-3-clause | BSD-4-clause | BSLA | Expat | GPL-2 | GPL-2+ | GPL-3+ | ISC | LGPL | LGPL-2+ | LGPL-2.1+ | LGPL-3+ | public-domain","","","","","","Organization: Chris Hofstaedtler <zeha@debian.org>","Copyright (c) Debian contributors","cpe:2.3:a:debian:util-linux:2.41-5:*:*:*:*:*:*:*","pkg:deb/debian/util-linux@2.41-5?arch=arm64","cpe:2.3:a:debian:util-linux:2.41-5:*:*:*:*:*:*:*","pkg:deb/debian/util-linux@2.41-5?arch=arm64","APPLICATION","debian-target"
"util-linux-extra","2.41-5","BSD-2-clause | BSD-3-clause | BSD-4-clause | BSLA | Expat | GPL-2 | GPL-2+ | GPL-3+ | ISC | LGPL | LGPL-2+ | LGPL-2.1+ | LGPL-3+ | public-domain","","","","","","Organization: Chris Hofstaedtler <zeha@debian.org>","Copyright (c) Debian contributors","cpe:2.3:a:debian:util-linux:2.41-5:*:*:*:*:*:*:*","pkg:deb/debian/util-linux@2.41-5?arch=arm64","cpe:2.3:a:debian:util-linux:2.41-5:*:*:*:*:*:*:*","pkg:deb/debian/util-linux@2.41-5?arch=arm64","APPLICATION","debian-target"
"uuid-dev","2.41-5","BSD-2-clause | BSD-3-clause | BSD-4-clause | BSLA | Expat | GPL-2 | GPL-2+ | GPL-3+ | ISC | LGPL | LGPL-2+ | LGPL-2.1+ | LGPL-3+ | public-domain","","","","","","Organization: Chris Hofstaedtler <zeha@debian.org>","Copyright (c) Debian contributors","cpe:2.3:a:debian:util-linux:2.41-5:*:*:*:*:*:*:*","pkg:deb/debian/util-linux@2.41-5?arch=arm64","cpe:2.3:a:debian:util-linux:2.41-5:*:*:*:*:*:*:*","pkg:deb/debian/util-linux@2.41-5?arch=arm64","LIBRARY","debian-target"
"v4l-utils","1.30.1-1","BSD-2-clause | BSD-3-clause | BSD-3-clause or GPL-2 | BSD-3-clause or GPL-2+ | BSD-3-clause or LGPL-2.1 | Expat | FSFULLR | GPL-2 | GPL-2+ | GPL-3+ | HPND-sell-variant | LGPL | LGPL-2+ | LGPL-2.1 | LGPL-2.1+ | jpeg-group","","","","","","Organization: Gregor Jasny <gjasny@googlemail.com>","Copyright (c) Debian contributors","cpe:2.3:a:debian:v4l-utils:1.30.1-1:*:*:*:*:*:*:*","pkg:deb/debian/v4l-utils@1.30.1-1?arch=arm64","cpe:2.3:a:debian:v4l-utils:1.30.1-1:*:*:*:*:*:*:*","pkg:deb/debian/v4l-utils@1.30.1-1?arch=arm64","APPLICATION","debian-target"
"v4l-utils-dbgsym","1.30.1-1","BSD-2-clause | BSD-3-clause | BSD-3-clause or GPL-2 | BSD-3-clause or GPL-2+ | BSD-3-clause or LGPL-2.1 | Expat | FSFULLR | GPL-2 | GPL-2+ | GPL-3+ | HPND-sell-variant | LGPL | LGPL-2+ | LGPL-2.1 | LGPL-2.1+ | jpeg-group","","","","","","Organization: Gregor Jasny <gjasny@googlemail.com>","Copyright (c) Debian contributors","cpe:2.3:a:debian:v4l-utils:1.30.1-1:*:*:*:*:*:*:*","pkg:deb/debian/v4l-utils@1.30.1-1?arch=arm64","cpe:2.3:a:debian:v4l-utils:1.30.1-1:*:*:*:*:*:*:*","pkg:deb/debian/v4l-utils@1.30.1-1?arch=arm64","APPLICATION","debian-target"
"vim","2:9.1.1230-2","Apache | Apache or Expat | Artistic-1 | BSD-2-clause | BSD-3-clause | Compaq | EDL-1 | Expat | Expat or GPL-2 | Expat or Vim | GPL-1+ | GPL-1+ or Artistic-1 | GPL-2 | GPL-2+ | GPL-3+ | LGPL-2.1+ | OPL-1+ | UC | Unlicense | Vim | Vim-Regexp | X11 | XPM | public-domain","","","","","","Organization: Debian Vim Maintainers <team+vim@tracker.debian.org>","Copyright (c) Debian contributors","cpe:2.3:a:debian:vim:2:9.1.1230-2:*:*:*:*:*:*:*","pkg:deb/debian/vim@2:9.1.1230-2?arch=arm64","cpe:2.3:a:debian:vim:2:9.1.1230-2:*:*:*:*:*:*:*","pkg:deb/debian/vim@2:9.1.1230-2?arch=arm64","APPLICATION","debian-target"
"vim-common","2:9.1.1230-2","Apache | Apache or Expat | Artistic-1 | BSD-2-clause | BSD-3-clause | Compaq | EDL-1 | Expat | Expat or GPL-2 | Expat or Vim | GPL-1+ | GPL-1+ or Artistic-1 | GPL-2 | GPL-2+ | GPL-3+ | LGPL-2.1+ | OPL-1+ | UC | Unlicense | Vim | Vim-Regexp | X11 | XPM | public-domain","","","","","","Organization: Debian Vim Maintainers <team+vim@tracker.debian.org>","Copyright (c) Debian contributors","cpe:2.3:a:debian:vim:2:9.1.1230-2:*:*:*:*:*:*:*","pkg:deb/debian/vim@2:9.1.1230-2?arch=all","cpe:2.3:a:debian:vim:2:9.1.1230-2:*:*:*:*:*:*:*","pkg:deb/debian/vim@2:9.1.1230-2?arch=all","APPLICATION","debian-target"
"vim-runtime","2:9.1.1230-2","Apache | Apache or Expat | Artistic-1 | BSD-2-clause | BSD-3-clause | Compaq | EDL-1 | Expat | Expat or GPL-2 | Expat or Vim | GPL-1+ | GPL-1+ or Artistic-1 | GPL-2 | GPL-2+ | GPL-3+ | LGPL-2.1+ | OPL-1+ | UC | Unlicense | Vim | Vim-Regexp | X11 | XPM | public-domain","","","","","","Organization: Debian Vim Maintainers <team+vim@tracker.debian.org>","Copyright (c) Debian contributors","cpe:2.3:a:debian:vim:2:9.1.1230-2:*:*:*:*:*:*:*","pkg:deb/debian/vim@2:9.1.1230-2?arch=all","cpe:2.3:a:debian:vim:2:9.1.1230-2:*:*:*:*:*:*:*","pkg:deb/debian/vim@2:9.1.1230-2?arch=all","APPLICATION","debian-target"
"vim-tiny","2:9.1.1230-2","Apache | Apache or Expat | Artistic-1 | BSD-2-clause | BSD-3-clause | Compaq | EDL-1 | Expat | Expat or GPL-2 | Expat or Vim | GPL-1+ | GPL-1+ or Artistic-1 | GPL-2 | GPL-2+ | GPL-3+ | LGPL-2.1+ | OPL-1+ | UC | Unlicense | Vim | Vim-Regexp | X11 | XPM | public-domain","","","","","","Organization: Debian Vim Maintainers <team+vim@tracker.debian.org>","Copyright (c) Debian contributors","cpe:2.3:a:debian:vim:2:9.1.1230-2:*:*:*:*:*:*:*","pkg:deb/debian/vim@2:9.1.1230-2?arch=arm64","cpe:2.3:a:debian:vim:2:9.1.1230-2:*:*:*:*:*:*:*","pkg:deb/debian/vim@2:9.1.1230-2?arch=arm64","APPLICATION","debian-target"
"vpnc","0.5.3+git20241220-2","BSD-2-clause | GPL-2+","","","","","","Organization: Debian Security Tools <team+pkg-security@tracker.debian.org>","Copyright (c) Debian contributors","cpe:2.3:a:debian:vpnc:0.5.3+git20241220-2:*:*:*:*:*:*:*","pkg:deb/debian/vpnc@0.5.3+git20241220-2?arch=arm64","cpe:2.3:a:debian:vpnc:0.5.3+git20241220-2:*:*:*:*:*:*:*","pkg:deb/debian/vpnc@0.5.3+git20241220-2?arch=arm64","APPLICATION","debian-target"
"vpnc-scripts","0.1~git20220510-1","GPL-2+","","","","","","Organization: Mike Miller <mtmiller@debian.org>","Copyright (c) Debian contributors","cpe:2.3:a:debian:vpnc-scripts:0.1~git20220510-1:*:*:*:*:*:*:*","pkg:deb/debian/vpnc-scripts@0.1~git20220510-1?arch=all","cpe:2.3:a:debian:vpnc-scripts:0.1~git20220510-1:*:*:*:*:*:*:*","pkg:deb/debian/vpnc-scripts@0.1~git20220510-1?arch=all","APPLICATION","debian-target"
"wayland-protocols","1.44-1","Expat","","","","","","Organization: Debian X Strike Force <debian-x@lists.debian.org>","Copyright (c) Debian contributors","cpe:2.3:a:debian:wayland-protocols:1.44-1:*:*:*:*:*:*:*","pkg:deb/debian/wayland-protocols@1.44-1?arch=all","cpe:2.3:a:debian:wayland-protocols:1.44-1:*:*:*:*:*:*:*","pkg:deb/debian/wayland-protocols@1.44-1?arch=all","LIBRARY","debian-target"
"webp-pixbuf-loader","0.2.7-1+b1","LGPL-2+","","","","","","Organization: David Heidelberg <david@ixit.cz>","Copyright (c) Debian contributors","cpe:2.3:a:debian:webp-pixbuf-loader (0.2.7-1):0.2.7-1+b1:*:*:*:*:*:*:*","pkg:deb/debian/webp-pixbuf-loader (0.2.7-1)@0.2.7-1+b1?arch=arm64","cpe:2.3:a:debian:webp-pixbuf-loader (0.2.7-1):0.2.7-1+b1:*:*:*:*:*:*:*","pkg:deb/debian/webp-pixbuf-loader (0.2.7-1)@0.2.7-1+b1?arch=arm64","APPLICATION","debian-target"
"weston","14.0.2-5","CC-BY-SA-3.0 | MIT | X11","","","","","","Organization: Debian X Strike Force <debian-x@lists.debian.org>","Copyright (c) Debian contributors","cpe:2.3:a:debian:weston:14.0.2-5:*:*:*:*:*:*:*","pkg:deb/debian/weston@14.0.2-5?arch=arm64","cpe:2.3:a:debian:weston:14.0.2-5:*:*:*:*:*:*:*","pkg:deb/debian/weston@14.0.2-5?arch=arm64","APPLICATION","debian-target"
"weston-dbgsym","14.0.2-5","CC-BY-SA-3.0 | MIT | X11","","","","","","Organization: Debian X Strike Force <debian-x@lists.debian.org>","Copyright (c) Debian contributors","cpe:2.3:a:debian:weston:14.0.2-5:*:*:*:*:*:*:*","pkg:deb/debian/weston@14.0.2-5?arch=arm64","cpe:2.3:a:debian:weston:14.0.2-5:*:*:*:*:*:*:*","pkg:deb/debian/weston@14.0.2-5?arch=arm64","APPLICATION","debian-target"
"wget","1.25.0-2","","","","","","","Organization: Noël Köthe <noel@debian.org>","Copyright (c) Debian contributors","cpe:2.3:a:debian:wget:1.25.0-2:*:*:*:*:*:*:*","pkg:deb/debian/wget@1.25.0-2?arch=arm64","cpe:2.3:a:debian:wget:1.25.0-2:*:*:*:*:*:*:*","pkg:deb/debian/wget@1.25.0-2?arch=arm64","APPLICATION","debian-target"
"whiptail","0.52.25-1","GPL-2+ | LGPL-2","","","","","","Organization: Alastair McKinstry <mckinstry@debian.org>","Copyright (c) Debian contributors","cpe:2.3:a:debian:newt:0.52.25-1:*:*:*:*:*:*:*","pkg:deb/debian/newt@0.52.25-1?arch=arm64","cpe:2.3:a:debian:newt:0.52.25-1:*:*:*:*:*:*:*","pkg:deb/debian/newt@0.52.25-1?arch=arm64","APPLICATION","debian-target"
"wireless-tools","30~pre9-18+b1","","","","","","","Organization: Debian QA Group <packages@qa.debian.org>","Copyright (c) Debian contributors","cpe:2.3:a:debian:wireless-tools (30~pre9-18):30~pre9-18+b1:*:*:*:*:*:*:*","pkg:deb/debian/wireless-tools (30~pre9-18)@30~pre9-18+b1?arch=arm64","cpe:2.3:a:debian:wireless-tools (30~pre9-18):30~pre9-18+b1:*:*:*:*:*:*:*","pkg:deb/debian/wireless-tools (30~pre9-18)@30~pre9-18+b1?arch=arm64","APPLICATION","debian-target"
"wireplumber","0.5.8-2","MIT","","","","","","Organization: Utopia Maintenance Team <pkg-utopia-maintainers@alioth-lists.debian.net>","Copyright (c) Debian contributors","cpe:2.3:a:debian:wireplumber:0.5.8-2:*:*:*:*:*:*:*","pkg:deb/debian/wireplumber@0.5.8-2?arch=arm64","cpe:2.3:a:debian:wireplumber:0.5.8-2:*:*:*:*:*:*:*","pkg:deb/debian/wireplumber@0.5.8-2?arch=arm64","APPLICATION","debian-target"
"wpasupplicant","2:2.10-24","BSD-3-clause | BSD-3-clause or GPL-2 | GPL-2 | ISC | public-domain","","","","","","Organization: Debian wpasupplicant Maintainers <wpa@packages.debian.org>","Copyright (c) Debian contributors","cpe:2.3:a:debian:wpa:2:2.10-24:*:*:*:*:*:*:*","pkg:deb/debian/wpa@2:2.10-24?arch=arm64","cpe:2.3:a:debian:wpa:2:2.10-24:*:*:*:*:*:*:*","pkg:deb/debian/wpa@2:2.10-24?arch=arm64","APPLICATION","debian-target"
"x11-apps","7.7+11+b2","","","","","","","Organization: Debian X Strike Force <debian-x@lists.debian.org>","Copyright (c) Debian contributors","cpe:2.3:a:debian:x11-apps (7.7+11):7.7+11+b2:*:*:*:*:*:*:*","pkg:deb/debian/x11-apps (7.7+11)@7.7+11+b2?arch=arm64","cpe:2.3:a:debian:x11-apps (7.7+11):7.7+11+b2:*:*:*:*:*:*:*","pkg:deb/debian/x11-apps (7.7+11)@7.7+11+b2?arch=arm64","APPLICATION","debian-target"
"x11-common","1:7.7+24+deb13u1","","","","","","","Organization: Debian X Strike Force <debian-x@lists.debian.org>","Copyright (c) Debian contributors","cpe:2.3:a:debian:xorg:1:7.7+24+deb13u1:*:*:*:*:*:*:*","pkg:deb/debian/xorg@1:7.7+24+deb13u1?arch=all","cpe:2.3:a:debian:xorg:1:7.7+24+deb13u1:*:*:*:*:*:*:*","pkg:deb/debian/xorg@1:7.7+24+deb13u1?arch=all","APPLICATION","debian-target"
"x11-session-utils","7.7+6+b2","","","","","","","Organization: Debian X Strike Force <debian-x@lists.debian.org>","Copyright (c) Debian contributors","cpe:2.3:a:debian:x11-session-utils (7.7+6):7.7+6+b2:*:*:*:*:*:*:*","pkg:deb/debian/x11-session-utils (7.7+6)@7.7+6+b2?arch=arm64","cpe:2.3:a:debian:x11-session-utils (7.7+6):7.7+6+b2:*:*:*:*:*:*:*","pkg:deb/debian/x11-session-utils (7.7+6)@7.7+6+b2?arch=arm64","APPLICATION","debian-target"
"x11-utils","7.7+7","","","","","","","Organization: Debian X Strike Force <debian-x@lists.debian.org>","Copyright (c) Debian contributors","cpe:2.3:a:debian:x11-utils:7.7+7:*:*:*:*:*:*:*","pkg:deb/debian/x11-utils@7.7+7?arch=arm64","cpe:2.3:a:debian:x11-utils:7.7+7:*:*:*:*:*:*:*","pkg:deb/debian/x11-utils@7.7+7?arch=arm64","APPLICATION","debian-target"
"x11-xkb-utils","7.7+9","","","","","","","Organization: Debian X Strike Force <debian-x@lists.debian.org>","Copyright (c) Debian contributors","cpe:2.3:a:debian:x11-xkb-utils:7.7+9:*:*:*:*:*:*:*","pkg:deb/debian/x11-xkb-utils@7.7+9?arch=arm64","cpe:2.3:a:debian:x11-xkb-utils:7.7+9:*:*:*:*:*:*:*","pkg:deb/debian/x11-xkb-utils@7.7+9?arch=arm64","APPLICATION","debian-target"
"x11-xserver-utils","7.7+11","","","","","","","Organization: Debian X Strike Force <debian-x@lists.debian.org>","Copyright (c) Debian contributors","cpe:2.3:a:debian:x11-xserver-utils:7.7+11:*:*:*:*:*:*:*","pkg:deb/debian/x11-xserver-utils@7.7+11?arch=arm64","cpe:2.3:a:debian:x11-xserver-utils:7.7+11:*:*:*:*:*:*:*","pkg:deb/debian/x11-xserver-utils@7.7+11?arch=arm64","APPLICATION","debian-target"
"x11proto-dev","2024.1-1","MIT | SGI","","","","","","Organization: Debian X Strike Force <debian-x@lists.debian.org>","Copyright (c) Debian contributors","cpe:2.3:a:debian:xorgproto:2024.1-1:*:*:*:*:*:*:*","pkg:deb/debian/xorgproto@2024.1-1?arch=all","cpe:2.3:a:debian:xorgproto:2024.1-1:*:*:*:*:*:*:*","pkg:deb/debian/xorgproto@2024.1-1?arch=all","APPLICATION","debian-target"
"xauth","1:1.1.2-1.1","","","","","","","Organization: Debian X Strike Force <debian-x@lists.debian.org>","Copyright (c) Debian contributors","cpe:2.3:a:debian:xauth:1:1.1.2-1.1:*:*:*:*:*:*:*","pkg:deb/debian/xauth@1:1.1.2-1.1?arch=arm64","cpe:2.3:a:debian:xauth:1:1.1.2-1.1:*:*:*:*:*:*:*","pkg:deb/debian/xauth@1:1.1.2-1.1?arch=arm64","APPLICATION","debian-target"
"xbitmaps","1.1.1-2.2","","","","","","","Organization: Debian X Strike Force <debian-x@lists.debian.org>","Copyright (c) Debian contributors","cpe:2.3:a:debian:xbitmaps:1.1.1-2.2:*:*:*:*:*:*:*","pkg:deb/debian/xbitmaps@1.1.1-2.2?arch=all","cpe:2.3:a:debian:xbitmaps:1.1.1-2.2:*:*:*:*:*:*:*","pkg:deb/debian/xbitmaps@1.1.1-2.2?arch=all","APPLICATION","debian-target"
"xdg-dbus-proxy","0.1.6-1+deb13u1","LGPL-2+ | LGPL-2.1+","","","","","","Organization: Utopia Maintenance Team <pkg-utopia-maintainers@lists.alioth.debian.org>","Copyright (c) Debian contributors","cpe:2.3:a:debian:xdg-dbus-proxy:0.1.6-1+deb13u1:*:*:*:*:*:*:*","pkg:deb/debian/xdg-dbus-proxy@0.1.6-1+deb13u1?arch=arm64","cpe:2.3:a:debian:xdg-dbus-proxy:0.1.6-1+deb13u1:*:*:*:*:*:*:*","pkg:deb/debian/xdg-dbus-proxy@0.1.6-1+deb13u1?arch=arm64","OPERATING_SYSTEM","debian-target"
"xdg-desktop-portal","1.20.3+ds-1","CC0-1.0 | GPL-2+ | LGPL-2+ | LGPL-2.1+ | probably-GPL-2","","","","","","Organization: Utopia Maintenance Team <pkg-utopia-maintainers@lists.alioth.debian.org>","Copyright (c) Debian contributors","cpe:2.3:a:debian:xdg-desktop-portal:1.20.3+ds-1:*:*:*:*:*:*:*","pkg:deb/debian/xdg-desktop-portal@1.20.3+ds-1?arch=arm64","cpe:2.3:a:debian:xdg-desktop-portal:1.20.3+ds-1:*:*:*:*:*:*:*","pkg:deb/debian/xdg-desktop-portal@1.20.3+ds-1?arch=arm64","OPERATING_SYSTEM","debian-target"
"xdg-desktop-portal-gnome","48.0-2","GPL-2+ | GPL-2+ and LGPL-2+ and LGPL-2.1+ | LGPL-2+ | LGPL-2.1+","","","","","","Organization: Debian GNOME Maintainers <pkg-gnome-maintainers@lists.alioth.debian.org>","Copyright (c) Debian contributors","cpe:2.3:a:debian:xdg-desktop-portal-gnome:48.0-2:*:*:*:*:*:*:*","pkg:deb/debian/xdg-desktop-portal-gnome@48.0-2?arch=arm64","cpe:2.3:a:debian:xdg-desktop-portal-gnome:48.0-2:*:*:*:*:*:*:*","pkg:deb/debian/xdg-desktop-portal-gnome@48.0-2?arch=arm64","APPLICATION","debian-target"
"xdg-desktop-portal-gtk","1.15.3-1","GPL-2+ | GPL-2+ and LGPL-2+ | LGPL-2+","","","","","","Organization: Utopia Maintenance Team <pkg-utopia-maintainers@lists.alioth.debian.org>","Copyright (c) Debian contributors","cpe:2.3:a:debian:xdg-desktop-portal-gtk:1.15.3-1:*:*:*:*:*:*:*","pkg:deb/debian/xdg-desktop-portal-gtk@1.15.3-1?arch=arm64","cpe:2.3:a:debian:xdg-desktop-portal-gtk:1.15.3-1:*:*:*:*:*:*:*","pkg:deb/debian/xdg-desktop-portal-gtk@1.15.3-1?arch=arm64","APPLICATION","debian-target"
"xdg-user-dirs","0.18-2","","","","","","","Organization: Debian GNOME Maintainers <pkg-gnome-maintainers@lists.alioth.debian.org>","Copyright (c) Debian contributors","cpe:2.3:a:debian:xdg-user-dirs:0.18-2:*:*:*:*:*:*:*","pkg:deb/debian/xdg-user-dirs@0.18-2?arch=arm64","cpe:2.3:a:debian:xdg-user-dirs:0.18-2:*:*:*:*:*:*:*","pkg:deb/debian/xdg-user-dirs@0.18-2?arch=arm64","APPLICATION","debian-target"
"xdg-user-dirs-gtk","0.14-1","","","","","","","Organization: Debian GNOME Maintainers <pkg-gnome-maintainers@lists.alioth.debian.org>","Copyright (c) Debian contributors","cpe:2.3:a:debian:xdg-user-dirs-gtk:0.14-1:*:*:*:*:*:*:*","pkg:deb/debian/xdg-user-dirs-gtk@0.14-1?arch=arm64","cpe:2.3:a:debian:xdg-user-dirs-gtk:0.14-1:*:*:*:*:*:*:*","pkg:deb/debian/xdg-user-dirs-gtk@0.14-1?arch=arm64","APPLICATION","debian-target"
"xdg-utils","1.2.1-2","Expat","","","","","","Organization: Debian freedesktop.org maintainers <pkg-freedesktop-maintainers@lists.alioth.debian.org>","Copyright (c) Debian contributors","cpe:2.3:a:debian:xdg-utils:1.2.1-2:*:*:*:*:*:*:*","pkg:deb/debian/xdg-utils@1.2.1-2?arch=all","cpe:2.3:a:debian:xdg-utils:1.2.1-2:*:*:*:*:*:*:*","pkg:deb/debian/xdg-utils@1.2.1-2?arch=all","APPLICATION","debian-target"
"xfonts-100dpi","1:1.0.5","","","","","","","Organization: Debian X Strike Force <debian-x@lists.debian.org>","Copyright (c) Debian contributors","cpe:2.3:a:debian:xfonts-100dpi:1:1.0.5:*:*:*:*:*:*:*","pkg:deb/debian/xfonts-100dpi@1:1.0.5?arch=all","cpe:2.3:a:debian:xfonts-100dpi:1:1.0.5:*:*:*:*:*:*:*","pkg:deb/debian/xfonts-100dpi@1:1.0.5?arch=all","APPLICATION","debian-target"
"xfonts-75dpi","1:1.0.5","","","","","","","Organization: Debian X Strike Force <debian-x@lists.debian.org>","Copyright (c) Debian contributors","cpe:2.3:a:debian:xfonts-75dpi:1:1.0.5:*:*:*:*:*:*:*","pkg:deb/debian/xfonts-75dpi@1:1.0.5?arch=all","cpe:2.3:a:debian:xfonts-75dpi:1:1.0.5:*:*:*:*:*:*:*","pkg:deb/debian/xfonts-75dpi@1:1.0.5?arch=all","APPLICATION","debian-target"
"xfonts-base","1:1.0.5+nmu1","","","","","","","Organization: Debian X Strike Force <debian-x@lists.debian.org>","Copyright (c) Debian contributors","cpe:2.3:a:debian:xfonts-base:1:1.0.5+nmu1:*:*:*:*:*:*:*","pkg:deb/debian/xfonts-base@1:1.0.5+nmu1?arch=all","cpe:2.3:a:debian:xfonts-base:1:1.0.5+nmu1:*:*:*:*:*:*:*","pkg:deb/debian/xfonts-base@1:1.0.5+nmu1?arch=all","APPLICATION","debian-target"
"xfonts-encodings","1:1.0.4-2.2","","","","","","","Organization: Debian X Strike Force <debian-x@lists.debian.org>","Copyright (c) Debian contributors","cpe:2.3:a:debian:xfonts-encodings:1:1.0.4-2.2:*:*:*:*:*:*:*","pkg:deb/debian/xfonts-encodings@1:1.0.4-2.2?arch=all","cpe:2.3:a:debian:xfonts-encodings:1:1.0.4-2.2:*:*:*:*:*:*:*","pkg:deb/debian/xfonts-encodings@1:1.0.4-2.2?arch=all","APPLICATION","debian-target"
"xfonts-intl-chinese","1.4.2-2","","","","","","","Organization: Debian QA Group <packages@qa.debian.org>","Copyright (c) Debian contributors","cpe:2.3:a:debian:intlfonts:1.4.2-2:*:*:*:*:*:*:*","pkg:deb/debian/intlfonts@1.4.2-2?arch=all","cpe:2.3:a:debian:intlfonts:1.4.2-2:*:*:*:*:*:*:*","pkg:deb/debian/intlfonts@1.4.2-2?arch=all","APPLICATION","debian-target"
"xfonts-scalable","1:1.0.3-1.3","","","","","","","Organization: Debian X Strike Force <debian-x@lists.debian.org>","Copyright (c) Debian contributors","cpe:2.3:a:debian:xfonts-scalable:1:1.0.3-1.3:*:*:*:*:*:*:*","pkg:deb/debian/xfonts-scalable@1:1.0.3-1.3?arch=all","cpe:2.3:a:debian:xfonts-scalable:1:1.0.3-1.3:*:*:*:*:*:*:*","pkg:deb/debian/xfonts-scalable@1:1.0.3-1.3?arch=all","APPLICATION","debian-target"
"xfonts-utils","1:7.7+7","","","","","","","Organization: Debian X Strike Force <debian-x@lists.debian.org>","Copyright (c) Debian contributors","cpe:2.3:a:debian:xfonts-utils:1:7.7+7:*:*:*:*:*:*:*","pkg:deb/debian/xfonts-utils@1:7.7+7?arch=arm64","cpe:2.3:a:debian:xfonts-utils:1:7.7+7:*:*:*:*:*:*:*","pkg:deb/debian/xfonts-utils@1:7.7+7?arch=arm64","APPLICATION","debian-target"
"xinit","1.4.2-1+b2","","","","","","","Organization: Debian X Strike Force <debian-x@lists.debian.org>","Copyright (c) Debian contributors","cpe:2.3:a:debian:xinit (1.4.2-1):1.4.2-1+b2:*:*:*:*:*:*:*","pkg:deb/debian/xinit (1.4.2-1)@1.4.2-1+b2?arch=arm64","cpe:2.3:a:debian:xinit (1.4.2-1):1.4.2-1+b2:*:*:*:*:*:*:*","pkg:deb/debian/xinit (1.4.2-1)@1.4.2-1+b2?arch=arm64","APPLICATION","debian-target"
"xkb-data","2.42-1","","","","","","","Organization: Debian X Strike Force <debian-x@lists.debian.org>","Copyright (c) Debian contributors","cpe:2.3:a:debian:xkeyboard-config:2.42-1:*:*:*:*:*:*:*","pkg:deb/debian/xkeyboard-config@2.42-1?arch=all","cpe:2.3:a:debian:xkeyboard-config:2.42-1:*:*:*:*:*:*:*","pkg:deb/debian/xkeyboard-config@2.42-1?arch=all","APPLICATION","debian-target"
"xkbset","0.8-1+b1","","","","","","","Organization: Debian Accessibility Team <pkg-a11y-devel@alioth-lists.debian.net>","Copyright (c) Debian contributors","cpe:2.3:a:debian:xkbset (0.8-1):0.8-1+b1:*:*:*:*:*:*:*","pkg:deb/debian/xkbset (0.8-1)@0.8-1+b1?arch=arm64","cpe:2.3:a:debian:xkbset (0.8-1):0.8-1+b1:*:*:*:*:*:*:*","pkg:deb/debian/xkbset (0.8-1)@0.8-1+b1?arch=arm64","APPLICATION","debian-target"
"xml-core","0.19","GPL-2+","","","","","","Organization: Debian QA Group <packages@qa.debian.org>","Copyright (c) Debian contributors","cpe:2.3:a:debian:xml-core:0.19:*:*:*:*:*:*:*","pkg:deb/debian/xml-core@0.19?arch=all","cpe:2.3:a:debian:xml-core:0.19:*:*:*:*:*:*:*","pkg:deb/debian/xml-core@0.19?arch=all","APPLICATION","debian-target"
"xorg","1:7.7+24+deb13u1","","","","","","","Organization: Debian X Strike Force <debian-x@lists.debian.org>","Copyright (c) Debian contributors","cpe:2.3:a:debian:xorg:1:7.7+24+deb13u1:*:*:*:*:*:*:*","pkg:deb/debian/xorg@1:7.7+24+deb13u1?arch=arm64","cpe:2.3:a:debian:xorg:1:7.7+24+deb13u1:*:*:*:*:*:*:*","pkg:deb/debian/xorg@1:7.7+24+deb13u1?arch=arm64","APPLICATION","debian-target"
"xorg-docs-core","1:1.7.3-1","","","","","","","Organization: Debian X Strike Force <debian-x@lists.debian.org>","Copyright (c) Debian contributors","cpe:2.3:a:debian:xorg-docs:1:1.7.3-1:*:*:*:*:*:*:*","pkg:deb/debian/xorg-docs@1:1.7.3-1?arch=all","cpe:2.3:a:debian:xorg-docs:1:1.7.3-1:*:*:*:*:*:*:*","pkg:deb/debian/xorg-docs@1:1.7.3-1?arch=all","APPLICATION","debian-target"
"xorg-sgml-doctools","1:1.11-1.1","","","","","","","Organization: Debian X Strike Force <debian-x@lists.debian.org>","Copyright (c) Debian contributors","cpe:2.3:a:debian:xorg-sgml-doctools:1:1.11-1.1:*:*:*:*:*:*:*","pkg:deb/debian/xorg-sgml-doctools@1:1.11-1.1?arch=all","cpe:2.3:a:debian:xorg-sgml-doctools:1:1.11-1.1:*:*:*:*:*:*:*","pkg:deb/debian/xorg-sgml-doctools@1:1.11-1.1?arch=all","APPLICATION","debian-target"
"xserver-common","2:21.1.16-1.3+deb13u2","","","","","","","Organization: Debian X Strike Force <debian-x@lists.debian.org>","Copyright (c) Debian contributors","cpe:2.3:a:debian:xorg-server:2:21.1.16-1.3+deb13u2:*:*:*:*:*:*:*","pkg:deb/debian/xorg-server@2:21.1.16-1.3+deb13u2?arch=all","cpe:2.3:a:debian:xorg-server:2:21.1.16-1.3+deb13u2:*:*:*:*:*:*:*","pkg:deb/debian/xorg-server@2:21.1.16-1.3+deb13u2?arch=all","APPLICATION","debian-target"
"xserver-xorg","1:7.7+24+deb13u1","","","","","","","Organization: Debian X Strike Force <debian-x@lists.debian.org>","Copyright (c) Debian contributors","cpe:2.3:a:debian:xorg:1:7.7+24+deb13u1:*:*:*:*:*:*:*","pkg:deb/debian/xorg@1:7.7+24+deb13u1?arch=arm64","cpe:2.3:a:debian:xorg:1:7.7+24+deb13u1:*:*:*:*:*:*:*","pkg:deb/debian/xorg@1:7.7+24+deb13u1?arch=arm64","APPLICATION","debian-target"
"xserver-xorg-core","2:21.1.16-1.3+deb13u2","","","","","","","Organization: Debian X Strike Force <debian-x@lists.debian.org>","Copyright (c) Debian contributors","cpe:2.3:a:debian:xorg-server:2:21.1.16-1.3+deb13u2:*:*:*:*:*:*:*","pkg:deb/debian/xorg-server@2:21.1.16-1.3+deb13u2?arch=arm64","cpe:2.3:a:debian:xorg-server:2:21.1.16-1.3+deb13u2:*:*:*:*:*:*:*","pkg:deb/debian/xorg-server@2:21.1.16-1.3+deb13u2?arch=arm64","APPLICATION","debian-target"
"xserver-xorg-input-all","1:7.7+24+deb13u1","","","","","","","Organization: Debian X Strike Force <debian-x@lists.debian.org>","Copyright (c) Debian contributors","cpe:2.3:a:debian:xorg:1:7.7+24+deb13u1:*:*:*:*:*:*:*","pkg:deb/debian/xorg@1:7.7+24+deb13u1?arch=arm64","cpe:2.3:a:debian:xorg:1:7.7+24+deb13u1:*:*:*:*:*:*:*","pkg:deb/debian/xorg@1:7.7+24+deb13u1?arch=arm64","APPLICATION","debian-target"
"xserver-xorg-input-evdev","1:2.11.0-1","","","","","","","Organization: Debian X Strike Force <debian-x@lists.debian.org>","Copyright (c) Debian contributors","cpe:2.3:a:debian:xserver-xorg-input-evdev:1:2.11.0-1:*:*:*:*:*:*:*","pkg:deb/debian/xserver-xorg-input-evdev@1:2.11.0-1?arch=arm64","cpe:2.3:a:debian:xserver-xorg-input-evdev:1:2.11.0-1:*:*:*:*:*:*:*","pkg:deb/debian/xserver-xorg-input-evdev@1:2.11.0-1?arch=arm64","APPLICATION","debian-target"
"xserver-xorg-input-libinput","1.5.0-1","MIT | xorg","","","","","","Organization: Debian X Strike Force <debian-x@lists.debian.org>","Copyright (c) Debian contributors","cpe:2.3:a:debian:xserver-xorg-input-libinput:1.5.0-1:*:*:*:*:*:*:*","pkg:deb/debian/xserver-xorg-input-libinput@1.5.0-1?arch=arm64","cpe:2.3:a:debian:xserver-xorg-input-libinput:1.5.0-1:*:*:*:*:*:*:*","pkg:deb/debian/xserver-xorg-input-libinput@1.5.0-1?arch=arm64","APPLICATION","debian-target"
"xserver-xorg-video-all","1:7.7+24+deb13u1","","","","","","","Organization: Debian X Strike Force <debian-x@lists.debian.org>","Copyright (c) Debian contributors","cpe:2.3:a:debian:xorg:1:7.7+24+deb13u1:*:*:*:*:*:*:*","pkg:deb/debian/xorg@1:7.7+24+deb13u1?arch=arm64","cpe:2.3:a:debian:xorg:1:7.7+24+deb13u1:*:*:*:*:*:*:*","pkg:deb/debian/xorg@1:7.7+24+deb13u1?arch=arm64","APPLICATION","debian-target"
"xserver-xorg-video-amdgpu","23.0.0-1+b2","MIT","","","","","","Organization: Debian X Strike Force <debian-x@lists.debian.org>","Copyright (c) Debian contributors","cpe:2.3:a:debian:xserver-xorg-video-amdgpu (23.0.0-1):23.0.0-1+b2:*:*:*:*:*:*:*","pkg:deb/debian/xserver-xorg-video-amdgpu (23.0.0-1)@23.0.0-1+b2?arch=arm64","cpe:2.3:a:debian:xserver-xorg-video-amdgpu (23.0.0-1):23.0.0-1+b2:*:*:*:*:*:*:*","pkg:deb/debian/xserver-xorg-video-amdgpu (23.0.0-1)@23.0.0-1+b2?arch=arm64","APPLICATION","debian-target"
"xserver-xorg-video-ati","1:22.0.0-1+b2","GPL (see /usr/share/common-licenses/GPL)","","","","","","Organization: Debian X Strike Force <debian-x@lists.debian.org>","Copyright (c) Debian contributors","cpe:2.3:a:debian:xserver-xorg-video-ati (1:22.0.0-1):1:22.0.0-1+b2:*:*:*:*:*:*:*","pkg:deb/debian/xserver-xorg-video-ati (1:22.0.0-1)@1:22.0.0-1+b2?arch=arm64","cpe:2.3:a:debian:xserver-xorg-video-ati (1:22.0.0-1):1:22.0.0-1+b2:*:*:*:*:*:*:*","pkg:deb/debian/xserver-xorg-video-ati (1:22.0.0-1)@1:22.0.0-1+b2?arch=arm64","APPLICATION","debian-target"
"xserver-xorg-video-fbdev","1:0.5.0-2+b2","","","","","","","Organization: Debian X Strike Force <debian-x@lists.debian.org>","Copyright (c) Debian contributors","cpe:2.3:a:debian:xserver-xorg-video-fbdev (1:0.5.0-2):1:0.5.0-2+b2:*:*:*:*:*:*:*","pkg:deb/debian/xserver-xorg-video-fbdev (1:0.5.0-2)@1:0.5.0-2+b2?arch=arm64","cpe:2.3:a:debian:xserver-xorg-video-fbdev (1:0.5.0-2):1:0.5.0-2+b2:*:*:*:*:*:*:*","pkg:deb/debian/xserver-xorg-video-fbdev (1:0.5.0-2)@1:0.5.0-2+b2?arch=arm64","APPLICATION","debian-target"
"xserver-xorg-video-nouveau","1:1.0.18-1","","","","","","","Organization: Debian X Strike Force <debian-x@lists.debian.org>","Copyright (c) Debian contributors","cpe:2.3:a:debian:xserver-xorg-video-nouveau:1:1.0.18-1:*:*:*:*:*:*:*","pkg:deb/debian/xserver-xorg-video-nouveau@1:1.0.18-1?arch=arm64","cpe:2.3:a:debian:xserver-xorg-video-nouveau:1:1.0.18-1:*:*:*:*:*:*:*","pkg:deb/debian/xserver-xorg-video-nouveau@1:1.0.18-1?arch=arm64","APPLICATION","debian-target"
"xserver-xorg-video-radeon","1:22.0.0-1+b2","GPL (see /usr/share/common-licenses/GPL)","","","","","","Organization: Debian X Strike Force <debian-x@lists.debian.org>","Copyright (c) Debian contributors","cpe:2.3:a:debian:xserver-xorg-video-ati (1:22.0.0-1):1:22.0.0-1+b2:*:*:*:*:*:*:*","pkg:deb/debian/xserver-xorg-video-ati (1:22.0.0-1)@1:22.0.0-1+b2?arch=arm64","cpe:2.3:a:debian:xserver-xorg-video-ati (1:22.0.0-1):1:22.0.0-1+b2:*:*:*:*:*:*:*","pkg:deb/debian/xserver-xorg-video-ati (1:22.0.0-1)@1:22.0.0-1+b2?arch=arm64","APPLICATION","debian-target"
"xterm","398-1","","","","","","","Organization: Debian X Strike Force <debian-x@lists.debian.org>","Copyright (c) Debian contributors","cpe:2.3:a:debian:xterm:398-1:*:*:*:*:*:*:*","pkg:deb/debian/xterm@398-1?arch=arm64","cpe:2.3:a:debian:xterm:398-1:*:*:*:*:*:*:*","pkg:deb/debian/xterm@398-1?arch=arm64","APPLICATION","debian-target"
"xtrans-dev","1.4.0-1","","","","","","","Organization: Debian X Strike Force <debian-x@lists.debian.org>","Copyright (c) Debian contributors","cpe:2.3:a:debian:xtrans:1.4.0-1:*:*:*:*:*:*:*","pkg:deb/debian/xtrans@1.4.0-1?arch=all","cpe:2.3:a:debian:xtrans:1.4.0-1:*:*:*:*:*:*:*","pkg:deb/debian/xtrans@1.4.0-1?arch=all","APPLICATION","debian-target"
"xwayland","2:24.1.6-1","","","","","","","Organization: Debian X Strike Force <debian-x@lists.debian.org>","Copyright (c) Debian contributors","cpe:2.3:a:debian:xwayland:2:24.1.6-1:*:*:*:*:*:*:*","pkg:deb/debian/xwayland@2:24.1.6-1?arch=arm64","cpe:2.3:a:debian:xwayland:2:24.1.6-1:*:*:*:*:*:*:*","pkg:deb/debian/xwayland@2:24.1.6-1?arch=arm64","APPLICATION","debian-target"
"xz-utils","5.8.1-1","0BSD | FSFUL | FSFULLR | GPL-2+ | GPL-3.0-or-later-WITH-Autoconf-exception-macro | LGPL-2.1+ | PD | PD-debian | noderivs | none | permissive-nowarranty","","","","","","Organization: Sebastian Andrzej Siewior <sebastian@breakpoint.cc>","Copyright (c) Debian contributors","cpe:2.3:a:debian:xz-utils:5.8.1-1:*:*:*:*:*:*:*","pkg:deb/debian/xz-utils@5.8.1-1?arch=arm64","cpe:2.3:a:debian:xz-utils:5.8.1-1:*:*:*:*:*:*:*","pkg:deb/debian/xz-utils@5.8.1-1?arch=arm64","APPLICATION","debian-target"
"yelp","42.2-4+deb13u1","Apache-2.0 | GPL-2+","","","","","","Organization: Debian GNOME Maintainers <pkg-gnome-maintainers@lists.alioth.debian.org>","Copyright (c) Debian contributors","cpe:2.3:a:debian:yelp:42.2-4+deb13u1:*:*:*:*:*:*:*","pkg:deb/debian/yelp@42.2-4+deb13u1?arch=arm64","cpe:2.3:a:debian:yelp:42.2-4+deb13u1:*:*:*:*:*:*:*","pkg:deb/debian/yelp@42.2-4+deb13u1?arch=arm64","APPLICATION","debian-target"
"yelp-xsl","42.1-4","BSD-3-clause | GPL-2+ | LGPL-2+","","","","","","Organization: Debian GNOME Maintainers <pkg-gnome-maintainers@lists.alioth.debian.org>","Copyright (c) Debian contributors","cpe:2.3:a:debian:yelp-xsl:42.1-4:*:*:*:*:*:*:*","pkg:deb/debian/yelp-xsl@42.1-4?arch=all","cpe:2.3:a:debian:yelp-xsl:42.1-4:*:*:*:*:*:*:*","pkg:deb/debian/yelp-xsl@42.1-4?arch=all","APPLICATION","debian-target"
"zenity","4.1.90-1","","","","","","","Organization: Debian GNOME Maintainers <pkg-gnome-maintainers@lists.alioth.debian.org>","Copyright (c) Debian contributors","cpe:2.3:a:debian:zenity:4.1.90-1:*:*:*:*:*:*:*","pkg:deb/debian/zenity@4.1.90-1?arch=arm64","cpe:2.3:a:debian:zenity:4.1.90-1:*:*:*:*:*:*:*","pkg:deb/debian/zenity@4.1.90-1?arch=arm64","APPLICATION","debian-target"
"zenity-common","4.1.90-1","","","","","","","Organization: Debian GNOME Maintainers <pkg-gnome-maintainers@lists.alioth.debian.org>","Copyright (c) Debian contributors","cpe:2.3:a:debian:zenity:4.1.90-1:*:*:*:*:*:*:*","pkg:deb/debian/zenity@4.1.90-1?arch=all","cpe:2.3:a:debian:zenity:4.1.90-1:*:*:*:*:*:*:*","pkg:deb/debian/zenity@4.1.90-1?arch=all","APPLICATION","debian-target"
"zip","3.0-15","","","","","","","Organization: Santiago Vila <sanvila@debian.org>","Copyright (c) Debian contributors","cpe:2.3:a:debian:zip:3.0-15:*:*:*:*:*:*:*","pkg:deb/debian/zip@3.0-15?arch=arm64","cpe:2.3:a:debian:zip:3.0-15:*:*:*:*:*:*:*","pkg:deb/debian/zip@3.0-15?arch=arm64","APPLICATION","debian-target"
"zlib1g","1:1.3.dfsg+really1.3.1-1+b1","Zlib","","","","","","Organization: Mark Brown <broonie@debian.org>","Copyright (c) Debian contributors","cpe:2.3:a:debian:zlib (1:1.3.dfsg+really1.3.1-1):1:1.3.dfsg+really1.3.1-1+b1:*:*:*:*:*:*:*","pkg:deb/debian/zlib (1:1.3.dfsg+really1.3.1-1)@1:1.3.dfsg+really1.3.1-1+b1?arch=arm64","cpe:2.3:a:debian:zlib (1:1.3.dfsg+really1.3.1-1):1:1.3.dfsg+really1.3.1-1+b1:*:*:*:*:*:*:*","pkg:deb/debian/zlib (1:1.3.dfsg+really1.3.1-1)@1:1.3.dfsg+really1.3.1-1+b1?arch=arm64","LIBRARY","debian-target"
"zlib1g-dev","1:1.3.dfsg+really1.3.1-1+b1","Zlib","","","","","","Organization: Mark Brown <broonie@debian.org>","Copyright (c) Debian contributors","cpe:2.3:a:debian:zlib (1:1.3.dfsg+really1.3.1-1):1:1.3.dfsg+really1.3.1-1+b1:*:*:*:*:*:*:*","pkg:deb/debian/zlib (1:1.3.dfsg+really1.3.1-1)@1:1.3.dfsg+really1.3.1-1+b1?arch=arm64","cpe:2.3:a:debian:zlib (1:1.3.dfsg+really1.3.1-1):1:1.3.dfsg+really1.3.1-1+b1:*:*:*:*:*:*:*","pkg:deb/debian/zlib (1:1.3.dfsg+really1.3.1-1)@1:1.3.dfsg+really1.3.1-1+b1?arch=arm64","LIBRARY","debian-target"
"linux-kernel","6.12.69","GPL-2.0-only","COPYING LICENSES/","kernel","https://github.com/rockchip-linux/kernel","gcc-final [GPL-3.0-with-GCC-exception] linux-headers [GPL-2.0]","d355fa8abf1f3e7688c8445c39198492d5163f7b855814fd4c8e03174d66120e","Organization: The Linux Foundation","Copyright (c) Linus Torvalds and Linux kernel contributors","cpe:2.3:o:linux:linux_kernel:6.12.69:*:*:*:*:*:*:*","pkg:generic/rockchip/linux-kernel@6.12.69","cpe:2.3:o:linux:linux_kernel:6.12.69:*:*:*:*:*:*:*","pkg:generic/rockchip/linux-kernel@6.12.69","KERNEL","sdk-kernel"
"u-boot","2025.04","GPL-2.0-or-later","Licenses/ README","u-boot","https://github.com/rockchip-linux/u-boot","gcc-final [GPL-3.0-with-GCC-exception] rkbin [LicenseRef-ROCKCHIP]","e2354af77580d8fa071b208a28b09eb755681ca7d9d16c8852ed484b1118e4d1","Organization: DENX Software Engineering","Copyright (c) DENX Software Engineering and U-Boot contributors","cpe:2.3:a:denx:u-boot:2025.04:*:*:*:*:*:*:*","pkg:generic/rockchip/u-boot@2025.04","cpe:2.3:a:denx:u-boot:2025.04:*:*:*:*:*:*:*","pkg:generic/rockchip/u-boot@2025.04","BOOTLOADER","sdk-bootloader"
"rkbin","sdk-release","LicenseRef-ROCKCHIP","LICENSE","rkbin","https://github.com/rockchip-linux/rkbin","","ed949dc41b33fa2fc1bb90acc281129cafd039a570ff1e03b28ab7c7ae109959","Organization: Rockchip Electronics Co., Ltd.","Copyright (c) Rockchip Electronics Co., Ltd.","cpe:2.3:a:rockchip:rkbin:sdk-release:*:*:*:*:*:*:*","pkg:generic/rockchip/rkbin@sdk-release","cpe:2.3:a:rockchip:rkbin:sdk-release:*:*:*:*:*:*:*","pkg:generic/rockchip/rkbin@sdk-release","FIRMWARE","sdk-firmware"
"u-boot-spl","2025.04","GPL-2.0-or-later","u-boot/Licenses/","u-boot-spl","https://github.com/rockchip-linux/u-boot","u-boot [GPL-2.0-or-later] rkbin [LicenseRef-ROCKCHIP]","e66e5cb82566c2570e1dea947b2915f655b23c0cf23f1474493c4aa4fbe53c7b","Organization: DENX Software Engineering","Copyright (c) DENX Software Engineering and U-Boot contributors","cpe:2.3:a:denx:u-boot_spl:2025.04:*:*:*:*:*:*:*","pkg:generic/rockchip/u-boot-spl@2025.04","cpe:2.3:a:denx:u-boot_spl:2025.04:*:*:*:*:*:*:*","pkg:generic/rockchip/u-boot-spl@2025.04","BOOTLOADER","sdk-bootloader-spl"
"rk3572-ddr-init","1.09","LicenseRef-ROCKCHIP","rkbin/LICENSE","rk3572_ddr_1332MHz_v1.09.bin","https://github.com/rockchip-linux/rkbin","rkbin [LicenseRef-ROCKCHIP]","622ecb10ab97ed1ec689c1c0167d73090f282f0974acc647e724e6815255a5d7","Organization: Rockchip Electronics Co., Ltd.","Copyright (c) Rockchip Electronics Co., Ltd.","cpe:2.3:a:rockchip:rk3572_ddr_init:1.09:*:*:*:*:*:*:*","pkg:generic/rockchip/rk3572-ddr-init@1.09","cpe:2.3:a:rockchip:rk3572_ddr_init:1.09:*:*:*:*:*:*:*","pkg:generic/rockchip/rk3572-ddr-init@1.09","FIRMWARE","sdk-ddr-firmware"
"rk3572-trustzone-bl31","1.23","LicenseRef-ROCKCHIP","rkbin/LICENSE","rk3572_bl31_v1.23.elf","https://github.com/rockchip-linux/rkbin","rkbin [LicenseRef-ROCKCHIP]","69f8fd092afff62e57c16bc590529dabd792ad0fa3126bd20722314a114cc27d","Organization: Rockchip Electronics Co., Ltd.","Copyright (c) Rockchip Electronics Co., Ltd.","cpe:2.3:a:rockchip:rk3572_bl31:1.23:*:*:*:*:*:*:*","pkg:generic/rockchip/rk3572-trustzone-bl31@1.23","cpe:2.3:a:rockchip:rk3572_bl31:1.23:*:*:*:*:*:*:*","pkg:generic/rockchip/rk3572-trustzone-bl31@1.23","FIRMWARE","sdk-trustzone"
"rk3572-trustzone-bl32","1.08","LicenseRef-ROCKCHIP","rkbin/LICENSE","rk3572_bl32_v1.08.bin","https://github.com/rockchip-linux/rkbin","rkbin [LicenseRef-ROCKCHIP]","7ce5676d286da4a30670043d0be05050c4e4eed1f4e037e1013bb94080e0e7ed","Organization: Rockchip Electronics Co., Ltd.","Copyright (c) Rockchip Electronics Co., Ltd.","cpe:2.3:a:rockchip:rk3572_bl32:1.08:*:*:*:*:*:*:*","pkg:generic/rockchip/rk3572-trustzone-bl32@1.08","cpe:2.3:a:rockchip:rk3572_bl32:1.08:*:*:*:*:*:*:*","pkg:generic/rockchip/rk3572-trustzone-bl32@1.08","FIRMWARE","sdk-trustzone"
"rk3572_ddr_lp4_2112MHz_lp5_2736MHz_ultra_v1.07.bin","1.07.","LicenseRef-ROCKCHIP","","rk3572_ddr_lp4_2112MHz_lp5_2736MHz_ultra_v1.07.bin","https://github.com/rockchip-linux/rkbin","","ff5925c2b7cbb53e10f9939c1375db64340f234a36d0eaf5e0b9edccde1d30fd","Organization: Rockchip Electronics Co., Ltd.","Copyright (c) Rockchip Electronics Co., Ltd.","","pkg:generic/rockchip/rkbin/rk3572_ddr_lp4_2112MHz_lp5_2736MHz_ultra_v1.07.bin@1.07.","","","FIRMWARE","rkbin"
"rk3572_ddr_lp4_2112MHz_lp5_2736MHz_v1.07.bin","1.07.","LicenseRef-ROCKCHIP","","rk3572_ddr_lp4_2112MHz_lp5_2736MHz_v1.07.bin","https://github.com/rockchip-linux/rkbin","","6e132f7a2f60285694b7bc3639ec0df2e39955104b2c2d545043a6a754af1959","Organization: Rockchip Electronics Co., Ltd.","Copyright (c) Rockchip Electronics Co., Ltd.","","pkg:generic/rockchip/rkbin/rk3572_ddr_lp4_2112MHz_lp5_2736MHz_v1.07.bin@1.07.","","","FIRMWARE","rkbin"
"rk3572_bl31_v1.10.elf","1.10.","LicenseRef-ROCKCHIP","","rk3572_bl31_v1.10.elf","https://github.com/rockchip-linux/rkbin","","bf538770f1a07bbb599834fb77be18d3d939e5837831263d530b5cc69c8d59b5","Organization: Rockchip Electronics Co., Ltd.","Copyright (c) Rockchip Electronics Co., Ltd.","","pkg:generic/rockchip/rkbin/rk3572_bl31_v1.10.elf@1.10.","","","FIRMWARE","rkbin"
"rk3572_spl_v1.03.bin","1.03.","LicenseRef-ROCKCHIP","","rk3572_spl_v1.03.bin","https://github.com/rockchip-linux/rkbin","","bfec5580fdaa648fe4622cb65bcb01f8b1ec86ea520410fced4427146fc7fc88","Organization: Rockchip Electronics Co., Ltd.","Copyright (c) Rockchip Electronics Co., Ltd.","","pkg:generic/rockchip/rkbin/rk3572_spl_v1.03.bin@1.03.","","","FIRMWARE","rkbin"
"rk3572_usbplug_fspi1_v1.00.bin","1.00.","LicenseRef-ROCKCHIP","","rk3572_usbplug_fspi1_v1.00.bin","https://github.com/rockchip-linux/rkbin","","3c3accfbaf7921b1d7b18a2818a02f911948defe0f3b1b98845ce9519516b06e","Organization: Rockchip Electronics Co., Ltd.","Copyright (c) Rockchip Electronics Co., Ltd.","","pkg:generic/rockchip/rkbin/rk3572_usbplug_fspi1_v1.00.bin@1.00.","","","FIRMWARE","rkbin"
"rk3572_spl_fspi1_v1.03.bin","1.03.","LicenseRef-ROCKCHIP","","rk3572_spl_fspi1_v1.03.bin","https://github.com/rockchip-linux/rkbin","","043791dd3136b776cda7d778028920d092ae00ba5158c4e911c32926cd5029e7","Organization: Rockchip Electronics Co., Ltd.","Copyright (c) Rockchip Electronics Co., Ltd.","","pkg:generic/rockchip/rkbin/rk3572_spl_fspi1_v1.03.bin@1.03.","","","FIRMWARE","rkbin"
"rk3572_ddr_lp4_2112MHz_lp5_2736MHz_eyescan_v1.07.bin","1.07.","LicenseRef-ROCKCHIP","","rk3572_ddr_lp4_2112MHz_lp5_2736MHz_eyescan_v1.07.bin","https://github.com/rockchip-linux/rkbin","","cfff8ad64fe4da3a7db1e322003e203946b481c60b7053906de24a28bc41405a","Organization: Rockchip Electronics Co., Ltd.","Copyright (c) Rockchip Electronics Co., Ltd.","","pkg:generic/rockchip/rkbin/rk3572_ddr_lp4_2112MHz_lp5_2736MHz_eyescan_v1.07.bin@1.07.","","","FIRMWARE","rkbin"
"rk3572_ddr_lp4_2112MHz_lp5_2736MHz_rt_v1.07.bin","1.07.","LicenseRef-ROCKCHIP","","rk3572_ddr_lp4_2112MHz_lp5_2736MHz_rt_v1.07.bin","https://github.com/rockchip-linux/rkbin","","8d06aa283d4073e593527cf861ea038719ebebc45357ef9bfd9988a55a1ad1dc","Organization: Rockchip Electronics Co., Ltd.","Copyright (c) Rockchip Electronics Co., Ltd.","","pkg:generic/rockchip/rkbin/rk3572_ddr_lp4_2112MHz_lp5_2736MHz_rt_v1.07.bin@1.07.","","","FIRMWARE","rkbin"
"rk3572_usbplug_v1.00.bin","1.00.","LicenseRef-ROCKCHIP","","rk3572_usbplug_v1.00.bin","https://github.com/rockchip-linux/rkbin","","ece75753f7e16a3afca7ace179b4b916e3ddf4361d2425b8aaca7e2aadfcbdca","Organization: Rockchip Electronics Co., Ltd.","Copyright (c) Rockchip Electronics Co., Ltd.","","pkg:generic/rockchip/rkbin/rk3572_usbplug_v1.00.bin@1.00.","","","FIRMWARE","rkbin"
"rk3572_dboot_v1.00.bin","1.00.","LicenseRef-ROCKCHIP","","rk3572_dboot_v1.00.bin","https://github.com/rockchip-linux/rkbin","","c7f789e4f0f88bb4bb7137cd123b47c492fa0e567c29dab89cd1a2415b718198","Organization: Rockchip Electronics Co., Ltd.","Copyright (c) Rockchip Electronics Co., Ltd.","","pkg:generic/rockchip/rkbin/rk3572_dboot_v1.00.bin@1.00.","","","FIRMWARE","rkbin"
"rk3572_rboot_v1.00.bin","1.00.","LicenseRef-ROCKCHIP","","rk3572_rboot_v1.00.bin","https://github.com/rockchip-linux/rkbin","","4e8f3bf6f960ad50b83117917c42aab1b9e31c46c88f288a51400b80c2f3f7af","Organization: Rockchip Electronics Co., Ltd.","Copyright (c) Rockchip Electronics Co., Ltd.","","pkg:generic/rockchip/rkbin/rk3572_rboot_v1.00.bin@1.00.","","","FIRMWARE","rkbin"
"rk3572_bl32_v1.06.bin","1.06.","LicenseRef-ROCKCHIP","","rk3572_bl32_v1.06.bin","https://github.com/rockchip-linux/rkbin","","4ab1072caaefba0d73dd71c2d98f84e63dc10c488150d89d5c10bc6668762eca","Organization: Rockchip Electronics Co., Ltd.","Copyright (c) Rockchip Electronics Co., Ltd.","","pkg:generic/rockchip/rkbin/rk3572_bl32_v1.06.bin@1.06.","","","FIRMWARE","rkbin"
"MiniLoaderAll.bin","unknown","LicenseRef-ROCKCHIP","","MiniLoaderAll.bin","https://github.com/rockchip-linux/rkbin","","7b822a2d32fad1b74a7126eaca948bdbd3ab51706ba0614d4951fed059a4cb3f","Organization: Rockchip Electronics Co., Ltd.","Copyright (c) Rockchip Electronics Co., Ltd.","","pkg:generic/rockchip/rkbin/MiniLoaderAll.bin","","","FIRMWARE","rkbin"
