  0
SECTION
  2
HEADER
  9
$ACADVER
  1
AC1009
  9
$INSBASE
 10
0.000000
 20
0.000000
  9
$LIMMIN
 10
-774.824968
 20
-933.160440
  9
$LIMMAX
 10
758.575064
 20
498.639592
  9
$EXTMIN
 10
-774.824968
 20
-933.160440
  9
$EXTMAX
 10
758.575064
 20
498.639592
  9
$ATTMODE
 70
0
  9
$LUNITS
 70
2
  9
$LUPREC
 70
2
  9
$THICKNESS
 40
1.999996
  0
ENDSEC
  0
SECTION
  2
TABLES
  0
TABLE
  2
LTYPE
 70
1
  0
LTYPE
  3
Solid Line
  2
CONTINUOUS
 70
0
 72
65
 73
0
 40
0.000000
  0
ENDTAB
  0
TABLE
  2
LAYER
 70
3
  0
LAYER
  2
BG_DXF_C
 70
0
 62
7
  6
CONTINUOUS
  0
LAYER
  2
BG_OUTLINE
 70
0
 62
2
  6
CONTINUOUS
  0
LAYER
  2
PIN_TOP
 70
0
 62
5
  6
CONTINUOUS
  0
ENDTAB
  0
TABLE
  2
STYLE
 70
1
  0
STYLE
  2
STANDARD
 70
0
 40
0.000000
 41
1.000000
 50
0.000000
 71
0
 42
0.200000
  3
txt
  0
ENDTAB
  0
ENDSEC
  0
SECTION
  2
BLOCKS
  0
BLOCK
  8
0
  2
FIGURE_CIRCLE
 70
0
 10
0.000000
 20
0.000000
  0
CIRCLE
  8
0
 10
0.000000
 20
0.000000
 40
0.500000
  0
ENDBLK
  0
BLOCK
  8
0
  2
FIGURE_SQUARE
 70
0
 10
0.000000
 20
0.000000
  0
POLYLINE
  8
0
 66
1
 70
1
 40
0.000000
 41
0.000000
 39
0.000000
  0
VERTEX
  8
0
 10
-0.500000
 20
-0.500000
 40
0.000000
 41
0.000000
 42
0.000000
  0
VERTEX
  8
0
 10
-0.500000
 20
0.500000
 40
0.000000
 41
0.000000
 42
0.000000
  0
VERTEX
  8
0
 10
0.500000
 20
0.500000
 40
0.000000
 41
0.000000
 42
0.000000
  0
VERTEX
  8
0
 10
0.500000
 20
-0.500000
 40
0.000000
 41
0.000000
 42
0.000000
  0
SEQEND
  0
ENDBLK
  0
BLOCK
  8
0
  2
FIGURE_HEX
 70
0
 10
0.000000
 20
0.000000
  0
POLYLINE
  8
0
 66
1
 70
1
 40
0.000000
 41
0.000000
 39
0.000000
  0
VERTEX
  8
0
 10
-0.500000
 20
0.000000
 40
0.000000
 41
0.000000
 42
0.000000
  0
VERTEX
  8
0
 10
-0.250000
 20
0.500000
 40
0.000000
 41
0.000000
 42
0.000000
  0
VERTEX
  8
0
 10
0.250000
 20
0.500000
 40
0.000000
 41
0.000000
 42
0.000000
  0
VERTEX
  8
0
 10
0.500000
 20
0.000000
 40
0.000000
 41
0.000000
 42
0.000000
  0
VERTEX
  8
0
 10
0.250000
 20
-0.500000
 40
0.000000
 41
0.000000
 42
0.000000
  0
VERTEX
  8
0
 10
-0.250000
 20
-0.500000
 40
0.000000
 41
0.000000
 42
0.000000
  0
SEQEND
  0
ENDBLK
  0
BLOCK
  8
0
  2
FIGURE_OCT
 70
0
 10
0.000000
 20
0.000000
  0
POLYLINE
  8
0
 66
1
 70
1
 40
0.000000
 41
0.000000
 39
0.000000
  0
VERTEX
  8
0
 10
-0.500000
 20
-0.207100
 40
0.000000
 41
0.000000
 42
0.000000
  0
VERTEX
  8
0
 10
-0.500000
 20
0.207100
 40
0.000000
 41
0.000000
 42
0.000000
  0
VERTEX
  8
0
 10
-0.207100
 20
0.500000
 40
0.000000
 41
0.000000
 42
0.000000
  0
VERTEX
  8
0
 10
0.207100
 20
0.500000
 40
0.000000
 41
0.000000
 42
0.000000
  0
VERTEX
  8
0
 10
0.500000
 20
0.207100
 40
0.000000
 41
0.000000
 42
0.000000
  0
VERTEX
  8
0
 10
0.500000
 20
-0.207100
 40
0.000000
 41
0.000000
 42
0.000000
  0
VERTEX
  8
0
 10
0.207100
 20
-0.500000
 40
0.000000
 41
0.000000
 42
0.000000
  0
VERTEX
  8
0
 10
-0.207100
 20
-0.500000
 40
0.000000
 41
0.000000
 42
0.000000
  0
SEQEND
  0
ENDBLK
  0
BLOCK
  8
0
  2
FIGURE_OBLONG
 70
0
 10
0.000000
 20
0.000000
  0
POLYLINE
  8
0
 66
1
 70
1
 40
0.000000
 41
0.000000
 39
0.000000
  0
VERTEX
  8
0
 10
-0.500000
 20
-0.125000
 40
0.000000
 41
0.000000
 42
0.000000
  0
VERTEX
  8
0
 10
-0.500000
 20
0.125000
 40
0.000000
 41
0.000000
 42
0.000000
  0
VERTEX
  8
0
 10
-0.416000
 20
0.375000
 40
0.000000
 41
0.000000
 42
0.000000
  0
VERTEX
  8
0
 10
-0.250000
 20
0.500000
 40
0.000000
 41
0.000000
 42
0.000000
  0
VERTEX
  8
0
 10
0.250000
 20
0.500000
 40
0.000000
 41
0.000000
 42
0.000000
  0
VERTEX
  8
0
 10
0.416000
 20
0.375000
 40
0.000000
 41
0.000000
 42
0.000000
  0
VERTEX
  8
0
 10
0.500000
 20
0.125000
 40
0.000000
 41
0.000000
 42
0.000000
  0
VERTEX
  8
0
 10
0.500000
 20
-0.125000
 40
0.000000
 41
0.000000
 42
0.000000
  0
VERTEX
  8
0
 10
0.416000
 20
-0.375000
 40
0.000000
 41
0.000000
 42
0.000000
  0
VERTEX
  8
0
 10
0.250000
 20
-0.500000
 40
0.000000
 41
0.000000
 42
0.000000
  0
VERTEX
  8
0
 10
-0.250000
 20
-0.500000
 40
0.000000
 41
0.000000
 42
0.000000
  0
VERTEX
  8
0
 10
-0.416000
 20
-0.375000
 40
0.000000
 41
0.000000
 42
0.000000
  0
SEQEND
  0
ENDBLK
  0
BLOCK
  8
0
  2
FIGURE_TRI
 70
0
 10
0.000000
 20
0.000000
  0
POLYLINE
  8
0
 66
1
 70
1
 40
0.000000
 41
0.000000
 39
0.000000
  0
VERTEX
  8
0
 10
-0.500000
 20
-0.500000
 40
0.000000
 41
0.000000
 42
0.000000
  0
VERTEX
  8
0
 10
0.000000
 20
0.500000
 40
0.000000
 41
0.000000
 42
0.000000
  0
VERTEX
  8
0
 10
0.500000
 20
-0.500000
 40
0.000000
 41
0.000000
 42
0.000000
  0
SEQEND
  0
ENDBLK
  0
BLOCK
  8
0
  2
FIGURE_CROSS
 70
0
 10
0.000000
 20
0.000000
  0
POLYLINE
  8
0
 66
1
 70
0
 40
0.000000
 41
0.000000
 39
0.000000
  0
VERTEX
  8
0
 10
-0.500000
 20
0.000000
 40
0.000000
 41
0.000000
 42
0.000000
  0
VERTEX
  8
0
 10
0.500000
 20
0.000000
 40
0.000000
 41
0.000000
 42
0.000000
  0
SEQEND
  0
POLYLINE
  8
0
 66
1
 70
0
 40
0.000000
 41
0.000000
 39
0.000000
  0
VERTEX
  8
0
 10
0.000000
 20
0.500000
 40
0.000000
 41
0.000000
 42
0.000000
  0
VERTEX
  8
0
 10
0.000000
 20
-0.500000
 40
0.000000
 41
0.000000
 42
0.000000
  0
SEQEND
  0
ENDBLK
  0
BLOCK
  8
0
  2
FIGURE_DIAMOND
 70
0
 10
0.000000
 20
0.000000
  0
POLYLINE
  8
0
 66
1
 70
1
 40
0.000000
 41
0.000000
 39
0.000000
  0
VERTEX
  8
0
 10
-0.500000
 20
0.000000
 40
0.000000
 41
0.000000
 42
0.000000
  0
VERTEX
  8
0
 10
0.000000
 20
0.500000
 40
0.000000
 41
0.000000
 42
0.000000
  0
VERTEX
  8
0
 10
0.500000
 20
0.000000
 40
0.000000
 41
0.000000
 42
0.000000
  0
VERTEX
  8
0
 10
0.000000
 20
-0.500000
 40
0.000000
 41
0.000000
 42
0.000000
  0
SEQEND
  0
ENDBLK
  0
ENDSEC
  0
SECTION
  2
ENTITIES
  0
CIRCLE
  8
PIN_TOP
 10
51.003200
 20
2.235200
 40
0.508000
  0
CIRCLE
  8
PIN_TOP
 10
5.969000
 20
32.918400
 40
0.508000
  0
CIRCLE
  8
PIN_TOP
 10
5.994400
 20
2.057400
 40
0.508000
  0
POLYLINE
  8
PIN_TOP
 66
1
 70
1
 40
0.000000
 41
0.000000
 39
0.000000
  0
VERTEX
  8
PIN_TOP
 10
34.713672
 20
26.775918
 40
0.000000
 41
0.000000
 42
0.000000
  0
VERTEX
  8
PIN_TOP
 10
34.713672
 20
26.674318
 40
0.000000
 41
0.000000
 42
0.375524
  0
VERTEX
  8
PIN_TOP
 10
34.762186
 20
26.631900
 40
0.000000
 41
0.000000
 42
0.000000
  0
VERTEX
  8
PIN_TOP
 10
34.978086
 20
26.631900
 40
0.000000
 41
0.000000
 42
0.365420
  0
VERTEX
  8
PIN_TOP
 10
35.013900
 20
26.674318
 40
0.000000
 41
0.000000
 42
0.000000
  0
VERTEX
  8
PIN_TOP
 10
35.013900
 20
26.775918
 40
0.000000
 41
0.000000
 42
1.000028
  0
SEQEND
  0
POLYLINE
  8
PIN_TOP
 66
1
 70
1
 40
0.000000
 41
0.000000
 39
0.000000
  0
VERTEX
  8
PIN_TOP
 10
35.013900
 20
27.326082
 40
0.000000
 41
0.000000
 42
0.000000
  0
VERTEX
  8
PIN_TOP
 10
35.013900
 20
27.427682
 40
0.000000
 41
0.000000
 42
0.375524
  0
VERTEX
  8
PIN_TOP
 10
34.965386
 20
27.470100
 40
0.000000
 41
0.000000
 42
0.000000
  0
VERTEX
  8
PIN_TOP
 10
34.749486
 20
27.470100
 40
0.000000
 41
0.000000
 42
0.365420
  0
VERTEX
  8
PIN_TOP
 10
34.713672
 20
27.427682
 40
0.000000
 41
0.000000
 42
0.000000
  0
VERTEX
  8
PIN_TOP
 10
34.713672
 20
27.326082
 40
0.000000
 41
0.000000
 42
1.000028
  0
SEQEND
  0
POLYLINE
  8
PIN_TOP
 66
1
 70
1
 40
0.000000
 41
0.000000
 39
0.000000
  0
VERTEX
  8
PIN_TOP
 10
21.636482
 20
6.911086
 40
0.000000
 41
0.000000
 42
0.000000
  0
VERTEX
  8
PIN_TOP
 10
21.738082
 20
6.911086
 40
0.000000
 41
0.000000
 42
0.375524
  0
VERTEX
  8
PIN_TOP
 10
21.780500
 20
6.959600
 40
0.000000
 41
0.000000
 42
0.000000
  0
VERTEX
  8
PIN_TOP
 10
21.780500
 20
7.175500
 40
0.000000
 41
0.000000
 42
0.365420
  0
VERTEX
  8
PIN_TOP
 10
21.738082
 20
7.211314
 40
0.000000
 41
0.000000
 42
0.000000
  0
VERTEX
  8
PIN_TOP
 10
21.636482
 20
7.211314
 40
0.000000
 41
0.000000
 42
1.000028
  0
SEQEND
  0
POLYLINE
  8
PIN_TOP
 66
1
 70
1
 40
0.000000
 41
0.000000
 39
0.000000
  0
VERTEX
  8
PIN_TOP
 10
21.086318
 20
7.211314
 40
0.000000
 41
0.000000
 42
0.000000
  0
VERTEX
  8
PIN_TOP
 10
20.984718
 20
7.211314
 40
0.000000
 41
0.000000
 42
0.375524
  0
VERTEX
  8
PIN_TOP
 10
20.942300
 20
7.162800
 40
0.000000
 41
0.000000
 42
0.000000
  0
VERTEX
  8
PIN_TOP
 10
20.942300
 20
6.946900
 40
0.000000
 41
0.000000
 42
0.365420
  0
VERTEX
  8
PIN_TOP
 10
20.984718
 20
6.911086
 40
0.000000
 41
0.000000
 42
0.000000
  0
VERTEX
  8
PIN_TOP
 10
21.086318
 20
6.911086
 40
0.000000
 41
0.000000
 42
1.000028
  0
SEQEND
  0
POLYLINE
  8
PIN_TOP
 66
1
 70
1
 40
0.000000
 41
0.000000
 39
0.000000
  0
VERTEX
  8
PIN_TOP
 10
32.057086
 20
26.775918
 40
0.000000
 41
0.000000
 42
0.000000
  0
VERTEX
  8
PIN_TOP
 10
32.057086
 20
26.674318
 40
0.000000
 41
0.000000
 42
0.375524
  0
VERTEX
  8
PIN_TOP
 10
32.105600
 20
26.631900
 40
0.000000
 41
0.000000
 42
0.000000
  0
VERTEX
  8
PIN_TOP
 10
32.321500
 20
26.631900
 40
0.000000
 41
0.000000
 42
0.365420
  0
VERTEX
  8
PIN_TOP
 10
32.357314
 20
26.674318
 40
0.000000
 41
0.000000
 42
0.000000
  0
VERTEX
  8
PIN_TOP
 10
32.357314
 20
26.775918
 40
0.000000
 41
0.000000
 42
1.000028
  0
SEQEND
  0
POLYLINE
  8
PIN_TOP
 66
1
 70
1
 40
0.000000
 41
0.000000
 39
0.000000
  0
VERTEX
  8
PIN_TOP
 10
32.357314
 20
27.326082
 40
0.000000
 41
0.000000
 42
0.000000
  0
VERTEX
  8
PIN_TOP
 10
32.357314
 20
27.427682
 40
0.000000
 41
0.000000
 42
0.375524
  0
VERTEX
  8
PIN_TOP
 10
32.308800
 20
27.470100
 40
0.000000
 41
0.000000
 42
0.000000
  0
VERTEX
  8
PIN_TOP
 10
32.092900
 20
27.470100
 40
0.000000
 41
0.000000
 42
0.365420
  0
VERTEX
  8
PIN_TOP
 10
32.057086
 20
27.427682
 40
0.000000
 41
0.000000
 42
0.000000
  0
VERTEX
  8
PIN_TOP
 10
32.057086
 20
27.326082
 40
0.000000
 41
0.000000
 42
1.000028
  0
SEQEND
  0
POLYLINE
  8
PIN_TOP
 66
1
 70
1
 40
0.000000
 41
0.000000
 39
0.000000
  0
VERTEX
  8
PIN_TOP
 10
54.277514
 20
26.614882
 40
0.000000
 41
0.000000
 42
0.000000
  0
VERTEX
  8
PIN_TOP
 10
54.277514
 20
26.716482
 40
0.000000
 41
0.000000
 42
0.375524
  0
VERTEX
  8
PIN_TOP
 10
54.229000
 20
26.758900
 40
0.000000
 41
0.000000
 42
0.000000
  0
VERTEX
  8
PIN_TOP
 10
54.013100
 20
26.758900
 40
0.000000
 41
0.000000
 42
0.365420
  0
VERTEX
  8
PIN_TOP
 10
53.977286
 20
26.716482
 40
0.000000
 41
0.000000
 42
0.000000
  0
VERTEX
  8
PIN_TOP
 10
53.977286
 20
26.614882
 40
0.000000
 41
0.000000
 42
1.000028
  0
SEQEND
  0
POLYLINE
  8
PIN_TOP
 66
1
 70
1
 40
0.000000
 41
0.000000
 39
0.000000
  0
VERTEX
  8
PIN_TOP
 10
53.977286
 20
26.064718
 40
0.000000
 41
0.000000
 42
0.000000
  0
VERTEX
  8
PIN_TOP
 10
53.977286
 20
25.963118
 40
0.000000
 41
0.000000
 42
0.375524
  0
VERTEX
  8
PIN_TOP
 10
54.025800
 20
25.920700
 40
0.000000
 41
0.000000
 42
0.000000
  0
VERTEX
  8
PIN_TOP
 10
54.241700
 20
25.920700
 40
0.000000
 41
0.000000
 42
0.365420
  0
VERTEX
  8
PIN_TOP
 10
54.277514
 20
25.963118
 40
0.000000
 41
0.000000
 42
0.000000
  0
VERTEX
  8
PIN_TOP
 10
54.277514
 20
26.064718
 40
0.000000
 41
0.000000
 42
1.000028
  0
SEQEND
  0
POLYLINE
  8
PIN_TOP
 66
1
 70
1
 40
0.000000
 41
0.000000
 39
0.000000
  0
VERTEX
  8
PIN_TOP
 10
40.891714
 20
20.315682
 40
0.000000
 41
0.000000
 42
0.000000
  0
VERTEX
  8
PIN_TOP
 10
40.891714
 20
20.417282
 40
0.000000
 41
0.000000
 42
0.375524
  0
VERTEX
  8
PIN_TOP
 10
40.843200
 20
20.459700
 40
0.000000
 41
0.000000
 42
0.000000
  0
VERTEX
  8
PIN_TOP
 10
40.627300
 20
20.459700
 40
0.000000
 41
0.000000
 42
0.365420
  0
VERTEX
  8
PIN_TOP
 10
40.591486
 20
20.417282
 40
0.000000
 41
0.000000
 42
0.000000
  0
VERTEX
  8
PIN_TOP
 10
40.591486
 20
20.315682
 40
0.000000
 41
0.000000
 42
1.000028
  0
SEQEND
  0
POLYLINE
  8
PIN_TOP
 66
1
 70
1
 40
0.000000
 41
0.000000
 39
0.000000
  0
VERTEX
  8
PIN_TOP
 10
40.591486
 20
19.765518
 40
0.000000
 41
0.000000
 42
0.000000
  0
VERTEX
  8
PIN_TOP
 10
40.591486
 20
19.663918
 40
0.000000
 41
0.000000
 42
0.375524
  0
VERTEX
  8
PIN_TOP
 10
40.640000
 20
19.621500
 40
0.000000
 41
0.000000
 42
0.000000
  0
VERTEX
  8
PIN_TOP
 10
40.855900
 20
19.621500
 40
0.000000
 41
0.000000
 42
0.365420
  0
VERTEX
  8
PIN_TOP
 10
40.891714
 20
19.663918
 40
0.000000
 41
0.000000
 42
0.000000
  0
VERTEX
  8
PIN_TOP
 10
40.891714
 20
19.765518
 40
0.000000
 41
0.000000
 42
1.000028
  0
SEQEND
  0
POLYLINE
  8
PIN_TOP
 66
1
 70
1
 40
0.000000
 41
0.000000
 39
0.000000
  0
VERTEX
  8
PIN_TOP
 10
36.165282
 20
17.452086
 40
0.000000
 41
0.000000
 42
0.000000
  0
VERTEX
  8
PIN_TOP
 10
36.266882
 20
17.452086
 40
0.000000
 41
0.000000
 42
0.375524
  0
VERTEX
  8
PIN_TOP
 10
36.309300
 20
17.500600
 40
0.000000
 41
0.000000
 42
0.000000
  0
VERTEX
  8
PIN_TOP
 10
36.309300
 20
17.716500
 40
0.000000
 41
0.000000
 42
0.365420
  0
VERTEX
  8
PIN_TOP
 10
36.266882
 20
17.752314
 40
0.000000
 41
0.000000
 42
0.000000
  0
VERTEX
  8
PIN_TOP
 10
36.165282
 20
17.752314
 40
0.000000
 41
0.000000
 42
1.000028
  0
SEQEND
  0
POLYLINE
  8
PIN_TOP
 66
1
 70
1
 40
0.000000
 41
0.000000
 39
0.000000
  0
VERTEX
  8
PIN_TOP
 10
35.615118
 20
17.752314
 40
0.000000
 41
0.000000
 42
0.000000
  0
VERTEX
  8
PIN_TOP
 10
35.513518
 20
17.752314
 40
0.000000
 41
0.000000
 42
0.375524
  0
VERTEX
  8
PIN_TOP
 10
35.471100
 20
17.703800
 40
0.000000
 41
0.000000
 42
0.000000
  0
VERTEX
  8
PIN_TOP
 10
35.471100
 20
17.487900
 40
0.000000
 41
0.000000
 42
0.365420
  0
VERTEX
  8
PIN_TOP
 10
35.513518
 20
17.452086
 40
0.000000
 41
0.000000
 42
0.000000
  0
VERTEX
  8
PIN_TOP
 10
35.615118
 20
17.452086
 40
0.000000
 41
0.000000
 42
1.000028
  0
SEQEND
  0
POLYLINE
  8
PIN_TOP
 66
1
 70
1
 40
0.000000
 41
0.000000
 39
0.000000
  0
VERTEX
  8
PIN_TOP
 10
35.460686
 20
19.663918
 40
0.000000
 41
0.000000
 42
0.000000
  0
VERTEX
  8
PIN_TOP
 10
35.460686
 20
19.562318
 40
0.000000
 41
0.000000
 42
0.375524
  0
VERTEX
  8
PIN_TOP
 10
35.509200
 20
19.519900
 40
0.000000
 41
0.000000
 42
0.000000
  0
VERTEX
  8
PIN_TOP
 10
35.725100
 20
19.519900
 40
0.000000
 41
0.000000
 42
0.365420
  0
VERTEX
  8
PIN_TOP
 10
35.760914
 20
19.562318
 40
0.000000
 41
0.000000
 42
0.000000
  0
VERTEX
  8
PIN_TOP
 10
35.760914
 20
19.663918
 40
0.000000
 41
0.000000
 42
1.000028
  0
SEQEND
  0
POLYLINE
  8
PIN_TOP
 66
1
 70
1
 40
0.000000
 41
0.000000
 39
0.000000
  0
VERTEX
  8
PIN_TOP
 10
35.760914
 20
20.214082
 40
0.000000
 41
0.000000
 42
0.000000
  0
VERTEX
  8
PIN_TOP
 10
35.760914
 20
20.315682
 40
0.000000
 41
0.000000
 42
0.375524
  0
VERTEX
  8
PIN_TOP
 10
35.712400
 20
20.358100
 40
0.000000
 41
0.000000
 42
0.000000
  0
VERTEX
  8
PIN_TOP
 10
35.496500
 20
20.358100
 40
0.000000
 41
0.000000
 42
0.365420
  0
VERTEX
  8
PIN_TOP
 10
35.460686
 20
20.315682
 40
0.000000
 41
0.000000
 42
0.000000
  0
VERTEX
  8
PIN_TOP
 10
35.460686
 20
20.214082
 40
0.000000
 41
0.000000
 42
1.000028
  0
SEQEND
  0
POLYLINE
  8
PIN_TOP
 66
1
 70
1
 40
0.000000
 41
0.000000
 39
0.000000
  0
VERTEX
  8
PIN_TOP
 10
26.261314
 20
8.428482
 40
0.000000
 41
0.000000
 42
0.000000
  0
VERTEX
  8
PIN_TOP
 10
26.261314
 20
8.530082
 40
0.000000
 41
0.000000
 42
0.375524
  0
VERTEX
  8
PIN_TOP
 10
26.212800
 20
8.572500
 40
0.000000
 41
0.000000
 42
0.000000
  0
VERTEX
  8
PIN_TOP
 10
25.996900
 20
8.572500
 40
0.000000
 41
0.000000
 42
0.365420
  0
VERTEX
  8
PIN_TOP
 10
25.961086
 20
8.530082
 40
0.000000
 41
0.000000
 42
0.000000
  0
VERTEX
  8
PIN_TOP
 10
25.961086
 20
8.428482
 40
0.000000
 41
0.000000
 42
1.000028
  0
SEQEND
  0
POLYLINE
  8
PIN_TOP
 66
1
 70
1
 40
0.000000
 41
0.000000
 39
0.000000
  0
VERTEX
  8
PIN_TOP
 10
25.961086
 20
7.878318
 40
0.000000
 41
0.000000
 42
0.000000
  0
VERTEX
  8
PIN_TOP
 10
25.961086
 20
7.776718
 40
0.000000
 41
0.000000
 42
0.375524
  0
VERTEX
  8
PIN_TOP
 10
26.009600
 20
7.734300
 40
0.000000
 41
0.000000
 42
0.000000
  0
VERTEX
  8
PIN_TOP
 10
26.225500
 20
7.734300
 40
0.000000
 41
0.000000
 42
0.365420
  0
VERTEX
  8
PIN_TOP
 10
26.261314
 20
7.776718
 40
0.000000
 41
0.000000
 42
0.000000
  0
VERTEX
  8
PIN_TOP
 10
26.261314
 20
7.878318
 40
0.000000
 41
0.000000
 42
1.000028
  0
SEQEND
  0
POLYLINE
  8
PIN_TOP
 66
1
 70
1
 40
0.000000
 41
0.000000
 39
0.000000
  0
VERTEX
  8
PIN_TOP
 10
36.121086
 20
19.663918
 40
0.000000
 41
0.000000
 42
0.000000
  0
VERTEX
  8
PIN_TOP
 10
36.121086
 20
19.562318
 40
0.000000
 41
0.000000
 42
0.375524
  0
VERTEX
  8
PIN_TOP
 10
36.169600
 20
19.519900
 40
0.000000
 41
0.000000
 42
0.000000
  0
VERTEX
  8
PIN_TOP
 10
36.385500
 20
19.519900
 40
0.000000
 41
0.000000
 42
0.365420
  0
VERTEX
  8
PIN_TOP
 10
36.421314
 20
19.562318
 40
0.000000
 41
0.000000
 42
0.000000
  0
VERTEX
  8
PIN_TOP
 10
36.421314
 20
19.663918
 40
0.000000
 41
0.000000
 42
1.000028
  0
SEQEND
  0
POLYLINE
  8
PIN_TOP
 66
1
 70
1
 40
0.000000
 41
0.000000
 39
0.000000
  0
VERTEX
  8
PIN_TOP
 10
36.421314
 20
20.214082
 40
0.000000
 41
0.000000
 42
0.000000
  0
VERTEX
  8
PIN_TOP
 10
36.421314
 20
20.315682
 40
0.000000
 41
0.000000
 42
0.375524
  0
VERTEX
  8
PIN_TOP
 10
36.372800
 20
20.358100
 40
0.000000
 41
0.000000
 42
0.000000
  0
VERTEX
  8
PIN_TOP
 10
36.156900
 20
20.358100
 40
0.000000
 41
0.000000
 42
0.365420
  0
VERTEX
  8
PIN_TOP
 10
36.121086
 20
20.315682
 40
0.000000
 41
0.000000
 42
0.000000
  0
VERTEX
  8
PIN_TOP
 10
36.121086
 20
20.214082
 40
0.000000
 41
0.000000
 42
1.000028
  0
SEQEND
  0
POLYLINE
  8
PIN_TOP
 66
1
 70
1
 40
0.000000
 41
0.000000
 39
0.000000
  0
VERTEX
  8
PIN_TOP
 10
50.192686
 20
18.012918
 40
0.000000
 41
0.000000
 42
0.000000
  0
VERTEX
  8
PIN_TOP
 10
50.192686
 20
17.911318
 40
0.000000
 41
0.000000
 42
0.375524
  0
VERTEX
  8
PIN_TOP
 10
50.241200
 20
17.868900
 40
0.000000
 41
0.000000
 42
0.000000
  0
VERTEX
  8
PIN_TOP
 10
50.457100
 20
17.868900
 40
0.000000
 41
0.000000
 42
0.365420
  0
VERTEX
  8
PIN_TOP
 10
50.492914
 20
17.911318
 40
0.000000
 41
0.000000
 42
0.000000
  0
VERTEX
  8
PIN_TOP
 10
50.492914
 20
18.012918
 40
0.000000
 41
0.000000
 42
1.000028
  0
SEQEND
  0
POLYLINE
  8
PIN_TOP
 66
1
 70
1
 40
0.000000
 41
0.000000
 39
0.000000
  0
VERTEX
  8
PIN_TOP
 10
50.492914
 20
18.563082
 40
0.000000
 41
0.000000
 42
0.000000
  0
VERTEX
  8
PIN_TOP
 10
50.492914
 20
18.664682
 40
0.000000
 41
0.000000
 42
0.375524
  0
VERTEX
  8
PIN_TOP
 10
50.444400
 20
18.707100
 40
0.000000
 41
0.000000
 42
0.000000
  0
VERTEX
  8
PIN_TOP
 10
50.228500
 20
18.707100
 40
0.000000
 41
0.000000
 42
0.365420
  0
VERTEX
  8
PIN_TOP
 10
50.192686
 20
18.664682
 40
0.000000
 41
0.000000
 42
0.000000
  0
VERTEX
  8
PIN_TOP
 10
50.192686
 20
18.563082
 40
0.000000
 41
0.000000
 42
1.000028
  0
SEQEND
  0
POLYLINE
  8
PIN_TOP
 66
1
 70
1
 40
0.000000
 41
0.000000
 39
0.000000
  0
VERTEX
  8
PIN_TOP
 10
13.762482
 20
29.186886
 40
0.000000
 41
0.000000
 42
0.000000
  0
VERTEX
  8
PIN_TOP
 10
13.864082
 20
29.186886
 40
0.000000
 41
0.000000
 42
0.375524
  0
VERTEX
  8
PIN_TOP
 10
13.906500
 20
29.235400
 40
0.000000
 41
0.000000
 42
0.000000
  0
VERTEX
  8
PIN_TOP
 10
13.906500
 20
29.451300
 40
0.000000
 41
0.000000
 42
0.365420
  0
VERTEX
  8
PIN_TOP
 10
13.864082
 20
29.487114
 40
0.000000
 41
0.000000
 42
0.000000
  0
VERTEX
  8
PIN_TOP
 10
13.762482
 20
29.487114
 40
0.000000
 41
0.000000
 42
1.000028
  0
SEQEND
  0
POLYLINE
  8
PIN_TOP
 66
1
 70
1
 40
0.000000
 41
0.000000
 39
0.000000
  0
VERTEX
  8
PIN_TOP
 10
13.212318
 20
29.487114
 40
0.000000
 41
0.000000
 42
0.000000
  0
VERTEX
  8
PIN_TOP
 10
13.110718
 20
29.487114
 40
0.000000
 41
0.000000
 42
0.375524
  0
VERTEX
  8
PIN_TOP
 10
13.068300
 20
29.438600
 40
0.000000
 41
0.000000
 42
0.000000
  0
VERTEX
  8
PIN_TOP
 10
13.068300
 20
29.222700
 40
0.000000
 41
0.000000
 42
0.365420
  0
VERTEX
  8
PIN_TOP
 10
13.110718
 20
29.186886
 40
0.000000
 41
0.000000
 42
0.000000
  0
VERTEX
  8
PIN_TOP
 10
13.212318
 20
29.186886
 40
0.000000
 41
0.000000
 42
1.000028
  0
SEQEND
  0
POLYLINE
  8
PIN_TOP
 66
1
 70
1
 40
0.000000
 41
0.000000
 39
0.000000
  0
VERTEX
  8
PIN_TOP
 10
12.517882
 20
29.186886
 40
0.000000
 41
0.000000
 42
0.000000
  0
VERTEX
  8
PIN_TOP
 10
12.619482
 20
29.186886
 40
0.000000
 41
0.000000
 42
0.375524
  0
VERTEX
  8
PIN_TOP
 10
12.661900
 20
29.235400
 40
0.000000
 41
0.000000
 42
0.000000
  0
VERTEX
  8
PIN_TOP
 10
12.661900
 20
29.451300
 40
0.000000
 41
0.000000
 42
0.365420
  0
VERTEX
  8
PIN_TOP
 10
12.619482
 20
29.487114
 40
0.000000
 41
0.000000
 42
0.000000
  0
VERTEX
  8
PIN_TOP
 10
12.517882
 20
29.487114
 40
0.000000
 41
0.000000
 42
1.000028
  0
SEQEND
  0
POLYLINE
  8
PIN_TOP
 66
1
 70
1
 40
0.000000
 41
0.000000
 39
0.000000
  0
VERTEX
  8
PIN_TOP
 10
11.967718
 20
29.487114
 40
0.000000
 41
0.000000
 42
0.000000
  0
VERTEX
  8
PIN_TOP
 10
11.866118
 20
29.487114
 40
0.000000
 41
0.000000
 42
0.375524
  0
VERTEX
  8
PIN_TOP
 10
11.823700
 20
29.438600
 40
0.000000
 41
0.000000
 42
0.000000
  0
VERTEX
  8
PIN_TOP
 10
11.823700
 20
29.222700
 40
0.000000
 41
0.000000
 42
0.365420
  0
VERTEX
  8
PIN_TOP
 10
11.866118
 20
29.186886
 40
0.000000
 41
0.000000
 42
0.000000
  0
VERTEX
  8
PIN_TOP
 10
11.967718
 20
29.186886
 40
0.000000
 41
0.000000
 42
1.000028
  0
SEQEND
  0
POLYLINE
  8
PIN_TOP
 66
1
 70
1
 40
0.000000
 41
0.000000
 39
0.000000
  0
VERTEX
  8
PIN_TOP
 10
8.682482
 20
30.634686
 40
0.000000
 41
0.000000
 42
0.000000
  0
VERTEX
  8
PIN_TOP
 10
8.784082
 20
30.634686
 40
0.000000
 41
0.000000
 42
0.375524
  0
VERTEX
  8
PIN_TOP
 10
8.826500
 20
30.683200
 40
0.000000
 41
0.000000
 42
0.000000
  0
VERTEX
  8
PIN_TOP
 10
8.826500
 20
30.899100
 40
0.000000
 41
0.000000
 42
0.365420
  0
VERTEX
  8
PIN_TOP
 10
8.784082
 20
30.934914
 40
0.000000
 41
0.000000
 42
0.000000
  0
VERTEX
  8
PIN_TOP
 10
8.682482
 20
30.934914
 40
0.000000
 41
0.000000
 42
1.000028
  0
SEQEND
  0
POLYLINE
  8
PIN_TOP
 66
1
 70
1
 40
0.000000
 41
0.000000
 39
0.000000
  0
VERTEX
  8
PIN_TOP
 10
8.132318
 20
30.934914
 40
0.000000
 41
0.000000
 42
0.000000
  0
VERTEX
  8
PIN_TOP
 10
8.030718
 20
30.934914
 40
0.000000
 41
0.000000
 42
0.375524
  0
VERTEX
  8
PIN_TOP
 10
7.988300
 20
30.886400
 40
0.000000
 41
0.000000
 42
0.000000
  0
VERTEX
  8
PIN_TOP
 10
7.988300
 20
30.670500
 40
0.000000
 41
0.000000
 42
0.365420
  0
VERTEX
  8
PIN_TOP
 10
8.030718
 20
30.634686
 40
0.000000
 41
0.000000
 42
0.000000
  0
VERTEX
  8
PIN_TOP
 10
8.132318
 20
30.634686
 40
0.000000
 41
0.000000
 42
1.000028
  0
SEQEND
  0
POLYLINE
  8
PIN_TOP
 66
1
 70
1
 40
0.000000
 41
0.000000
 39
0.000000
  0
VERTEX
  8
PIN_TOP
 10
7.287514
 20
30.450282
 40
0.000000
 41
0.000000
 42
0.000000
  0
VERTEX
  8
PIN_TOP
 10
7.287514
 20
30.551882
 40
0.000000
 41
0.000000
 42
0.375524
  0
VERTEX
  8
PIN_TOP
 10
7.239000
 20
30.594300
 40
0.000000
 41
0.000000
 42
0.000000
  0
VERTEX
  8
PIN_TOP
 10
7.023100
 20
30.594300
 40
0.000000
 41
0.000000
 42
0.365420
  0
VERTEX
  8
PIN_TOP
 10
6.987286
 20
30.551882
 40
0.000000
 41
0.000000
 42
0.000000
  0
VERTEX
  8
PIN_TOP
 10
6.987286
 20
30.450282
 40
0.000000
 41
0.000000
 42
1.000028
  0
SEQEND
  0
POLYLINE
  8
PIN_TOP
 66
1
 70
1
 40
0.000000
 41
0.000000
 39
0.000000
  0
VERTEX
  8
PIN_TOP
 10
6.987286
 20
29.900118
 40
0.000000
 41
0.000000
 42
0.000000
  0
VERTEX
  8
PIN_TOP
 10
6.987286
 20
29.798518
 40
0.000000
 41
0.000000
 42
0.375524
  0
VERTEX
  8
PIN_TOP
 10
7.035800
 20
29.756100
 40
0.000000
 41
0.000000
 42
0.000000
  0
VERTEX
  8
PIN_TOP
 10
7.251700
 20
29.756100
 40
0.000000
 41
0.000000
 42
0.365420
  0
VERTEX
  8
PIN_TOP
 10
7.287514
 20
29.798518
 40
0.000000
 41
0.000000
 42
0.000000
  0
VERTEX
  8
PIN_TOP
 10
7.287514
 20
29.900118
 40
0.000000
 41
0.000000
 42
1.000028
  0
SEQEND
  0
POLYLINE
  8
PIN_TOP
 66
1
 70
1
 40
0.000000
 41
0.000000
 39
0.000000
  0
VERTEX
  8
PIN_TOP
 10
42.473118
 20
29.131514
 40
0.000000
 41
0.000000
 42
0.000000
  0
VERTEX
  8
PIN_TOP
 10
42.371518
 20
29.131514
 40
0.000000
 41
0.000000
 42
0.375524
  0
VERTEX
  8
PIN_TOP
 10
42.329100
 20
29.083000
 40
0.000000
 41
0.000000
 42
0.000000
  0
VERTEX
  8
PIN_TOP
 10
42.329100
 20
28.867100
 40
0.000000
 41
0.000000
 42
0.365420
  0
VERTEX
  8
PIN_TOP
 10
42.371518
 20
28.831286
 40
0.000000
 41
0.000000
 42
0.000000
  0
VERTEX
  8
PIN_TOP
 10
42.473118
 20
28.831286
 40
0.000000
 41
0.000000
 42
1.000028
  0
SEQEND
  0
POLYLINE
  8
PIN_TOP
 66
1
 70
1
 40
0.000000
 41
0.000000
 39
0.000000
  0
VERTEX
  8
PIN_TOP
 10
43.023282
 20
28.831286
 40
0.000000
 41
0.000000
 42
0.000000
  0
VERTEX
  8
PIN_TOP
 10
43.124882
 20
28.831286
 40
0.000000
 41
0.000000
 42
0.375524
  0
VERTEX
  8
PIN_TOP
 10
43.167300
 20
28.879800
 40
0.000000
 41
0.000000
 42
0.000000
  0
VERTEX
  8
PIN_TOP
 10
43.167300
 20
29.095700
 40
0.000000
 41
0.000000
 42
0.365420
  0
VERTEX
  8
PIN_TOP
 10
43.124882
 20
29.131514
 40
0.000000
 41
0.000000
 42
0.000000
  0
VERTEX
  8
PIN_TOP
 10
43.023282
 20
29.131514
 40
0.000000
 41
0.000000
 42
1.000028
  0
SEQEND
  0
POLYLINE
  8
PIN_TOP
 66
1
 70
1
 40
0.000000
 41
0.000000
 39
0.000000
  0
VERTEX
  8
PIN_TOP
 10
42.473118
 20
29.766514
 40
0.000000
 41
0.000000
 42
0.000000
  0
VERTEX
  8
PIN_TOP
 10
42.371518
 20
29.766514
 40
0.000000
 41
0.000000
 42
0.375524
  0
VERTEX
  8
PIN_TOP
 10
42.329100
 20
29.718000
 40
0.000000
 41
0.000000
 42
0.000000
  0
VERTEX
  8
PIN_TOP
 10
42.329100
 20
29.502100
 40
0.000000
 41
0.000000
 42
0.365420
  0
VERTEX
  8
PIN_TOP
 10
42.371518
 20
29.466286
 40
0.000000
 41
0.000000
 42
0.000000
  0
VERTEX
  8
PIN_TOP
 10
42.473118
 20
29.466286
 40
0.000000
 41
0.000000
 42
1.000028
  0
SEQEND
  0
POLYLINE
  8
PIN_TOP
 66
1
 70
1
 40
0.000000
 41
0.000000
 39
0.000000
  0
VERTEX
  8
PIN_TOP
 10
43.023282
 20
29.466286
 40
0.000000
 41
0.000000
 42
0.000000
  0
VERTEX
  8
PIN_TOP
 10
43.124882
 20
29.466286
 40
0.000000
 41
0.000000
 42
0.375524
  0
VERTEX
  8
PIN_TOP
 10
43.167300
 20
29.514800
 40
0.000000
 41
0.000000
 42
0.000000
  0
VERTEX
  8
PIN_TOP
 10
43.167300
 20
29.730700
 40
0.000000
 41
0.000000
 42
0.365420
  0
VERTEX
  8
PIN_TOP
 10
43.124882
 20
29.766514
 40
0.000000
 41
0.000000
 42
0.000000
  0
VERTEX
  8
PIN_TOP
 10
43.023282
 20
29.766514
 40
0.000000
 41
0.000000
 42
1.000028
  0
SEQEND
  0
POLYLINE
  8
PIN_TOP
 66
1
 70
1
 40
0.000000
 41
0.000000
 39
0.000000
  0
VERTEX
  8
PIN_TOP
 10
5.788914
 20
30.755082
 40
0.000000
 41
0.000000
 42
0.000000
  0
VERTEX
  8
PIN_TOP
 10
5.788914
 20
30.856682
 40
0.000000
 41
0.000000
 42
0.375524
  0
VERTEX
  8
PIN_TOP
 10
5.740400
 20
30.899100
 40
0.000000
 41
0.000000
 42
0.000000
  0
VERTEX
  8
PIN_TOP
 10
5.524500
 20
30.899100
 40
0.000000
 41
0.000000
 42
0.365420
  0
VERTEX
  8
PIN_TOP
 10
5.488686
 20
30.856682
 40
0.000000
 41
0.000000
 42
0.000000
  0
VERTEX
  8
PIN_TOP
 10
5.488686
 20
30.755082
 40
0.000000
 41
0.000000
 42
1.000028
  0
SEQEND
  0
POLYLINE
  8
PIN_TOP
 66
1
 70
1
 40
0.000000
 41
0.000000
 39
0.000000
  0
VERTEX
  8
PIN_TOP
 10
5.488686
 20
30.204918
 40
0.000000
 41
0.000000
 42
0.000000
  0
VERTEX
  8
PIN_TOP
 10
5.488686
 20
30.103318
 40
0.000000
 41
0.000000
 42
0.375524
  0
VERTEX
  8
PIN_TOP
 10
5.537200
 20
30.060900
 40
0.000000
 41
0.000000
 42
0.000000
  0
VERTEX
  8
PIN_TOP
 10
5.753100
 20
30.060900
 40
0.000000
 41
0.000000
 42
0.365420
  0
VERTEX
  8
PIN_TOP
 10
5.788914
 20
30.103318
 40
0.000000
 41
0.000000
 42
0.000000
  0
VERTEX
  8
PIN_TOP
 10
5.788914
 20
30.204918
 40
0.000000
 41
0.000000
 42
1.000028
  0
SEQEND
  0
POLYLINE
  8
PIN_TOP
 66
1
 70
1
 40
0.000000
 41
0.000000
 39
0.000000
  0
VERTEX
  8
PIN_TOP
 10
31.168086
 20
32.135318
 40
0.000000
 41
0.000000
 42
0.000000
  0
VERTEX
  8
PIN_TOP
 10
31.168086
 20
32.033718
 40
0.000000
 41
0.000000
 42
0.375524
  0
VERTEX
  8
PIN_TOP
 10
31.216600
 20
31.991300
 40
0.000000
 41
0.000000
 42
0.000000
  0
VERTEX
  8
PIN_TOP
 10
31.432500
 20
31.991300
 40
0.000000
 41
0.000000
 42
0.365420
  0
VERTEX
  8
PIN_TOP
 10
31.468314
 20
32.033718
 40
0.000000
 41
0.000000
 42
0.000000
  0
VERTEX
  8
PIN_TOP
 10
31.468314
 20
32.135318
 40
0.000000
 41
0.000000
 42
1.000028
  0
SEQEND
  0
POLYLINE
  8
PIN_TOP
 66
1
 70
1
 40
0.000000
 41
0.000000
 39
0.000000
  0
VERTEX
  8
PIN_TOP
 10
31.468314
 20
32.685482
 40
0.000000
 41
0.000000
 42
0.000000
  0
VERTEX
  8
PIN_TOP
 10
31.468314
 20
32.787082
 40
0.000000
 41
0.000000
 42
0.375524
  0
VERTEX
  8
PIN_TOP
 10
31.419800
 20
32.829500
 40
0.000000
 41
0.000000
 42
0.000000
  0
VERTEX
  8
PIN_TOP
 10
31.203900
 20
32.829500
 40
0.000000
 41
0.000000
 42
0.365420
  0
VERTEX
  8
PIN_TOP
 10
31.168086
 20
32.787082
 40
0.000000
 41
0.000000
 42
0.000000
  0
VERTEX
  8
PIN_TOP
 10
31.168086
 20
32.685482
 40
0.000000
 41
0.000000
 42
1.000028
  0
SEQEND
  0
POLYLINE
  8
PIN_TOP
 66
1
 70
1
 40
0.000000
 41
0.000000
 39
0.000000
  0
VERTEX
  8
PIN_TOP
 10
25.804114
 20
32.660082
 40
0.000000
 41
0.000000
 42
0.000000
  0
VERTEX
  8
PIN_TOP
 10
25.804114
 20
32.761682
 40
0.000000
 41
0.000000
 42
0.375524
  0
VERTEX
  8
PIN_TOP
 10
25.755600
 20
32.804100
 40
0.000000
 41
0.000000
 42
0.000000
  0
VERTEX
  8
PIN_TOP
 10
25.539700
 20
32.804100
 40
0.000000
 41
0.000000
 42
0.365420
  0
VERTEX
  8
PIN_TOP
 10
25.503886
 20
32.761682
 40
0.000000
 41
0.000000
 42
0.000000
  0
VERTEX
  8
PIN_TOP
 10
25.503886
 20
32.660082
 40
0.000000
 41
0.000000
 42
1.000028
  0
SEQEND
  0
POLYLINE
  8
PIN_TOP
 66
1
 70
1
 40
0.000000
 41
0.000000
 39
0.000000
  0
VERTEX
  8
PIN_TOP
 10
25.503886
 20
32.109918
 40
0.000000
 41
0.000000
 42
0.000000
  0
VERTEX
  8
PIN_TOP
 10
25.503886
 20
32.008318
 40
0.000000
 41
0.000000
 42
0.375524
  0
VERTEX
  8
PIN_TOP
 10
25.552400
 20
31.965900
 40
0.000000
 41
0.000000
 42
0.000000
  0
VERTEX
  8
PIN_TOP
 10
25.768300
 20
31.965900
 40
0.000000
 41
0.000000
 42
0.365420
  0
VERTEX
  8
PIN_TOP
 10
25.804114
 20
32.008318
 40
0.000000
 41
0.000000
 42
0.000000
  0
VERTEX
  8
PIN_TOP
 10
25.804114
 20
32.109918
 40
0.000000
 41
0.000000
 42
1.000028
  0
SEQEND
  0
POLYLINE
  8
PIN_TOP
 66
1
 70
1
 40
0.000000
 41
0.000000
 39
0.000000
  0
VERTEX
  8
PIN_TOP
 10
9.478518
 20
2.994914
 40
0.000000
 41
0.000000
 42
0.000000
  0
VERTEX
  8
PIN_TOP
 10
9.376918
 20
2.994914
 40
0.000000
 41
0.000000
 42
0.375524
  0
VERTEX
  8
PIN_TOP
 10
9.334500
 20
2.946400
 40
0.000000
 41
0.000000
 42
0.000000
  0
VERTEX
  8
PIN_TOP
 10
9.334500
 20
2.730500
 40
0.000000
 41
0.000000
 42
0.365420
  0
VERTEX
  8
PIN_TOP
 10
9.376918
 20
2.694686
 40
0.000000
 41
0.000000
 42
0.000000
  0
VERTEX
  8
PIN_TOP
 10
9.478518
 20
2.694686
 40
0.000000
 41
0.000000
 42
1.000028
  0
SEQEND
  0
POLYLINE
  8
PIN_TOP
 66
1
 70
1
 40
0.000000
 41
0.000000
 39
0.000000
  0
VERTEX
  8
PIN_TOP
 10
10.028682
 20
2.694686
 40
0.000000
 41
0.000000
 42
0.000000
  0
VERTEX
  8
PIN_TOP
 10
10.130282
 20
2.694686
 40
0.000000
 41
0.000000
 42
0.375524
  0
VERTEX
  8
PIN_TOP
 10
10.172700
 20
2.743200
 40
0.000000
 41
0.000000
 42
0.000000
  0
VERTEX
  8
PIN_TOP
 10
10.172700
 20
2.959100
 40
0.000000
 41
0.000000
 42
0.365420
  0
VERTEX
  8
PIN_TOP
 10
10.130282
 20
2.994914
 40
0.000000
 41
0.000000
 42
0.000000
  0
VERTEX
  8
PIN_TOP
 10
10.028682
 20
2.994914
 40
0.000000
 41
0.000000
 42
1.000028
  0
SEQEND
  0
POLYLINE
  8
PIN_TOP
 66
1
 70
1
 40
0.000000
 41
0.000000
 39
0.000000
  0
VERTEX
  8
PIN_TOP
 10
12.018518
 20
2.994914
 40
0.000000
 41
0.000000
 42
0.000000
  0
VERTEX
  8
PIN_TOP
 10
11.916918
 20
2.994914
 40
0.000000
 41
0.000000
 42
0.375524
  0
VERTEX
  8
PIN_TOP
 10
11.874500
 20
2.946400
 40
0.000000
 41
0.000000
 42
0.000000
  0
VERTEX
  8
PIN_TOP
 10
11.874500
 20
2.730500
 40
0.000000
 41
0.000000
 42
0.365420
  0
VERTEX
  8
PIN_TOP
 10
11.916918
 20
2.694686
 40
0.000000
 41
0.000000
 42
0.000000
  0
VERTEX
  8
PIN_TOP
 10
12.018518
 20
2.694686
 40
0.000000
 41
0.000000
 42
1.000028
  0
SEQEND
  0
POLYLINE
  8
PIN_TOP
 66
1
 70
1
 40
0.000000
 41
0.000000
 39
0.000000
  0
VERTEX
  8
PIN_TOP
 10
12.568682
 20
2.694686
 40
0.000000
 41
0.000000
 42
0.000000
  0
VERTEX
  8
PIN_TOP
 10
12.670282
 20
2.694686
 40
0.000000
 41
0.000000
 42
0.375524
  0
VERTEX
  8
PIN_TOP
 10
12.712700
 20
2.743200
 40
0.000000
 41
0.000000
 42
0.000000
  0
VERTEX
  8
PIN_TOP
 10
12.712700
 20
2.959100
 40
0.000000
 41
0.000000
 42
0.365420
  0
VERTEX
  8
PIN_TOP
 10
12.670282
 20
2.994914
 40
0.000000
 41
0.000000
 42
0.000000
  0
VERTEX
  8
PIN_TOP
 10
12.568682
 20
2.994914
 40
0.000000
 41
0.000000
 42
1.000028
  0
SEQEND
  0
POLYLINE
  8
PIN_TOP
 66
1
 70
1
 40
0.000000
 41
0.000000
 39
0.000000
  0
VERTEX
  8
PIN_TOP
 10
10.646918
 20
2.994914
 40
0.000000
 41
0.000000
 42
0.000000
  0
VERTEX
  8
PIN_TOP
 10
10.545318
 20
2.994914
 40
0.000000
 41
0.000000
 42
0.375524
  0
VERTEX
  8
PIN_TOP
 10
10.502900
 20
2.946400
 40
0.000000
 41
0.000000
 42
0.000000
  0
VERTEX
  8
PIN_TOP
 10
10.502900
 20
2.730500
 40
0.000000
 41
0.000000
 42
0.365420
  0
VERTEX
  8
PIN_TOP
 10
10.545318
 20
2.694686
 40
0.000000
 41
0.000000
 42
0.000000
  0
VERTEX
  8
PIN_TOP
 10
10.646918
 20
2.694686
 40
0.000000
 41
0.000000
 42
1.000028
  0
SEQEND
  0
POLYLINE
  8
PIN_TOP
 66
1
 70
1
 40
0.000000
 41
0.000000
 39
0.000000
  0
VERTEX
  8
PIN_TOP
 10
11.197082
 20
2.694686
 40
0.000000
 41
0.000000
 42
0.000000
  0
VERTEX
  8
PIN_TOP
 10
11.298682
 20
2.694686
 40
0.000000
 41
0.000000
 42
0.375524
  0
VERTEX
  8
PIN_TOP
 10
11.341100
 20
2.743200
 40
0.000000
 41
0.000000
 42
0.000000
  0
VERTEX
  8
PIN_TOP
 10
11.341100
 20
2.959100
 40
0.000000
 41
0.000000
 42
0.365420
  0
VERTEX
  8
PIN_TOP
 10
11.298682
 20
2.994914
 40
0.000000
 41
0.000000
 42
0.000000
  0
VERTEX
  8
PIN_TOP
 10
11.197082
 20
2.994914
 40
0.000000
 41
0.000000
 42
1.000028
  0
SEQEND
  0
POLYLINE
  8
PIN_TOP
 66
1
 70
1
 40
0.000000
 41
0.000000
 39
0.000000
  0
VERTEX
  8
PIN_TOP
 10
30.890718
 20
2.994914
 40
0.000000
 41
0.000000
 42
0.000000
  0
VERTEX
  8
PIN_TOP
 10
30.789118
 20
2.994914
 40
0.000000
 41
0.000000
 42
0.375524
  0
VERTEX
  8
PIN_TOP
 10
30.746700
 20
2.946400
 40
0.000000
 41
0.000000
 42
0.000000
  0
VERTEX
  8
PIN_TOP
 10
30.746700
 20
2.730500
 40
0.000000
 41
0.000000
 42
0.365420
  0
VERTEX
  8
PIN_TOP
 10
30.789118
 20
2.694686
 40
0.000000
 41
0.000000
 42
0.000000
  0
VERTEX
  8
PIN_TOP
 10
30.890718
 20
2.694686
 40
0.000000
 41
0.000000
 42
1.000028
  0
SEQEND
  0
POLYLINE
  8
PIN_TOP
 66
1
 70
1
 40
0.000000
 41
0.000000
 39
0.000000
  0
VERTEX
  8
PIN_TOP
 10
31.440882
 20
2.694686
 40
0.000000
 41
0.000000
 42
0.000000
  0
VERTEX
  8
PIN_TOP
 10
31.542482
 20
2.694686
 40
0.000000
 41
0.000000
 42
0.375524
  0
VERTEX
  8
PIN_TOP
 10
31.584900
 20
2.743200
 40
0.000000
 41
0.000000
 42
0.000000
  0
VERTEX
  8
PIN_TOP
 10
31.584900
 20
2.959100
 40
0.000000
 41
0.000000
 42
0.365420
  0
VERTEX
  8
PIN_TOP
 10
31.542482
 20
2.994914
 40
0.000000
 41
0.000000
 42
0.000000
  0
VERTEX
  8
PIN_TOP
 10
31.440882
 20
2.994914
 40
0.000000
 41
0.000000
 42
1.000028
  0
SEQEND
  0
POLYLINE
  8
PIN_TOP
 66
1
 70
1
 40
0.000000
 41
0.000000
 39
0.000000
  0
VERTEX
  8
PIN_TOP
 10
33.506918
 20
2.994914
 40
0.000000
 41
0.000000
 42
0.000000
  0
VERTEX
  8
PIN_TOP
 10
33.405318
 20
2.994914
 40
0.000000
 41
0.000000
 42
0.375524
  0
VERTEX
  8
PIN_TOP
 10
33.362900
 20
2.946400
 40
0.000000
 41
0.000000
 42
0.000000
  0
VERTEX
  8
PIN_TOP
 10
33.362900
 20
2.730500
 40
0.000000
 41
0.000000
 42
0.365420
  0
VERTEX
  8
PIN_TOP
 10
33.405318
 20
2.694686
 40
0.000000
 41
0.000000
 42
0.000000
  0
VERTEX
  8
PIN_TOP
 10
33.506918
 20
2.694686
 40
0.000000
 41
0.000000
 42
1.000028
  0
SEQEND
  0
POLYLINE
  8
PIN_TOP
 66
1
 70
1
 40
0.000000
 41
0.000000
 39
0.000000
  0
VERTEX
  8
PIN_TOP
 10
34.057082
 20
2.694686
 40
0.000000
 41
0.000000
 42
0.000000
  0
VERTEX
  8
PIN_TOP
 10
34.158682
 20
2.694686
 40
0.000000
 41
0.000000
 42
0.375524
  0
VERTEX
  8
PIN_TOP
 10
34.201100
 20
2.743200
 40
0.000000
 41
0.000000
 42
0.000000
  0
VERTEX
  8
PIN_TOP
 10
34.201100
 20
2.959100
 40
0.000000
 41
0.000000
 42
0.365420
  0
VERTEX
  8
PIN_TOP
 10
34.158682
 20
2.994914
 40
0.000000
 41
0.000000
 42
0.000000
  0
VERTEX
  8
PIN_TOP
 10
34.057082
 20
2.994914
 40
0.000000
 41
0.000000
 42
1.000028
  0
SEQEND
  0
POLYLINE
  8
PIN_TOP
 66
1
 70
1
 40
0.000000
 41
0.000000
 39
0.000000
  0
VERTEX
  8
PIN_TOP
 10
32.109918
 20
2.994914
 40
0.000000
 41
0.000000
 42
0.000000
  0
VERTEX
  8
PIN_TOP
 10
32.008318
 20
2.994914
 40
0.000000
 41
0.000000
 42
0.375524
  0
VERTEX
  8
PIN_TOP
 10
31.965900
 20
2.946400
 40
0.000000
 41
0.000000
 42
0.000000
  0
VERTEX
  8
PIN_TOP
 10
31.965900
 20
2.730500
 40
0.000000
 41
0.000000
 42
0.365420
  0
VERTEX
  8
PIN_TOP
 10
32.008318
 20
2.694686
 40
0.000000
 41
0.000000
 42
0.000000
  0
VERTEX
  8
PIN_TOP
 10
32.109918
 20
2.694686
 40
0.000000
 41
0.000000
 42
1.000028
  0
SEQEND
  0
POLYLINE
  8
PIN_TOP
 66
1
 70
1
 40
0.000000
 41
0.000000
 39
0.000000
  0
VERTEX
  8
PIN_TOP
 10
32.660082
 20
2.694686
 40
0.000000
 41
0.000000
 42
0.000000
  0
VERTEX
  8
PIN_TOP
 10
32.761682
 20
2.694686
 40
0.000000
 41
0.000000
 42
0.375524
  0
VERTEX
  8
PIN_TOP
 10
32.804100
 20
2.743200
 40
0.000000
 41
0.000000
 42
0.000000
  0
VERTEX
  8
PIN_TOP
 10
32.804100
 20
2.959100
 40
0.000000
 41
0.000000
 42
0.365420
  0
VERTEX
  8
PIN_TOP
 10
32.761682
 20
2.994914
 40
0.000000
 41
0.000000
 42
0.000000
  0
VERTEX
  8
PIN_TOP
 10
32.660082
 20
2.994914
 40
0.000000
 41
0.000000
 42
1.000028
  0
SEQEND
  0
POLYLINE
  8
PIN_TOP
 66
1
 70
1
 40
0.000000
 41
0.000000
 39
0.000000
  0
VERTEX
  8
PIN_TOP
 10
5.788914
 20
29.586682
 40
0.000000
 41
0.000000
 42
0.000000
  0
VERTEX
  8
PIN_TOP
 10
5.788914
 20
29.688282
 40
0.000000
 41
0.000000
 42
0.375524
  0
VERTEX
  8
PIN_TOP
 10
5.740400
 20
29.730700
 40
0.000000
 41
0.000000
 42
0.000000
  0
VERTEX
  8
PIN_TOP
 10
5.524500
 20
29.730700
 40
0.000000
 41
0.000000
 42
0.365420
  0
VERTEX
  8
PIN_TOP
 10
5.488686
 20
29.688282
 40
0.000000
 41
0.000000
 42
0.000000
  0
VERTEX
  8
PIN_TOP
 10
5.488686
 20
29.586682
 40
0.000000
 41
0.000000
 42
1.000028
  0
SEQEND
  0
POLYLINE
  8
PIN_TOP
 66
1
 70
1
 40
0.000000
 41
0.000000
 39
0.000000
  0
VERTEX
  8
PIN_TOP
 10
5.488686
 20
29.036518
 40
0.000000
 41
0.000000
 42
0.000000
  0
VERTEX
  8
PIN_TOP
 10
5.488686
 20
28.934918
 40
0.000000
 41
0.000000
 42
0.375524
  0
VERTEX
  8
PIN_TOP
 10
5.537200
 20
28.892500
 40
0.000000
 41
0.000000
 42
0.000000
  0
VERTEX
  8
PIN_TOP
 10
5.753100
 20
28.892500
 40
0.000000
 41
0.000000
 42
0.365420
  0
VERTEX
  8
PIN_TOP
 10
5.788914
 20
28.934918
 40
0.000000
 41
0.000000
 42
0.000000
  0
VERTEX
  8
PIN_TOP
 10
5.788914
 20
29.036518
 40
0.000000
 41
0.000000
 42
1.000028
  0
SEQEND
  0
POLYLINE
  8
PIN_TOP
 66
1
 70
1
 40
0.000000
 41
0.000000
 39
0.000000
  0
VERTEX
  8
PIN_TOP
 10
42.263314
 20
20.341082
 40
0.000000
 41
0.000000
 42
0.000000
  0
VERTEX
  8
PIN_TOP
 10
42.263314
 20
20.442682
 40
0.000000
 41
0.000000
 42
0.375524
  0
VERTEX
  8
PIN_TOP
 10
42.214800
 20
20.485100
 40
0.000000
 41
0.000000
 42
0.000000
  0
VERTEX
  8
PIN_TOP
 10
41.998900
 20
20.485100
 40
0.000000
 41
0.000000
 42
0.365420
  0
VERTEX
  8
PIN_TOP
 10
41.963086
 20
20.442682
 40
0.000000
 41
0.000000
 42
0.000000
  0
VERTEX
  8
PIN_TOP
 10
41.963086
 20
20.341082
 40
0.000000
 41
0.000000
 42
1.000028
  0
SEQEND
  0
POLYLINE
  8
PIN_TOP
 66
1
 70
1
 40
0.000000
 41
0.000000
 39
0.000000
  0
VERTEX
  8
PIN_TOP
 10
41.963086
 20
19.790918
 40
0.000000
 41
0.000000
 42
0.000000
  0
VERTEX
  8
PIN_TOP
 10
41.963086
 20
19.689318
 40
0.000000
 41
0.000000
 42
0.375524
  0
VERTEX
  8
PIN_TOP
 10
42.011600
 20
19.646900
 40
0.000000
 41
0.000000
 42
0.000000
  0
VERTEX
  8
PIN_TOP
 10
42.227500
 20
19.646900
 40
0.000000
 41
0.000000
 42
0.365420
  0
VERTEX
  8
PIN_TOP
 10
42.263314
 20
19.689318
 40
0.000000
 41
0.000000
 42
0.000000
  0
VERTEX
  8
PIN_TOP
 10
42.263314
 20
19.790918
 40
0.000000
 41
0.000000
 42
1.000028
  0
SEQEND
  0
POLYLINE
  8
PIN_TOP
 66
1
 70
1
 40
0.000000
 41
0.000000
 39
0.000000
  0
VERTEX
  8
PIN_TOP
 10
51.127914
 20
18.563082
 40
0.000000
 41
0.000000
 42
0.000000
  0
VERTEX
  8
PIN_TOP
 10
51.127914
 20
18.664682
 40
0.000000
 41
0.000000
 42
0.375524
  0
VERTEX
  8
PIN_TOP
 10
51.079400
 20
18.707100
 40
0.000000
 41
0.000000
 42
0.000000
  0
VERTEX
  8
PIN_TOP
 10
50.863500
 20
18.707100
 40
0.000000
 41
0.000000
 42
0.365420
  0
VERTEX
  8
PIN_TOP
 10
50.827686
 20
18.664682
 40
0.000000
 41
0.000000
 42
0.000000
  0
VERTEX
  8
PIN_TOP
 10
50.827686
 20
18.563082
 40
0.000000
 41
0.000000
 42
1.000028
  0
SEQEND
  0
POLYLINE
  8
PIN_TOP
 66
1
 70
1
 40
0.000000
 41
0.000000
 39
0.000000
  0
VERTEX
  8
PIN_TOP
 10
50.827686
 20
18.012918
 40
0.000000
 41
0.000000
 42
0.000000
  0
VERTEX
  8
PIN_TOP
 10
50.827686
 20
17.911318
 40
0.000000
 41
0.000000
 42
0.375524
  0
VERTEX
  8
PIN_TOP
 10
50.876200
 20
17.868900
 40
0.000000
 41
0.000000
 42
0.000000
  0
VERTEX
  8
PIN_TOP
 10
51.092100
 20
17.868900
 40
0.000000
 41
0.000000
 42
0.365420
  0
VERTEX
  8
PIN_TOP
 10
51.127914
 20
17.911318
 40
0.000000
 41
0.000000
 42
0.000000
  0
VERTEX
  8
PIN_TOP
 10
51.127914
 20
18.012918
 40
0.000000
 41
0.000000
 42
1.000028
  0
SEQEND
  0
POLYLINE
  8
PIN_TOP
 66
1
 70
1
 40
0.000000
 41
0.000000
 39
0.000000
  0
VERTEX
  8
PIN_TOP
 10
52.404518
 20
26.464514
 40
0.000000
 41
0.000000
 42
0.000000
  0
VERTEX
  8
PIN_TOP
 10
52.302918
 20
26.464514
 40
0.000000
 41
0.000000
 42
0.375524
  0
VERTEX
  8
PIN_TOP
 10
52.260500
 20
26.416000
 40
0.000000
 41
0.000000
 42
0.000000
  0
VERTEX
  8
PIN_TOP
 10
52.260500
 20
26.200100
 40
0.000000
 41
0.000000
 42
0.365420
  0
VERTEX
  8
PIN_TOP
 10
52.302918
 20
26.164286
 40
0.000000
 41
0.000000
 42
0.000000
  0
VERTEX
  8
PIN_TOP
 10
52.404518
 20
26.164286
 40
0.000000
 41
0.000000
 42
1.000028
  0
SEQEND
  0
POLYLINE
  8
PIN_TOP
 66
1
 70
1
 40
0.000000
 41
0.000000
 39
0.000000
  0
VERTEX
  8
PIN_TOP
 10
52.954682
 20
26.164286
 40
0.000000
 41
0.000000
 42
0.000000
  0
VERTEX
  8
PIN_TOP
 10
53.056282
 20
26.164286
 40
0.000000
 41
0.000000
 42
0.375524
  0
VERTEX
  8
PIN_TOP
 10
53.098700
 20
26.212800
 40
0.000000
 41
0.000000
 42
0.000000
  0
VERTEX
  8
PIN_TOP
 10
53.098700
 20
26.428700
 40
0.000000
 41
0.000000
 42
0.365420
  0
VERTEX
  8
PIN_TOP
 10
53.056282
 20
26.464514
 40
0.000000
 41
0.000000
 42
0.000000
  0
VERTEX
  8
PIN_TOP
 10
52.954682
 20
26.464514
 40
0.000000
 41
0.000000
 42
1.000028
  0
SEQEND
  0
POLYLINE
  8
PIN_TOP
 66
1
 70
1
 40
0.000000
 41
0.000000
 39
0.000000
  0
VERTEX
  8
PIN_TOP
 10
35.615118
 20
18.438114
 40
0.000000
 41
0.000000
 42
0.000000
  0
VERTEX
  8
PIN_TOP
 10
35.513518
 20
18.438114
 40
0.000000
 41
0.000000
 42
0.375524
  0
VERTEX
  8
PIN_TOP
 10
35.471100
 20
18.389600
 40
0.000000
 41
0.000000
 42
0.000000
  0
VERTEX
  8
PIN_TOP
 10
35.471100
 20
18.173700
 40
0.000000
 41
0.000000
 42
0.365420
  0
VERTEX
  8
PIN_TOP
 10
35.513518
 20
18.137886
 40
0.000000
 41
0.000000
 42
0.000000
  0
VERTEX
  8
PIN_TOP
 10
35.615118
 20
18.137886
 40
0.000000
 41
0.000000
 42
1.000028
  0
SEQEND
  0
POLYLINE
  8
PIN_TOP
 66
1
 70
1
 40
0.000000
 41
0.000000
 39
0.000000
  0
VERTEX
  8
PIN_TOP
 10
36.165282
 20
18.137886
 40
0.000000
 41
0.000000
 42
0.000000
  0
VERTEX
  8
PIN_TOP
 10
36.266882
 20
18.137886
 40
0.000000
 41
0.000000
 42
0.375524
  0
VERTEX
  8
PIN_TOP
 10
36.309300
 20
18.186400
 40
0.000000
 41
0.000000
 42
0.000000
  0
VERTEX
  8
PIN_TOP
 10
36.309300
 20
18.402300
 40
0.000000
 41
0.000000
 42
0.365420
  0
VERTEX
  8
PIN_TOP
 10
36.266882
 20
18.438114
 40
0.000000
 41
0.000000
 42
0.000000
  0
VERTEX
  8
PIN_TOP
 10
36.165282
 20
18.438114
 40
0.000000
 41
0.000000
 42
1.000028
  0
SEQEND
  0
POLYLINE
  8
PIN_TOP
 66
1
 70
1
 40
0.000000
 41
0.000000
 39
0.000000
  0
VERTEX
  8
PIN_TOP
 10
41.829482
 20
16.994886
 40
0.000000
 41
0.000000
 42
0.000000
  0
VERTEX
  8
PIN_TOP
 10
41.931082
 20
16.994886
 40
0.000000
 41
0.000000
 42
0.375524
  0
VERTEX
  8
PIN_TOP
 10
41.973500
 20
17.043400
 40
0.000000
 41
0.000000
 42
0.000000
  0
VERTEX
  8
PIN_TOP
 10
41.973500
 20
17.259300
 40
0.000000
 41
0.000000
 42
0.365420
  0
VERTEX
  8
PIN_TOP
 10
41.931082
 20
17.295114
 40
0.000000
 41
0.000000
 42
0.000000
  0
VERTEX
  8
PIN_TOP
 10
41.829482
 20
17.295114
 40
0.000000
 41
0.000000
 42
1.000028
  0
SEQEND
  0
POLYLINE
  8
PIN_TOP
 66
1
 70
1
 40
0.000000
 41
0.000000
 39
0.000000
  0
VERTEX
  8
PIN_TOP
 10
41.279318
 20
17.295114
 40
0.000000
 41
0.000000
 42
0.000000
  0
VERTEX
  8
PIN_TOP
 10
41.177718
 20
17.295114
 40
0.000000
 41
0.000000
 42
0.375524
  0
VERTEX
  8
PIN_TOP
 10
41.135300
 20
17.246600
 40
0.000000
 41
0.000000
 42
0.000000
  0
VERTEX
  8
PIN_TOP
 10
41.135300
 20
17.030700
 40
0.000000
 41
0.000000
 42
0.365420
  0
VERTEX
  8
PIN_TOP
 10
41.177718
 20
16.994886
 40
0.000000
 41
0.000000
 42
0.000000
  0
VERTEX
  8
PIN_TOP
 10
41.279318
 20
16.994886
 40
0.000000
 41
0.000000
 42
1.000028
  0
SEQEND
  0
POLYLINE
  8
PIN_TOP
 66
1
 70
1
 40
0.000000
 41
0.000000
 39
0.000000
  0
VERTEX
  8
PIN_TOP
 10
6.326886
 20
29.900118
 40
0.000000
 41
0.000000
 42
0.000000
  0
VERTEX
  8
PIN_TOP
 10
6.326886
 20
29.798518
 40
0.000000
 41
0.000000
 42
0.375524
  0
VERTEX
  8
PIN_TOP
 10
6.375400
 20
29.756100
 40
0.000000
 41
0.000000
 42
0.000000
  0
VERTEX
  8
PIN_TOP
 10
6.591300
 20
29.756100
 40
0.000000
 41
0.000000
 42
0.365420
  0
VERTEX
  8
PIN_TOP
 10
6.627114
 20
29.798518
 40
0.000000
 41
0.000000
 42
0.000000
  0
VERTEX
  8
PIN_TOP
 10
6.627114
 20
29.900118
 40
0.000000
 41
0.000000
 42
1.000028
  0
SEQEND
  0
POLYLINE
  8
PIN_TOP
 66
1
 70
1
 40
0.000000
 41
0.000000
 39
0.000000
  0
VERTEX
  8
PIN_TOP
 10
6.627114
 20
30.450282
 40
0.000000
 41
0.000000
 42
0.000000
  0
VERTEX
  8
PIN_TOP
 10
6.627114
 20
30.551882
 40
0.000000
 41
0.000000
 42
0.375524
  0
VERTEX
  8
PIN_TOP
 10
6.578600
 20
30.594300
 40
0.000000
 41
0.000000
 42
0.000000
  0
VERTEX
  8
PIN_TOP
 10
6.362700
 20
30.594300
 40
0.000000
 41
0.000000
 42
0.365420
  0
VERTEX
  8
PIN_TOP
 10
6.326886
 20
30.551882
 40
0.000000
 41
0.000000
 42
0.000000
  0
VERTEX
  8
PIN_TOP
 10
6.326886
 20
30.450282
 40
0.000000
 41
0.000000
 42
1.000028
  0
SEQEND
  0
POLYLINE
  8
PIN_TOP
 66
1
 70
1
 40
0.000000
 41
0.000000
 39
0.000000
  0
VERTEX
  8
PIN_TOP
 10
16.683482
 20
28.729686
 40
0.000000
 41
0.000000
 42
0.000000
  0
VERTEX
  8
PIN_TOP
 10
16.785082
 20
28.729686
 40
0.000000
 41
0.000000
 42
0.375524
  0
VERTEX
  8
PIN_TOP
 10
16.827500
 20
28.778200
 40
0.000000
 41
0.000000
 42
0.000000
  0
VERTEX
  8
PIN_TOP
 10
16.827500
 20
28.994100
 40
0.000000
 41
0.000000
 42
0.365420
  0
VERTEX
  8
PIN_TOP
 10
16.785082
 20
29.029914
 40
0.000000
 41
0.000000
 42
0.000000
  0
VERTEX
  8
PIN_TOP
 10
16.683482
 20
29.029914
 40
0.000000
 41
0.000000
 42
1.000028
  0
SEQEND
  0
POLYLINE
  8
PIN_TOP
 66
1
 70
1
 40
0.000000
 41
0.000000
 39
0.000000
  0
VERTEX
  8
PIN_TOP
 10
16.133318
 20
29.029914
 40
0.000000
 41
0.000000
 42
0.000000
  0
VERTEX
  8
PIN_TOP
 10
16.031718
 20
29.029914
 40
0.000000
 41
0.000000
 42
0.375524
  0
VERTEX
  8
PIN_TOP
 10
15.989300
 20
28.981400
 40
0.000000
 41
0.000000
 42
0.000000
  0
VERTEX
  8
PIN_TOP
 10
15.989300
 20
28.765500
 40
0.000000
 41
0.000000
 42
0.365420
  0
VERTEX
  8
PIN_TOP
 10
16.031718
 20
28.729686
 40
0.000000
 41
0.000000
 42
0.000000
  0
VERTEX
  8
PIN_TOP
 10
16.133318
 20
28.729686
 40
0.000000
 41
0.000000
 42
1.000028
  0
SEQEND
  0
POLYLINE
  8
PIN_TOP
 66
1
 70
1
 40
0.000000
 41
0.000000
 39
0.000000
  0
VERTEX
  8
PIN_TOP
 10
8.887714
 20
32.329882
 40
0.000000
 41
0.000000
 42
0.000000
  0
VERTEX
  8
PIN_TOP
 10
8.887714
 20
32.431482
 40
0.000000
 41
0.000000
 42
0.375524
  0
VERTEX
  8
PIN_TOP
 10
8.839200
 20
32.473900
 40
0.000000
 41
0.000000
 42
0.000000
  0
VERTEX
  8
PIN_TOP
 10
8.623300
 20
32.473900
 40
0.000000
 41
0.000000
 42
0.365420
  0
VERTEX
  8
PIN_TOP
 10
8.587486
 20
32.431482
 40
0.000000
 41
0.000000
 42
0.000000
  0
VERTEX
  8
PIN_TOP
 10
8.587486
 20
32.329882
 40
0.000000
 41
0.000000
 42
1.000028
  0
SEQEND
  0
POLYLINE
  8
PIN_TOP
 66
1
 70
1
 40
0.000000
 41
0.000000
 39
0.000000
  0
VERTEX
  8
PIN_TOP
 10
8.587486
 20
31.779718
 40
0.000000
 41
0.000000
 42
0.000000
  0
VERTEX
  8
PIN_TOP
 10
8.587486
 20
31.678118
 40
0.000000
 41
0.000000
 42
0.375524
  0
VERTEX
  8
PIN_TOP
 10
8.636000
 20
31.635700
 40
0.000000
 41
0.000000
 42
0.000000
  0
VERTEX
  8
PIN_TOP
 10
8.851900
 20
31.635700
 40
0.000000
 41
0.000000
 42
0.365420
  0
VERTEX
  8
PIN_TOP
 10
8.887714
 20
31.678118
 40
0.000000
 41
0.000000
 42
0.000000
  0
VERTEX
  8
PIN_TOP
 10
8.887714
 20
31.779718
 40
0.000000
 41
0.000000
 42
1.000028
  0
SEQEND
  0
POLYLINE
  8
PIN_TOP
 66
1
 70
1
 40
0.000000
 41
0.000000
 39
0.000000
  0
VERTEX
  8
PIN_TOP
 10
47.728886
 20
31.093918
 40
0.000000
 41
0.000000
 42
0.000000
  0
VERTEX
  8
PIN_TOP
 10
47.728886
 20
30.992318
 40
0.000000
 41
0.000000
 42
0.375524
  0
VERTEX
  8
PIN_TOP
 10
47.777400
 20
30.949900
 40
0.000000
 41
0.000000
 42
0.000000
  0
VERTEX
  8
PIN_TOP
 10
47.993300
 20
30.949900
 40
0.000000
 41
0.000000
 42
0.365420
  0
VERTEX
  8
PIN_TOP
 10
48.029114
 20
30.992318
 40
0.000000
 41
0.000000
 42
0.000000
  0
VERTEX
  8
PIN_TOP
 10
48.029114
 20
31.093918
 40
0.000000
 41
0.000000
 42
1.000028
  0
SEQEND
  0
POLYLINE
  8
PIN_TOP
 66
1
 70
1
 40
0.000000
 41
0.000000
 39
0.000000
  0
VERTEX
  8
PIN_TOP
 10
48.029114
 20
31.644082
 40
0.000000
 41
0.000000
 42
0.000000
  0
VERTEX
  8
PIN_TOP
 10
48.029114
 20
31.745682
 40
0.000000
 41
0.000000
 42
0.375524
  0
VERTEX
  8
PIN_TOP
 10
47.980600
 20
31.788100
 40
0.000000
 41
0.000000
 42
0.000000
  0
VERTEX
  8
PIN_TOP
 10
47.764700
 20
31.788100
 40
0.000000
 41
0.000000
 42
0.365420
  0
VERTEX
  8
PIN_TOP
 10
47.728886
 20
31.745682
 40
0.000000
 41
0.000000
 42
0.000000
  0
VERTEX
  8
PIN_TOP
 10
47.728886
 20
31.644082
 40
0.000000
 41
0.000000
 42
1.000028
  0
SEQEND
  0
POLYLINE
  8
PIN_TOP
 66
1
 70
1
 40
0.000000
 41
0.000000
 39
0.000000
  0
VERTEX
  8
PIN_TOP
 10
46.255686
 20
31.093918
 40
0.000000
 41
0.000000
 42
0.000000
  0
VERTEX
  8
PIN_TOP
 10
46.255686
 20
30.992318
 40
0.000000
 41
0.000000
 42
0.375524
  0
VERTEX
  8
PIN_TOP
 10
46.304200
 20
30.949900
 40
0.000000
 41
0.000000
 42
0.000000
  0
VERTEX
  8
PIN_TOP
 10
46.520100
 20
30.949900
 40
0.000000
 41
0.000000
 42
0.365420
  0
VERTEX
  8
PIN_TOP
 10
46.555914
 20
30.992318
 40
0.000000
 41
0.000000
 42
0.000000
  0
VERTEX
  8
PIN_TOP
 10
46.555914
 20
31.093918
 40
0.000000
 41
0.000000
 42
1.000028
  0
SEQEND
  0
POLYLINE
  8
PIN_TOP
 66
1
 70
1
 40
0.000000
 41
0.000000
 39
0.000000
  0
VERTEX
  8
PIN_TOP
 10
46.555914
 20
31.644082
 40
0.000000
 41
0.000000
 42
0.000000
  0
VERTEX
  8
PIN_TOP
 10
46.555914
 20
31.745682
 40
0.000000
 41
0.000000
 42
0.375524
  0
VERTEX
  8
PIN_TOP
 10
46.507400
 20
31.788100
 40
0.000000
 41
0.000000
 42
0.000000
  0
VERTEX
  8
PIN_TOP
 10
46.291500
 20
31.788100
 40
0.000000
 41
0.000000
 42
0.365420
  0
VERTEX
  8
PIN_TOP
 10
46.255686
 20
31.745682
 40
0.000000
 41
0.000000
 42
0.000000
  0
VERTEX
  8
PIN_TOP
 10
46.255686
 20
31.644082
 40
0.000000
 41
0.000000
 42
1.000028
  0
SEQEND
  0
POLYLINE
  8
PIN_TOP
 66
1
 70
1
 40
0.000000
 41
0.000000
 39
0.000000
  0
VERTEX
  8
PIN_TOP
 10
45.646086
 20
31.093918
 40
0.000000
 41
0.000000
 42
0.000000
  0
VERTEX
  8
PIN_TOP
 10
45.646086
 20
30.992318
 40
0.000000
 41
0.000000
 42
0.375524
  0
VERTEX
  8
PIN_TOP
 10
45.694600
 20
30.949900
 40
0.000000
 41
0.000000
 42
0.000000
  0
VERTEX
  8
PIN_TOP
 10
45.910500
 20
30.949900
 40
0.000000
 41
0.000000
 42
0.365420
  0
VERTEX
  8
PIN_TOP
 10
45.946314
 20
30.992318
 40
0.000000
 41
0.000000
 42
0.000000
  0
VERTEX
  8
PIN_TOP
 10
45.946314
 20
31.093918
 40
0.000000
 41
0.000000
 42
1.000028
  0
SEQEND
  0
POLYLINE
  8
PIN_TOP
 66
1
 70
1
 40
0.000000
 41
0.000000
 39
0.000000
  0
VERTEX
  8
PIN_TOP
 10
45.946314
 20
31.644082
 40
0.000000
 41
0.000000
 42
0.000000
  0
VERTEX
  8
PIN_TOP
 10
45.946314
 20
31.745682
 40
0.000000
 41
0.000000
 42
0.375524
  0
VERTEX
  8
PIN_TOP
 10
45.897800
 20
31.788100
 40
0.000000
 41
0.000000
 42
0.000000
  0
VERTEX
  8
PIN_TOP
 10
45.681900
 20
31.788100
 40
0.000000
 41
0.000000
 42
0.365420
  0
VERTEX
  8
PIN_TOP
 10
45.646086
 20
31.745682
 40
0.000000
 41
0.000000
 42
0.000000
  0
VERTEX
  8
PIN_TOP
 10
45.646086
 20
31.644082
 40
0.000000
 41
0.000000
 42
1.000028
  0
SEQEND
  0
POLYLINE
  8
PIN_TOP
 66
1
 70
1
 40
0.000000
 41
0.000000
 39
0.000000
  0
VERTEX
  8
PIN_TOP
 10
44.934886
 20
31.093918
 40
0.000000
 41
0.000000
 42
0.000000
  0
VERTEX
  8
PIN_TOP
 10
44.934886
 20
30.992318
 40
0.000000
 41
0.000000
 42
0.375524
  0
VERTEX
  8
PIN_TOP
 10
44.983400
 20
30.949900
 40
0.000000
 41
0.000000
 42
0.000000
  0
VERTEX
  8
PIN_TOP
 10
45.199300
 20
30.949900
 40
0.000000
 41
0.000000
 42
0.365420
  0
VERTEX
  8
PIN_TOP
 10
45.235114
 20
30.992318
 40
0.000000
 41
0.000000
 42
0.000000
  0
VERTEX
  8
PIN_TOP
 10
45.235114
 20
31.093918
 40
0.000000
 41
0.000000
 42
1.000028
  0
SEQEND
  0
POLYLINE
  8
PIN_TOP
 66
1
 70
1
 40
0.000000
 41
0.000000
 39
0.000000
  0
VERTEX
  8
PIN_TOP
 10
45.235114
 20
31.644082
 40
0.000000
 41
0.000000
 42
0.000000
  0
VERTEX
  8
PIN_TOP
 10
45.235114
 20
31.745682
 40
0.000000
 41
0.000000
 42
0.375524
  0
VERTEX
  8
PIN_TOP
 10
45.186600
 20
31.788100
 40
0.000000
 41
0.000000
 42
0.000000
  0
VERTEX
  8
PIN_TOP
 10
44.970700
 20
31.788100
 40
0.000000
 41
0.000000
 42
0.365420
  0
VERTEX
  8
PIN_TOP
 10
44.934886
 20
31.745682
 40
0.000000
 41
0.000000
 42
0.000000
  0
VERTEX
  8
PIN_TOP
 10
44.934886
 20
31.644082
 40
0.000000
 41
0.000000
 42
1.000028
  0
SEQEND
  0
POLYLINE
  8
PIN_TOP
 66
1
 70
1
 40
0.000000
 41
0.000000
 39
0.000000
  0
VERTEX
  8
PIN_TOP
 10
43.283886
 20
31.093918
 40
0.000000
 41
0.000000
 42
0.000000
  0
VERTEX
  8
PIN_TOP
 10
43.283886
 20
30.992318
 40
0.000000
 41
0.000000
 42
0.375524
  0
VERTEX
  8
PIN_TOP
 10
43.332400
 20
30.949900
 40
0.000000
 41
0.000000
 42
0.000000
  0
VERTEX
  8
PIN_TOP
 10
43.548300
 20
30.949900
 40
0.000000
 41
0.000000
 42
0.365420
  0
VERTEX
  8
PIN_TOP
 10
43.584114
 20
30.992318
 40
0.000000
 41
0.000000
 42
0.000000
  0
VERTEX
  8
PIN_TOP
 10
43.584114
 20
31.093918
 40
0.000000
 41
0.000000
 42
1.000028
  0
SEQEND
  0
POLYLINE
  8
PIN_TOP
 66
1
 70
1
 40
0.000000
 41
0.000000
 39
0.000000
  0
VERTEX
  8
PIN_TOP
 10
43.584114
 20
31.644082
 40
0.000000
 41
0.000000
 42
0.000000
  0
VERTEX
  8
PIN_TOP
 10
43.584114
 20
31.745682
 40
0.000000
 41
0.000000
 42
0.375524
  0
VERTEX
  8
PIN_TOP
 10
43.535600
 20
31.788100
 40
0.000000
 41
0.000000
 42
0.000000
  0
VERTEX
  8
PIN_TOP
 10
43.319700
 20
31.788100
 40
0.000000
 41
0.000000
 42
0.365420
  0
VERTEX
  8
PIN_TOP
 10
43.283886
 20
31.745682
 40
0.000000
 41
0.000000
 42
0.000000
  0
VERTEX
  8
PIN_TOP
 10
43.283886
 20
31.644082
 40
0.000000
 41
0.000000
 42
1.000028
  0
SEQEND
  0
POLYLINE
  8
PIN_TOP
 66
1
 70
1
 40
0.000000
 41
0.000000
 39
0.000000
  0
VERTEX
  8
PIN_TOP
 10
52.633118
 20
25.499314
 40
0.000000
 41
0.000000
 42
0.000000
  0
VERTEX
  8
PIN_TOP
 10
52.531518
 20
25.499314
 40
0.000000
 41
0.000000
 42
0.375524
  0
VERTEX
  8
PIN_TOP
 10
52.489100
 20
25.450800
 40
0.000000
 41
0.000000
 42
0.000000
  0
VERTEX
  8
PIN_TOP
 10
52.489100
 20
25.234900
 40
0.000000
 41
0.000000
 42
0.365420
  0
VERTEX
  8
PIN_TOP
 10
52.531518
 20
25.199086
 40
0.000000
 41
0.000000
 42
0.000000
  0
VERTEX
  8
PIN_TOP
 10
52.633118
 20
25.199086
 40
0.000000
 41
0.000000
 42
1.000028
  0
SEQEND
  0
POLYLINE
  8
PIN_TOP
 66
1
 70
1
 40
0.000000
 41
0.000000
 39
0.000000
  0
VERTEX
  8
PIN_TOP
 10
53.183282
 20
25.199086
 40
0.000000
 41
0.000000
 42
0.000000
  0
VERTEX
  8
PIN_TOP
 10
53.284882
 20
25.199086
 40
0.000000
 41
0.000000
 42
0.375524
  0
VERTEX
  8
PIN_TOP
 10
53.327300
 20
25.247600
 40
0.000000
 41
0.000000
 42
0.000000
  0
VERTEX
  8
PIN_TOP
 10
53.327300
 20
25.463500
 40
0.000000
 41
0.000000
 42
0.365420
  0
VERTEX
  8
PIN_TOP
 10
53.284882
 20
25.499314
 40
0.000000
 41
0.000000
 42
0.000000
  0
VERTEX
  8
PIN_TOP
 10
53.183282
 20
25.499314
 40
0.000000
 41
0.000000
 42
1.000028
  0
SEQEND
  0
POLYLINE
  8
PIN_TOP
 66
1
 70
1
 40
0.000000
 41
0.000000
 39
0.000000
  0
VERTEX
  8
PIN_TOP
 10
52.633118
 20
23.187914
 40
0.000000
 41
0.000000
 42
0.000000
  0
VERTEX
  8
PIN_TOP
 10
52.531518
 20
23.187914
 40
0.000000
 41
0.000000
 42
0.375524
  0
VERTEX
  8
PIN_TOP
 10
52.489100
 20
23.139400
 40
0.000000
 41
0.000000
 42
0.000000
  0
VERTEX
  8
PIN_TOP
 10
52.489100
 20
22.923500
 40
0.000000
 41
0.000000
 42
0.365420
  0
VERTEX
  8
PIN_TOP
 10
52.531518
 20
22.887686
 40
0.000000
 41
0.000000
 42
0.000000
  0
VERTEX
  8
PIN_TOP
 10
52.633118
 20
22.887686
 40
0.000000
 41
0.000000
 42
1.000028
  0
SEQEND
  0
POLYLINE
  8
PIN_TOP
 66
1
 70
1
 40
0.000000
 41
0.000000
 39
0.000000
  0
VERTEX
  8
PIN_TOP
 10
53.183282
 20
22.887686
 40
0.000000
 41
0.000000
 42
0.000000
  0
VERTEX
  8
PIN_TOP
 10
53.284882
 20
22.887686
 40
0.000000
 41
0.000000
 42
0.375524
  0
VERTEX
  8
PIN_TOP
 10
53.327300
 20
22.936200
 40
0.000000
 41
0.000000
 42
0.000000
  0
VERTEX
  8
PIN_TOP
 10
53.327300
 20
23.152100
 40
0.000000
 41
0.000000
 42
0.365420
  0
VERTEX
  8
PIN_TOP
 10
53.284882
 20
23.187914
 40
0.000000
 41
0.000000
 42
0.000000
  0
VERTEX
  8
PIN_TOP
 10
53.183282
 20
23.187914
 40
0.000000
 41
0.000000
 42
1.000028
  0
SEQEND
  0
POLYLINE
  8
PIN_TOP
 66
1
 70
1
 40
0.000000
 41
0.000000
 39
0.000000
  0
VERTEX
  8
PIN_TOP
 10
52.633118
 20
23.873714
 40
0.000000
 41
0.000000
 42
0.000000
  0
VERTEX
  8
PIN_TOP
 10
52.531518
 20
23.873714
 40
0.000000
 41
0.000000
 42
0.375524
  0
VERTEX
  8
PIN_TOP
 10
52.489100
 20
23.825200
 40
0.000000
 41
0.000000
 42
0.000000
  0
VERTEX
  8
PIN_TOP
 10
52.489100
 20
23.609300
 40
0.000000
 41
0.000000
 42
0.365420
  0
VERTEX
  8
PIN_TOP
 10
52.531518
 20
23.573486
 40
0.000000
 41
0.000000
 42
0.000000
  0
VERTEX
  8
PIN_TOP
 10
52.633118
 20
23.573486
 40
0.000000
 41
0.000000
 42
1.000028
  0
SEQEND
  0
POLYLINE
  8
PIN_TOP
 66
1
 70
1
 40
0.000000
 41
0.000000
 39
0.000000
  0
VERTEX
  8
PIN_TOP
 10
53.183282
 20
23.573486
 40
0.000000
 41
0.000000
 42
0.000000
  0
VERTEX
  8
PIN_TOP
 10
53.284882
 20
23.573486
 40
0.000000
 41
0.000000
 42
0.375524
  0
VERTEX
  8
PIN_TOP
 10
53.327300
 20
23.622000
 40
0.000000
 41
0.000000
 42
0.000000
  0
VERTEX
  8
PIN_TOP
 10
53.327300
 20
23.837900
 40
0.000000
 41
0.000000
 42
0.365420
  0
VERTEX
  8
PIN_TOP
 10
53.284882
 20
23.873714
 40
0.000000
 41
0.000000
 42
0.000000
  0
VERTEX
  8
PIN_TOP
 10
53.183282
 20
23.873714
 40
0.000000
 41
0.000000
 42
1.000028
  0
SEQEND
  0
POLYLINE
  8
PIN_TOP
 66
1
 70
1
 40
0.000000
 41
0.000000
 39
0.000000
  0
VERTEX
  8
PIN_TOP
 10
52.277518
 20
30.020514
 40
0.000000
 41
0.000000
 42
0.000000
  0
VERTEX
  8
PIN_TOP
 10
52.175918
 20
30.020514
 40
0.000000
 41
0.000000
 42
0.375524
  0
VERTEX
  8
PIN_TOP
 10
52.133500
 20
29.972000
 40
0.000000
 41
0.000000
 42
0.000000
  0
VERTEX
  8
PIN_TOP
 10
52.133500
 20
29.756100
 40
0.000000
 41
0.000000
 42
0.365420
  0
VERTEX
  8
PIN_TOP
 10
52.175918
 20
29.720286
 40
0.000000
 41
0.000000
 42
0.000000
  0
VERTEX
  8
PIN_TOP
 10
52.277518
 20
29.720286
 40
0.000000
 41
0.000000
 42
1.000028
  0
SEQEND
  0
POLYLINE
  8
PIN_TOP
 66
1
 70
1
 40
0.000000
 41
0.000000
 39
0.000000
  0
VERTEX
  8
PIN_TOP
 10
52.827682
 20
29.720286
 40
0.000000
 41
0.000000
 42
0.000000
  0
VERTEX
  8
PIN_TOP
 10
52.929282
 20
29.720286
 40
0.000000
 41
0.000000
 42
0.375524
  0
VERTEX
  8
PIN_TOP
 10
52.971700
 20
29.768800
 40
0.000000
 41
0.000000
 42
0.000000
  0
VERTEX
  8
PIN_TOP
 10
52.971700
 20
29.984700
 40
0.000000
 41
0.000000
 42
0.365420
  0
VERTEX
  8
PIN_TOP
 10
52.929282
 20
30.020514
 40
0.000000
 41
0.000000
 42
0.000000
  0
VERTEX
  8
PIN_TOP
 10
52.827682
 20
30.020514
 40
0.000000
 41
0.000000
 42
1.000028
  0
SEQEND
  0
POLYLINE
  8
PIN_TOP
 66
1
 70
1
 40
0.000000
 41
0.000000
 39
0.000000
  0
VERTEX
  8
PIN_TOP
 10
50.423318
 20
16.787114
 40
0.000000
 41
0.000000
 42
0.000000
  0
VERTEX
  8
PIN_TOP
 10
50.321718
 20
16.787114
 40
0.000000
 41
0.000000
 42
0.375524
  0
VERTEX
  8
PIN_TOP
 10
50.279300
 20
16.738600
 40
0.000000
 41
0.000000
 42
0.000000
  0
VERTEX
  8
PIN_TOP
 10
50.279300
 20
16.522700
 40
0.000000
 41
0.000000
 42
0.365420
  0
VERTEX
  8
PIN_TOP
 10
50.321718
 20
16.486886
 40
0.000000
 41
0.000000
 42
0.000000
  0
VERTEX
  8
PIN_TOP
 10
50.423318
 20
16.486886
 40
0.000000
 41
0.000000
 42
1.000028
  0
SEQEND
  0
POLYLINE
  8
PIN_TOP
 66
1
 70
1
 40
0.000000
 41
0.000000
 39
0.000000
  0
VERTEX
  8
PIN_TOP
 10
50.973482
 20
16.486886
 40
0.000000
 41
0.000000
 42
0.000000
  0
VERTEX
  8
PIN_TOP
 10
51.075082
 20
16.486886
 40
0.000000
 41
0.000000
 42
0.375524
  0
VERTEX
  8
PIN_TOP
 10
51.117500
 20
16.535400
 40
0.000000
 41
0.000000
 42
0.000000
  0
VERTEX
  8
PIN_TOP
 10
51.117500
 20
16.751300
 40
0.000000
 41
0.000000
 42
0.365420
  0
VERTEX
  8
PIN_TOP
 10
51.075082
 20
16.787114
 40
0.000000
 41
0.000000
 42
0.000000
  0
VERTEX
  8
PIN_TOP
 10
50.973482
 20
16.787114
 40
0.000000
 41
0.000000
 42
1.000028
  0
SEQEND
  0
POLYLINE
  8
PIN_TOP
 66
1
 70
1
 40
0.000000
 41
0.000000
 39
0.000000
  0
VERTEX
  8
PIN_TOP
 10
54.937914
 20
26.614882
 40
0.000000
 41
0.000000
 42
0.000000
  0
VERTEX
  8
PIN_TOP
 10
54.937914
 20
26.716482
 40
0.000000
 41
0.000000
 42
0.375524
  0
VERTEX
  8
PIN_TOP
 10
54.889400
 20
26.758900
 40
0.000000
 41
0.000000
 42
0.000000
  0
VERTEX
  8
PIN_TOP
 10
54.673500
 20
26.758900
 40
0.000000
 41
0.000000
 42
0.365420
  0
VERTEX
  8
PIN_TOP
 10
54.637686
 20
26.716482
 40
0.000000
 41
0.000000
 42
0.000000
  0
VERTEX
  8
PIN_TOP
 10
54.637686
 20
26.614882
 40
0.000000
 41
0.000000
 42
1.000028
  0
SEQEND
  0
POLYLINE
  8
PIN_TOP
 66
1
 70
1
 40
0.000000
 41
0.000000
 39
0.000000
  0
VERTEX
  8
PIN_TOP
 10
54.637686
 20
26.064718
 40
0.000000
 41
0.000000
 42
0.000000
  0
VERTEX
  8
PIN_TOP
 10
54.637686
 20
25.963118
 40
0.000000
 41
0.000000
 42
0.375524
  0
VERTEX
  8
PIN_TOP
 10
54.686200
 20
25.920700
 40
0.000000
 41
0.000000
 42
0.000000
  0
VERTEX
  8
PIN_TOP
 10
54.902100
 20
25.920700
 40
0.000000
 41
0.000000
 42
0.365420
  0
VERTEX
  8
PIN_TOP
 10
54.937914
 20
25.963118
 40
0.000000
 41
0.000000
 42
0.000000
  0
VERTEX
  8
PIN_TOP
 10
54.937914
 20
26.064718
 40
0.000000
 41
0.000000
 42
1.000028
  0
SEQEND
  0
POLYLINE
  8
PIN_TOP
 66
1
 70
1
 40
0.000000
 41
0.000000
 39
0.000000
  0
VERTEX
  8
PIN_TOP
 10
41.526714
 20
20.341082
 40
0.000000
 41
0.000000
 42
0.000000
  0
VERTEX
  8
PIN_TOP
 10
41.526714
 20
20.442682
 40
0.000000
 41
0.000000
 42
0.375524
  0
VERTEX
  8
PIN_TOP
 10
41.478200
 20
20.485100
 40
0.000000
 41
0.000000
 42
0.000000
  0
VERTEX
  8
PIN_TOP
 10
41.262300
 20
20.485100
 40
0.000000
 41
0.000000
 42
0.365420
  0
VERTEX
  8
PIN_TOP
 10
41.226486
 20
20.442682
 40
0.000000
 41
0.000000
 42
0.000000
  0
VERTEX
  8
PIN_TOP
 10
41.226486
 20
20.341082
 40
0.000000
 41
0.000000
 42
1.000028
  0
SEQEND
  0
POLYLINE
  8
PIN_TOP
 66
1
 70
1
 40
0.000000
 41
0.000000
 39
0.000000
  0
VERTEX
  8
PIN_TOP
 10
41.226486
 20
19.790918
 40
0.000000
 41
0.000000
 42
0.000000
  0
VERTEX
  8
PIN_TOP
 10
41.226486
 20
19.689318
 40
0.000000
 41
0.000000
 42
0.375524
  0
VERTEX
  8
PIN_TOP
 10
41.275000
 20
19.646900
 40
0.000000
 41
0.000000
 42
0.000000
  0
VERTEX
  8
PIN_TOP
 10
41.490900
 20
19.646900
 40
0.000000
 41
0.000000
 42
0.365420
  0
VERTEX
  8
PIN_TOP
 10
41.526714
 20
19.689318
 40
0.000000
 41
0.000000
 42
0.000000
  0
VERTEX
  8
PIN_TOP
 10
41.526714
 20
19.790918
 40
0.000000
 41
0.000000
 42
1.000028
  0
SEQEND
  0
POLYLINE
  8
PIN_TOP
 66
1
 70
1
 40
0.000000
 41
0.000000
 39
0.000000
  0
VERTEX
  8
PIN_TOP
 10
44.045886
 20
31.093918
 40
0.000000
 41
0.000000
 42
0.000000
  0
VERTEX
  8
PIN_TOP
 10
44.045886
 20
30.992318
 40
0.000000
 41
0.000000
 42
0.375524
  0
VERTEX
  8
PIN_TOP
 10
44.094400
 20
30.949900
 40
0.000000
 41
0.000000
 42
0.000000
  0
VERTEX
  8
PIN_TOP
 10
44.310300
 20
30.949900
 40
0.000000
 41
0.000000
 42
0.365420
  0
VERTEX
  8
PIN_TOP
 10
44.346114
 20
30.992318
 40
0.000000
 41
0.000000
 42
0.000000
  0
VERTEX
  8
PIN_TOP
 10
44.346114
 20
31.093918
 40
0.000000
 41
0.000000
 42
1.000028
  0
SEQEND
  0
POLYLINE
  8
PIN_TOP
 66
1
 70
1
 40
0.000000
 41
0.000000
 39
0.000000
  0
VERTEX
  8
PIN_TOP
 10
44.346114
 20
31.644082
 40
0.000000
 41
0.000000
 42
0.000000
  0
VERTEX
  8
PIN_TOP
 10
44.346114
 20
31.745682
 40
0.000000
 41
0.000000
 42
0.375524
  0
VERTEX
  8
PIN_TOP
 10
44.297600
 20
31.788100
 40
0.000000
 41
0.000000
 42
0.000000
  0
VERTEX
  8
PIN_TOP
 10
44.081700
 20
31.788100
 40
0.000000
 41
0.000000
 42
0.365420
  0
VERTEX
  8
PIN_TOP
 10
44.045886
 20
31.745682
 40
0.000000
 41
0.000000
 42
0.000000
  0
VERTEX
  8
PIN_TOP
 10
44.045886
 20
31.644082
 40
0.000000
 41
0.000000
 42
1.000028
  0
SEQEND
  0
POLYLINE
  8
PIN_TOP
 66
1
 70
1
 40
0.000000
 41
0.000000
 39
0.000000
  0
VERTEX
  8
PIN_TOP
 10
47.093886
 20
31.093918
 40
0.000000
 41
0.000000
 42
0.000000
  0
VERTEX
  8
PIN_TOP
 10
47.093886
 20
30.992318
 40
0.000000
 41
0.000000
 42
0.375524
  0
VERTEX
  8
PIN_TOP
 10
47.142400
 20
30.949900
 40
0.000000
 41
0.000000
 42
0.000000
  0
VERTEX
  8
PIN_TOP
 10
47.358300
 20
30.949900
 40
0.000000
 41
0.000000
 42
0.365420
  0
VERTEX
  8
PIN_TOP
 10
47.394114
 20
30.992318
 40
0.000000
 41
0.000000
 42
0.000000
  0
VERTEX
  8
PIN_TOP
 10
47.394114
 20
31.093918
 40
0.000000
 41
0.000000
 42
1.000028
  0
SEQEND
  0
POLYLINE
  8
PIN_TOP
 66
1
 70
1
 40
0.000000
 41
0.000000
 39
0.000000
  0
VERTEX
  8
PIN_TOP
 10
47.394114
 20
31.644082
 40
0.000000
 41
0.000000
 42
0.000000
  0
VERTEX
  8
PIN_TOP
 10
47.394114
 20
31.745682
 40
0.000000
 41
0.000000
 42
0.375524
  0
VERTEX
  8
PIN_TOP
 10
47.345600
 20
31.788100
 40
0.000000
 41
0.000000
 42
0.000000
  0
VERTEX
  8
PIN_TOP
 10
47.129700
 20
31.788100
 40
0.000000
 41
0.000000
 42
0.365420
  0
VERTEX
  8
PIN_TOP
 10
47.093886
 20
31.745682
 40
0.000000
 41
0.000000
 42
0.000000
  0
VERTEX
  8
PIN_TOP
 10
47.093886
 20
31.644082
 40
0.000000
 41
0.000000
 42
1.000028
  0
SEQEND
  0
POLYLINE
  8
PIN_TOP
 66
1
 70
1
 40
0.000000
 41
0.000000
 39
0.000000
  0
VERTEX
  8
PIN_TOP
 10
11.222482
 20
2.085086
 40
0.000000
 41
0.000000
 42
0.000000
  0
VERTEX
  8
PIN_TOP
 10
11.324082
 20
2.085086
 40
0.000000
 41
0.000000
 42
0.375524
  0
VERTEX
  8
PIN_TOP
 10
11.366500
 20
2.133600
 40
0.000000
 41
0.000000
 42
0.000000
  0
VERTEX
  8
PIN_TOP
 10
11.366500
 20
2.349500
 40
0.000000
 41
0.000000
 42
0.365420
  0
VERTEX
  8
PIN_TOP
 10
11.324082
 20
2.385314
 40
0.000000
 41
0.000000
 42
0.000000
  0
VERTEX
  8
PIN_TOP
 10
11.222482
 20
2.385314
 40
0.000000
 41
0.000000
 42
1.000028
  0
SEQEND
  0
POLYLINE
  8
PIN_TOP
 66
1
 70
1
 40
0.000000
 41
0.000000
 39
0.000000
  0
VERTEX
  8
PIN_TOP
 10
10.672318
 20
2.385314
 40
0.000000
 41
0.000000
 42
0.000000
  0
VERTEX
  8
PIN_TOP
 10
10.570718
 20
2.385314
 40
0.000000
 41
0.000000
 42
0.375524
  0
VERTEX
  8
PIN_TOP
 10
10.528300
 20
2.336800
 40
0.000000
 41
0.000000
 42
0.000000
  0
VERTEX
  8
PIN_TOP
 10
10.528300
 20
2.120900
 40
0.000000
 41
0.000000
 42
0.365420
  0
VERTEX
  8
PIN_TOP
 10
10.570718
 20
2.085086
 40
0.000000
 41
0.000000
 42
0.000000
  0
VERTEX
  8
PIN_TOP
 10
10.672318
 20
2.085086
 40
0.000000
 41
0.000000
 42
1.000028
  0
SEQEND
  0
POLYLINE
  8
PIN_TOP
 66
1
 70
1
 40
0.000000
 41
0.000000
 39
0.000000
  0
VERTEX
  8
PIN_TOP
 10
16.124682
 20
2.161286
 40
0.000000
 41
0.000000
 42
0.000000
  0
VERTEX
  8
PIN_TOP
 10
16.226282
 20
2.161286
 40
0.000000
 41
0.000000
 42
0.375524
  0
VERTEX
  8
PIN_TOP
 10
16.268700
 20
2.209800
 40
0.000000
 41
0.000000
 42
0.000000
  0
VERTEX
  8
PIN_TOP
 10
16.268700
 20
2.425700
 40
0.000000
 41
0.000000
 42
0.365420
  0
VERTEX
  8
PIN_TOP
 10
16.226282
 20
2.461514
 40
0.000000
 41
0.000000
 42
0.000000
  0
VERTEX
  8
PIN_TOP
 10
16.124682
 20
2.461514
 40
0.000000
 41
0.000000
 42
1.000028
  0
SEQEND
  0
POLYLINE
  8
PIN_TOP
 66
1
 70
1
 40
0.000000
 41
0.000000
 39
0.000000
  0
VERTEX
  8
PIN_TOP
 10
15.574518
 20
2.461514
 40
0.000000
 41
0.000000
 42
0.000000
  0
VERTEX
  8
PIN_TOP
 10
15.472918
 20
2.461514
 40
0.000000
 41
0.000000
 42
0.375524
  0
VERTEX
  8
PIN_TOP
 10
15.430500
 20
2.413000
 40
0.000000
 41
0.000000
 42
0.000000
  0
VERTEX
  8
PIN_TOP
 10
15.430500
 20
2.197100
 40
0.000000
 41
0.000000
 42
0.365420
  0
VERTEX
  8
PIN_TOP
 10
15.472918
 20
2.161286
 40
0.000000
 41
0.000000
 42
0.000000
  0
VERTEX
  8
PIN_TOP
 10
15.574518
 20
2.161286
 40
0.000000
 41
0.000000
 42
1.000028
  0
SEQEND
  0
POLYLINE
  8
PIN_TOP
 66
1
 70
1
 40
0.000000
 41
0.000000
 39
0.000000
  0
VERTEX
  8
PIN_TOP
 10
8.633714
 20
5.228082
 40
0.000000
 41
0.000000
 42
0.000000
  0
VERTEX
  8
PIN_TOP
 10
8.633714
 20
5.329682
 40
0.000000
 41
0.000000
 42
0.375524
  0
VERTEX
  8
PIN_TOP
 10
8.585200
 20
5.372100
 40
0.000000
 41
0.000000
 42
0.000000
  0
VERTEX
  8
PIN_TOP
 10
8.369300
 20
5.372100
 40
0.000000
 41
0.000000
 42
0.365420
  0
VERTEX
  8
PIN_TOP
 10
8.333486
 20
5.329682
 40
0.000000
 41
0.000000
 42
0.000000
  0
VERTEX
  8
PIN_TOP
 10
8.333486
 20
5.228082
 40
0.000000
 41
0.000000
 42
1.000028
  0
SEQEND
  0
POLYLINE
  8
PIN_TOP
 66
1
 70
1
 40
0.000000
 41
0.000000
 39
0.000000
  0
VERTEX
  8
PIN_TOP
 10
8.333486
 20
4.677918
 40
0.000000
 41
0.000000
 42
0.000000
  0
VERTEX
  8
PIN_TOP
 10
8.333486
 20
4.576318
 40
0.000000
 41
0.000000
 42
0.375524
  0
VERTEX
  8
PIN_TOP
 10
8.382000
 20
4.533900
 40
0.000000
 41
0.000000
 42
0.000000
  0
VERTEX
  8
PIN_TOP
 10
8.597900
 20
4.533900
 40
0.000000
 41
0.000000
 42
0.365420
  0
VERTEX
  8
PIN_TOP
 10
8.633714
 20
4.576318
 40
0.000000
 41
0.000000
 42
0.000000
  0
VERTEX
  8
PIN_TOP
 10
8.633714
 20
4.677918
 40
0.000000
 41
0.000000
 42
1.000028
  0
SEQEND
  0
POLYLINE
  8
PIN_TOP
 66
1
 70
1
 40
0.000000
 41
0.000000
 39
0.000000
  0
VERTEX
  8
PIN_TOP
 10
32.634682
 20
2.085086
 40
0.000000
 41
0.000000
 42
0.000000
  0
VERTEX
  8
PIN_TOP
 10
32.736282
 20
2.085086
 40
0.000000
 41
0.000000
 42
0.375524
  0
VERTEX
  8
PIN_TOP
 10
32.778700
 20
2.133600
 40
0.000000
 41
0.000000
 42
0.000000
  0
VERTEX
  8
PIN_TOP
 10
32.778700
 20
2.349500
 40
0.000000
 41
0.000000
 42
0.365420
  0
VERTEX
  8
PIN_TOP
 10
32.736282
 20
2.385314
 40
0.000000
 41
0.000000
 42
0.000000
  0
VERTEX
  8
PIN_TOP
 10
32.634682
 20
2.385314
 40
0.000000
 41
0.000000
 42
1.000028
  0
SEQEND
  0
POLYLINE
  8
PIN_TOP
 66
1
 70
1
 40
0.000000
 41
0.000000
 39
0.000000
  0
VERTEX
  8
PIN_TOP
 10
32.084518
 20
2.385314
 40
0.000000
 41
0.000000
 42
0.000000
  0
VERTEX
  8
PIN_TOP
 10
31.982918
 20
2.385314
 40
0.000000
 41
0.000000
 42
0.375524
  0
VERTEX
  8
PIN_TOP
 10
31.940500
 20
2.336800
 40
0.000000
 41
0.000000
 42
0.000000
  0
VERTEX
  8
PIN_TOP
 10
31.940500
 20
2.120900
 40
0.000000
 41
0.000000
 42
0.365420
  0
VERTEX
  8
PIN_TOP
 10
31.982918
 20
2.085086
 40
0.000000
 41
0.000000
 42
0.000000
  0
VERTEX
  8
PIN_TOP
 10
32.084518
 20
2.085086
 40
0.000000
 41
0.000000
 42
1.000028
  0
SEQEND
  0
POLYLINE
  8
PIN_TOP
 66
1
 70
1
 40
0.000000
 41
0.000000
 39
0.000000
  0
VERTEX
  8
PIN_TOP
 10
38.121082
 20
2.135886
 40
0.000000
 41
0.000000
 42
0.000000
  0
VERTEX
  8
PIN_TOP
 10
38.222682
 20
2.135886
 40
0.000000
 41
0.000000
 42
0.375524
  0
VERTEX
  8
PIN_TOP
 10
38.265100
 20
2.184400
 40
0.000000
 41
0.000000
 42
0.000000
  0
VERTEX
  8
PIN_TOP
 10
38.265100
 20
2.400300
 40
0.000000
 41
0.000000
 42
0.365420
  0
VERTEX
  8
PIN_TOP
 10
38.222682
 20
2.436114
 40
0.000000
 41
0.000000
 42
0.000000
  0
VERTEX
  8
PIN_TOP
 10
38.121082
 20
2.436114
 40
0.000000
 41
0.000000
 42
1.000028
  0
SEQEND
  0
POLYLINE
  8
PIN_TOP
 66
1
 70
1
 40
0.000000
 41
0.000000
 39
0.000000
  0
VERTEX
  8
PIN_TOP
 10
37.570918
 20
2.436114
 40
0.000000
 41
0.000000
 42
0.000000
  0
VERTEX
  8
PIN_TOP
 10
37.469318
 20
2.436114
 40
0.000000
 41
0.000000
 42
0.375524
  0
VERTEX
  8
PIN_TOP
 10
37.426900
 20
2.387600
 40
0.000000
 41
0.000000
 42
0.000000
  0
VERTEX
  8
PIN_TOP
 10
37.426900
 20
2.171700
 40
0.000000
 41
0.000000
 42
0.365420
  0
VERTEX
  8
PIN_TOP
 10
37.469318
 20
2.135886
 40
0.000000
 41
0.000000
 42
0.000000
  0
VERTEX
  8
PIN_TOP
 10
37.570918
 20
2.135886
 40
0.000000
 41
0.000000
 42
1.000028
  0
SEQEND
  0
POLYLINE
  8
PIN_TOP
 66
1
 70
1
 40
0.000000
 41
0.000000
 39
0.000000
  0
VERTEX
  8
PIN_TOP
 10
30.477714
 20
5.228082
 40
0.000000
 41
0.000000
 42
0.000000
  0
VERTEX
  8
PIN_TOP
 10
30.477714
 20
5.329682
 40
0.000000
 41
0.000000
 42
0.375524
  0
VERTEX
  8
PIN_TOP
 10
30.429200
 20
5.372100
 40
0.000000
 41
0.000000
 42
0.000000
  0
VERTEX
  8
PIN_TOP
 10
30.213300
 20
5.372100
 40
0.000000
 41
0.000000
 42
0.365420
  0
VERTEX
  8
PIN_TOP
 10
30.177486
 20
5.329682
 40
0.000000
 41
0.000000
 42
0.000000
  0
VERTEX
  8
PIN_TOP
 10
30.177486
 20
5.228082
 40
0.000000
 41
0.000000
 42
1.000028
  0
SEQEND
  0
POLYLINE
  8
PIN_TOP
 66
1
 70
1
 40
0.000000
 41
0.000000
 39
0.000000
  0
VERTEX
  8
PIN_TOP
 10
30.177486
 20
4.677918
 40
0.000000
 41
0.000000
 42
0.000000
  0
VERTEX
  8
PIN_TOP
 10
30.177486
 20
4.576318
 40
0.000000
 41
0.000000
 42
0.375524
  0
VERTEX
  8
PIN_TOP
 10
30.226000
 20
4.533900
 40
0.000000
 41
0.000000
 42
0.000000
  0
VERTEX
  8
PIN_TOP
 10
30.441900
 20
4.533900
 40
0.000000
 41
0.000000
 42
0.365420
  0
VERTEX
  8
PIN_TOP
 10
30.477714
 20
4.576318
 40
0.000000
 41
0.000000
 42
0.000000
  0
VERTEX
  8
PIN_TOP
 10
30.477714
 20
4.677918
 40
0.000000
 41
0.000000
 42
1.000028
  0
SEQEND
  0
POLYLINE
  8
PIN_TOP
 66
1
 70
1
 40
0.000000
 41
0.000000
 39
0.000000
  0
VERTEX
  8
PIN_TOP
 10
30.101286
 20
30.916118
 40
0.000000
 41
0.000000
 42
0.000000
  0
VERTEX
  8
PIN_TOP
 10
30.101286
 20
30.814518
 40
0.000000
 41
0.000000
 42
0.375524
  0
VERTEX
  8
PIN_TOP
 10
30.149800
 20
30.772100
 40
0.000000
 41
0.000000
 42
0.000000
  0
VERTEX
  8
PIN_TOP
 10
30.365700
 20
30.772100
 40
0.000000
 41
0.000000
 42
0.365420
  0
VERTEX
  8
PIN_TOP
 10
30.401514
 20
30.814518
 40
0.000000
 41
0.000000
 42
0.000000
  0
VERTEX
  8
PIN_TOP
 10
30.401514
 20
30.916118
 40
0.000000
 41
0.000000
 42
1.000028
  0
SEQEND
  0
POLYLINE
  8
PIN_TOP
 66
1
 70
1
 40
0.000000
 41
0.000000
 39
0.000000
  0
VERTEX
  8
PIN_TOP
 10
30.401514
 20
31.466282
 40
0.000000
 41
0.000000
 42
0.000000
  0
VERTEX
  8
PIN_TOP
 10
30.401514
 20
31.567882
 40
0.000000
 41
0.000000
 42
0.375524
  0
VERTEX
  8
PIN_TOP
 10
30.353000
 20
31.610300
 40
0.000000
 41
0.000000
 42
0.000000
  0
VERTEX
  8
PIN_TOP
 10
30.137100
 20
31.610300
 40
0.000000
 41
0.000000
 42
0.365420
  0
VERTEX
  8
PIN_TOP
 10
30.101286
 20
31.567882
 40
0.000000
 41
0.000000
 42
0.000000
  0
VERTEX
  8
PIN_TOP
 10
30.101286
 20
31.466282
 40
0.000000
 41
0.000000
 42
1.000028
  0
SEQEND
  0
POLYLINE
  8
PIN_TOP
 66
1
 70
1
 40
0.000000
 41
0.000000
 39
0.000000
  0
VERTEX
  8
PIN_TOP
 10
26.672286
 20
30.916118
 40
0.000000
 41
0.000000
 42
0.000000
  0
VERTEX
  8
PIN_TOP
 10
26.672286
 20
30.814518
 40
0.000000
 41
0.000000
 42
0.375524
  0
VERTEX
  8
PIN_TOP
 10
26.720800
 20
30.772100
 40
0.000000
 41
0.000000
 42
0.000000
  0
VERTEX
  8
PIN_TOP
 10
26.936700
 20
30.772100
 40
0.000000
 41
0.000000
 42
0.365420
  0
VERTEX
  8
PIN_TOP
 10
26.972514
 20
30.814518
 40
0.000000
 41
0.000000
 42
0.000000
  0
VERTEX
  8
PIN_TOP
 10
26.972514
 20
30.916118
 40
0.000000
 41
0.000000
 42
1.000028
  0
SEQEND
  0
POLYLINE
  8
PIN_TOP
 66
1
 70
1
 40
0.000000
 41
0.000000
 39
0.000000
  0
VERTEX
  8
PIN_TOP
 10
26.972514
 20
31.466282
 40
0.000000
 41
0.000000
 42
0.000000
  0
VERTEX
  8
PIN_TOP
 10
26.972514
 20
31.567882
 40
0.000000
 41
0.000000
 42
0.375524
  0
VERTEX
  8
PIN_TOP
 10
26.924000
 20
31.610300
 40
0.000000
 41
0.000000
 42
0.000000
  0
VERTEX
  8
PIN_TOP
 10
26.708100
 20
31.610300
 40
0.000000
 41
0.000000
 42
0.365420
  0
VERTEX
  8
PIN_TOP
 10
26.672286
 20
31.567882
 40
0.000000
 41
0.000000
 42
0.000000
  0
VERTEX
  8
PIN_TOP
 10
26.672286
 20
31.466282
 40
0.000000
 41
0.000000
 42
1.000028
  0
SEQEND
  0
POLYLINE
  8
PIN_TOP
 66
1
 70
1
 40
0.000000
 41
0.000000
 39
0.000000
  0
VERTEX
  8
PIN_TOP
 10
36.834318
 20
21.181314
 40
0.000000
 41
0.000000
 42
0.000000
  0
VERTEX
  8
PIN_TOP
 10
36.732718
 20
21.181314
 40
0.000000
 41
0.000000
 42
0.375524
  0
VERTEX
  8
PIN_TOP
 10
36.690300
 20
21.132800
 40
0.000000
 41
0.000000
 42
0.000000
  0
VERTEX
  8
PIN_TOP
 10
36.690300
 20
20.916900
 40
0.000000
 41
0.000000
 42
0.365420
  0
VERTEX
  8
PIN_TOP
 10
36.732718
 20
20.881086
 40
0.000000
 41
0.000000
 42
0.000000
  0
VERTEX
  8
PIN_TOP
 10
36.834318
 20
20.881086
 40
0.000000
 41
0.000000
 42
1.000028
  0
SEQEND
  0
POLYLINE
  8
PIN_TOP
 66
1
 70
1
 40
0.000000
 41
0.000000
 39
0.000000
  0
VERTEX
  8
PIN_TOP
 10
37.384482
 20
20.881086
 40
0.000000
 41
0.000000
 42
0.000000
  0
VERTEX
  8
PIN_TOP
 10
37.486082
 20
20.881086
 40
0.000000
 41
0.000000
 42
0.375524
  0
VERTEX
  8
PIN_TOP
 10
37.528500
 20
20.929600
 40
0.000000
 41
0.000000
 42
0.000000
  0
VERTEX
  8
PIN_TOP
 10
37.528500
 20
21.145500
 40
0.000000
 41
0.000000
 42
0.365420
  0
VERTEX
  8
PIN_TOP
 10
37.486082
 20
21.181314
 40
0.000000
 41
0.000000
 42
0.000000
  0
VERTEX
  8
PIN_TOP
 10
37.384482
 20
21.181314
 40
0.000000
 41
0.000000
 42
1.000028
  0
SEQEND
  0
POLYLINE
  8
PIN_TOP
 66
1
 70
1
 40
0.000000
 41
0.000000
 39
0.000000
  0
VERTEX
  8
PIN_TOP
 10
36.165282
 20
18.874486
 40
0.000000
 41
0.000000
 42
0.000000
  0
VERTEX
  8
PIN_TOP
 10
36.266882
 20
18.874486
 40
0.000000
 41
0.000000
 42
0.375524
  0
VERTEX
  8
PIN_TOP
 10
36.309300
 20
18.923000
 40
0.000000
 41
0.000000
 42
0.000000
  0
VERTEX
  8
PIN_TOP
 10
36.309300
 20
19.138900
 40
0.000000
 41
0.000000
 42
0.365420
  0
VERTEX
  8
PIN_TOP
 10
36.266882
 20
19.174714
 40
0.000000
 41
0.000000
 42
0.000000
  0
VERTEX
  8
PIN_TOP
 10
36.165282
 20
19.174714
 40
0.000000
 41
0.000000
 42
1.000028
  0
SEQEND
  0
POLYLINE
  8
PIN_TOP
 66
1
 70
1
 40
0.000000
 41
0.000000
 39
0.000000
  0
VERTEX
  8
PIN_TOP
 10
35.615118
 20
19.174714
 40
0.000000
 41
0.000000
 42
0.000000
  0
VERTEX
  8
PIN_TOP
 10
35.513518
 20
19.174714
 40
0.000000
 41
0.000000
 42
0.375524
  0
VERTEX
  8
PIN_TOP
 10
35.471100
 20
19.126200
 40
0.000000
 41
0.000000
 42
0.000000
  0
VERTEX
  8
PIN_TOP
 10
35.471100
 20
18.910300
 40
0.000000
 41
0.000000
 42
0.365420
  0
VERTEX
  8
PIN_TOP
 10
35.513518
 20
18.874486
 40
0.000000
 41
0.000000
 42
0.000000
  0
VERTEX
  8
PIN_TOP
 10
35.615118
 20
18.874486
 40
0.000000
 41
0.000000
 42
1.000028
  0
SEQEND
  0
POLYLINE
  8
PIN_TOP
 66
1
 70
1
 40
0.000000
 41
0.000000
 39
0.000000
  0
VERTEX
  8
PIN_TOP
 10
30.861254
 20
8.483600
 40
0.000000
 41
0.000000
 42
0.000000
  0
VERTEX
  8
PIN_TOP
 10
30.859984
 20
8.459470
 40
0.000000
 41
0.000000
 42
0.000000
  0
VERTEX
  8
PIN_TOP
 10
30.861254
 20
8.435594
 40
0.000000
 41
0.000000
 42
0.000000
  0
VERTEX
  8
PIN_TOP
 10
30.864302
 20
8.411718
 40
0.000000
 41
0.000000
 42
0.000000
  0
VERTEX
  8
PIN_TOP
 10
30.869636
 20
8.388096
 40
0.000000
 41
0.000000
 42
0.000000
  0
VERTEX
  8
PIN_TOP
 10
30.877256
 20
8.365236
 40
0.000000
 41
0.000000
 42
0.000000
  0
VERTEX
  8
PIN_TOP
 10
30.886654
 20
8.343138
 40
0.000000
 41
0.000000
 42
0.000000
  0
VERTEX
  8
PIN_TOP
 10
30.898084
 20
8.322056
 40
0.000000
 41
0.000000
 42
0.000000
  0
VERTEX
  8
PIN_TOP
 10
30.911292
 20
8.301990
 40
0.000000
 41
0.000000
 42
0.000000
  0
VERTEX
  8
PIN_TOP
 10
30.926532
 20
8.283194
 40
0.000000
 41
0.000000
 42
0.000000
  0
VERTEX
  8
PIN_TOP
 10
30.943042
 20
8.265668
 40
0.000000
 41
0.000000
 42
0.000000
  0
VERTEX
  8
PIN_TOP
 10
30.961330
 20
8.249920
 40
0.000000
 41
0.000000
 42
0.000000
  0
VERTEX
  8
PIN_TOP
 10
30.980888
 20
8.235950
 40
0.000000
 41
0.000000
 42
0.000000
  0
VERTEX
  8
PIN_TOP
 10
31.003748
 20
8.224520
 40
0.000000
 41
0.000000
 42
0.000000
  0
VERTEX
  8
PIN_TOP
 10
31.027624
 20
8.215376
 40
0.000000
 41
0.000000
 42
0.000000
  0
VERTEX
  8
PIN_TOP
 10
31.052262
 20
8.208518
 40
0.000000
 41
0.000000
 42
0.000000
  0
VERTEX
  8
PIN_TOP
 10
31.077408
 20
8.203692
 40
0.000000
 41
0.000000
 42
0.000000
  0
VERTEX
  8
PIN_TOP
 10
31.102808
 20
8.201406
 40
0.000000
 41
0.000000
 42
0.000000
  0
VERTEX
  8
PIN_TOP
 10
31.128208
 20
8.201406
 40
0.000000
 41
0.000000
 42
0.000000
  0
VERTEX
  8
PIN_TOP
 10
31.153608
 20
8.203692
 40
0.000000
 41
0.000000
 42
0.000000
  0
VERTEX
  8
PIN_TOP
 10
31.178754
 20
8.208518
 40
0.000000
 41
0.000000
 42
0.000000
  0
VERTEX
  8
PIN_TOP
 10
31.203392
 20
8.215376
 40
0.000000
 41
0.000000
 42
0.000000
  0
VERTEX
  8
PIN_TOP
 10
31.227268
 20
8.224520
 40
0.000000
 41
0.000000
 42
0.000000
  0
VERTEX
  8
PIN_TOP
 10
31.250128
 20
8.235950
 40
0.000000
 41
0.000000
 42
0.000000
  0
VERTEX
  8
PIN_TOP
 10
31.269940
 20
8.249412
 40
0.000000
 41
0.000000
 42
0.000000
  0
VERTEX
  8
PIN_TOP
 10
31.288482
 20
8.264652
 40
0.000000
 41
0.000000
 42
0.000000
  0
VERTEX
  8
PIN_TOP
 10
31.305500
 20
8.281670
 40
0.000000
 41
0.000000
 42
0.000000
  0
VERTEX
  8
PIN_TOP
 10
31.320740
 20
8.300466
 40
0.000000
 41
0.000000
 42
0.000000
  0
VERTEX
  8
PIN_TOP
 10
31.334202
 20
8.320278
 40
0.000000
 41
0.000000
 42
0.000000
  0
VERTEX
  8
PIN_TOP
 10
31.345632
 20
8.341614
 40
0.000000
 41
0.000000
 42
0.000000
  0
VERTEX
  8
PIN_TOP
 10
31.355030
 20
8.363712
 40
0.000000
 41
0.000000
 42
0.000000
  0
VERTEX
  8
PIN_TOP
 10
31.362142
 20
8.386572
 40
0.000000
 41
0.000000
 42
0.000000
  0
VERTEX
  8
PIN_TOP
 10
31.366968
 20
8.410194
 40
0.000000
 41
0.000000
 42
0.000000
  0
VERTEX
  8
PIN_TOP
 10
31.369508
 20
8.434070
 40
0.000000
 41
0.000000
 42
0.000000
  0
VERTEX
  8
PIN_TOP
 10
31.369762
 20
8.458200
 40
0.000000
 41
0.000000
 42
0.000000
  0
VERTEX
  8
PIN_TOP
 10
31.370016
 20
8.480044
 40
0.000000
 41
0.000000
 42
0.000000
  0
VERTEX
  8
PIN_TOP
 10
31.367730
 20
8.501634
 40
0.000000
 41
0.000000
 42
0.000000
  0
VERTEX
  8
PIN_TOP
 10
31.363412
 20
8.522970
 40
0.000000
 41
0.000000
 42
0.000000
  0
VERTEX
  8
PIN_TOP
 10
31.356808
 20
8.543544
 40
0.000000
 41
0.000000
 42
0.000000
  0
VERTEX
  8
PIN_TOP
 10
31.347918
 20
8.563610
 40
0.000000
 41
0.000000
 42
0.000000
  0
VERTEX
  8
PIN_TOP
 10
31.337250
 20
8.582406
 40
0.000000
 41
0.000000
 42
0.000000
  0
VERTEX
  8
PIN_TOP
 10
31.324550
 20
8.599932
 40
0.000000
 41
0.000000
 42
0.000000
  0
VERTEX
  8
PIN_TOP
 10
31.310072
 20
8.616188
 40
0.000000
 41
0.000000
 42
0.000000
  0
VERTEX
  8
PIN_TOP
 10
31.293816
 20
8.630920
 40
0.000000
 41
0.000000
 42
0.000000
  0
VERTEX
  8
PIN_TOP
 10
31.276290
 20
8.643620
 40
0.000000
 41
0.000000
 42
0.000000
  0
VERTEX
  8
PIN_TOP
 10
31.257494
 20
8.654542
 40
0.000000
 41
0.000000
 42
0.000000
  0
VERTEX
  8
PIN_TOP
 10
31.237682
 20
8.663432
 40
0.000000
 41
0.000000
 42
0.000000
  0
VERTEX
  8
PIN_TOP
 10
31.216854
 20
8.670290
 40
0.000000
 41
0.000000
 42
0.000000
  0
VERTEX
  8
PIN_TOP
 10
31.195518
 20
8.674608
 40
0.000000
 41
0.000000
 42
0.000000
  0
VERTEX
  8
PIN_TOP
 10
31.173928
 20
8.676894
 40
0.000000
 41
0.000000
 42
0.000000
  0
VERTEX
  8
PIN_TOP
 10
31.057342
 20
8.676894
 40
0.000000
 41
0.000000
 42
0.000000
  0
VERTEX
  8
PIN_TOP
 10
31.036006
 20
8.674862
 40
0.000000
 41
0.000000
 42
0.000000
  0
VERTEX
  8
PIN_TOP
 10
31.014924
 20
8.670290
 40
0.000000
 41
0.000000
 42
0.000000
  0
VERTEX
  8
PIN_TOP
 10
30.994350
 20
8.663686
 40
0.000000
 41
0.000000
 42
0.000000
  0
VERTEX
  8
PIN_TOP
 10
30.974792
 20
8.655050
 40
0.000000
 41
0.000000
 42
0.000000
  0
VERTEX
  8
PIN_TOP
 10
30.955996
 20
8.644382
 40
0.000000
 41
0.000000
 42
0.000000
  0
VERTEX
  8
PIN_TOP
 10
30.938470
 20
8.631936
 40
0.000000
 41
0.000000
 42
0.000000
  0
VERTEX
  8
PIN_TOP
 10
30.922468
 20
8.617712
 40
0.000000
 41
0.000000
 42
0.000000
  0
VERTEX
  8
PIN_TOP
 10
30.907990
 20
8.601710
 40
0.000000
 41
0.000000
 42
0.000000
  0
VERTEX
  8
PIN_TOP
 10
30.895290
 20
8.584438
 40
0.000000
 41
0.000000
 42
0.000000
  0
VERTEX
  8
PIN_TOP
 10
30.884368
 20
8.565896
 40
0.000000
 41
0.000000
 42
0.000000
  0
VERTEX
  8
PIN_TOP
 10
30.875224
 20
8.546338
 40
0.000000
 41
0.000000
 42
0.000000
  0
VERTEX
  8
PIN_TOP
 10
30.868366
 20
8.526018
 40
0.000000
 41
0.000000
 42
0.000000
  0
VERTEX
  8
PIN_TOP
 10
30.863794
 20
8.504936
 40
0.000000
 41
0.000000
 42
0.000000
  0
SEQEND
  0
POLYLINE
  8
PIN_TOP
 66
1
 70
1
 40
0.000000
 41
0.000000
 39
0.000000
  0
VERTEX
  8
PIN_TOP
 10
31.368746
 20
7.518400
 40
0.000000
 41
0.000000
 42
0.000000
  0
VERTEX
  8
PIN_TOP
 10
31.370016
 20
7.542530
 40
0.000000
 41
0.000000
 42
0.000000
  0
VERTEX
  8
PIN_TOP
 10
31.368746
 20
7.566406
 40
0.000000
 41
0.000000
 42
0.000000
  0
VERTEX
  8
PIN_TOP
 10
31.365698
 20
7.590282
 40
0.000000
 41
0.000000
 42
0.000000
  0
VERTEX
  8
PIN_TOP
 10
31.360364
 20
7.613904
 40
0.000000
 41
0.000000
 42
0.000000
  0
VERTEX
  8
PIN_TOP
 10
31.352744
 20
7.636764
 40
0.000000
 41
0.000000
 42
0.000000
  0
VERTEX
  8
PIN_TOP
 10
31.343346
 20
7.658862
 40
0.000000
 41
0.000000
 42
0.000000
  0
VERTEX
  8
PIN_TOP
 10
31.331916
 20
7.679944
 40
0.000000
 41
0.000000
 42
0.000000
  0
VERTEX
  8
PIN_TOP
 10
31.318708
 20
7.700010
 40
0.000000
 41
0.000000
 42
0.000000
  0
VERTEX
  8
PIN_TOP
 10
31.303468
 20
7.718806
 40
0.000000
 41
0.000000
 42
0.000000
  0
VERTEX
  8
PIN_TOP
 10
31.286958
 20
7.736332
 40
0.000000
 41
0.000000
 42
0.000000
  0
VERTEX
  8
PIN_TOP
 10
31.268670
 20
7.752080
 40
0.000000
 41
0.000000
 42
0.000000
  0
VERTEX
  8
PIN_TOP
 10
31.249112
 20
7.766050
 40
0.000000
 41
0.000000
 42
0.000000
  0
VERTEX
  8
PIN_TOP
 10
31.226252
 20
7.777480
 40
0.000000
 41
0.000000
 42
0.000000
  0
VERTEX
  8
PIN_TOP
 10
31.202376
 20
7.786624
 40
0.000000
 41
0.000000
 42
0.000000
  0
VERTEX
  8
PIN_TOP
 10
31.177738
 20
7.793482
 40
0.000000
 41
0.000000
 42
0.000000
  0
VERTEX
  8
PIN_TOP
 10
31.152592
 20
7.798308
 40
0.000000
 41
0.000000
 42
0.000000
  0
VERTEX
  8
PIN_TOP
 10
31.127192
 20
7.800594
 40
0.000000
 41
0.000000
 42
0.000000
  0
VERTEX
  8
PIN_TOP
 10
31.101792
 20
7.800594
 40
0.000000
 41
0.000000
 42
0.000000
  0
VERTEX
  8
PIN_TOP
 10
31.076392
 20
7.798308
 40
0.000000
 41
0.000000
 42
0.000000
  0
VERTEX
  8
PIN_TOP
 10
31.051246
 20
7.793482
 40
0.000000
 41
0.000000
 42
0.000000
  0
VERTEX
  8
PIN_TOP
 10
31.026608
 20
7.786624
 40
0.000000
 41
0.000000
 42
0.000000
  0
VERTEX
  8
PIN_TOP
 10
31.002732
 20
7.777480
 40
0.000000
 41
0.000000
 42
0.000000
  0
VERTEX
  8
PIN_TOP
 10
30.979872
 20
7.766050
 40
0.000000
 41
0.000000
 42
0.000000
  0
VERTEX
  8
PIN_TOP
 10
30.960060
 20
7.752588
 40
0.000000
 41
0.000000
 42
0.000000
  0
VERTEX
  8
PIN_TOP
 10
30.941518
 20
7.737348
 40
0.000000
 41
0.000000
 42
0.000000
  0
VERTEX
  8
PIN_TOP
 10
30.924500
 20
7.720330
 40
0.000000
 41
0.000000
 42
0.000000
  0
VERTEX
  8
PIN_TOP
 10
30.909260
 20
7.701534
 40
0.000000
 41
0.000000
 42
0.000000
  0
VERTEX
  8
PIN_TOP
 10
30.895798
 20
7.681722
 40
0.000000
 41
0.000000
 42
0.000000
  0
VERTEX
  8
PIN_TOP
 10
30.884368
 20
7.660386
 40
0.000000
 41
0.000000
 42
0.000000
  0
VERTEX
  8
PIN_TOP
 10
30.874970
 20
7.638288
 40
0.000000
 41
0.000000
 42
0.000000
  0
VERTEX
  8
PIN_TOP
 10
30.867858
 20
7.615428
 40
0.000000
 41
0.000000
 42
0.000000
  0
VERTEX
  8
PIN_TOP
 10
30.863032
 20
7.591806
 40
0.000000
 41
0.000000
 42
0.000000
  0
VERTEX
  8
PIN_TOP
 10
30.860492
 20
7.567930
 40
0.000000
 41
0.000000
 42
0.000000
  0
VERTEX
  8
PIN_TOP
 10
30.860238
 20
7.543800
 40
0.000000
 41
0.000000
 42
0.000000
  0
VERTEX
  8
PIN_TOP
 10
30.859984
 20
7.521956
 40
0.000000
 41
0.000000
 42
0.000000
  0
VERTEX
  8
PIN_TOP
 10
30.862270
 20
7.500366
 40
0.000000
 41
0.000000
 42
0.000000
  0
VERTEX
  8
PIN_TOP
 10
30.866588
 20
7.479030
 40
0.000000
 41
0.000000
 42
0.000000
  0
VERTEX
  8
PIN_TOP
 10
30.873192
 20
7.458456
 40
0.000000
 41
0.000000
 42
0.000000
  0
VERTEX
  8
PIN_TOP
 10
30.882082
 20
7.438390
 40
0.000000
 41
0.000000
 42
0.000000
  0
VERTEX
  8
PIN_TOP
 10
30.892750
 20
7.419594
 40
0.000000
 41
0.000000
 42
0.000000
  0
VERTEX
  8
PIN_TOP
 10
30.905450
 20
7.402068
 40
0.000000
 41
0.000000
 42
0.000000
  0
VERTEX
  8
PIN_TOP
 10
30.919928
 20
7.385812
 40
0.000000
 41
0.000000
 42
0.000000
  0
VERTEX
  8
PIN_TOP
 10
30.936184
 20
7.371080
 40
0.000000
 41
0.000000
 42
0.000000
  0
VERTEX
  8
PIN_TOP
 10
30.953710
 20
7.358380
 40
0.000000
 41
0.000000
 42
0.000000
  0
VERTEX
  8
PIN_TOP
 10
30.972506
 20
7.347458
 40
0.000000
 41
0.000000
 42
0.000000
  0
VERTEX
  8
PIN_TOP
 10
30.992318
 20
7.338568
 40
0.000000
 41
0.000000
 42
0.000000
  0
VERTEX
  8
PIN_TOP
 10
31.013146
 20
7.331710
 40
0.000000
 41
0.000000
 42
0.000000
  0
VERTEX
  8
PIN_TOP
 10
31.034482
 20
7.327392
 40
0.000000
 41
0.000000
 42
0.000000
  0
VERTEX
  8
PIN_TOP
 10
31.056072
 20
7.325106
 40
0.000000
 41
0.000000
 42
0.000000
  0
VERTEX
  8
PIN_TOP
 10
31.172658
 20
7.325106
 40
0.000000
 41
0.000000
 42
0.000000
  0
VERTEX
  8
PIN_TOP
 10
31.193994
 20
7.327138
 40
0.000000
 41
0.000000
 42
0.000000
  0
VERTEX
  8
PIN_TOP
 10
31.215076
 20
7.331710
 40
0.000000
 41
0.000000
 42
0.000000
  0
VERTEX
  8
PIN_TOP
 10
31.235650
 20
7.338314
 40
0.000000
 41
0.000000
 42
0.000000
  0
VERTEX
  8
PIN_TOP
 10
31.255208
 20
7.346950
 40
0.000000
 41
0.000000
 42
0.000000
  0
VERTEX
  8
PIN_TOP
 10
31.274004
 20
7.357618
 40
0.000000
 41
0.000000
 42
0.000000
  0
VERTEX
  8
PIN_TOP
 10
31.291530
 20
7.370064
 40
0.000000
 41
0.000000
 42
0.000000
  0
VERTEX
  8
PIN_TOP
 10
31.307532
 20
7.384288
 40
0.000000
 41
0.000000
 42
0.000000
  0
VERTEX
  8
PIN_TOP
 10
31.322010
 20
7.400290
 40
0.000000
 41
0.000000
 42
0.000000
  0
VERTEX
  8
PIN_TOP
 10
31.334710
 20
7.417562
 40
0.000000
 41
0.000000
 42
0.000000
  0
VERTEX
  8
PIN_TOP
 10
31.345632
 20
7.436104
 40
0.000000
 41
0.000000
 42
0.000000
  0
VERTEX
  8
PIN_TOP
 10
31.354776
 20
7.455662
 40
0.000000
 41
0.000000
 42
0.000000
  0
VERTEX
  8
PIN_TOP
 10
31.361634
 20
7.475982
 40
0.000000
 41
0.000000
 42
0.000000
  0
VERTEX
  8
PIN_TOP
 10
31.366206
 20
7.497064
 40
0.000000
 41
0.000000
 42
0.000000
  0
SEQEND
  0
POLYLINE
  8
PIN_TOP
 66
1
 70
1
 40
0.000000
 41
0.000000
 39
0.000000
  0
VERTEX
  8
PIN_TOP
 10
8.178546
 20
31.546800
 40
0.000000
 41
0.000000
 42
0.000000
  0
VERTEX
  8
PIN_TOP
 10
8.179816
 20
31.570930
 40
0.000000
 41
0.000000
 42
0.000000
  0
VERTEX
  8
PIN_TOP
 10
8.178546
 20
31.594806
 40
0.000000
 41
0.000000
 42
0.000000
  0
VERTEX
  8
PIN_TOP
 10
8.175498
 20
31.618682
 40
0.000000
 41
0.000000
 42
0.000000
  0
VERTEX
  8
PIN_TOP
 10
8.170164
 20
31.642304
 40
0.000000
 41
0.000000
 42
0.000000
  0
VERTEX
  8
PIN_TOP
 10
8.162544
 20
31.665164
 40
0.000000
 41
0.000000
 42
0.000000
  0
VERTEX
  8
PIN_TOP
 10
8.153146
 20
31.687262
 40
0.000000
 41
0.000000
 42
0.000000
  0
VERTEX
  8
PIN_TOP
 10
8.141716
 20
31.708344
 40
0.000000
 41
0.000000
 42
0.000000
  0
VERTEX
  8
PIN_TOP
 10
8.128508
 20
31.728410
 40
0.000000
 41
0.000000
 42
0.000000
  0
VERTEX
  8
PIN_TOP
 10
8.113268
 20
31.747206
 40
0.000000
 41
0.000000
 42
0.000000
  0
VERTEX
  8
PIN_TOP
 10
8.096758
 20
31.764732
 40
0.000000
 41
0.000000
 42
0.000000
  0
VERTEX
  8
PIN_TOP
 10
8.078470
 20
31.780480
 40
0.000000
 41
0.000000
 42
0.000000
  0
VERTEX
  8
PIN_TOP
 10
8.058912
 20
31.794450
 40
0.000000
 41
0.000000
 42
0.000000
  0
VERTEX
  8
PIN_TOP
 10
8.036052
 20
31.805880
 40
0.000000
 41
0.000000
 42
0.000000
  0
VERTEX
  8
PIN_TOP
 10
8.012176
 20
31.815024
 40
0.000000
 41
0.000000
 42
0.000000
  0
VERTEX
  8
PIN_TOP
 10
7.987538
 20
31.821882
 40
0.000000
 41
0.000000
 42
0.000000
  0
VERTEX
  8
PIN_TOP
 10
7.962392
 20
31.826708
 40
0.000000
 41
0.000000
 42
0.000000
  0
VERTEX
  8
PIN_TOP
 10
7.936992
 20
31.828994
 40
0.000000
 41
0.000000
 42
0.000000
  0
VERTEX
  8
PIN_TOP
 10
7.911592
 20
31.828994
 40
0.000000
 41
0.000000
 42
0.000000
  0
VERTEX
  8
PIN_TOP
 10
7.886192
 20
31.826708
 40
0.000000
 41
0.000000
 42
0.000000
  0
VERTEX
  8
PIN_TOP
 10
7.861046
 20
31.821882
 40
0.000000
 41
0.000000
 42
0.000000
  0
VERTEX
  8
PIN_TOP
 10
7.836408
 20
31.815024
 40
0.000000
 41
0.000000
 42
0.000000
  0
VERTEX
  8
PIN_TOP
 10
7.812532
 20
31.805880
 40
0.000000
 41
0.000000
 42
0.000000
  0
VERTEX
  8
PIN_TOP
 10
7.789672
 20
31.794450
 40
0.000000
 41
0.000000
 42
0.000000
  0
VERTEX
  8
PIN_TOP
 10
7.769860
 20
31.780988
 40
0.000000
 41
0.000000
 42
0.000000
  0
VERTEX
  8
PIN_TOP
 10
7.751318
 20
31.765748
 40
0.000000
 41
0.000000
 42
0.000000
  0
VERTEX
  8
PIN_TOP
 10
7.734300
 20
31.748730
 40
0.000000
 41
0.000000
 42
0.000000
  0
VERTEX
  8
PIN_TOP
 10
7.719060
 20
31.729934
 40
0.000000
 41
0.000000
 42
0.000000
  0
VERTEX
  8
PIN_TOP
 10
7.705598
 20
31.710122
 40
0.000000
 41
0.000000
 42
0.000000
  0
VERTEX
  8
PIN_TOP
 10
7.694168
 20
31.688786
 40
0.000000
 41
0.000000
 42
0.000000
  0
VERTEX
  8
PIN_TOP
 10
7.684770
 20
31.666688
 40
0.000000
 41
0.000000
 42
0.000000
  0
VERTEX
  8
PIN_TOP
 10
7.677658
 20
31.643828
 40
0.000000
 41
0.000000
 42
0.000000
  0
VERTEX
  8
PIN_TOP
 10
7.672832
 20
31.620206
 40
0.000000
 41
0.000000
 42
0.000000
  0
VERTEX
  8
PIN_TOP
 10
7.670292
 20
31.596330
 40
0.000000
 41
0.000000
 42
0.000000
  0
VERTEX
  8
PIN_TOP
 10
7.670038
 20
31.572200
 40
0.000000
 41
0.000000
 42
0.000000
  0
VERTEX
  8
PIN_TOP
 10
7.669784
 20
31.550356
 40
0.000000
 41
0.000000
 42
0.000000
  0
VERTEX
  8
PIN_TOP
 10
7.672070
 20
31.528766
 40
0.000000
 41
0.000000
 42
0.000000
  0
VERTEX
  8
PIN_TOP
 10
7.676388
 20
31.507430
 40
0.000000
 41
0.000000
 42
0.000000
  0
VERTEX
  8
PIN_TOP
 10
7.682992
 20
31.486856
 40
0.000000
 41
0.000000
 42
0.000000
  0
VERTEX
  8
PIN_TOP
 10
7.691882
 20
31.466790
 40
0.000000
 41
0.000000
 42
0.000000
  0
VERTEX
  8
PIN_TOP
 10
7.702550
 20
31.447994
 40
0.000000
 41
0.000000
 42
0.000000
  0
VERTEX
  8
PIN_TOP
 10
7.715250
 20
31.430468
 40
0.000000
 41
0.000000
 42
0.000000
  0
VERTEX
  8
PIN_TOP
 10
7.729728
 20
31.414212
 40
0.000000
 41
0.000000
 42
0.000000
  0
VERTEX
  8
PIN_TOP
 10
7.745984
 20
31.399480
 40
0.000000
 41
0.000000
 42
0.000000
  0
VERTEX
  8
PIN_TOP
 10
7.763510
 20
31.386780
 40
0.000000
 41
0.000000
 42
0.000000
  0
VERTEX
  8
PIN_TOP
 10
7.782306
 20
31.375858
 40
0.000000
 41
0.000000
 42
0.000000
  0
VERTEX
  8
PIN_TOP
 10
7.802118
 20
31.366968
 40
0.000000
 41
0.000000
 42
0.000000
  0
VERTEX
  8
PIN_TOP
 10
7.822946
 20
31.360110
 40
0.000000
 41
0.000000
 42
0.000000
  0
VERTEX
  8
PIN_TOP
 10
7.844282
 20
31.355792
 40
0.000000
 41
0.000000
 42
0.000000
  0
VERTEX
  8
PIN_TOP
 10
7.865872
 20
31.353506
 40
0.000000
 41
0.000000
 42
0.000000
  0
VERTEX
  8
PIN_TOP
 10
7.982458
 20
31.353506
 40
0.000000
 41
0.000000
 42
0.000000
  0
VERTEX
  8
PIN_TOP
 10
8.003794
 20
31.355538
 40
0.000000
 41
0.000000
 42
0.000000
  0
VERTEX
  8
PIN_TOP
 10
8.024876
 20
31.360110
 40
0.000000
 41
0.000000
 42
0.000000
  0
VERTEX
  8
PIN_TOP
 10
8.045450
 20
31.366714
 40
0.000000
 41
0.000000
 42
0.000000
  0
VERTEX
  8
PIN_TOP
 10
8.065008
 20
31.375350
 40
0.000000
 41
0.000000
 42
0.000000
  0
VERTEX
  8
PIN_TOP
 10
8.083804
 20
31.386018
 40
0.000000
 41
0.000000
 42
0.000000
  0
VERTEX
  8
PIN_TOP
 10
8.101330
 20
31.398464
 40
0.000000
 41
0.000000
 42
0.000000
  0
VERTEX
  8
PIN_TOP
 10
8.117332
 20
31.412688
 40
0.000000
 41
0.000000
 42
0.000000
  0
VERTEX
  8
PIN_TOP
 10
8.131810
 20
31.428690
 40
0.000000
 41
0.000000
 42
0.000000
  0
VERTEX
  8
PIN_TOP
 10
8.144510
 20
31.445962
 40
0.000000
 41
0.000000
 42
0.000000
  0
VERTEX
  8
PIN_TOP
 10
8.155432
 20
31.464504
 40
0.000000
 41
0.000000
 42
0.000000
  0
VERTEX
  8
PIN_TOP
 10
8.164576
 20
31.484062
 40
0.000000
 41
0.000000
 42
0.000000
  0
VERTEX
  8
PIN_TOP
 10
8.171434
 20
31.504382
 40
0.000000
 41
0.000000
 42
0.000000
  0
VERTEX
  8
PIN_TOP
 10
8.176006
 20
31.525464
 40
0.000000
 41
0.000000
 42
0.000000
  0
SEQEND
  0
POLYLINE
  8
PIN_TOP
 66
1
 70
1
 40
0.000000
 41
0.000000
 39
0.000000
  0
VERTEX
  8
PIN_TOP
 10
7.671054
 20
32.512000
 40
0.000000
 41
0.000000
 42
0.000000
  0
VERTEX
  8
PIN_TOP
 10
7.669784
 20
32.487870
 40
0.000000
 41
0.000000
 42
0.000000
  0
VERTEX
  8
PIN_TOP
 10
7.671054
 20
32.463994
 40
0.000000
 41
0.000000
 42
0.000000
  0
VERTEX
  8
PIN_TOP
 10
7.674102
 20
32.440118
 40
0.000000
 41
0.000000
 42
0.000000
  0
VERTEX
  8
PIN_TOP
 10
7.679436
 20
32.416496
 40
0.000000
 41
0.000000
 42
0.000000
  0
VERTEX
  8
PIN_TOP
 10
7.687056
 20
32.393636
 40
0.000000
 41
0.000000
 42
0.000000
  0
VERTEX
  8
PIN_TOP
 10
7.696454
 20
32.371538
 40
0.000000
 41
0.000000
 42
0.000000
  0
VERTEX
  8
PIN_TOP
 10
7.707884
 20
32.350456
 40
0.000000
 41
0.000000
 42
0.000000
  0
VERTEX
  8
PIN_TOP
 10
7.721092
 20
32.330390
 40
0.000000
 41
0.000000
 42
0.000000
  0
VERTEX
  8
PIN_TOP
 10
7.736332
 20
32.311594
 40
0.000000
 41
0.000000
 42
0.000000
  0
VERTEX
  8
PIN_TOP
 10
7.752842
 20
32.294068
 40
0.000000
 41
0.000000
 42
0.000000
  0
VERTEX
  8
PIN_TOP
 10
7.771130
 20
32.278320
 40
0.000000
 41
0.000000
 42
0.000000
  0
VERTEX
  8
PIN_TOP
 10
7.790688
 20
32.264350
 40
0.000000
 41
0.000000
 42
0.000000
  0
VERTEX
  8
PIN_TOP
 10
7.813548
 20
32.252920
 40
0.000000
 41
0.000000
 42
0.000000
  0
VERTEX
  8
PIN_TOP
 10
7.837424
 20
32.243776
 40
0.000000
 41
0.000000
 42
0.000000
  0
VERTEX
  8
PIN_TOP
 10
7.862062
 20
32.236918
 40
0.000000
 41
0.000000
 42
0.000000
  0
VERTEX
  8
PIN_TOP
 10
7.887208
 20
32.232092
 40
0.000000
 41
0.000000
 42
0.000000
  0
VERTEX
  8
PIN_TOP
 10
7.912608
 20
32.229806
 40
0.000000
 41
0.000000
 42
0.000000
  0
VERTEX
  8
PIN_TOP
 10
7.938008
 20
32.229806
 40
0.000000
 41
0.000000
 42
0.000000
  0
VERTEX
  8
PIN_TOP
 10
7.963408
 20
32.232092
 40
0.000000
 41
0.000000
 42
0.000000
  0
VERTEX
  8
PIN_TOP
 10
7.988554
 20
32.236918
 40
0.000000
 41
0.000000
 42
0.000000
  0
VERTEX
  8
PIN_TOP
 10
8.013192
 20
32.243776
 40
0.000000
 41
0.000000
 42
0.000000
  0
VERTEX
  8
PIN_TOP
 10
8.037068
 20
32.252920
 40
0.000000
 41
0.000000
 42
0.000000
  0
VERTEX
  8
PIN_TOP
 10
8.059928
 20
32.264350
 40
0.000000
 41
0.000000
 42
0.000000
  0
VERTEX
  8
PIN_TOP
 10
8.079740
 20
32.277812
 40
0.000000
 41
0.000000
 42
0.000000
  0
VERTEX
  8
PIN_TOP
 10
8.098282
 20
32.293052
 40
0.000000
 41
0.000000
 42
0.000000
  0
VERTEX
  8
PIN_TOP
 10
8.115300
 20
32.310070
 40
0.000000
 41
0.000000
 42
0.000000
  0
VERTEX
  8
PIN_TOP
 10
8.130540
 20
32.328866
 40
0.000000
 41
0.000000
 42
0.000000
  0
VERTEX
  8
PIN_TOP
 10
8.144002
 20
32.348678
 40
0.000000
 41
0.000000
 42
0.000000
  0
VERTEX
  8
PIN_TOP
 10
8.155432
 20
32.370014
 40
0.000000
 41
0.000000
 42
0.000000
  0
VERTEX
  8
PIN_TOP
 10
8.164830
 20
32.392112
 40
0.000000
 41
0.000000
 42
0.000000
  0
VERTEX
  8
PIN_TOP
 10
8.171942
 20
32.414972
 40
0.000000
 41
0.000000
 42
0.000000
  0
VERTEX
  8
PIN_TOP
 10
8.176768
 20
32.438594
 40
0.000000
 41
0.000000
 42
0.000000
  0
VERTEX
  8
PIN_TOP
 10
8.179308
 20
32.462470
 40
0.000000
 41
0.000000
 42
0.000000
  0
VERTEX
  8
PIN_TOP
 10
8.179562
 20
32.486600
 40
0.000000
 41
0.000000
 42
0.000000
  0
VERTEX
  8
PIN_TOP
 10
8.179816
 20
32.508444
 40
0.000000
 41
0.000000
 42
0.000000
  0
VERTEX
  8
PIN_TOP
 10
8.177530
 20
32.530034
 40
0.000000
 41
0.000000
 42
0.000000
  0
VERTEX
  8
PIN_TOP
 10
8.173212
 20
32.551370
 40
0.000000
 41
0.000000
 42
0.000000
  0
VERTEX
  8
PIN_TOP
 10
8.166608
 20
32.571944
 40
0.000000
 41
0.000000
 42
0.000000
  0
VERTEX
  8
PIN_TOP
 10
8.157718
 20
32.592010
 40
0.000000
 41
0.000000
 42
0.000000
  0
VERTEX
  8
PIN_TOP
 10
8.147050
 20
32.610806
 40
0.000000
 41
0.000000
 42
0.000000
  0
VERTEX
  8
PIN_TOP
 10
8.134350
 20
32.628332
 40
0.000000
 41
0.000000
 42
0.000000
  0
VERTEX
  8
PIN_TOP
 10
8.119872
 20
32.644588
 40
0.000000
 41
0.000000
 42
0.000000
  0
VERTEX
  8
PIN_TOP
 10
8.103616
 20
32.659320
 40
0.000000
 41
0.000000
 42
0.000000
  0
VERTEX
  8
PIN_TOP
 10
8.086090
 20
32.672020
 40
0.000000
 41
0.000000
 42
0.000000
  0
VERTEX
  8
PIN_TOP
 10
8.067294
 20
32.682942
 40
0.000000
 41
0.000000
 42
0.000000
  0
VERTEX
  8
PIN_TOP
 10
8.047482
 20
32.691832
 40
0.000000
 41
0.000000
 42
0.000000
  0
VERTEX
  8
PIN_TOP
 10
8.026654
 20
32.698690
 40
0.000000
 41
0.000000
 42
0.000000
  0
VERTEX
  8
PIN_TOP
 10
8.005318
 20
32.703008
 40
0.000000
 41
0.000000
 42
0.000000
  0
VERTEX
  8
PIN_TOP
 10
7.983728
 20
32.705294
 40
0.000000
 41
0.000000
 42
0.000000
  0
VERTEX
  8
PIN_TOP
 10
7.867142
 20
32.705294
 40
0.000000
 41
0.000000
 42
0.000000
  0
VERTEX
  8
PIN_TOP
 10
7.845806
 20
32.703262
 40
0.000000
 41
0.000000
 42
0.000000
  0
VERTEX
  8
PIN_TOP
 10
7.824724
 20
32.698690
 40
0.000000
 41
0.000000
 42
0.000000
  0
VERTEX
  8
PIN_TOP
 10
7.804150
 20
32.692086
 40
0.000000
 41
0.000000
 42
0.000000
  0
VERTEX
  8
PIN_TOP
 10
7.784592
 20
32.683450
 40
0.000000
 41
0.000000
 42
0.000000
  0
VERTEX
  8
PIN_TOP
 10
7.765796
 20
32.672782
 40
0.000000
 41
0.000000
 42
0.000000
  0
VERTEX
  8
PIN_TOP
 10
7.748270
 20
32.660336
 40
0.000000
 41
0.000000
 42
0.000000
  0
VERTEX
  8
PIN_TOP
 10
7.732268
 20
32.646112
 40
0.000000
 41
0.000000
 42
0.000000
  0
VERTEX
  8
PIN_TOP
 10
7.717790
 20
32.630110
 40
0.000000
 41
0.000000
 42
0.000000
  0
VERTEX
  8
PIN_TOP
 10
7.705090
 20
32.612838
 40
0.000000
 41
0.000000
 42
0.000000
  0
VERTEX
  8
PIN_TOP
 10
7.694168
 20
32.594296
 40
0.000000
 41
0.000000
 42
0.000000
  0
VERTEX
  8
PIN_TOP
 10
7.685024
 20
32.574738
 40
0.000000
 41
0.000000
 42
0.000000
  0
VERTEX
  8
PIN_TOP
 10
7.678166
 20
32.554418
 40
0.000000
 41
0.000000
 42
0.000000
  0
VERTEX
  8
PIN_TOP
 10
7.673594
 20
32.533336
 40
0.000000
 41
0.000000
 42
0.000000
  0
SEQEND
  0
POLYLINE
  8
PIN_TOP
 66
1
 70
1
 40
0.000000
 41
0.000000
 39
0.000000
  0
VERTEX
  8
PIN_TOP
 10
2.104390
 20
27.102562
 40
0.000000
 41
0.000000
 42
0.000000
  0
VERTEX
  8
PIN_TOP
 10
2.104390
 20
28.202636
 40
0.000000
 41
0.000000
 42
0.000000
  0
VERTEX
  8
PIN_TOP
 10
2.904490
 20
28.202636
 40
0.000000
 41
0.000000
 42
0.000000
  0
VERTEX
  8
PIN_TOP
 10
2.904490
 20
27.102562
 40
0.000000
 41
0.000000
 42
0.000000
  0
SEQEND
  0
POLYLINE
  8
PIN_TOP
 66
1
 70
1
 40
0.000000
 41
0.000000
 39
0.000000
  0
VERTEX
  8
PIN_TOP
 10
4.004310
 20
27.102562
 40
0.000000
 41
0.000000
 42
0.000000
  0
VERTEX
  8
PIN_TOP
 10
4.004310
 20
28.202636
 40
0.000000
 41
0.000000
 42
0.000000
  0
VERTEX
  8
PIN_TOP
 10
4.804410
 20
28.202636
 40
0.000000
 41
0.000000
 42
0.000000
  0
VERTEX
  8
PIN_TOP
 10
4.804410
 20
27.102562
 40
0.000000
 41
0.000000
 42
0.000000
  0
SEQEND
  0
POLYLINE
  8
PIN_TOP
 66
1
 70
1
 40
0.000000
 41
0.000000
 39
0.000000
  0
VERTEX
  8
PIN_TOP
 10
3.054350
 20
29.302710
 40
0.000000
 41
0.000000
 42
0.000000
  0
VERTEX
  8
PIN_TOP
 10
3.054350
 20
30.402784
 40
0.000000
 41
0.000000
 42
0.000000
  0
VERTEX
  8
PIN_TOP
 10
3.854450
 20
30.402784
 40
0.000000
 41
0.000000
 42
0.000000
  0
VERTEX
  8
PIN_TOP
 10
3.854450
 20
29.302710
 40
0.000000
 41
0.000000
 42
0.000000
  0
SEQEND
  0
CIRCLE
  8
PIN_TOP
 10
3.657092
 20
24.477980
 40
0.149860
  0
CIRCLE
  8
PIN_TOP
 10
4.457192
 20
24.477980
 40
0.149860
  0
CIRCLE
  8
PIN_TOP
 10
5.257038
 20
24.477980
 40
0.149860
  0
CIRCLE
  8
PIN_TOP
 10
6.057138
 20
24.477980
 40
0.149860
  0
CIRCLE
  8
PIN_TOP
 10
6.857238
 20
24.477980
 40
0.149860
  0
CIRCLE
  8
PIN_TOP
 10
9.257030
 20
24.477980
 40
0.149860
  0
CIRCLE
  8
PIN_TOP
 10
10.057130
 20
24.477980
 40
0.149860
  0
CIRCLE
  8
PIN_TOP
 10
10.857230
 20
24.477980
 40
0.149860
  0
CIRCLE
  8
PIN_TOP
 10
11.657076
 20
24.477980
 40
0.149860
  0
CIRCLE
  8
PIN_TOP
 10
12.457176
 20
24.477980
 40
0.149860
  0
CIRCLE
  8
PIN_TOP
 10
3.657092
 20
23.827994
 40
0.149860
  0
CIRCLE
  8
PIN_TOP
 10
4.457192
 20
23.827994
 40
0.149860
  0
CIRCLE
  8
PIN_TOP
 10
5.257038
 20
23.827994
 40
0.149860
  0
CIRCLE
  8
PIN_TOP
 10
6.057138
 20
23.827994
 40
0.149860
  0
CIRCLE
  8
PIN_TOP
 10
6.857238
 20
23.827994
 40
0.149860
  0
CIRCLE
  8
PIN_TOP
 10
9.257030
 20
23.827994
 40
0.149860
  0
CIRCLE
  8
PIN_TOP
 10
10.057130
 20
23.827994
 40
0.149860
  0
CIRCLE
  8
PIN_TOP
 10
10.857230
 20
23.827994
 40
0.149860
  0
CIRCLE
  8
PIN_TOP
 10
11.657076
 20
23.827994
 40
0.149860
  0
CIRCLE
  8
PIN_TOP
 10
12.457176
 20
23.827994
 40
0.149860
  0
CIRCLE
  8
PIN_TOP
 10
3.657092
 20
23.178008
 40
0.149860
  0
CIRCLE
  8
PIN_TOP
 10
4.457192
 20
23.178008
 40
0.149860
  0
CIRCLE
  8
PIN_TOP
 10
5.257038
 20
23.178008
 40
0.149860
  0
CIRCLE
  8
PIN_TOP
 10
6.057138
 20
23.178008
 40
0.149860
  0
CIRCLE
  8
PIN_TOP
 10
6.857238
 20
23.178008
 40
0.149860
  0
CIRCLE
  8
PIN_TOP
 10
9.257030
 20
23.178008
 40
0.149860
  0
CIRCLE
  8
PIN_TOP
 10
10.057130
 20
23.178008
 40
0.149860
  0
CIRCLE
  8
PIN_TOP
 10
10.857230
 20
23.178008
 40
0.149860
  0
CIRCLE
  8
PIN_TOP
 10
11.657076
 20
23.178008
 40
0.149860
  0
CIRCLE
  8
PIN_TOP
 10
12.457176
 20
23.178008
 40
0.149860
  0
CIRCLE
  8
PIN_TOP
 10
3.657092
 20
22.528022
 40
0.149860
  0
CIRCLE
  8
PIN_TOP
 10
4.457192
 20
22.528022
 40
0.149860
  0
CIRCLE
  8
PIN_TOP
 10
5.257038
 20
22.528022
 40
0.149860
  0
CIRCLE
  8
PIN_TOP
 10
6.057138
 20
22.528022
 40
0.149860
  0
CIRCLE
  8
PIN_TOP
 10
6.857238
 20
22.528022
 40
0.149860
  0
CIRCLE
  8
PIN_TOP
 10
9.257030
 20
22.528022
 40
0.149860
  0
CIRCLE
  8
PIN_TOP
 10
10.057130
 20
22.528022
 40
0.149860
  0
CIRCLE
  8
PIN_TOP
 10
10.857230
 20
22.528022
 40
0.149860
  0
CIRCLE
  8
PIN_TOP
 10
11.657076
 20
22.528022
 40
0.149860
  0
CIRCLE
  8
PIN_TOP
 10
12.457176
 20
22.528022
 40
0.149860
  0
CIRCLE
  8
PIN_TOP
 10
3.657092
 20
21.878036
 40
0.149860
  0
CIRCLE
  8
PIN_TOP
 10
4.457192
 20
21.878036
 40
0.149860
  0
CIRCLE
  8
PIN_TOP
 10
5.257038
 20
21.878036
 40
0.149860
  0
CIRCLE
  8
PIN_TOP
 10
6.057138
 20
21.878036
 40
0.149860
  0
CIRCLE
  8
PIN_TOP
 10
6.857238
 20
21.878036
 40
0.149860
  0
CIRCLE
  8
PIN_TOP
 10
9.257030
 20
21.878036
 40
0.149860
  0
CIRCLE
  8
PIN_TOP
 10
10.057130
 20
21.878036
 40
0.149860
  0
CIRCLE
  8
PIN_TOP
 10
10.857230
 20
21.878036
 40
0.149860
  0
CIRCLE
  8
PIN_TOP
 10
11.657076
 20
21.878036
 40
0.149860
  0
CIRCLE
  8
PIN_TOP
 10
12.457176
 20
21.878036
 40
0.149860
  0
CIRCLE
  8
PIN_TOP
 10
3.657092
 20
21.228050
 40
0.149860
  0
CIRCLE
  8
PIN_TOP
 10
4.457192
 20
21.228050
 40
0.149860
  0
CIRCLE
  8
PIN_TOP
 10
5.257038
 20
21.228050
 40
0.149860
  0
CIRCLE
  8
PIN_TOP
 10
6.057138
 20
21.228050
 40
0.149860
  0
CIRCLE
  8
PIN_TOP
 10
6.857238
 20
21.228050
 40
0.149860
  0
CIRCLE
  8
PIN_TOP
 10
9.257030
 20
21.228050
 40
0.149860
  0
CIRCLE
  8
PIN_TOP
 10
10.057130
 20
21.228050
 40
0.149860
  0
CIRCLE
  8
PIN_TOP
 10
10.857230
 20
21.228050
 40
0.149860
  0
CIRCLE
  8
PIN_TOP
 10
11.657076
 20
21.228050
 40
0.149860
  0
CIRCLE
  8
PIN_TOP
 10
12.457176
 20
21.228050
 40
0.149860
  0
CIRCLE
  8
PIN_TOP
 10
3.657092
 20
20.578064
 40
0.149860
  0
CIRCLE
  8
PIN_TOP
 10
4.457192
 20
20.578064
 40
0.149860
  0
CIRCLE
  8
PIN_TOP
 10
5.257038
 20
20.578064
 40
0.149860
  0
CIRCLE
  8
PIN_TOP
 10
6.057138
 20
20.578064
 40
0.149860
  0
CIRCLE
  8
PIN_TOP
 10
6.857238
 20
20.578064
 40
0.149860
  0
CIRCLE
  8
PIN_TOP
 10
9.257030
 20
20.578064
 40
0.149860
  0
CIRCLE
  8
PIN_TOP
 10
10.057130
 20
20.578064
 40
0.149860
  0
CIRCLE
  8
PIN_TOP
 10
10.857230
 20
20.578064
 40
0.149860
  0
CIRCLE
  8
PIN_TOP
 10
11.657076
 20
20.578064
 40
0.149860
  0
CIRCLE
  8
PIN_TOP
 10
12.457176
 20
20.578064
 40
0.149860
  0
CIRCLE
  8
PIN_TOP
 10
3.657092
 20
19.928078
 40
0.149860
  0
CIRCLE
  8
PIN_TOP
 10
4.457192
 20
19.928078
 40
0.149860
  0
CIRCLE
  8
PIN_TOP
 10
5.257038
 20
19.928078
 40
0.149860
  0
CIRCLE
  8
PIN_TOP
 10
6.057138
 20
19.928078
 40
0.149860
  0
CIRCLE
  8
PIN_TOP
 10
6.857238
 20
19.928078
 40
0.149860
  0
CIRCLE
  8
PIN_TOP
 10
9.257030
 20
19.928078
 40
0.149860
  0
CIRCLE
  8
PIN_TOP
 10
10.057130
 20
19.928078
 40
0.149860
  0
CIRCLE
  8
PIN_TOP
 10
10.857230
 20
19.928078
 40
0.149860
  0
CIRCLE
  8
PIN_TOP
 10
11.657076
 20
19.928078
 40
0.149860
  0
CIRCLE
  8
PIN_TOP
 10
12.457176
 20
19.928078
 40
0.149860
  0
CIRCLE
  8
PIN_TOP
 10
3.657092
 20
19.278092
 40
0.149860
  0
CIRCLE
  8
PIN_TOP
 10
4.457192
 20
19.278092
 40
0.149860
  0
CIRCLE
  8
PIN_TOP
 10
5.257038
 20
19.278092
 40
0.149860
  0
CIRCLE
  8
PIN_TOP
 10
6.057138
 20
19.278092
 40
0.149860
  0
CIRCLE
  8
PIN_TOP
 10
6.857238
 20
19.278092
 40
0.149860
  0
CIRCLE
  8
PIN_TOP
 10
9.257030
 20
19.278092
 40
0.149860
  0
CIRCLE
  8
PIN_TOP
 10
10.057130
 20
19.278092
 40
0.149860
  0
CIRCLE
  8
PIN_TOP
 10
10.857230
 20
19.278092
 40
0.149860
  0
CIRCLE
  8
PIN_TOP
 10
11.657076
 20
19.278092
 40
0.149860
  0
CIRCLE
  8
PIN_TOP
 10
12.457176
 20
19.278092
 40
0.149860
  0
CIRCLE
  8
PIN_TOP
 10
3.657092
 20
18.628106
 40
0.149860
  0
CIRCLE
  8
PIN_TOP
 10
4.457192
 20
18.628106
 40
0.149860
  0
CIRCLE
  8
PIN_TOP
 10
5.257038
 20
18.628106
 40
0.149860
  0
CIRCLE
  8
PIN_TOP
 10
6.057138
 20
18.628106
 40
0.149860
  0
CIRCLE
  8
PIN_TOP
 10
6.857238
 20
18.628106
 40
0.149860
  0
CIRCLE
  8
PIN_TOP
 10
9.257030
 20
18.628106
 40
0.149860
  0
CIRCLE
  8
PIN_TOP
 10
10.057130
 20
18.628106
 40
0.149860
  0
CIRCLE
  8
PIN_TOP
 10
10.857230
 20
18.628106
 40
0.149860
  0
CIRCLE
  8
PIN_TOP
 10
11.657076
 20
18.628106
 40
0.149860
  0
CIRCLE
  8
PIN_TOP
 10
12.457176
 20
18.628106
 40
0.149860
  0
CIRCLE
  8
PIN_TOP
 10
3.657092
 20
16.677894
 40
0.149860
  0
CIRCLE
  8
PIN_TOP
 10
4.457192
 20
16.677894
 40
0.149860
  0
CIRCLE
  8
PIN_TOP
 10
5.257038
 20
16.677894
 40
0.149860
  0
CIRCLE
  8
PIN_TOP
 10
6.057138
 20
16.677894
 40
0.149860
  0
CIRCLE
  8
PIN_TOP
 10
6.857238
 20
16.677894
 40
0.149860
  0
CIRCLE
  8
PIN_TOP
 10
9.257030
 20
16.677894
 40
0.149860
  0
CIRCLE
  8
PIN_TOP
 10
10.057130
 20
16.677894
 40
0.149860
  0
CIRCLE
  8
PIN_TOP
 10
10.857230
 20
16.677894
 40
0.149860
  0
CIRCLE
  8
PIN_TOP
 10
11.657076
 20
16.677894
 40
0.149860
  0
CIRCLE
  8
PIN_TOP
 10
12.457176
 20
16.677894
 40
0.149860
  0
CIRCLE
  8
PIN_TOP
 10
3.657092
 20
16.027908
 40
0.149860
  0
CIRCLE
  8
PIN_TOP
 10
4.457192
 20
16.027908
 40
0.149860
  0
CIRCLE
  8
PIN_TOP
 10
5.257038
 20
16.027908
 40
0.149860
  0
CIRCLE
  8
PIN_TOP
 10
6.057138
 20
16.027908
 40
0.149860
  0
CIRCLE
  8
PIN_TOP
 10
6.857238
 20
16.027908
 40
0.149860
  0
CIRCLE
  8
PIN_TOP
 10
9.257030
 20
16.027908
 40
0.149860
  0
CIRCLE
  8
PIN_TOP
 10
10.057130
 20
16.027908
 40
0.149860
  0
CIRCLE
  8
PIN_TOP
 10
10.857230
 20
16.027908
 40
0.149860
  0
CIRCLE
  8
PIN_TOP
 10
11.657076
 20
16.027908
 40
0.149860
  0
CIRCLE
  8
PIN_TOP
 10
12.457176
 20
16.027908
 40
0.149860
  0
CIRCLE
  8
PIN_TOP
 10
3.657092
 20
15.377922
 40
0.149860
  0
CIRCLE
  8
PIN_TOP
 10
4.457192
 20
15.377922
 40
0.149860
  0
CIRCLE
  8
PIN_TOP
 10
5.257038
 20
15.377922
 40
0.149860
  0
CIRCLE
  8
PIN_TOP
 10
6.057138
 20
15.377922
 40
0.149860
  0
CIRCLE
  8
PIN_TOP
 10
6.857238
 20
15.377922
 40
0.149860
  0
CIRCLE
  8
PIN_TOP
 10
9.257030
 20
15.377922
 40
0.149860
  0
CIRCLE
  8
PIN_TOP
 10
10.057130
 20
15.377922
 40
0.149860
  0
CIRCLE
  8
PIN_TOP
 10
10.857230
 20
15.377922
 40
0.149860
  0
CIRCLE
  8
PIN_TOP
 10
11.657076
 20
15.377922
 40
0.149860
  0
CIRCLE
  8
PIN_TOP
 10
12.457176
 20
15.377922
 40
0.149860
  0
CIRCLE
  8
PIN_TOP
 10
3.657092
 20
14.727936
 40
0.149860
  0
CIRCLE
  8
PIN_TOP
 10
4.457192
 20
14.727936
 40
0.149860
  0
CIRCLE
  8
PIN_TOP
 10
5.257038
 20
14.727936
 40
0.149860
  0
CIRCLE
  8
PIN_TOP
 10
6.057138
 20
14.727936
 40
0.149860
  0
CIRCLE
  8
PIN_TOP
 10
6.857238
 20
14.727936
 40
0.149860
  0
CIRCLE
  8
PIN_TOP
 10
9.257030
 20
14.727936
 40
0.149860
  0
CIRCLE
  8
PIN_TOP
 10
10.057130
 20
14.727936
 40
0.149860
  0
CIRCLE
  8
PIN_TOP
 10
10.857230
 20
14.727936
 40
0.149860
  0
CIRCLE
  8
PIN_TOP
 10
11.657076
 20
14.727936
 40
0.149860
  0
CIRCLE
  8
PIN_TOP
 10
12.457176
 20
14.727936
 40
0.149860
  0
CIRCLE
  8
PIN_TOP
 10
3.657092
 20
14.077950
 40
0.149860
  0
CIRCLE
  8
PIN_TOP
 10
4.457192
 20
14.077950
 40
0.149860
  0
CIRCLE
  8
PIN_TOP
 10
5.257038
 20
14.077950
 40
0.149860
  0
CIRCLE
  8
PIN_TOP
 10
6.057138
 20
14.077950
 40
0.149860
  0
CIRCLE
  8
PIN_TOP
 10
6.857238
 20
14.077950
 40
0.149860
  0
CIRCLE
  8
PIN_TOP
 10
9.257030
 20
14.077950
 40
0.149860
  0
CIRCLE
  8
PIN_TOP
 10
10.057130
 20
14.077950
 40
0.149860
  0
CIRCLE
  8
PIN_TOP
 10
10.857230
 20
14.077950
 40
0.149860
  0
CIRCLE
  8
PIN_TOP
 10
11.657076
 20
14.077950
 40
0.149860
  0
CIRCLE
  8
PIN_TOP
 10
12.457176
 20
14.077950
 40
0.149860
  0
CIRCLE
  8
PIN_TOP
 10
3.657092
 20
13.427964
 40
0.149860
  0
CIRCLE
  8
PIN_TOP
 10
4.457192
 20
13.427964
 40
0.149860
  0
CIRCLE
  8
PIN_TOP
 10
5.257038
 20
13.427964
 40
0.149860
  0
CIRCLE
  8
PIN_TOP
 10
6.057138
 20
13.427964
 40
0.149860
  0
CIRCLE
  8
PIN_TOP
 10
6.857238
 20
13.427964
 40
0.149860
  0
CIRCLE
  8
PIN_TOP
 10
9.257030
 20
13.427964
 40
0.149860
  0
CIRCLE
  8
PIN_TOP
 10
10.057130
 20
13.427964
 40
0.149860
  0
CIRCLE
  8
PIN_TOP
 10
10.857230
 20
13.427964
 40
0.149860
  0
CIRCLE
  8
PIN_TOP
 10
11.657076
 20
13.427964
 40
0.149860
  0
CIRCLE
  8
PIN_TOP
 10
12.457176
 20
13.427964
 40
0.149860
  0
CIRCLE
  8
PIN_TOP
 10
3.657092
 20
12.777978
 40
0.149860
  0
CIRCLE
  8
PIN_TOP
 10
4.457192
 20
12.777978
 40
0.149860
  0
CIRCLE
  8
PIN_TOP
 10
5.257038
 20
12.777978
 40
0.149860
  0
CIRCLE
  8
PIN_TOP
 10
6.057138
 20
12.777978
 40
0.149860
  0
CIRCLE
  8
PIN_TOP
 10
6.857238
 20
12.777978
 40
0.149860
  0
CIRCLE
  8
PIN_TOP
 10
9.257030
 20
12.777978
 40
0.149860
  0
CIRCLE
  8
PIN_TOP
 10
10.057130
 20
12.777978
 40
0.149860
  0
CIRCLE
  8
PIN_TOP
 10
10.857230
 20
12.777978
 40
0.149860
  0
CIRCLE
  8
PIN_TOP
 10
11.657076
 20
12.777978
 40
0.149860
  0
CIRCLE
  8
PIN_TOP
 10
12.457176
 20
12.777978
 40
0.149860
  0
CIRCLE
  8
PIN_TOP
 10
3.657092
 20
12.127992
 40
0.149860
  0
CIRCLE
  8
PIN_TOP
 10
4.457192
 20
12.127992
 40
0.149860
  0
CIRCLE
  8
PIN_TOP
 10
5.257038
 20
12.127992
 40
0.149860
  0
CIRCLE
  8
PIN_TOP
 10
6.057138
 20
12.127992
 40
0.149860
  0
CIRCLE
  8
PIN_TOP
 10
6.857238
 20
12.127992
 40
0.149860
  0
CIRCLE
  8
PIN_TOP
 10
9.257030
 20
12.127992
 40
0.149860
  0
CIRCLE
  8
PIN_TOP
 10
10.057130
 20
12.127992
 40
0.149860
  0
CIRCLE
  8
PIN_TOP
 10
10.857230
 20
12.127992
 40
0.149860
  0
CIRCLE
  8
PIN_TOP
 10
11.657076
 20
12.127992
 40
0.149860
  0
CIRCLE
  8
PIN_TOP
 10
12.457176
 20
12.127992
 40
0.149860
  0
CIRCLE
  8
PIN_TOP
 10
3.657092
 20
11.478006
 40
0.149860
  0
CIRCLE
  8
PIN_TOP
 10
4.457192
 20
11.478006
 40
0.149860
  0
CIRCLE
  8
PIN_TOP
 10
5.257038
 20
11.478006
 40
0.149860
  0
CIRCLE
  8
PIN_TOP
 10
6.057138
 20
11.478006
 40
0.149860
  0
CIRCLE
  8
PIN_TOP
 10
6.857238
 20
11.478006
 40
0.149860
  0
CIRCLE
  8
PIN_TOP
 10
9.257030
 20
11.478006
 40
0.149860
  0
CIRCLE
  8
PIN_TOP
 10
10.057130
 20
11.478006
 40
0.149860
  0
CIRCLE
  8
PIN_TOP
 10
10.857230
 20
11.478006
 40
0.149860
  0
CIRCLE
  8
PIN_TOP
 10
11.657076
 20
11.478006
 40
0.149860
  0
CIRCLE
  8
PIN_TOP
 10
12.457176
 20
11.478006
 40
0.149860
  0
CIRCLE
  8
PIN_TOP
 10
3.657092
 20
10.828020
 40
0.149860
  0
CIRCLE
  8
PIN_TOP
 10
4.457192
 20
10.828020
 40
0.149860
  0
CIRCLE
  8
PIN_TOP
 10
5.257038
 20
10.828020
 40
0.149860
  0
CIRCLE
  8
PIN_TOP
 10
6.057138
 20
10.828020
 40
0.149860
  0
CIRCLE
  8
PIN_TOP
 10
6.857238
 20
10.828020
 40
0.149860
  0
CIRCLE
  8
PIN_TOP
 10
9.257030
 20
10.828020
 40
0.149860
  0
CIRCLE
  8
PIN_TOP
 10
10.057130
 20
10.828020
 40
0.149860
  0
CIRCLE
  8
PIN_TOP
 10
10.857230
 20
10.828020
 40
0.149860
  0
CIRCLE
  8
PIN_TOP
 10
11.657076
 20
10.828020
 40
0.149860
  0
CIRCLE
  8
PIN_TOP
 10
12.457176
 20
10.828020
 40
0.149860
  0
CIRCLE
  8
PIN_TOP
 10
19.975322
 20
24.952198
 40
0.105029
  0
CIRCLE
  8
PIN_TOP
 10
20.395438
 20
24.952198
 40
0.105029
  0
CIRCLE
  8
PIN_TOP
 10
21.235416
 20
24.952198
 40
0.105029
  0
CIRCLE
  8
PIN_TOP
 10
21.655532
 20
24.952198
 40
0.105029
  0
CIRCLE
  8
PIN_TOP
 10
22.495510
 20
24.952198
 40
0.105029
  0
CIRCLE
  8
PIN_TOP
 10
22.915372
 20
24.952198
 40
0.105029
  0
CIRCLE
  8
PIN_TOP
 10
23.755350
 20
24.952198
 40
0.105029
  0
CIRCLE
  8
PIN_TOP
 10
24.175466
 20
24.952198
 40
0.105029
  0
CIRCLE
  8
PIN_TOP
 10
25.015444
 20
24.952198
 40
0.105029
  0
CIRCLE
  8
PIN_TOP
 10
25.435306
 20
24.952198
 40
0.105029
  0
CIRCLE
  8
PIN_TOP
 10
26.275284
 20
24.952198
 40
0.105029
  0
CIRCLE
  8
PIN_TOP
 10
26.695400
 20
24.952198
 40
0.105029
  0
CIRCLE
  8
PIN_TOP
 10
27.535378
 20
24.952198
 40
0.105029
  0
CIRCLE
  8
PIN_TOP
 10
27.955494
 20
24.952198
 40
0.105029
  0
CIRCLE
  8
PIN_TOP
 10
28.795472
 20
24.952198
 40
0.105029
  0
CIRCLE
  8
PIN_TOP
 10
29.215334
 20
24.952198
 40
0.105029
  0
CIRCLE
  8
PIN_TOP
 10
30.055312
 20
24.952198
 40
0.105029
  0
CIRCLE
  8
PIN_TOP
 10
30.475428
 20
24.952198
 40
0.105029
  0
CIRCLE
  8
PIN_TOP
 10
31.315406
 20
24.952198
 40
0.105029
  0
CIRCLE
  8
PIN_TOP
 10
31.735268
 20
24.952198
 40
0.105029
  0
CIRCLE
  8
PIN_TOP
 10
32.575500
 20
24.952198
 40
0.105029
  0
CIRCLE
  8
PIN_TOP
 10
32.995362
 20
24.952198
 40
0.105029
  0
CIRCLE
  8
PIN_TOP
 10
33.415478
 20
24.952198
 40
0.105029
  0
CIRCLE
  8
PIN_TOP
 10
19.975322
 20
24.532336
 40
0.105029
  0
CIRCLE
  8
PIN_TOP
 10
20.395438
 20
24.532336
 40
0.105029
  0
CIRCLE
  8
PIN_TOP
 10
20.815300
 20
24.532336
 40
0.105029
  0
CIRCLE
  8
PIN_TOP
 10
21.235416
 20
24.532336
 40
0.105029
  0
CIRCLE
  8
PIN_TOP
 10
21.655532
 20
24.532336
 40
0.105029
  0
CIRCLE
  8
PIN_TOP
 10
22.075394
 20
24.532336
 40
0.105029
  0
CIRCLE
  8
PIN_TOP
 10
22.495510
 20
24.532336
 40
0.105029
  0
CIRCLE
  8
PIN_TOP
 10
22.915372
 20
24.532336
 40
0.105029
  0
CIRCLE
  8
PIN_TOP
 10
23.335488
 20
24.532336
 40
0.105029
  0
CIRCLE
  8
PIN_TOP
 10
23.755350
 20
24.532336
 40
0.105029
  0
CIRCLE
  8
PIN_TOP
 10
24.175466
 20
24.532336
 40
0.105029
  0
CIRCLE
  8
PIN_TOP
 10
24.595328
 20
24.532336
 40
0.105029
  0
CIRCLE
  8
PIN_TOP
 10
25.015444
 20
24.532336
 40
0.105029
  0
CIRCLE
  8
PIN_TOP
 10
25.435306
 20
24.532336
 40
0.105029
  0
CIRCLE
  8
PIN_TOP
 10
25.855422
 20
24.532336
 40
0.105029
  0
CIRCLE
  8
PIN_TOP
 10
26.275284
 20
24.532336
 40
0.105029
  0
CIRCLE
  8
PIN_TOP
 10
26.695400
 20
24.532336
 40
0.105029
  0
CIRCLE
  8
PIN_TOP
 10
27.115516
 20
24.532336
 40
0.105029
  0
CIRCLE
  8
PIN_TOP
 10
27.535378
 20
24.532336
 40
0.105029
  0
CIRCLE
  8
PIN_TOP
 10
27.955494
 20
24.532336
 40
0.105029
  0
CIRCLE
  8
PIN_TOP
 10
28.375356
 20
24.532336
 40
0.105029
  0
CIRCLE
  8
PIN_TOP
 10
28.795472
 20
24.532336
 40
0.105029
  0
CIRCLE
  8
PIN_TOP
 10
29.215334
 20
24.532336
 40
0.105029
  0
CIRCLE
  8
PIN_TOP
 10
29.635450
 20
24.532336
 40
0.105029
  0
CIRCLE
  8
PIN_TOP
 10
30.055312
 20
24.532336
 40
0.105029
  0
CIRCLE
  8
PIN_TOP
 10
30.475428
 20
24.532336
 40
0.105029
  0
CIRCLE
  8
PIN_TOP
 10
30.895290
 20
24.532336
 40
0.105029
  0
CIRCLE
  8
PIN_TOP
 10
31.315406
 20
24.532336
 40
0.105029
  0
CIRCLE
  8
PIN_TOP
 10
31.735268
 20
24.532336
 40
0.105029
  0
CIRCLE
  8
PIN_TOP
 10
32.155384
 20
24.532336
 40
0.105029
  0
CIRCLE
  8
PIN_TOP
 10
32.575500
 20
24.532336
 40
0.105029
  0
CIRCLE
  8
PIN_TOP
 10
32.995362
 20
24.532336
 40
0.105029
  0
CIRCLE
  8
PIN_TOP
 10
33.415478
 20
24.532336
 40
0.105029
  0
CIRCLE
  8
PIN_TOP
 10
19.975322
 20
24.112220
 40
0.105029
  0
CIRCLE
  8
PIN_TOP
 10
20.395438
 20
24.112220
 40
0.105029
  0
CIRCLE
  8
PIN_TOP
 10
32.995362
 20
24.112220
 40
0.105029
  0
CIRCLE
  8
PIN_TOP
 10
20.395438
 20
23.692104
 40
0.105029
  0
CIRCLE
  8
PIN_TOP
 10
32.995362
 20
23.692104
 40
0.105029
  0
CIRCLE
  8
PIN_TOP
 10
33.415478
 20
23.692104
 40
0.105029
  0
CIRCLE
  8
PIN_TOP
 10
19.975322
 20
23.272242
 40
0.105029
  0
CIRCLE
  8
PIN_TOP
 10
20.395438
 20
23.272242
 40
0.105029
  0
CIRCLE
  8
PIN_TOP
 10
32.995362
 20
23.272242
 40
0.105029
  0
CIRCLE
  8
PIN_TOP
 10
33.415478
 20
23.272242
 40
0.105029
  0
CIRCLE
  8
PIN_TOP
 10
19.975322
 20
22.852126
 40
0.105029
  0
CIRCLE
  8
PIN_TOP
 10
20.395438
 20
22.852126
 40
0.105029
  0
CIRCLE
  8
PIN_TOP
 10
32.995362
 20
22.852126
 40
0.105029
  0
CIRCLE
  8
PIN_TOP
 10
20.395438
 20
22.432264
 40
0.105029
  0
CIRCLE
  8
PIN_TOP
 10
32.995362
 20
22.432264
 40
0.105029
  0
CIRCLE
  8
PIN_TOP
 10
33.415478
 20
22.432264
 40
0.105029
  0
CIRCLE
  8
PIN_TOP
 10
19.975322
 20
22.012148
 40
0.105029
  0
CIRCLE
  8
PIN_TOP
 10
20.395438
 20
22.012148
 40
0.105029
  0
CIRCLE
  8
PIN_TOP
 10
32.995362
 20
22.012148
 40
0.105029
  0
CIRCLE
  8
PIN_TOP
 10
33.415478
 20
22.012148
 40
0.105029
  0
CIRCLE
  8
PIN_TOP
 10
19.975322
 20
21.592286
 40
0.105029
  0
CIRCLE
  8
PIN_TOP
 10
20.395438
 20
21.592286
 40
0.105029
  0
CIRCLE
  8
PIN_TOP
 10
32.995362
 20
21.592286
 40
0.105029
  0
CIRCLE
  8
PIN_TOP
 10
20.395438
 20
21.172170
 40
0.105029
  0
CIRCLE
  8
PIN_TOP
 10
32.995362
 20
21.172170
 40
0.105029
  0
CIRCLE
  8
PIN_TOP
 10
33.415478
 20
21.172170
 40
0.105029
  0
CIRCLE
  8
PIN_TOP
 10
19.975322
 20
20.752308
 40
0.105029
  0
CIRCLE
  8
PIN_TOP
 10
20.395438
 20
20.752308
 40
0.105029
  0
CIRCLE
  8
PIN_TOP
 10
32.995362
 20
20.752308
 40
0.105029
  0
CIRCLE
  8
PIN_TOP
 10
33.415478
 20
20.752308
 40
0.105029
  0
CIRCLE
  8
PIN_TOP
 10
19.975322
 20
20.332192
 40
0.105029
  0
CIRCLE
  8
PIN_TOP
 10
20.395438
 20
20.332192
 40
0.105029
  0
CIRCLE
  8
PIN_TOP
 10
32.995362
 20
20.332192
 40
0.105029
  0
CIRCLE
  8
PIN_TOP
 10
20.395438
 20
19.912076
 40
0.105029
  0
CIRCLE
  8
PIN_TOP
 10
32.995362
 20
19.912076
 40
0.105029
  0
CIRCLE
  8
PIN_TOP
 10
33.415478
 20
19.912076
 40
0.105029
  0
CIRCLE
  8
PIN_TOP
 10
19.975322
 20
19.492214
 40
0.105029
  0
CIRCLE
  8
PIN_TOP
 10
20.395438
 20
19.492214
 40
0.105029
  0
CIRCLE
  8
PIN_TOP
 10
32.995362
 20
19.492214
 40
0.105029
  0
CIRCLE
  8
PIN_TOP
 10
33.415478
 20
19.492214
 40
0.105029
  0
CIRCLE
  8
PIN_TOP
 10
19.975322
 20
19.072098
 40
0.105029
  0
CIRCLE
  8
PIN_TOP
 10
20.395438
 20
19.072098
 40
0.105029
  0
CIRCLE
  8
PIN_TOP
 10
32.995362
 20
19.072098
 40
0.105029
  0
CIRCLE
  8
PIN_TOP
 10
20.395438
 20
18.652236
 40
0.105029
  0
CIRCLE
  8
PIN_TOP
 10
32.995362
 20
18.652236
 40
0.105029
  0
CIRCLE
  8
PIN_TOP
 10
33.415478
 20
18.652236
 40
0.105029
  0
CIRCLE
  8
PIN_TOP
 10
19.975322
 20
18.232120
 40
0.105029
  0
CIRCLE
  8
PIN_TOP
 10
20.395438
 20
18.232120
 40
0.105029
  0
CIRCLE
  8
PIN_TOP
 10
32.995362
 20
18.232120
 40
0.105029
  0
CIRCLE
  8
PIN_TOP
 10
33.415478
 20
18.232120
 40
0.105029
  0
CIRCLE
  8
PIN_TOP
 10
19.975322
 20
17.812258
 40
0.105029
  0
CIRCLE
  8
PIN_TOP
 10
20.395438
 20
17.812258
 40
0.105029
  0
CIRCLE
  8
PIN_TOP
 10
32.995362
 20
17.812258
 40
0.105029
  0
CIRCLE
  8
PIN_TOP
 10
20.395438
 20
17.392142
 40
0.105029
  0
CIRCLE
  8
PIN_TOP
 10
32.995362
 20
17.392142
 40
0.105029
  0
CIRCLE
  8
PIN_TOP
 10
33.415478
 20
17.392142
 40
0.105029
  0
CIRCLE
  8
PIN_TOP
 10
19.975322
 20
16.972280
 40
0.105029
  0
CIRCLE
  8
PIN_TOP
 10
20.395438
 20
16.972280
 40
0.105029
  0
CIRCLE
  8
PIN_TOP
 10
32.995362
 20
16.972280
 40
0.105029
  0
CIRCLE
  8
PIN_TOP
 10
33.415478
 20
16.972280
 40
0.105029
  0
CIRCLE
  8
PIN_TOP
 10
19.975322
 20
16.552164
 40
0.105029
  0
CIRCLE
  8
PIN_TOP
 10
20.395438
 20
16.552164
 40
0.105029
  0
CIRCLE
  8
PIN_TOP
 10
32.995362
 20
16.552164
 40
0.105029
  0
CIRCLE
  8
PIN_TOP
 10
20.395438
 20
16.132302
 40
0.105029
  0
CIRCLE
  8
PIN_TOP
 10
32.995362
 20
16.132302
 40
0.105029
  0
CIRCLE
  8
PIN_TOP
 10
33.415478
 20
16.132302
 40
0.105029
  0
CIRCLE
  8
PIN_TOP
 10
19.975322
 20
15.712186
 40
0.105029
  0
CIRCLE
  8
PIN_TOP
 10
20.395438
 20
15.712186
 40
0.105029
  0
CIRCLE
  8
PIN_TOP
 10
32.995362
 20
15.712186
 40
0.105029
  0
CIRCLE
  8
PIN_TOP
 10
33.415478
 20
15.712186
 40
0.105029
  0
CIRCLE
  8
PIN_TOP
 10
19.975322
 20
15.292324
 40
0.105029
  0
CIRCLE
  8
PIN_TOP
 10
20.395438
 20
15.292324
 40
0.105029
  0
CIRCLE
  8
PIN_TOP
 10
32.995362
 20
15.292324
 40
0.105029
  0
CIRCLE
  8
PIN_TOP
 10
20.395438
 20
14.872208
 40
0.105029
  0
CIRCLE
  8
PIN_TOP
 10
32.995362
 20
14.872208
 40
0.105029
  0
CIRCLE
  8
PIN_TOP
 10
33.415478
 20
14.872208
 40
0.105029
  0
CIRCLE
  8
PIN_TOP
 10
19.975322
 20
14.452092
 40
0.105029
  0
CIRCLE
  8
PIN_TOP
 10
20.395438
 20
14.452092
 40
0.105029
  0
CIRCLE
  8
PIN_TOP
 10
32.995362
 20
14.452092
 40
0.105029
  0
CIRCLE
  8
PIN_TOP
 10
33.415478
 20
14.452092
 40
0.105029
  0
CIRCLE
  8
PIN_TOP
 10
19.975322
 20
14.032230
 40
0.105029
  0
CIRCLE
  8
PIN_TOP
 10
20.395438
 20
14.032230
 40
0.105029
  0
CIRCLE
  8
PIN_TOP
 10
32.995362
 20
14.032230
 40
0.105029
  0
CIRCLE
  8
PIN_TOP
 10
20.395438
 20
13.612114
 40
0.105029
  0
CIRCLE
  8
PIN_TOP
 10
32.995362
 20
13.612114
 40
0.105029
  0
CIRCLE
  8
PIN_TOP
 10
33.415478
 20
13.612114
 40
0.105029
  0
CIRCLE
  8
PIN_TOP
 10
19.975322
 20
13.192252
 40
0.105029
  0
CIRCLE
  8
PIN_TOP
 10
20.395438
 20
13.192252
 40
0.105029
  0
CIRCLE
  8
PIN_TOP
 10
32.995362
 20
13.192252
 40
0.105029
  0
CIRCLE
  8
PIN_TOP
 10
33.415478
 20
13.192252
 40
0.105029
  0
CIRCLE
  8
PIN_TOP
 10
19.975322
 20
12.772136
 40
0.105029
  0
CIRCLE
  8
PIN_TOP
 10
20.395438
 20
12.772136
 40
0.105029
  0
CIRCLE
  8
PIN_TOP
 10
32.995362
 20
12.772136
 40
0.105029
  0
CIRCLE
  8
PIN_TOP
 10
20.395438
 20
12.352274
 40
0.105029
  0
CIRCLE
  8
PIN_TOP
 10
32.995362
 20
12.352274
 40
0.105029
  0
CIRCLE
  8
PIN_TOP
 10
33.415478
 20
12.352274
 40
0.105029
  0
CIRCLE
  8
PIN_TOP
 10
19.975322
 20
11.932158
 40
0.105029
  0
CIRCLE
  8
PIN_TOP
 10
20.395438
 20
11.932158
 40
0.105029
  0
CIRCLE
  8
PIN_TOP
 10
32.995362
 20
11.932158
 40
0.105029
  0
CIRCLE
  8
PIN_TOP
 10
33.415478
 20
11.932158
 40
0.105029
  0
CIRCLE
  8
PIN_TOP
 10
19.975322
 20
11.512296
 40
0.105029
  0
CIRCLE
  8
PIN_TOP
 10
20.395438
 20
11.512296
 40
0.105029
  0
CIRCLE
  8
PIN_TOP
 10
32.995362
 20
11.512296
 40
0.105029
  0
CIRCLE
  8
PIN_TOP
 10
20.395438
 20
11.092180
 40
0.105029
  0
CIRCLE
  8
PIN_TOP
 10
32.995362
 20
11.092180
 40
0.105029
  0
CIRCLE
  8
PIN_TOP
 10
33.415478
 20
11.092180
 40
0.105029
  0
CIRCLE
  8
PIN_TOP
 10
19.975322
 20
10.672064
 40
0.105029
  0
CIRCLE
  8
PIN_TOP
 10
20.395438
 20
10.672064
 40
0.105029
  0
CIRCLE
  8
PIN_TOP
 10
20.815300
 20
10.672064
 40
0.105029
  0
CIRCLE
  8
PIN_TOP
 10
21.235416
 20
10.672064
 40
0.105029
  0
CIRCLE
  8
PIN_TOP
 10
21.655532
 20
10.672064
 40
0.105029
  0
CIRCLE
  8
PIN_TOP
 10
22.075394
 20
10.672064
 40
0.105029
  0
CIRCLE
  8
PIN_TOP
 10
22.495510
 20
10.672064
 40
0.105029
  0
CIRCLE
  8
PIN_TOP
 10
22.915372
 20
10.672064
 40
0.105029
  0
CIRCLE
  8
PIN_TOP
 10
23.335488
 20
10.672064
 40
0.105029
  0
CIRCLE
  8
PIN_TOP
 10
23.755350
 20
10.672064
 40
0.105029
  0
CIRCLE
  8
PIN_TOP
 10
24.175466
 20
10.672064
 40
0.105029
  0
CIRCLE
  8
PIN_TOP
 10
24.595328
 20
10.672064
 40
0.105029
  0
CIRCLE
  8
PIN_TOP
 10
25.015444
 20
10.672064
 40
0.105029
  0
CIRCLE
  8
PIN_TOP
 10
25.435306
 20
10.672064
 40
0.105029
  0
CIRCLE
  8
PIN_TOP
 10
25.855422
 20
10.672064
 40
0.105029
  0
CIRCLE
  8
PIN_TOP
 10
26.275284
 20
10.672064
 40
0.105029
  0
CIRCLE
  8
PIN_TOP
 10
26.695400
 20
10.672064
 40
0.105029
  0
CIRCLE
  8
PIN_TOP
 10
27.115516
 20
10.672064
 40
0.105029
  0
CIRCLE
  8
PIN_TOP
 10
27.535378
 20
10.672064
 40
0.105029
  0
CIRCLE
  8
PIN_TOP
 10
27.955494
 20
10.672064
 40
0.105029
  0
CIRCLE
  8
PIN_TOP
 10
28.375356
 20
10.672064
 40
0.105029
  0
CIRCLE
  8
PIN_TOP
 10
28.795472
 20
10.672064
 40
0.105029
  0
CIRCLE
  8
PIN_TOP
 10
29.215334
 20
10.672064
 40
0.105029
  0
CIRCLE
  8
PIN_TOP
 10
29.635450
 20
10.672064
 40
0.105029
  0
CIRCLE
  8
PIN_TOP
 10
30.055312
 20
10.672064
 40
0.105029
  0
CIRCLE
  8
PIN_TOP
 10
30.475428
 20
10.672064
 40
0.105029
  0
CIRCLE
  8
PIN_TOP
 10
30.895290
 20
10.672064
 40
0.105029
  0
CIRCLE
  8
PIN_TOP
 10
31.315406
 20
10.672064
 40
0.105029
  0
CIRCLE
  8
PIN_TOP
 10
31.735268
 20
10.672064
 40
0.105029
  0
CIRCLE
  8
PIN_TOP
 10
32.155384
 20
10.672064
 40
0.105029
  0
CIRCLE
  8
PIN_TOP
 10
32.575500
 20
10.672064
 40
0.105029
  0
CIRCLE
  8
PIN_TOP
 10
32.995362
 20
10.672064
 40
0.105029
  0
CIRCLE
  8
PIN_TOP
 10
33.415478
 20
10.672064
 40
0.105029
  0
CIRCLE
  8
PIN_TOP
 10
19.975322
 20
10.252202
 40
0.105029
  0
CIRCLE
  8
PIN_TOP
 10
20.395438
 20
10.252202
 40
0.105029
  0
CIRCLE
  8
PIN_TOP
 10
20.815300
 20
10.252202
 40
0.105029
  0
CIRCLE
  8
PIN_TOP
 10
21.655532
 20
10.252202
 40
0.105029
  0
CIRCLE
  8
PIN_TOP
 10
22.075394
 20
10.252202
 40
0.105029
  0
CIRCLE
  8
PIN_TOP
 10
22.915372
 20
10.252202
 40
0.105029
  0
CIRCLE
  8
PIN_TOP
 10
23.335488
 20
10.252202
 40
0.105029
  0
CIRCLE
  8
PIN_TOP
 10
24.175466
 20
10.252202
 40
0.105029
  0
CIRCLE
  8
PIN_TOP
 10
24.595328
 20
10.252202
 40
0.105029
  0
CIRCLE
  8
PIN_TOP
 10
25.435306
 20
10.252202
 40
0.105029
  0
CIRCLE
  8
PIN_TOP
 10
25.855422
 20
10.252202
 40
0.105029
  0
CIRCLE
  8
PIN_TOP
 10
26.695400
 20
10.252202
 40
0.105029
  0
CIRCLE
  8
PIN_TOP
 10
27.115516
 20
10.252202
 40
0.105029
  0
CIRCLE
  8
PIN_TOP
 10
27.955494
 20
10.252202
 40
0.105029
  0
CIRCLE
  8
PIN_TOP
 10
28.375356
 20
10.252202
 40
0.105029
  0
CIRCLE
  8
PIN_TOP
 10
29.215334
 20
10.252202
 40
0.105029
  0
CIRCLE
  8
PIN_TOP
 10
29.635450
 20
10.252202
 40
0.105029
  0
CIRCLE
  8
PIN_TOP
 10
30.475428
 20
10.252202
 40
0.105029
  0
CIRCLE
  8
PIN_TOP
 10
30.895290
 20
10.252202
 40
0.105029
  0
CIRCLE
  8
PIN_TOP
 10
31.735268
 20
10.252202
 40
0.105029
  0
CIRCLE
  8
PIN_TOP
 10
32.155384
 20
10.252202
 40
0.105029
  0
CIRCLE
  8
PIN_TOP
 10
32.995362
 20
10.252202
 40
0.105029
  0
CIRCLE
  8
PIN_TOP
 10
33.415478
 20
10.252202
 40
0.105029
  0
CIRCLE
  8
PIN_TOP
 10
22.535388
 20
18.382234
 40
0.105029
  0
CIRCLE
  8
PIN_TOP
 10
22.015450
 20
18.382234
 40
0.105029
  0
CIRCLE
  8
PIN_TOP
 10
21.495512
 20
18.382234
 40
0.105029
  0
CIRCLE
  8
PIN_TOP
 10
20.975320
 20
18.382234
 40
0.105029
  0
CIRCLE
  8
PIN_TOP
 10
30.855412
 20
18.382234
 40
0.105029
  0
CIRCLE
  8
PIN_TOP
 10
31.375350
 20
18.382234
 40
0.105029
  0
CIRCLE
  8
PIN_TOP
 10
31.895288
 20
18.382234
 40
0.105029
  0
CIRCLE
  8
PIN_TOP
 10
32.415480
 20
18.382234
 40
0.105029
  0
CIRCLE
  8
PIN_TOP
 10
22.535388
 20
19.422110
 40
0.105029
  0
CIRCLE
  8
PIN_TOP
 10
22.015450
 20
19.422110
 40
0.105029
  0
CIRCLE
  8
PIN_TOP
 10
21.495512
 20
19.422110
 40
0.105029
  0
CIRCLE
  8
PIN_TOP
 10
20.975320
 20
19.422110
 40
0.105029
  0
CIRCLE
  8
PIN_TOP
 10
30.855412
 20
19.422110
 40
0.105029
  0
CIRCLE
  8
PIN_TOP
 10
31.375350
 20
19.422110
 40
0.105029
  0
CIRCLE
  8
PIN_TOP
 10
31.895288
 20
19.422110
 40
0.105029
  0
CIRCLE
  8
PIN_TOP
 10
32.415480
 20
19.422110
 40
0.105029
  0
CIRCLE
  8
PIN_TOP
 10
22.535388
 20
20.462240
 40
0.105029
  0
CIRCLE
  8
PIN_TOP
 10
22.015450
 20
20.462240
 40
0.105029
  0
CIRCLE
  8
PIN_TOP
 10
21.495512
 20
20.462240
 40
0.105029
  0
CIRCLE
  8
PIN_TOP
 10
20.975320
 20
20.462240
 40
0.105029
  0
CIRCLE
  8
PIN_TOP
 10
30.855412
 20
20.462240
 40
0.105029
  0
CIRCLE
  8
PIN_TOP
 10
31.375350
 20
20.462240
 40
0.105029
  0
CIRCLE
  8
PIN_TOP
 10
31.895288
 20
20.462240
 40
0.105029
  0
CIRCLE
  8
PIN_TOP
 10
32.415480
 20
20.462240
 40
0.105029
  0
CIRCLE
  8
PIN_TOP
 10
22.535388
 20
21.502116
 40
0.105029
  0
CIRCLE
  8
PIN_TOP
 10
22.015450
 20
21.502116
 40
0.105029
  0
CIRCLE
  8
PIN_TOP
 10
21.495512
 20
21.502116
 40
0.105029
  0
CIRCLE
  8
PIN_TOP
 10
20.975320
 20
21.502116
 40
0.105029
  0
CIRCLE
  8
PIN_TOP
 10
30.855412
 20
21.502116
 40
0.105029
  0
CIRCLE
  8
PIN_TOP
 10
31.375350
 20
21.502116
 40
0.105029
  0
CIRCLE
  8
PIN_TOP
 10
31.895288
 20
21.502116
 40
0.105029
  0
CIRCLE
  8
PIN_TOP
 10
32.415480
 20
21.502116
 40
0.105029
  0
CIRCLE
  8
PIN_TOP
 10
26.695400
 20
22.542246
 40
0.105029
  0
CIRCLE
  8
PIN_TOP
 10
25.655524
 20
22.542246
 40
0.105029
  0
CIRCLE
  8
PIN_TOP
 10
24.615394
 20
22.542246
 40
0.105029
  0
CIRCLE
  8
PIN_TOP
 10
23.575264
 20
22.542246
 40
0.105029
  0
CIRCLE
  8
PIN_TOP
 10
22.535388
 20
22.542246
 40
0.105029
  0
CIRCLE
  8
PIN_TOP
 10
22.015450
 20
22.542246
 40
0.105029
  0
CIRCLE
  8
PIN_TOP
 10
21.495512
 20
22.542246
 40
0.105029
  0
CIRCLE
  8
PIN_TOP
 10
20.975320
 20
22.542246
 40
0.105029
  0
CIRCLE
  8
PIN_TOP
 10
27.735276
 20
22.542246
 40
0.105029
  0
CIRCLE
  8
PIN_TOP
 10
28.775406
 20
22.542246
 40
0.105029
  0
CIRCLE
  8
PIN_TOP
 10
29.815536
 20
22.542246
 40
0.105029
  0
CIRCLE
  8
PIN_TOP
 10
30.855412
 20
22.542246
 40
0.105029
  0
CIRCLE
  8
PIN_TOP
 10
31.375350
 20
22.542246
 40
0.105029
  0
CIRCLE
  8
PIN_TOP
 10
31.895288
 20
22.542246
 40
0.105029
  0
CIRCLE
  8
PIN_TOP
 10
32.415480
 20
22.542246
 40
0.105029
  0
CIRCLE
  8
PIN_TOP
 10
26.695400
 20
23.062184
 40
0.105029
  0
CIRCLE
  8
PIN_TOP
 10
25.655524
 20
23.062184
 40
0.105029
  0
CIRCLE
  8
PIN_TOP
 10
24.615394
 20
23.062184
 40
0.105029
  0
CIRCLE
  8
PIN_TOP
 10
23.575264
 20
23.062184
 40
0.105029
  0
CIRCLE
  8
PIN_TOP
 10
22.535388
 20
23.062184
 40
0.105029
  0
CIRCLE
  8
PIN_TOP
 10
27.735276
 20
23.062184
 40
0.105029
  0
CIRCLE
  8
PIN_TOP
 10
28.775406
 20
23.062184
 40
0.105029
  0
CIRCLE
  8
PIN_TOP
 10
29.815536
 20
23.062184
 40
0.105029
  0
CIRCLE
  8
PIN_TOP
 10
30.855412
 20
23.062184
 40
0.105029
  0
CIRCLE
  8
PIN_TOP
 10
26.695400
 20
23.582122
 40
0.105029
  0
CIRCLE
  8
PIN_TOP
 10
25.655524
 20
23.582122
 40
0.105029
  0
CIRCLE
  8
PIN_TOP
 10
24.615394
 20
23.582122
 40
0.105029
  0
CIRCLE
  8
PIN_TOP
 10
23.575264
 20
23.582122
 40
0.105029
  0
CIRCLE
  8
PIN_TOP
 10
22.535388
 20
23.582122
 40
0.105029
  0
CIRCLE
  8
PIN_TOP
 10
21.495512
 20
23.582122
 40
0.105029
  0
CIRCLE
  8
PIN_TOP
 10
20.975320
 20
23.582122
 40
0.105029
  0
CIRCLE
  8
PIN_TOP
 10
27.735276
 20
23.582122
 40
0.105029
  0
CIRCLE
  8
PIN_TOP
 10
28.775406
 20
23.582122
 40
0.105029
  0
CIRCLE
  8
PIN_TOP
 10
29.815536
 20
23.582122
 40
0.105029
  0
CIRCLE
  8
PIN_TOP
 10
30.855412
 20
23.582122
 40
0.105029
  0
CIRCLE
  8
PIN_TOP
 10
31.895288
 20
23.582122
 40
0.105029
  0
CIRCLE
  8
PIN_TOP
 10
32.415480
 20
23.582122
 40
0.105029
  0
CIRCLE
  8
PIN_TOP
 10
26.695400
 20
24.102314
 40
0.105029
  0
CIRCLE
  8
PIN_TOP
 10
25.655524
 20
24.102314
 40
0.105029
  0
CIRCLE
  8
PIN_TOP
 10
24.615394
 20
24.102314
 40
0.105029
  0
CIRCLE
  8
PIN_TOP
 10
23.575264
 20
24.102314
 40
0.105029
  0
CIRCLE
  8
PIN_TOP
 10
22.535388
 20
24.102314
 40
0.105029
  0
CIRCLE
  8
PIN_TOP
 10
21.495512
 20
24.102314
 40
0.105029
  0
CIRCLE
  8
PIN_TOP
 10
27.735276
 20
24.102314
 40
0.105029
  0
CIRCLE
  8
PIN_TOP
 10
28.775406
 20
24.102314
 40
0.105029
  0
CIRCLE
  8
PIN_TOP
 10
29.815536
 20
24.102314
 40
0.105029
  0
CIRCLE
  8
PIN_TOP
 10
30.855412
 20
24.102314
 40
0.105029
  0
CIRCLE
  8
PIN_TOP
 10
31.895288
 20
24.102314
 40
0.105029
  0
CIRCLE
  8
PIN_TOP
 10
26.175462
 20
11.102086
 40
0.105029
  0
CIRCLE
  8
PIN_TOP
 10
25.135332
 20
11.102086
 40
0.105029
  0
CIRCLE
  8
PIN_TOP
 10
24.095456
 20
11.102086
 40
0.105029
  0
CIRCLE
  8
PIN_TOP
 10
23.055326
 20
11.102086
 40
0.105029
  0
CIRCLE
  8
PIN_TOP
 10
22.015450
 20
11.102086
 40
0.105029
  0
CIRCLE
  8
PIN_TOP
 10
20.975320
 20
11.102086
 40
0.105029
  0
CIRCLE
  8
PIN_TOP
 10
27.215338
 20
11.102086
 40
0.105029
  0
CIRCLE
  8
PIN_TOP
 10
28.255468
 20
11.102086
 40
0.105029
  0
CIRCLE
  8
PIN_TOP
 10
29.295344
 20
11.102086
 40
0.105029
  0
CIRCLE
  8
PIN_TOP
 10
30.335474
 20
11.102086
 40
0.105029
  0
CIRCLE
  8
PIN_TOP
 10
31.375350
 20
11.102086
 40
0.105029
  0
CIRCLE
  8
PIN_TOP
 10
32.415480
 20
11.102086
 40
0.105029
  0
CIRCLE
  8
PIN_TOP
 10
31.375350
 20
11.622278
 40
0.105029
  0
CIRCLE
  8
PIN_TOP
 10
30.335474
 20
11.622278
 40
0.105029
  0
CIRCLE
  8
PIN_TOP
 10
29.295344
 20
11.622278
 40
0.105029
  0
CIRCLE
  8
PIN_TOP
 10
28.255468
 20
11.622278
 40
0.105029
  0
CIRCLE
  8
PIN_TOP
 10
27.215338
 20
11.622278
 40
0.105029
  0
CIRCLE
  8
PIN_TOP
 10
22.015450
 20
11.622278
 40
0.105029
  0
CIRCLE
  8
PIN_TOP
 10
23.055326
 20
11.622278
 40
0.105029
  0
CIRCLE
  8
PIN_TOP
 10
24.095456
 20
11.622278
 40
0.105029
  0
CIRCLE
  8
PIN_TOP
 10
25.135332
 20
11.622278
 40
0.105029
  0
CIRCLE
  8
PIN_TOP
 10
26.175462
 20
11.622278
 40
0.105029
  0
CIRCLE
  8
PIN_TOP
 10
32.415480
 20
12.142216
 40
0.105029
  0
CIRCLE
  8
PIN_TOP
 10
31.895288
 20
12.142216
 40
0.105029
  0
CIRCLE
  8
PIN_TOP
 10
31.375350
 20
12.142216
 40
0.105029
  0
CIRCLE
  8
PIN_TOP
 10
30.335474
 20
12.142216
 40
0.105029
  0
CIRCLE
  8
PIN_TOP
 10
29.295344
 20
12.142216
 40
0.105029
  0
CIRCLE
  8
PIN_TOP
 10
28.255468
 20
12.142216
 40
0.105029
  0
CIRCLE
  8
PIN_TOP
 10
27.215338
 20
12.142216
 40
0.105029
  0
CIRCLE
  8
PIN_TOP
 10
20.975320
 20
12.142216
 40
0.105029
  0
CIRCLE
  8
PIN_TOP
 10
21.495512
 20
12.142216
 40
0.105029
  0
CIRCLE
  8
PIN_TOP
 10
22.015450
 20
12.142216
 40
0.105029
  0
CIRCLE
  8
PIN_TOP
 10
23.055326
 20
12.142216
 40
0.105029
  0
CIRCLE
  8
PIN_TOP
 10
24.095456
 20
12.142216
 40
0.105029
  0
CIRCLE
  8
PIN_TOP
 10
25.135332
 20
12.142216
 40
0.105029
  0
CIRCLE
  8
PIN_TOP
 10
26.175462
 20
12.142216
 40
0.105029
  0
CIRCLE
  8
PIN_TOP
 10
30.335474
 20
12.662154
 40
0.105029
  0
CIRCLE
  8
PIN_TOP
 10
29.295344
 20
12.662154
 40
0.105029
  0
CIRCLE
  8
PIN_TOP
 10
28.255468
 20
12.662154
 40
0.105029
  0
CIRCLE
  8
PIN_TOP
 10
27.215338
 20
12.662154
 40
0.105029
  0
CIRCLE
  8
PIN_TOP
 10
23.055326
 20
12.662154
 40
0.105029
  0
CIRCLE
  8
PIN_TOP
 10
24.095456
 20
12.662154
 40
0.105029
  0
CIRCLE
  8
PIN_TOP
 10
25.135332
 20
12.662154
 40
0.105029
  0
CIRCLE
  8
PIN_TOP
 10
26.175462
 20
12.662154
 40
0.105029
  0
CIRCLE
  8
PIN_TOP
 10
32.415480
 20
13.182092
 40
0.105029
  0
CIRCLE
  8
PIN_TOP
 10
31.895288
 20
13.182092
 40
0.105029
  0
CIRCLE
  8
PIN_TOP
 10
31.375350
 20
13.182092
 40
0.105029
  0
CIRCLE
  8
PIN_TOP
 10
30.855412
 20
13.182092
 40
0.105029
  0
CIRCLE
  8
PIN_TOP
 10
20.975320
 20
13.182092
 40
0.105029
  0
CIRCLE
  8
PIN_TOP
 10
21.495512
 20
13.182092
 40
0.105029
  0
CIRCLE
  8
PIN_TOP
 10
22.015450
 20
13.182092
 40
0.105029
  0
CIRCLE
  8
PIN_TOP
 10
22.535388
 20
13.182092
 40
0.105029
  0
CIRCLE
  8
PIN_TOP
 10
32.415480
 20
14.222222
 40
0.105029
  0
CIRCLE
  8
PIN_TOP
 10
31.895288
 20
14.222222
 40
0.105029
  0
CIRCLE
  8
PIN_TOP
 10
31.375350
 20
14.222222
 40
0.105029
  0
CIRCLE
  8
PIN_TOP
 10
30.855412
 20
14.222222
 40
0.105029
  0
CIRCLE
  8
PIN_TOP
 10
20.975320
 20
14.222222
 40
0.105029
  0
CIRCLE
  8
PIN_TOP
 10
21.495512
 20
14.222222
 40
0.105029
  0
CIRCLE
  8
PIN_TOP
 10
22.015450
 20
14.222222
 40
0.105029
  0
CIRCLE
  8
PIN_TOP
 10
22.535388
 20
14.222222
 40
0.105029
  0
CIRCLE
  8
PIN_TOP
 10
32.415480
 20
15.262098
 40
0.105029
  0
CIRCLE
  8
PIN_TOP
 10
31.895288
 20
15.262098
 40
0.105029
  0
CIRCLE
  8
PIN_TOP
 10
31.375350
 20
15.262098
 40
0.105029
  0
CIRCLE
  8
PIN_TOP
 10
30.855412
 20
15.262098
 40
0.105029
  0
CIRCLE
  8
PIN_TOP
 10
20.975320
 20
15.262098
 40
0.105029
  0
CIRCLE
  8
PIN_TOP
 10
21.495512
 20
15.262098
 40
0.105029
  0
CIRCLE
  8
PIN_TOP
 10
22.015450
 20
15.262098
 40
0.105029
  0
CIRCLE
  8
PIN_TOP
 10
22.535388
 20
15.262098
 40
0.105029
  0
CIRCLE
  8
PIN_TOP
 10
32.415480
 20
16.302228
 40
0.105029
  0
CIRCLE
  8
PIN_TOP
 10
31.895288
 20
16.302228
 40
0.105029
  0
CIRCLE
  8
PIN_TOP
 10
31.375350
 20
16.302228
 40
0.105029
  0
CIRCLE
  8
PIN_TOP
 10
30.855412
 20
16.302228
 40
0.105029
  0
CIRCLE
  8
PIN_TOP
 10
20.975320
 20
16.302228
 40
0.105029
  0
CIRCLE
  8
PIN_TOP
 10
21.495512
 20
16.302228
 40
0.105029
  0
CIRCLE
  8
PIN_TOP
 10
22.015450
 20
16.302228
 40
0.105029
  0
CIRCLE
  8
PIN_TOP
 10
22.535388
 20
16.302228
 40
0.105029
  0
CIRCLE
  8
PIN_TOP
 10
32.415480
 20
17.342104
 40
0.105029
  0
CIRCLE
  8
PIN_TOP
 10
31.895288
 20
17.342104
 40
0.105029
  0
CIRCLE
  8
PIN_TOP
 10
31.375350
 20
17.342104
 40
0.105029
  0
CIRCLE
  8
PIN_TOP
 10
30.855412
 20
17.342104
 40
0.105029
  0
CIRCLE
  8
PIN_TOP
 10
20.975320
 20
17.342104
 40
0.105029
  0
CIRCLE
  8
PIN_TOP
 10
21.495512
 20
17.342104
 40
0.105029
  0
CIRCLE
  8
PIN_TOP
 10
22.015450
 20
17.342104
 40
0.105029
  0
CIRCLE
  8
PIN_TOP
 10
22.535388
 20
17.342104
 40
0.105029
  0
CIRCLE
  8
PIN_TOP
 10
26.370280
 20
17.277080
 40
0.105029
  0
CIRCLE
  8
PIN_TOP
 10
25.720294
 20
17.277080
 40
0.105029
  0
CIRCLE
  8
PIN_TOP
 10
25.070308
 20
17.277080
 40
0.105029
  0
CIRCLE
  8
PIN_TOP
 10
24.420322
 20
17.277080
 40
0.105029
  0
CIRCLE
  8
PIN_TOP
 10
23.770336
 20
17.277080
 40
0.105029
  0
CIRCLE
  8
PIN_TOP
 10
23.120350
 20
17.277080
 40
0.105029
  0
CIRCLE
  8
PIN_TOP
 10
28.970478
 20
17.277080
 40
0.105029
  0
CIRCLE
  8
PIN_TOP
 10
28.320492
 20
17.277080
 40
0.105029
  0
CIRCLE
  8
PIN_TOP
 10
27.670506
 20
17.277080
 40
0.105029
  0
CIRCLE
  8
PIN_TOP
 10
27.020520
 20
17.277080
 40
0.105029
  0
CIRCLE
  8
PIN_TOP
 10
30.270450
 20
17.277080
 40
0.105029
  0
CIRCLE
  8
PIN_TOP
 10
29.620464
 20
17.277080
 40
0.105029
  0
CIRCLE
  8
PIN_TOP
 10
23.120350
 20
16.627094
 40
0.105029
  0
CIRCLE
  8
PIN_TOP
 10
23.770336
 20
16.627094
 40
0.105029
  0
CIRCLE
  8
PIN_TOP
 10
24.420322
 20
16.627094
 40
0.105029
  0
CIRCLE
  8
PIN_TOP
 10
25.070308
 20
16.627094
 40
0.105029
  0
CIRCLE
  8
PIN_TOP
 10
25.720294
 20
16.627094
 40
0.105029
  0
CIRCLE
  8
PIN_TOP
 10
26.370280
 20
16.627094
 40
0.105029
  0
CIRCLE
  8
PIN_TOP
 10
29.620464
 20
16.627094
 40
0.105029
  0
CIRCLE
  8
PIN_TOP
 10
30.270450
 20
16.627094
 40
0.105029
  0
CIRCLE
  8
PIN_TOP
 10
27.020520
 20
16.627094
 40
0.105029
  0
CIRCLE
  8
PIN_TOP
 10
27.670506
 20
16.627094
 40
0.105029
  0
CIRCLE
  8
PIN_TOP
 10
28.320492
 20
16.627094
 40
0.105029
  0
CIRCLE
  8
PIN_TOP
 10
28.970478
 20
16.627094
 40
0.105029
  0
CIRCLE
  8
PIN_TOP
 10
23.120350
 20
15.977108
 40
0.105029
  0
CIRCLE
  8
PIN_TOP
 10
23.770336
 20
15.977108
 40
0.105029
  0
CIRCLE
  8
PIN_TOP
 10
24.420322
 20
15.977108
 40
0.105029
  0
CIRCLE
  8
PIN_TOP
 10
25.070308
 20
15.977108
 40
0.105029
  0
CIRCLE
  8
PIN_TOP
 10
25.720294
 20
15.977108
 40
0.105029
  0
CIRCLE
  8
PIN_TOP
 10
26.370280
 20
15.977108
 40
0.105029
  0
CIRCLE
  8
PIN_TOP
 10
29.620464
 20
15.977108
 40
0.105029
  0
CIRCLE
  8
PIN_TOP
 10
30.270450
 20
15.977108
 40
0.105029
  0
CIRCLE
  8
PIN_TOP
 10
27.020520
 20
15.977108
 40
0.105029
  0
CIRCLE
  8
PIN_TOP
 10
27.670506
 20
15.977108
 40
0.105029
  0
CIRCLE
  8
PIN_TOP
 10
28.320492
 20
15.977108
 40
0.105029
  0
CIRCLE
  8
PIN_TOP
 10
28.970478
 20
15.977108
 40
0.105029
  0
CIRCLE
  8
PIN_TOP
 10
23.120350
 20
15.327122
 40
0.105029
  0
CIRCLE
  8
PIN_TOP
 10
23.770336
 20
15.327122
 40
0.105029
  0
CIRCLE
  8
PIN_TOP
 10
24.420322
 20
15.327122
 40
0.105029
  0
CIRCLE
  8
PIN_TOP
 10
25.070308
 20
15.327122
 40
0.105029
  0
CIRCLE
  8
PIN_TOP
 10
25.720294
 20
15.327122
 40
0.105029
  0
CIRCLE
  8
PIN_TOP
 10
26.370280
 20
15.327122
 40
0.105029
  0
CIRCLE
  8
PIN_TOP
 10
29.620464
 20
15.327122
 40
0.105029
  0
CIRCLE
  8
PIN_TOP
 10
30.270450
 20
15.327122
 40
0.105029
  0
CIRCLE
  8
PIN_TOP
 10
27.020520
 20
15.327122
 40
0.105029
  0
CIRCLE
  8
PIN_TOP
 10
27.670506
 20
15.327122
 40
0.105029
  0
CIRCLE
  8
PIN_TOP
 10
28.320492
 20
15.327122
 40
0.105029
  0
CIRCLE
  8
PIN_TOP
 10
28.970478
 20
15.327122
 40
0.105029
  0
CIRCLE
  8
PIN_TOP
 10
23.120350
 20
14.677136
 40
0.105029
  0
CIRCLE
  8
PIN_TOP
 10
23.770336
 20
14.677136
 40
0.105029
  0
CIRCLE
  8
PIN_TOP
 10
24.420322
 20
14.677136
 40
0.105029
  0
CIRCLE
  8
PIN_TOP
 10
25.070308
 20
14.677136
 40
0.105029
  0
CIRCLE
  8
PIN_TOP
 10
25.720294
 20
14.677136
 40
0.105029
  0
CIRCLE
  8
PIN_TOP
 10
26.370280
 20
14.677136
 40
0.105029
  0
CIRCLE
  8
PIN_TOP
 10
29.620464
 20
14.677136
 40
0.105029
  0
CIRCLE
  8
PIN_TOP
 10
30.270450
 20
14.677136
 40
0.105029
  0
CIRCLE
  8
PIN_TOP
 10
27.020520
 20
14.677136
 40
0.105029
  0
CIRCLE
  8
PIN_TOP
 10
27.670506
 20
14.677136
 40
0.105029
  0
CIRCLE
  8
PIN_TOP
 10
28.320492
 20
14.677136
 40
0.105029
  0
CIRCLE
  8
PIN_TOP
 10
28.970478
 20
14.677136
 40
0.105029
  0
CIRCLE
  8
PIN_TOP
 10
23.120350
 20
14.027150
 40
0.105029
  0
CIRCLE
  8
PIN_TOP
 10
23.770336
 20
14.027150
 40
0.105029
  0
CIRCLE
  8
PIN_TOP
 10
24.420322
 20
14.027150
 40
0.105029
  0
CIRCLE
  8
PIN_TOP
 10
25.070308
 20
14.027150
 40
0.105029
  0
CIRCLE
  8
PIN_TOP
 10
25.720294
 20
14.027150
 40
0.105029
  0
CIRCLE
  8
PIN_TOP
 10
26.370280
 20
14.027150
 40
0.105029
  0
CIRCLE
  8
PIN_TOP
 10
29.620464
 20
14.027150
 40
0.105029
  0
CIRCLE
  8
PIN_TOP
 10
30.270450
 20
14.027150
 40
0.105029
  0
CIRCLE
  8
PIN_TOP
 10
27.020520
 20
14.027150
 40
0.105029
  0
CIRCLE
  8
PIN_TOP
 10
27.670506
 20
14.027150
 40
0.105029
  0
CIRCLE
  8
PIN_TOP
 10
28.320492
 20
14.027150
 40
0.105029
  0
CIRCLE
  8
PIN_TOP
 10
28.970478
 20
14.027150
 40
0.105029
  0
CIRCLE
  8
PIN_TOP
 10
23.120350
 20
13.377164
 40
0.105029
  0
CIRCLE
  8
PIN_TOP
 10
23.770336
 20
13.377164
 40
0.105029
  0
CIRCLE
  8
PIN_TOP
 10
24.420322
 20
13.377164
 40
0.105029
  0
CIRCLE
  8
PIN_TOP
 10
25.070308
 20
13.377164
 40
0.105029
  0
CIRCLE
  8
PIN_TOP
 10
25.720294
 20
13.377164
 40
0.105029
  0
CIRCLE
  8
PIN_TOP
 10
26.370280
 20
13.377164
 40
0.105029
  0
CIRCLE
  8
PIN_TOP
 10
29.620464
 20
13.377164
 40
0.105029
  0
CIRCLE
  8
PIN_TOP
 10
30.270450
 20
13.377164
 40
0.105029
  0
CIRCLE
  8
PIN_TOP
 10
27.020520
 20
13.377164
 40
0.105029
  0
CIRCLE
  8
PIN_TOP
 10
27.670506
 20
13.377164
 40
0.105029
  0
CIRCLE
  8
PIN_TOP
 10
28.320492
 20
13.377164
 40
0.105029
  0
CIRCLE
  8
PIN_TOP
 10
28.970478
 20
13.377164
 40
0.105029
  0
CIRCLE
  8
PIN_TOP
 10
23.120350
 20
21.827236
 40
0.105029
  0
CIRCLE
  8
PIN_TOP
 10
23.770336
 20
21.827236
 40
0.105029
  0
CIRCLE
  8
PIN_TOP
 10
24.420322
 20
21.827236
 40
0.105029
  0
CIRCLE
  8
PIN_TOP
 10
25.070308
 20
21.827236
 40
0.105029
  0
CIRCLE
  8
PIN_TOP
 10
25.720294
 20
21.827236
 40
0.105029
  0
CIRCLE
  8
PIN_TOP
 10
29.620464
 20
21.827236
 40
0.105029
  0
CIRCLE
  8
PIN_TOP
 10
30.270450
 20
21.827236
 40
0.105029
  0
CIRCLE
  8
PIN_TOP
 10
27.020520
 20
21.827236
 40
0.105029
  0
CIRCLE
  8
PIN_TOP
 10
27.670506
 20
21.827236
 40
0.105029
  0
CIRCLE
  8
PIN_TOP
 10
28.320492
 20
21.827236
 40
0.105029
  0
CIRCLE
  8
PIN_TOP
 10
28.970478
 20
21.827236
 40
0.105029
  0
CIRCLE
  8
PIN_TOP
 10
28.970478
 20
21.177250
 40
0.105029
  0
CIRCLE
  8
PIN_TOP
 10
28.320492
 20
21.177250
 40
0.105029
  0
CIRCLE
  8
PIN_TOP
 10
27.670506
 20
21.177250
 40
0.105029
  0
CIRCLE
  8
PIN_TOP
 10
27.020520
 20
21.177250
 40
0.105029
  0
CIRCLE
  8
PIN_TOP
 10
30.270450
 20
21.177250
 40
0.105029
  0
CIRCLE
  8
PIN_TOP
 10
29.620464
 20
21.177250
 40
0.105029
  0
CIRCLE
  8
PIN_TOP
 10
26.370280
 20
21.177250
 40
0.105029
  0
CIRCLE
  8
PIN_TOP
 10
25.720294
 20
21.177250
 40
0.105029
  0
CIRCLE
  8
PIN_TOP
 10
25.070308
 20
21.177250
 40
0.105029
  0
CIRCLE
  8
PIN_TOP
 10
24.420322
 20
21.177250
 40
0.105029
  0
CIRCLE
  8
PIN_TOP
 10
23.770336
 20
21.177250
 40
0.105029
  0
CIRCLE
  8
PIN_TOP
 10
23.120350
 20
21.177250
 40
0.105029
  0
CIRCLE
  8
PIN_TOP
 10
28.970478
 20
20.527264
 40
0.105029
  0
CIRCLE
  8
PIN_TOP
 10
28.320492
 20
20.527264
 40
0.105029
  0
CIRCLE
  8
PIN_TOP
 10
27.670506
 20
20.527264
 40
0.105029
  0
CIRCLE
  8
PIN_TOP
 10
27.020520
 20
20.527264
 40
0.105029
  0
CIRCLE
  8
PIN_TOP
 10
30.270450
 20
20.527264
 40
0.105029
  0
CIRCLE
  8
PIN_TOP
 10
29.620464
 20
20.527264
 40
0.105029
  0
CIRCLE
  8
PIN_TOP
 10
26.370280
 20
20.527264
 40
0.105029
  0
CIRCLE
  8
PIN_TOP
 10
25.720294
 20
20.527264
 40
0.105029
  0
CIRCLE
  8
PIN_TOP
 10
25.070308
 20
20.527264
 40
0.105029
  0
CIRCLE
  8
PIN_TOP
 10
24.420322
 20
20.527264
 40
0.105029
  0
CIRCLE
  8
PIN_TOP
 10
23.770336
 20
20.527264
 40
0.105029
  0
CIRCLE
  8
PIN_TOP
 10
23.120350
 20
20.527264
 40
0.105029
  0
CIRCLE
  8
PIN_TOP
 10
28.970478
 20
19.877278
 40
0.105029
  0
CIRCLE
  8
PIN_TOP
 10
28.320492
 20
19.877278
 40
0.105029
  0
CIRCLE
  8
PIN_TOP
 10
27.670506
 20
19.877278
 40
0.105029
  0
CIRCLE
  8
PIN_TOP
 10
27.020520
 20
19.877278
 40
0.105029
  0
CIRCLE
  8
PIN_TOP
 10
30.270450
 20
19.877278
 40
0.105029
  0
CIRCLE
  8
PIN_TOP
 10
29.620464
 20
19.877278
 40
0.105029
  0
CIRCLE
  8
PIN_TOP
 10
26.370280
 20
19.877278
 40
0.105029
  0
CIRCLE
  8
PIN_TOP
 10
25.720294
 20
19.877278
 40
0.105029
  0
CIRCLE
  8
PIN_TOP
 10
25.070308
 20
19.877278
 40
0.105029
  0
CIRCLE
  8
PIN_TOP
 10
24.420322
 20
19.877278
 40
0.105029
  0
CIRCLE
  8
PIN_TOP
 10
23.770336
 20
19.877278
 40
0.105029
  0
CIRCLE
  8
PIN_TOP
 10
23.120350
 20
19.877278
 40
0.105029
  0
CIRCLE
  8
PIN_TOP
 10
28.970478
 20
19.227292
 40
0.105029
  0
CIRCLE
  8
PIN_TOP
 10
28.320492
 20
19.227292
 40
0.105029
  0
CIRCLE
  8
PIN_TOP
 10
27.670506
 20
19.227292
 40
0.105029
  0
CIRCLE
  8
PIN_TOP
 10
27.020520
 20
19.227292
 40
0.105029
  0
CIRCLE
  8
PIN_TOP
 10
30.270450
 20
19.227292
 40
0.105029
  0
CIRCLE
  8
PIN_TOP
 10
29.620464
 20
19.227292
 40
0.105029
  0
CIRCLE
  8
PIN_TOP
 10
26.370280
 20
19.227292
 40
0.105029
  0
CIRCLE
  8
PIN_TOP
 10
25.720294
 20
19.227292
 40
0.105029
  0
CIRCLE
  8
PIN_TOP
 10
25.070308
 20
19.227292
 40
0.105029
  0
CIRCLE
  8
PIN_TOP
 10
24.420322
 20
19.227292
 40
0.105029
  0
CIRCLE
  8
PIN_TOP
 10
23.770336
 20
19.227292
 40
0.105029
  0
CIRCLE
  8
PIN_TOP
 10
23.120350
 20
19.227292
 40
0.105029
  0
CIRCLE
  8
PIN_TOP
 10
28.970478
 20
18.577306
 40
0.105029
  0
CIRCLE
  8
PIN_TOP
 10
28.320492
 20
18.577306
 40
0.105029
  0
CIRCLE
  8
PIN_TOP
 10
27.670506
 20
18.577306
 40
0.105029
  0
CIRCLE
  8
PIN_TOP
 10
27.020520
 20
18.577306
 40
0.105029
  0
CIRCLE
  8
PIN_TOP
 10
30.270450
 20
18.577306
 40
0.105029
  0
CIRCLE
  8
PIN_TOP
 10
29.620464
 20
18.577306
 40
0.105029
  0
CIRCLE
  8
PIN_TOP
 10
26.370280
 20
18.577306
 40
0.105029
  0
CIRCLE
  8
PIN_TOP
 10
25.720294
 20
18.577306
 40
0.105029
  0
CIRCLE
  8
PIN_TOP
 10
25.070308
 20
18.577306
 40
0.105029
  0
CIRCLE
  8
PIN_TOP
 10
24.420322
 20
18.577306
 40
0.105029
  0
CIRCLE
  8
PIN_TOP
 10
23.770336
 20
18.577306
 40
0.105029
  0
CIRCLE
  8
PIN_TOP
 10
23.120350
 20
18.577306
 40
0.105029
  0
CIRCLE
  8
PIN_TOP
 10
28.970478
 20
17.927320
 40
0.105029
  0
CIRCLE
  8
PIN_TOP
 10
28.320492
 20
17.927320
 40
0.105029
  0
CIRCLE
  8
PIN_TOP
 10
27.670506
 20
17.927320
 40
0.105029
  0
CIRCLE
  8
PIN_TOP
 10
27.020520
 20
17.927320
 40
0.105029
  0
CIRCLE
  8
PIN_TOP
 10
30.270450
 20
17.927320
 40
0.105029
  0
CIRCLE
  8
PIN_TOP
 10
29.620464
 20
17.927320
 40
0.105029
  0
CIRCLE
  8
PIN_TOP
 10
26.370280
 20
17.927320
 40
0.105029
  0
CIRCLE
  8
PIN_TOP
 10
25.720294
 20
17.927320
 40
0.105029
  0
CIRCLE
  8
PIN_TOP
 10
25.070308
 20
17.927320
 40
0.105029
  0
CIRCLE
  8
PIN_TOP
 10
24.420322
 20
17.927320
 40
0.105029
  0
CIRCLE
  8
PIN_TOP
 10
23.770336
 20
17.927320
 40
0.105029
  0
CIRCLE
  8
PIN_TOP
 10
23.120350
 20
17.927320
 40
0.105029
  0
CIRCLE
  8
PIN_TOP
 10
26.370280
 20
21.827236
 40
0.105029
  0
CIRCLE
  8
PIN_TOP
 10
43.840400
 20
28.956000
 40
0.381000
  0
POLYLINE
  8
PIN_TOP
 66
1
 70
1
 40
0.000000
 41
0.000000
 39
0.000000
  0
VERTEX
  8
PIN_TOP
 10
39.723060
 20
2.160270
 40
0.000000
 41
0.000000
 42
0.000000
  0
VERTEX
  8
PIN_TOP
 10
39.723060
 20
2.919730
 40
0.000000
 41
0.000000
 42
0.000000
  0
VERTEX
  8
PIN_TOP
 10
40.744140
 20
2.919730
 40
0.000000
 41
0.000000
 42
0.000000
  0
VERTEX
  8
PIN_TOP
 10
40.744140
 20
2.160270
 40
0.000000
 41
0.000000
 42
0.000000
  0
SEQEND
  0
POLYLINE
  8
PIN_TOP
 66
1
 70
1
 40
0.000000
 41
0.000000
 39
0.000000
  0
VERTEX
  8
PIN_TOP
 10
41.247060
 20
2.160270
 40
0.000000
 41
0.000000
 42
0.000000
  0
VERTEX
  8
PIN_TOP
 10
41.247060
 20
2.919730
 40
0.000000
 41
0.000000
 42
0.000000
  0
VERTEX
  8
PIN_TOP
 10
42.268140
 20
2.919730
 40
0.000000
 41
0.000000
 42
0.000000
  0
VERTEX
  8
PIN_TOP
 10
42.268140
 20
2.160270
 40
0.000000
 41
0.000000
 42
0.000000
  0
SEQEND
  0
POLYLINE
  8
PIN_TOP
 66
1
 70
1
 40
0.000000
 41
0.000000
 39
0.000000
  0
VERTEX
  8
PIN_TOP
 10
29.665930
 20
30.223460
 40
0.000000
 41
0.000000
 42
0.000000
  0
VERTEX
  8
PIN_TOP
 10
28.906470
 20
30.223460
 40
0.000000
 41
0.000000
 42
0.000000
  0
VERTEX
  8
PIN_TOP
 10
28.906470
 20
31.244540
 40
0.000000
 41
0.000000
 42
0.000000
  0
VERTEX
  8
PIN_TOP
 10
29.665930
 20
31.244540
 40
0.000000
 41
0.000000
 42
0.000000
  0
SEQEND
  0
POLYLINE
  8
PIN_TOP
 66
1
 70
1
 40
0.000000
 41
0.000000
 39
0.000000
  0
VERTEX
  8
PIN_TOP
 10
29.665930
 20
31.747460
 40
0.000000
 41
0.000000
 42
0.000000
  0
VERTEX
  8
PIN_TOP
 10
28.906470
 20
31.747460
 40
0.000000
 41
0.000000
 42
0.000000
  0
VERTEX
  8
PIN_TOP
 10
28.906470
 20
32.768540
 40
0.000000
 41
0.000000
 42
0.000000
  0
VERTEX
  8
PIN_TOP
 10
29.665930
 20
32.768540
 40
0.000000
 41
0.000000
 42
0.000000
  0
SEQEND
  0
POLYLINE
  8
PIN_TOP
 66
1
 70
1
 40
0.000000
 41
0.000000
 39
0.000000
  0
VERTEX
  8
PIN_TOP
 10
28.268930
 20
30.223460
 40
0.000000
 41
0.000000
 42
0.000000
  0
VERTEX
  8
PIN_TOP
 10
27.509470
 20
30.223460
 40
0.000000
 41
0.000000
 42
0.000000
  0
VERTEX
  8
PIN_TOP
 10
27.509470
 20
31.244540
 40
0.000000
 41
0.000000
 42
0.000000
  0
VERTEX
  8
PIN_TOP
 10
28.268930
 20
31.244540
 40
0.000000
 41
0.000000
 42
0.000000
  0
SEQEND
  0
POLYLINE
  8
PIN_TOP
 66
1
 70
1
 40
0.000000
 41
0.000000
 39
0.000000
  0
VERTEX
  8
PIN_TOP
 10
28.268930
 20
31.747460
 40
0.000000
 41
0.000000
 42
0.000000
  0
VERTEX
  8
PIN_TOP
 10
27.509470
 20
31.747460
 40
0.000000
 41
0.000000
 42
0.000000
  0
VERTEX
  8
PIN_TOP
 10
27.509470
 20
32.768540
 40
0.000000
 41
0.000000
 42
0.000000
  0
VERTEX
  8
PIN_TOP
 10
28.268930
 20
32.768540
 40
0.000000
 41
0.000000
 42
0.000000
  0
SEQEND
  0
POLYLINE
  8
PIN_TOP
 66
1
 70
1
 40
0.000000
 41
0.000000
 39
0.000000
  0
VERTEX
  8
PIN_TOP
 10
7.212330
 20
5.783580
 40
0.000000
 41
0.000000
 42
0.000000
  0
VERTEX
  8
PIN_TOP
 10
7.722870
 20
5.783580
 40
0.000000
 41
0.000000
 42
0.000000
  0
VERTEX
  8
PIN_TOP
 10
7.722870
 20
5.143500
 40
0.000000
 41
0.000000
 42
0.000000
  0
VERTEX
  8
PIN_TOP
 10
7.212330
 20
5.143500
 40
0.000000
 41
0.000000
 42
0.000000
  0
SEQEND
  0
POLYLINE
  8
PIN_TOP
 66
1
 70
1
 40
0.000000
 41
0.000000
 39
0.000000
  0
VERTEX
  8
PIN_TOP
 10
7.212330
 20
4.762500
 40
0.000000
 41
0.000000
 42
0.000000
  0
VERTEX
  8
PIN_TOP
 10
7.722870
 20
4.762500
 40
0.000000
 41
0.000000
 42
0.000000
  0
VERTEX
  8
PIN_TOP
 10
7.722870
 20
4.122420
 40
0.000000
 41
0.000000
 42
0.000000
  0
VERTEX
  8
PIN_TOP
 10
7.212330
 20
4.122420
 40
0.000000
 41
0.000000
 42
0.000000
  0
SEQEND
  0
POLYLINE
  8
PIN_TOP
 66
1
 70
1
 40
0.000000
 41
0.000000
 39
0.000000
  0
VERTEX
  8
PIN_TOP
 10
29.107130
 20
5.758180
 40
0.000000
 41
0.000000
 42
0.000000
  0
VERTEX
  8
PIN_TOP
 10
29.617670
 20
5.758180
 40
0.000000
 41
0.000000
 42
0.000000
  0
VERTEX
  8
PIN_TOP
 10
29.617670
 20
5.118100
 40
0.000000
 41
0.000000
 42
0.000000
  0
VERTEX
  8
PIN_TOP
 10
29.107130
 20
5.118100
 40
0.000000
 41
0.000000
 42
0.000000
  0
SEQEND
  0
POLYLINE
  8
PIN_TOP
 66
1
 70
1
 40
0.000000
 41
0.000000
 39
0.000000
  0
VERTEX
  8
PIN_TOP
 10
29.107130
 20
4.737100
 40
0.000000
 41
0.000000
 42
0.000000
  0
VERTEX
  8
PIN_TOP
 10
29.617670
 20
4.737100
 40
0.000000
 41
0.000000
 42
0.000000
  0
VERTEX
  8
PIN_TOP
 10
29.617670
 20
4.097020
 40
0.000000
 41
0.000000
 42
0.000000
  0
VERTEX
  8
PIN_TOP
 10
29.107130
 20
4.097020
 40
0.000000
 41
0.000000
 42
0.000000
  0
SEQEND
  0
POLYLINE
  8
PIN_TOP
 66
1
 70
1
 40
0.000000
 41
0.000000
 39
0.000000
  0
VERTEX
  8
PIN_TOP
 10
17.223740
 20
30.288230
 40
0.000000
 41
0.000000
 42
0.000000
  0
VERTEX
  8
PIN_TOP
 10
17.223740
 20
29.528770
 40
0.000000
 41
0.000000
 42
0.000000
  0
VERTEX
  8
PIN_TOP
 10
16.202660
 20
29.528770
 40
0.000000
 41
0.000000
 42
0.000000
  0
VERTEX
  8
PIN_TOP
 10
16.202660
 20
30.288230
 40
0.000000
 41
0.000000
 42
0.000000
  0
SEQEND
  0
POLYLINE
  8
PIN_TOP
 66
1
 70
1
 40
0.000000
 41
0.000000
 39
0.000000
  0
VERTEX
  8
PIN_TOP
 10
15.699740
 20
30.288230
 40
0.000000
 41
0.000000
 42
0.000000
  0
VERTEX
  8
PIN_TOP
 10
15.699740
 20
29.528770
 40
0.000000
 41
0.000000
 42
0.000000
  0
VERTEX
  8
PIN_TOP
 10
14.678660
 20
29.528770
 40
0.000000
 41
0.000000
 42
0.000000
  0
VERTEX
  8
PIN_TOP
 10
14.678660
 20
30.288230
 40
0.000000
 41
0.000000
 42
0.000000
  0
SEQEND
  0
POLYLINE
  8
PIN_TOP
 66
1
 70
1
 40
0.000000
 41
0.000000
 39
0.000000
  0
VERTEX
  8
PIN_TOP
 10
17.096740
 20
3.669030
 40
0.000000
 41
0.000000
 42
0.000000
  0
VERTEX
  8
PIN_TOP
 10
17.096740
 20
2.909570
 40
0.000000
 41
0.000000
 42
0.000000
  0
VERTEX
  8
PIN_TOP
 10
16.075660
 20
2.909570
 40
0.000000
 41
0.000000
 42
0.000000
  0
VERTEX
  8
PIN_TOP
 10
16.075660
 20
3.669030
 40
0.000000
 41
0.000000
 42
0.000000
  0
SEQEND
  0
POLYLINE
  8
PIN_TOP
 66
1
 70
1
 40
0.000000
 41
0.000000
 39
0.000000
  0
VERTEX
  8
PIN_TOP
 10
15.572740
 20
3.669030
 40
0.000000
 41
0.000000
 42
0.000000
  0
VERTEX
  8
PIN_TOP
 10
15.572740
 20
2.909570
 40
0.000000
 41
0.000000
 42
0.000000
  0
VERTEX
  8
PIN_TOP
 10
14.551660
 20
2.909570
 40
0.000000
 41
0.000000
 42
0.000000
  0
VERTEX
  8
PIN_TOP
 10
14.551660
 20
3.669030
 40
0.000000
 41
0.000000
 42
0.000000
  0
SEQEND
  0
POLYLINE
  8
PIN_TOP
 66
1
 70
1
 40
0.000000
 41
0.000000
 39
0.000000
  0
VERTEX
  8
PIN_TOP
 10
39.093140
 20
3.669030
 40
0.000000
 41
0.000000
 42
0.000000
  0
VERTEX
  8
PIN_TOP
 10
39.093140
 20
2.909570
 40
0.000000
 41
0.000000
 42
0.000000
  0
VERTEX
  8
PIN_TOP
 10
38.072060
 20
2.909570
 40
0.000000
 41
0.000000
 42
0.000000
  0
VERTEX
  8
PIN_TOP
 10
38.072060
 20
3.669030
 40
0.000000
 41
0.000000
 42
0.000000
  0
SEQEND
  0
POLYLINE
  8
PIN_TOP
 66
1
 70
1
 40
0.000000
 41
0.000000
 39
0.000000
  0
VERTEX
  8
PIN_TOP
 10
37.569140
 20
3.669030
 40
0.000000
 41
0.000000
 42
0.000000
  0
VERTEX
  8
PIN_TOP
 10
37.569140
 20
2.909570
 40
0.000000
 41
0.000000
 42
0.000000
  0
VERTEX
  8
PIN_TOP
 10
36.548060
 20
2.909570
 40
0.000000
 41
0.000000
 42
0.000000
  0
VERTEX
  8
PIN_TOP
 10
36.548060
 20
3.669030
 40
0.000000
 41
0.000000
 42
0.000000
  0
SEQEND
  0
POLYLINE
  8
PIN_TOP
 66
1
 70
1
 40
0.000000
 41
0.000000
 39
0.000000
  0
VERTEX
  8
PIN_TOP
 10
38.213030
 20
27.785060
 40
0.000000
 41
0.000000
 42
0.000000
  0
VERTEX
  8
PIN_TOP
 10
37.453570
 20
27.785060
 40
0.000000
 41
0.000000
 42
0.000000
  0
VERTEX
  8
PIN_TOP
 10
37.453570
 20
28.806140
 40
0.000000
 41
0.000000
 42
0.000000
  0
VERTEX
  8
PIN_TOP
 10
38.213030
 20
28.806140
 40
0.000000
 41
0.000000
 42
0.000000
  0
SEQEND
  0
POLYLINE
  8
PIN_TOP
 66
1
 70
1
 40
0.000000
 41
0.000000
 39
0.000000
  0
VERTEX
  8
PIN_TOP
 10
38.213030
 20
29.309060
 40
0.000000
 41
0.000000
 42
0.000000
  0
VERTEX
  8
PIN_TOP
 10
37.453570
 20
29.309060
 40
0.000000
 41
0.000000
 42
0.000000
  0
VERTEX
  8
PIN_TOP
 10
37.453570
 20
30.330140
 40
0.000000
 41
0.000000
 42
0.000000
  0
VERTEX
  8
PIN_TOP
 10
38.213030
 20
30.330140
 40
0.000000
 41
0.000000
 42
0.000000
  0
SEQEND
  0
POLYLINE
  8
PIN_TOP
 66
1
 70
1
 40
0.000000
 41
0.000000
 39
0.000000
  0
VERTEX
  8
PIN_TOP
 10
39.037260
 20
28.842970
 40
0.000000
 41
0.000000
 42
0.000000
  0
VERTEX
  8
PIN_TOP
 10
39.037260
 20
29.602430
 40
0.000000
 41
0.000000
 42
0.000000
  0
VERTEX
  8
PIN_TOP
 10
40.058340
 20
29.602430
 40
0.000000
 41
0.000000
 42
0.000000
  0
VERTEX
  8
PIN_TOP
 10
40.058340
 20
28.842970
 40
0.000000
 41
0.000000
 42
0.000000
  0
SEQEND
  0
POLYLINE
  8
PIN_TOP
 66
1
 70
1
 40
0.000000
 41
0.000000
 39
0.000000
  0
VERTEX
  8
PIN_TOP
 10
40.561260
 20
28.842970
 40
0.000000
 41
0.000000
 42
0.000000
  0
VERTEX
  8
PIN_TOP
 10
40.561260
 20
29.602430
 40
0.000000
 41
0.000000
 42
0.000000
  0
VERTEX
  8
PIN_TOP
 10
41.582340
 20
29.602430
 40
0.000000
 41
0.000000
 42
0.000000
  0
VERTEX
  8
PIN_TOP
 10
41.582340
 20
28.842970
 40
0.000000
 41
0.000000
 42
0.000000
  0
SEQEND
  0
CIRCLE
  8
PIN_TOP
 10
8.177530
 20
2.941066
 40
0.299720
  0
CIRCLE
  8
PIN_TOP
 10
27.077670
 20
2.941066
 40
0.299720
  0
CIRCLE
  8
PIN_TOP
 10
8.177530
 20
29.585666
 40
0.299720
  0
CIRCLE
  8
PIN_TOP
 10
27.077670
 20
29.585666
 40
0.299720
  0
CIRCLE
  8
PIN_TOP
 10
48.794670
 20
2.941066
 40
0.299720
  0
CIRCLE
  8
PIN_TOP
 10
29.894530
 20
2.941066
 40
0.299720
  0
CIRCLE
  8
PIN_TOP
 10
48.820070
 20
29.585666
 40
0.299720
  0
CIRCLE
  8
PIN_TOP
 10
29.919930
 20
29.585666
 40
0.299720
  0
CIRCLE
  8
PIN_TOP
 10
2.403348
 20
32.607504
 40
1.905000
  0
CIRCLE
  8
PIN_TOP
 10
54.594252
 20
32.607504
 40
1.905000
  0
CIRCLE
  8
PIN_TOP
 10
54.594252
 20
2.393950
 40
1.905000
  0
CIRCLE
  8
PIN_TOP
 10
2.403348
 20
2.393950
 40
1.905000
  0
POLYLINE
  8
PIN_TOP
 66
1
 70
1
 40
0.000000
 41
0.000000
 39
0.000000
  0
VERTEX
  8
PIN_TOP
 10
24.004016
 20
31.821628
 40
0.000000
 41
0.000000
 42
0.000000
  0
VERTEX
  8
PIN_TOP
 10
24.004016
 20
32.841692
 40
0.000000
 41
0.000000
 42
0.000000
  0
VERTEX
  8
PIN_TOP
 10
24.763984
 20
32.841692
 40
0.000000
 41
0.000000
 42
0.000000
  0
VERTEX
  8
PIN_TOP
 10
24.763984
 20
31.821628
 40
0.000000
 41
0.000000
 42
0.000000
  0
SEQEND
  0
POLYLINE
  8
PIN_TOP
 66
1
 70
1
 40
0.000000
 41
0.000000
 39
0.000000
  0
VERTEX
  8
PIN_TOP
 10
24.004016
 20
30.302708
 40
0.000000
 41
0.000000
 42
0.000000
  0
VERTEX
  8
PIN_TOP
 10
24.004016
 20
31.322772
 40
0.000000
 41
0.000000
 42
0.000000
  0
VERTEX
  8
PIN_TOP
 10
24.763984
 20
31.322772
 40
0.000000
 41
0.000000
 42
0.000000
  0
VERTEX
  8
PIN_TOP
 10
24.763984
 20
30.302708
 40
0.000000
 41
0.000000
 42
0.000000
  0
SEQEND
  0
POLYLINE
  8
PIN_TOP
 66
1
 70
1
 40
0.000000
 41
0.000000
 39
0.000000
  0
VERTEX
  8
PIN_TOP
 10
32.106616
 20
31.821628
 40
0.000000
 41
0.000000
 42
0.000000
  0
VERTEX
  8
PIN_TOP
 10
32.106616
 20
32.841692
 40
0.000000
 41
0.000000
 42
0.000000
  0
VERTEX
  8
PIN_TOP
 10
32.866584
 20
32.841692
 40
0.000000
 41
0.000000
 42
0.000000
  0
VERTEX
  8
PIN_TOP
 10
32.866584
 20
31.821628
 40
0.000000
 41
0.000000
 42
0.000000
  0
SEQEND
  0
POLYLINE
  8
PIN_TOP
 66
1
 70
1
 40
0.000000
 41
0.000000
 39
0.000000
  0
VERTEX
  8
PIN_TOP
 10
32.106616
 20
30.302708
 40
0.000000
 41
0.000000
 42
0.000000
  0
VERTEX
  8
PIN_TOP
 10
32.106616
 20
31.322772
 40
0.000000
 41
0.000000
 42
0.000000
  0
VERTEX
  8
PIN_TOP
 10
32.866584
 20
31.322772
 40
0.000000
 41
0.000000
 42
0.000000
  0
VERTEX
  8
PIN_TOP
 10
32.866584
 20
30.302708
 40
0.000000
 41
0.000000
 42
0.000000
  0
SEQEND
  0
POLYLINE
  8
PIN_TOP
 66
1
 70
1
 40
0.000000
 41
0.000000
 39
0.000000
  0
VERTEX
  8
PIN_TOP
 10
16.296894
 20
30.953202
 40
0.000000
 41
0.000000
 42
0.000000
  0
VERTEX
  8
PIN_TOP
 10
16.296894
 20
32.953198
 40
0.000000
 41
0.000000
 42
0.000000
  0
VERTEX
  8
PIN_TOP
 10
17.296892
 20
32.953198
 40
0.000000
 41
0.000000
 42
0.000000
  0
VERTEX
  8
PIN_TOP
 10
17.296892
 20
30.953202
 40
0.000000
 41
0.000000
 42
0.000000
  0
SEQEND
  0
POLYLINE
  8
PIN_TOP
 66
1
 70
1
 40
0.000000
 41
0.000000
 39
0.000000
  0
VERTEX
  8
PIN_TOP
 10
14.097254
 20
30.953202
 40
0.000000
 41
0.000000
 42
0.000000
  0
VERTEX
  8
PIN_TOP
 10
14.097254
 20
32.953198
 40
0.000000
 41
0.000000
 42
0.000000
  0
VERTEX
  8
PIN_TOP
 10
15.097252
 20
32.953198
 40
0.000000
 41
0.000000
 42
0.000000
  0
VERTEX
  8
PIN_TOP
 10
15.097252
 20
30.953202
 40
0.000000
 41
0.000000
 42
0.000000
  0
SEQEND
  0
POLYLINE
  8
PIN_TOP
 66
1
 70
1
 40
0.000000
 41
0.000000
 39
0.000000
  0
VERTEX
  8
PIN_TOP
 10
16.296894
 20
4.334002
 40
0.000000
 41
0.000000
 42
0.000000
  0
VERTEX
  8
PIN_TOP
 10
16.296894
 20
6.333998
 40
0.000000
 41
0.000000
 42
0.000000
  0
VERTEX
  8
PIN_TOP
 10
17.296892
 20
6.333998
 40
0.000000
 41
0.000000
 42
0.000000
  0
VERTEX
  8
PIN_TOP
 10
17.296892
 20
4.334002
 40
0.000000
 41
0.000000
 42
0.000000
  0
SEQEND
  0
POLYLINE
  8
PIN_TOP
 66
1
 70
1
 40
0.000000
 41
0.000000
 39
0.000000
  0
VERTEX
  8
PIN_TOP
 10
14.097254
 20
4.334002
 40
0.000000
 41
0.000000
 42
0.000000
  0
VERTEX
  8
PIN_TOP
 10
14.097254
 20
6.333998
 40
0.000000
 41
0.000000
 42
0.000000
  0
VERTEX
  8
PIN_TOP
 10
15.097252
 20
6.333998
 40
0.000000
 41
0.000000
 42
0.000000
  0
VERTEX
  8
PIN_TOP
 10
15.097252
 20
4.334002
 40
0.000000
 41
0.000000
 42
0.000000
  0
SEQEND
  0
POLYLINE
  8
PIN_TOP
 66
1
 70
1
 40
0.000000
 41
0.000000
 39
0.000000
  0
VERTEX
  8
PIN_TOP
 10
38.293294
 20
4.334002
 40
0.000000
 41
0.000000
 42
0.000000
  0
VERTEX
  8
PIN_TOP
 10
38.293294
 20
6.333998
 40
0.000000
 41
0.000000
 42
0.000000
  0
VERTEX
  8
PIN_TOP
 10
39.293292
 20
6.333998
 40
0.000000
 41
0.000000
 42
0.000000
  0
VERTEX
  8
PIN_TOP
 10
39.293292
 20
4.334002
 40
0.000000
 41
0.000000
 42
0.000000
  0
SEQEND
  0
POLYLINE
  8
PIN_TOP
 66
1
 70
1
 40
0.000000
 41
0.000000
 39
0.000000
  0
VERTEX
  8
PIN_TOP
 10
36.093654
 20
4.334002
 40
0.000000
 41
0.000000
 42
0.000000
  0
VERTEX
  8
PIN_TOP
 10
36.093654
 20
6.333998
 40
0.000000
 41
0.000000
 42
0.000000
  0
VERTEX
  8
PIN_TOP
 10
37.093652
 20
6.333998
 40
0.000000
 41
0.000000
 42
0.000000
  0
VERTEX
  8
PIN_TOP
 10
37.093652
 20
4.334002
 40
0.000000
 41
0.000000
 42
0.000000
  0
SEQEND
  0
POLYLINE
  8
PIN_TOP
 66
1
 70
1
 40
0.000000
 41
0.000000
 39
0.000000
  0
VERTEX
  8
PIN_TOP
 10
41.722040
 20
28.093670
 40
0.000000
 41
0.000000
 42
0.000000
  0
VERTEX
  8
PIN_TOP
 10
41.722040
 20
26.313130
 40
0.000000
 41
0.000000
 42
0.000000
  0
VERTEX
  8
PIN_TOP
 10
40.700960
 20
26.313130
 40
0.000000
 41
0.000000
 42
0.000000
  0
VERTEX
  8
PIN_TOP
 10
40.700960
 20
28.093670
 40
0.000000
 41
0.000000
 42
0.000000
  0
SEQEND
  0
POLYLINE
  8
PIN_TOP
 66
1
 70
1
 40
0.000000
 41
0.000000
 39
0.000000
  0
VERTEX
  8
PIN_TOP
 10
40.121840
 20
28.093670
 40
0.000000
 41
0.000000
 42
0.000000
  0
VERTEX
  8
PIN_TOP
 10
40.121840
 20
26.313130
 40
0.000000
 41
0.000000
 42
0.000000
  0
VERTEX
  8
PIN_TOP
 10
39.100760
 20
26.313130
 40
0.000000
 41
0.000000
 42
0.000000
  0
VERTEX
  8
PIN_TOP
 10
39.100760
 20
28.093670
 40
0.000000
 41
0.000000
 42
0.000000
  0
SEQEND
  0
POLYLINE
  8
PIN_TOP
 66
1
 70
1
 40
0.000000
 41
0.000000
 39
0.000000
  0
VERTEX
  8
PIN_TOP
 10
52.105560
 20
20.420330
 40
0.000000
 41
0.000000
 42
0.000000
  0
VERTEX
  8
PIN_TOP
 10
52.105560
 20
22.200870
 40
0.000000
 41
0.000000
 42
0.000000
  0
VERTEX
  8
PIN_TOP
 10
53.126640
 20
22.200870
 40
0.000000
 41
0.000000
 42
0.000000
  0
VERTEX
  8
PIN_TOP
 10
53.126640
 20
20.420330
 40
0.000000
 41
0.000000
 42
0.000000
  0
SEQEND
  0
POLYLINE
  8
PIN_TOP
 66
1
 70
1
 40
0.000000
 41
0.000000
 39
0.000000
  0
VERTEX
  8
PIN_TOP
 10
53.705760
 20
20.420330
 40
0.000000
 41
0.000000
 42
0.000000
  0
VERTEX
  8
PIN_TOP
 10
53.705760
 20
22.200870
 40
0.000000
 41
0.000000
 42
0.000000
  0
VERTEX
  8
PIN_TOP
 10
54.726840
 20
22.200870
 40
0.000000
 41
0.000000
 42
0.000000
  0
VERTEX
  8
PIN_TOP
 10
54.726840
 20
20.420330
 40
0.000000
 41
0.000000
 42
0.000000
  0
SEQEND
  0
POLYLINE
  8
PIN_TOP
 66
1
 70
1
 40
0.000000
 41
0.000000
 39
0.000000
  0
VERTEX
  8
PIN_TOP
 10
42.569130
 20
18.989040
 40
0.000000
 41
0.000000
 42
0.000000
  0
VERTEX
  8
PIN_TOP
 10
44.349670
 20
18.989040
 40
0.000000
 41
0.000000
 42
0.000000
  0
VERTEX
  8
PIN_TOP
 10
44.349670
 20
17.967960
 40
0.000000
 41
0.000000
 42
0.000000
  0
VERTEX
  8
PIN_TOP
 10
42.569130
 20
17.967960
 40
0.000000
 41
0.000000
 42
0.000000
  0
SEQEND
  0
POLYLINE
  8
PIN_TOP
 66
1
 70
1
 40
0.000000
 41
0.000000
 39
0.000000
  0
VERTEX
  8
PIN_TOP
 10
42.569130
 20
17.388840
 40
0.000000
 41
0.000000
 42
0.000000
  0
VERTEX
  8
PIN_TOP
 10
44.349670
 20
17.388840
 40
0.000000
 41
0.000000
 42
0.000000
  0
VERTEX
  8
PIN_TOP
 10
44.349670
 20
16.367760
 40
0.000000
 41
0.000000
 42
0.000000
  0
VERTEX
  8
PIN_TOP
 10
42.569130
 20
16.367760
 40
0.000000
 41
0.000000
 42
0.000000
  0
SEQEND
  0
POLYLINE
  8
PIN_TOP
 66
1
 70
1
 40
0.000000
 41
0.000000
 39
0.000000
  0
VERTEX
  8
PIN_TOP
 10
52.105560
 20
17.804130
 40
0.000000
 41
0.000000
 42
0.000000
  0
VERTEX
  8
PIN_TOP
 10
52.105560
 20
19.584670
 40
0.000000
 41
0.000000
 42
0.000000
  0
VERTEX
  8
PIN_TOP
 10
53.126640
 20
19.584670
 40
0.000000
 41
0.000000
 42
0.000000
  0
VERTEX
  8
PIN_TOP
 10
53.126640
 20
17.804130
 40
0.000000
 41
0.000000
 42
0.000000
  0
SEQEND
  0
POLYLINE
  8
PIN_TOP
 66
1
 70
1
 40
0.000000
 41
0.000000
 39
0.000000
  0
VERTEX
  8
PIN_TOP
 10
53.705760
 20
17.804130
 40
0.000000
 41
0.000000
 42
0.000000
  0
VERTEX
  8
PIN_TOP
 10
53.705760
 20
19.584670
 40
0.000000
 41
0.000000
 42
0.000000
  0
VERTEX
  8
PIN_TOP
 10
54.726840
 20
19.584670
 40
0.000000
 41
0.000000
 42
0.000000
  0
VERTEX
  8
PIN_TOP
 10
54.726840
 20
17.804130
 40
0.000000
 41
0.000000
 42
0.000000
  0
SEQEND
  0
POLYLINE
  8
PIN_TOP
 66
1
 70
1
 40
0.000000
 41
0.000000
 39
0.000000
  0
VERTEX
  8
PIN_TOP
 10
39.100760
 20
23.646130
 40
0.000000
 41
0.000000
 42
0.000000
  0
VERTEX
  8
PIN_TOP
 10
39.100760
 20
25.426670
 40
0.000000
 41
0.000000
 42
0.000000
  0
VERTEX
  8
PIN_TOP
 10
40.121840
 20
25.426670
 40
0.000000
 41
0.000000
 42
0.000000
  0
VERTEX
  8
PIN_TOP
 10
40.121840
 20
23.646130
 40
0.000000
 41
0.000000
 42
0.000000
  0
SEQEND
  0
POLYLINE
  8
PIN_TOP
 66
1
 70
1
 40
0.000000
 41
0.000000
 39
0.000000
  0
VERTEX
  8
PIN_TOP
 10
40.700960
 20
23.646130
 40
0.000000
 41
0.000000
 42
0.000000
  0
VERTEX
  8
PIN_TOP
 10
40.700960
 20
25.426670
 40
0.000000
 41
0.000000
 42
0.000000
  0
VERTEX
  8
PIN_TOP
 10
41.722040
 20
25.426670
 40
0.000000
 41
0.000000
 42
0.000000
  0
VERTEX
  8
PIN_TOP
 10
41.722040
 20
23.646130
 40
0.000000
 41
0.000000
 42
0.000000
  0
SEQEND
  0
POLYLINE
  8
PIN_TOP
 66
1
 70
1
 40
0.000000
 41
0.000000
 39
0.000000
  0
VERTEX
  8
PIN_TOP
 10
49.503330
 20
32.044640
 40
0.000000
 41
0.000000
 42
0.000000
  0
VERTEX
  8
PIN_TOP
 10
51.283870
 20
32.044640
 40
0.000000
 41
0.000000
 42
0.000000
  0
VERTEX
  8
PIN_TOP
 10
51.283870
 20
31.023560
 40
0.000000
 41
0.000000
 42
0.000000
  0
VERTEX
  8
PIN_TOP
 10
49.503330
 20
31.023560
 40
0.000000
 41
0.000000
 42
0.000000
  0
SEQEND
  0
POLYLINE
  8
PIN_TOP
 66
1
 70
1
 40
0.000000
 41
0.000000
 39
0.000000
  0
VERTEX
  8
PIN_TOP
 10
49.503330
 20
30.444440
 40
0.000000
 41
0.000000
 42
0.000000
  0
VERTEX
  8
PIN_TOP
 10
51.283870
 20
30.444440
 40
0.000000
 41
0.000000
 42
0.000000
  0
VERTEX
  8
PIN_TOP
 10
51.283870
 20
29.423360
 40
0.000000
 41
0.000000
 42
0.000000
  0
VERTEX
  8
PIN_TOP
 10
49.503330
 20
29.423360
 40
0.000000
 41
0.000000
 42
0.000000
  0
SEQEND
  0
POLYLINE
  8
PIN_TOP
 66
1
 70
1
 40
0.000000
 41
0.000000
 39
0.000000
  0
VERTEX
  8
PIN_TOP
 10
54.803040
 20
29.135070
 40
0.000000
 41
0.000000
 42
0.000000
  0
VERTEX
  8
PIN_TOP
 10
54.803040
 20
27.354530
 40
0.000000
 41
0.000000
 42
0.000000
  0
VERTEX
  8
PIN_TOP
 10
53.781960
 20
27.354530
 40
0.000000
 41
0.000000
 42
0.000000
  0
VERTEX
  8
PIN_TOP
 10
53.781960
 20
29.135070
 40
0.000000
 41
0.000000
 42
0.000000
  0
SEQEND
  0
POLYLINE
  8
PIN_TOP
 66
1
 70
1
 40
0.000000
 41
0.000000
 39
0.000000
  0
VERTEX
  8
PIN_TOP
 10
53.202840
 20
29.135070
 40
0.000000
 41
0.000000
 42
0.000000
  0
VERTEX
  8
PIN_TOP
 10
53.202840
 20
27.354530
 40
0.000000
 41
0.000000
 42
0.000000
  0
VERTEX
  8
PIN_TOP
 10
52.181760
 20
27.354530
 40
0.000000
 41
0.000000
 42
0.000000
  0
VERTEX
  8
PIN_TOP
 10
52.181760
 20
29.135070
 40
0.000000
 41
0.000000
 42
0.000000
  0
SEQEND
  0
POLYLINE
  8
PIN_TOP
 66
1
 70
1
 40
0.000000
 41
0.000000
 39
0.000000
  0
VERTEX
  8
PIN_TOP
 10
39.100760
 20
21.106130
 40
0.000000
 41
0.000000
 42
0.000000
  0
VERTEX
  8
PIN_TOP
 10
39.100760
 20
22.886670
 40
0.000000
 41
0.000000
 42
0.000000
  0
VERTEX
  8
PIN_TOP
 10
40.121840
 20
22.886670
 40
0.000000
 41
0.000000
 42
0.000000
  0
VERTEX
  8
PIN_TOP
 10
40.121840
 20
21.106130
 40
0.000000
 41
0.000000
 42
0.000000
  0
SEQEND
  0
POLYLINE
  8
PIN_TOP
 66
1
 70
1
 40
0.000000
 41
0.000000
 39
0.000000
  0
VERTEX
  8
PIN_TOP
 10
40.700960
 20
21.106130
 40
0.000000
 41
0.000000
 42
0.000000
  0
VERTEX
  8
PIN_TOP
 10
40.700960
 20
22.886670
 40
0.000000
 41
0.000000
 42
0.000000
  0
VERTEX
  8
PIN_TOP
 10
41.722040
 20
22.886670
 40
0.000000
 41
0.000000
 42
0.000000
  0
VERTEX
  8
PIN_TOP
 10
41.722040
 20
21.106130
 40
0.000000
 41
0.000000
 42
0.000000
  0
SEQEND
  0
POLYLINE
  8
PIN_TOP
 66
1
 70
1
 40
0.000000
 41
0.000000
 39
0.000000
  0
VERTEX
  8
PIN_TOP
 10
45.236130
 20
18.989040
 40
0.000000
 41
0.000000
 42
0.000000
  0
VERTEX
  8
PIN_TOP
 10
47.016670
 20
18.989040
 40
0.000000
 41
0.000000
 42
0.000000
  0
VERTEX
  8
PIN_TOP
 10
47.016670
 20
17.967960
 40
0.000000
 41
0.000000
 42
0.000000
  0
VERTEX
  8
PIN_TOP
 10
45.236130
 20
17.967960
 40
0.000000
 41
0.000000
 42
0.000000
  0
SEQEND
  0
POLYLINE
  8
PIN_TOP
 66
1
 70
1
 40
0.000000
 41
0.000000
 39
0.000000
  0
VERTEX
  8
PIN_TOP
 10
45.236130
 20
17.388840
 40
0.000000
 41
0.000000
 42
0.000000
  0
VERTEX
  8
PIN_TOP
 10
47.016670
 20
17.388840
 40
0.000000
 41
0.000000
 42
0.000000
  0
VERTEX
  8
PIN_TOP
 10
47.016670
 20
16.367760
 40
0.000000
 41
0.000000
 42
0.000000
  0
VERTEX
  8
PIN_TOP
 10
45.236130
 20
16.367760
 40
0.000000
 41
0.000000
 42
0.000000
  0
SEQEND
  0
POLYLINE
  8
PIN_TOP
 66
1
 70
1
 40
0.000000
 41
0.000000
 39
0.000000
  0
VERTEX
  8
PIN_TOP
 10
49.658270
 20
16.367760
 40
0.000000
 41
0.000000
 42
0.000000
  0
VERTEX
  8
PIN_TOP
 10
47.877730
 20
16.367760
 40
0.000000
 41
0.000000
 42
0.000000
  0
VERTEX
  8
PIN_TOP
 10
47.877730
 20
17.388840
 40
0.000000
 41
0.000000
 42
0.000000
  0
VERTEX
  8
PIN_TOP
 10
49.658270
 20
17.388840
 40
0.000000
 41
0.000000
 42
0.000000
  0
SEQEND
  0
POLYLINE
  8
PIN_TOP
 66
1
 70
1
 40
0.000000
 41
0.000000
 39
0.000000
  0
VERTEX
  8
PIN_TOP
 10
49.658270
 20
17.967960
 40
0.000000
 41
0.000000
 42
0.000000
  0
VERTEX
  8
PIN_TOP
 10
47.877730
 20
17.967960
 40
0.000000
 41
0.000000
 42
0.000000
  0
VERTEX
  8
PIN_TOP
 10
47.877730
 20
18.989040
 40
0.000000
 41
0.000000
 42
0.000000
  0
VERTEX
  8
PIN_TOP
 10
49.658270
 20
18.989040
 40
0.000000
 41
0.000000
 42
0.000000
  0
SEQEND
  0
POLYLINE
  8
PIN_TOP
 66
1
 70
1
 40
0.000000
 41
0.000000
 39
0.000000
  0
VERTEX
  8
PIN_TOP
 10
38.080950
 20
16.969740
 40
0.000000
 41
0.000000
 42
0.000000
  0
VERTEX
  8
PIN_TOP
 10
36.981130
 20
16.969740
 40
0.000000
 41
0.000000
 42
0.000000
  0
VERTEX
  8
PIN_TOP
 10
36.981130
 20
18.270220
 40
0.000000
 41
0.000000
 42
0.000000
  0
VERTEX
  8
PIN_TOP
 10
38.080950
 20
18.270220
 40
0.000000
 41
0.000000
 42
0.000000
  0
SEQEND
  0
POLYLINE
  8
PIN_TOP
 66
1
 70
1
 40
0.000000
 41
0.000000
 39
0.000000
  0
VERTEX
  8
PIN_TOP
 10
39.879270
 20
16.969740
 40
0.000000
 41
0.000000
 42
0.000000
  0
VERTEX
  8
PIN_TOP
 10
38.779450
 20
16.969740
 40
0.000000
 41
0.000000
 42
0.000000
  0
VERTEX
  8
PIN_TOP
 10
38.779450
 20
18.270220
 40
0.000000
 41
0.000000
 42
0.000000
  0
VERTEX
  8
PIN_TOP
 10
39.879270
 20
18.270220
 40
0.000000
 41
0.000000
 42
0.000000
  0
SEQEND
  0
POLYLINE
  8
PIN_TOP
 66
1
 70
1
 40
0.000000
 41
0.000000
 39
0.000000
  0
VERTEX
  8
PIN_TOP
 10
39.879270
 20
19.270980
 40
0.000000
 41
0.000000
 42
0.000000
  0
VERTEX
  8
PIN_TOP
 10
38.779450
 20
19.270980
 40
0.000000
 41
0.000000
 42
0.000000
  0
VERTEX
  8
PIN_TOP
 10
38.779450
 20
20.571460
 40
0.000000
 41
0.000000
 42
0.000000
  0
VERTEX
  8
PIN_TOP
 10
39.879270
 20
20.571460
 40
0.000000
 41
0.000000
 42
0.000000
  0
SEQEND
  0
POLYLINE
  8
PIN_TOP
 66
1
 70
1
 40
0.000000
 41
0.000000
 39
0.000000
  0
VERTEX
  8
PIN_TOP
 10
38.080950
 20
19.270980
 40
0.000000
 41
0.000000
 42
0.000000
  0
VERTEX
  8
PIN_TOP
 10
36.981130
 20
19.270980
 40
0.000000
 41
0.000000
 42
0.000000
  0
VERTEX
  8
PIN_TOP
 10
36.981130
 20
20.571460
 40
0.000000
 41
0.000000
 42
0.000000
  0
VERTEX
  8
PIN_TOP
 10
38.080950
 20
20.571460
 40
0.000000
 41
0.000000
 42
0.000000
  0
SEQEND
  0
POLYLINE
  8
PIN_TOP
 66
1
 70
1
 40
0.000000
 41
0.000000
 39
0.000000
  0
VERTEX
  8
PIN_TOP
 10
10.535666
 20
30.203140
 40
0.000000
 41
0.000000
 42
0.000000
  0
VERTEX
  8
PIN_TOP
 10
9.265666
 20
30.203140
 40
0.000000
 41
0.000000
 42
0.000000
  0
VERTEX
  8
PIN_TOP
 10
9.265666
 20
30.838140
 40
0.000000
 41
0.000000
 42
0.000000
  0
VERTEX
  8
PIN_TOP
 10
10.535666
 20
30.838140
 40
0.000000
 41
0.000000
 42
0.000000
  0
SEQEND
  0
POLYLINE
  8
PIN_TOP
 66
1
 70
1
 40
0.000000
 41
0.000000
 39
0.000000
  0
VERTEX
  8
PIN_TOP
 10
10.535666
 20
32.103060
 40
0.000000
 41
0.000000
 42
0.000000
  0
VERTEX
  8
PIN_TOP
 10
9.265666
 20
32.103060
 40
0.000000
 41
0.000000
 42
0.000000
  0
VERTEX
  8
PIN_TOP
 10
9.265666
 20
32.738060
 40
0.000000
 41
0.000000
 42
0.000000
  0
VERTEX
  8
PIN_TOP
 10
10.535666
 20
32.738060
 40
0.000000
 41
0.000000
 42
0.000000
  0
SEQEND
  0
POLYLINE
  8
PIN_TOP
 66
1
 70
1
 40
0.000000
 41
0.000000
 39
0.000000
  0
VERTEX
  8
PIN_TOP
 10
13.035534
 20
32.103060
 40
0.000000
 41
0.000000
 42
0.000000
  0
VERTEX
  8
PIN_TOP
 10
11.765534
 20
32.103060
 40
0.000000
 41
0.000000
 42
0.000000
  0
VERTEX
  8
PIN_TOP
 10
11.765534
 20
32.738060
 40
0.000000
 41
0.000000
 42
0.000000
  0
VERTEX
  8
PIN_TOP
 10
13.035534
 20
32.738060
 40
0.000000
 41
0.000000
 42
0.000000
  0
SEQEND
  0
POLYLINE
  8
PIN_TOP
 66
1
 70
1
 40
0.000000
 41
0.000000
 39
0.000000
  0
VERTEX
  8
PIN_TOP
 10
13.035534
 20
31.153100
 40
0.000000
 41
0.000000
 42
0.000000
  0
VERTEX
  8
PIN_TOP
 10
11.765534
 20
31.153100
 40
0.000000
 41
0.000000
 42
0.000000
  0
VERTEX
  8
PIN_TOP
 10
11.765534
 20
31.788100
 40
0.000000
 41
0.000000
 42
0.000000
  0
VERTEX
  8
PIN_TOP
 10
13.035534
 20
31.788100
 40
0.000000
 41
0.000000
 42
0.000000
  0
SEQEND
  0
POLYLINE
  8
PIN_TOP
 66
1
 70
1
 40
0.000000
 41
0.000000
 39
0.000000
  0
VERTEX
  8
PIN_TOP
 10
13.035534
 20
30.203140
 40
0.000000
 41
0.000000
 42
0.000000
  0
VERTEX
  8
PIN_TOP
 10
11.765534
 20
30.203140
 40
0.000000
 41
0.000000
 42
0.000000
  0
VERTEX
  8
PIN_TOP
 10
11.765534
 20
30.838140
 40
0.000000
 41
0.000000
 42
0.000000
  0
VERTEX
  8
PIN_TOP
 10
13.035534
 20
30.838140
 40
0.000000
 41
0.000000
 42
0.000000
  0
SEQEND
  0
POLYLINE
  8
PIN_TOP
 66
1
 70
1
 40
0.000000
 41
0.000000
 39
0.000000
  0
VERTEX
  8
PIN_TOP
 10
32.252666
 20
3.558540
 40
0.000000
 41
0.000000
 42
0.000000
  0
VERTEX
  8
PIN_TOP
 10
30.982666
 20
3.558540
 40
0.000000
 41
0.000000
 42
0.000000
  0
VERTEX
  8
PIN_TOP
 10
30.982666
 20
4.193540
 40
0.000000
 41
0.000000
 42
0.000000
  0
VERTEX
  8
PIN_TOP
 10
32.252666
 20
4.193540
 40
0.000000
 41
0.000000
 42
0.000000
  0
SEQEND
  0
POLYLINE
  8
PIN_TOP
 66
1
 70
1
 40
0.000000
 41
0.000000
 39
0.000000
  0
VERTEX
  8
PIN_TOP
 10
32.252666
 20
5.458460
 40
0.000000
 41
0.000000
 42
0.000000
  0
VERTEX
  8
PIN_TOP
 10
30.982666
 20
5.458460
 40
0.000000
 41
0.000000
 42
0.000000
  0
VERTEX
  8
PIN_TOP
 10
30.982666
 20
6.093460
 40
0.000000
 41
0.000000
 42
0.000000
  0
VERTEX
  8
PIN_TOP
 10
32.252666
 20
6.093460
 40
0.000000
 41
0.000000
 42
0.000000
  0
SEQEND
  0
POLYLINE
  8
PIN_TOP
 66
1
 70
1
 40
0.000000
 41
0.000000
 39
0.000000
  0
VERTEX
  8
PIN_TOP
 10
34.752534
 20
5.458460
 40
0.000000
 41
0.000000
 42
0.000000
  0
VERTEX
  8
PIN_TOP
 10
33.482534
 20
5.458460
 40
0.000000
 41
0.000000
 42
0.000000
  0
VERTEX
  8
PIN_TOP
 10
33.482534
 20
6.093460
 40
0.000000
 41
0.000000
 42
0.000000
  0
VERTEX
  8
PIN_TOP
 10
34.752534
 20
6.093460
 40
0.000000
 41
0.000000
 42
0.000000
  0
SEQEND
  0
POLYLINE
  8
PIN_TOP
 66
1
 70
1
 40
0.000000
 41
0.000000
 39
0.000000
  0
VERTEX
  8
PIN_TOP
 10
34.752534
 20
4.508500
 40
0.000000
 41
0.000000
 42
0.000000
  0
VERTEX
  8
PIN_TOP
 10
33.482534
 20
4.508500
 40
0.000000
 41
0.000000
 42
0.000000
  0
VERTEX
  8
PIN_TOP
 10
33.482534
 20
5.143500
 40
0.000000
 41
0.000000
 42
0.000000
  0
VERTEX
  8
PIN_TOP
 10
34.752534
 20
5.143500
 40
0.000000
 41
0.000000
 42
0.000000
  0
SEQEND
  0
POLYLINE
  8
PIN_TOP
 66
1
 70
1
 40
0.000000
 41
0.000000
 39
0.000000
  0
VERTEX
  8
PIN_TOP
 10
34.752534
 20
3.558540
 40
0.000000
 41
0.000000
 42
0.000000
  0
VERTEX
  8
PIN_TOP
 10
33.482534
 20
3.558540
 40
0.000000
 41
0.000000
 42
0.000000
  0
VERTEX
  8
PIN_TOP
 10
33.482534
 20
4.193540
 40
0.000000
 41
0.000000
 42
0.000000
  0
VERTEX
  8
PIN_TOP
 10
34.752534
 20
4.193540
 40
0.000000
 41
0.000000
 42
0.000000
  0
SEQEND
  0
POLYLINE
  8
PIN_TOP
 66
1
 70
1
 40
0.000000
 41
0.000000
 39
0.000000
  0
VERTEX
  8
PIN_TOP
 10
10.408666
 20
3.558540
 40
0.000000
 41
0.000000
 42
0.000000
  0
VERTEX
  8
PIN_TOP
 10
9.138666
 20
3.558540
 40
0.000000
 41
0.000000
 42
0.000000
  0
VERTEX
  8
PIN_TOP
 10
9.138666
 20
4.193540
 40
0.000000
 41
0.000000
 42
0.000000
  0
VERTEX
  8
PIN_TOP
 10
10.408666
 20
4.193540
 40
0.000000
 41
0.000000
 42
0.000000
  0
SEQEND
  0
POLYLINE
  8
PIN_TOP
 66
1
 70
1
 40
0.000000
 41
0.000000
 39
0.000000
  0
VERTEX
  8
PIN_TOP
 10
10.408666
 20
5.458460
 40
0.000000
 41
0.000000
 42
0.000000
  0
VERTEX
  8
PIN_TOP
 10
9.138666
 20
5.458460
 40
0.000000
 41
0.000000
 42
0.000000
  0
VERTEX
  8
PIN_TOP
 10
9.138666
 20
6.093460
 40
0.000000
 41
0.000000
 42
0.000000
  0
VERTEX
  8
PIN_TOP
 10
10.408666
 20
6.093460
 40
0.000000
 41
0.000000
 42
0.000000
  0
SEQEND
  0
POLYLINE
  8
PIN_TOP
 66
1
 70
1
 40
0.000000
 41
0.000000
 39
0.000000
  0
VERTEX
  8
PIN_TOP
 10
12.908534
 20
5.458460
 40
0.000000
 41
0.000000
 42
0.000000
  0
VERTEX
  8
PIN_TOP
 10
11.638534
 20
5.458460
 40
0.000000
 41
0.000000
 42
0.000000
  0
VERTEX
  8
PIN_TOP
 10
11.638534
 20
6.093460
 40
0.000000
 41
0.000000
 42
0.000000
  0
VERTEX
  8
PIN_TOP
 10
12.908534
 20
6.093460
 40
0.000000
 41
0.000000
 42
0.000000
  0
SEQEND
  0
POLYLINE
  8
PIN_TOP
 66
1
 70
1
 40
0.000000
 41
0.000000
 39
0.000000
  0
VERTEX
  8
PIN_TOP
 10
12.908534
 20
4.508500
 40
0.000000
 41
0.000000
 42
0.000000
  0
VERTEX
  8
PIN_TOP
 10
11.638534
 20
4.508500
 40
0.000000
 41
0.000000
 42
0.000000
  0
VERTEX
  8
PIN_TOP
 10
11.638534
 20
5.143500
 40
0.000000
 41
0.000000
 42
0.000000
  0
VERTEX
  8
PIN_TOP
 10
12.908534
 20
5.143500
 40
0.000000
 41
0.000000
 42
0.000000
  0
SEQEND
  0
POLYLINE
  8
PIN_TOP
 66
1
 70
1
 40
0.000000
 41
0.000000
 39
0.000000
  0
VERTEX
  8
PIN_TOP
 10
12.908534
 20
3.558540
 40
0.000000
 41
0.000000
 42
0.000000
  0
VERTEX
  8
PIN_TOP
 10
11.638534
 20
3.558540
 40
0.000000
 41
0.000000
 42
0.000000
  0
VERTEX
  8
PIN_TOP
 10
11.638534
 20
4.193540
 40
0.000000
 41
0.000000
 42
0.000000
  0
VERTEX
  8
PIN_TOP
 10
12.908534
 20
4.193540
 40
0.000000
 41
0.000000
 42
0.000000
  0
SEQEND
  0
POLYLINE
  8
PIN_TOP
 66
1
 70
1
 40
0.000000
 41
0.000000
 39
0.000000
  0
VERTEX
  8
PIN_TOP
 10
44.342050
 20
27.082750
 40
0.000000
 41
0.000000
 42
0.000000
  0
VERTEX
  8
PIN_TOP
 10
49.942750
 20
27.082750
 40
0.000000
 41
0.000000
 42
0.000000
  0
VERTEX
  8
PIN_TOP
 10
49.942750
 20
21.482050
 40
0.000000
 41
0.000000
 42
0.000000
  0
VERTEX
  8
PIN_TOP
 10
44.342050
 20
21.482050
 40
0.000000
 41
0.000000
 42
0.000000
  0
SEQEND
  0
POLYLINE
  8
PIN_TOP
 66
1
 70
1
 40
0.000000
 41
0.000000
 39
0.000000
  0
VERTEX
  8
PIN_TOP
 10
50.242470
 20
27.197558
 40
0.000000
 41
0.000000
 42
0.000000
  0
VERTEX
  8
PIN_TOP
 10
51.042570
 20
27.197558
 40
0.000000
 41
0.000000
 42
0.000000
  0
VERTEX
  8
PIN_TOP
 10
51.042570
 20
26.967434
 40
0.000000
 41
0.000000
 42
0.000000
  0
VERTEX
  8
PIN_TOP
 10
50.242470
 20
26.967434
 40
0.000000
 41
0.000000
 42
0.000000
  0
SEQEND
  0
POLYLINE
  8
PIN_TOP
 66
1
 70
1
 40
0.000000
 41
0.000000
 39
0.000000
  0
VERTEX
  8
PIN_TOP
 10
50.242470
 20
26.847546
 40
0.000000
 41
0.000000
 42
0.000000
  0
VERTEX
  8
PIN_TOP
 10
51.042570
 20
26.847546
 40
0.000000
 41
0.000000
 42
0.000000
  0
VERTEX
  8
PIN_TOP
 10
51.042570
 20
26.617422
 40
0.000000
 41
0.000000
 42
0.000000
  0
VERTEX
  8
PIN_TOP
 10
50.242470
 20
26.617422
 40
0.000000
 41
0.000000
 42
0.000000
  0
SEQEND
  0
POLYLINE
  8
PIN_TOP
 66
1
 70
1
 40
0.000000
 41
0.000000
 39
0.000000
  0
VERTEX
  8
PIN_TOP
 10
50.242470
 20
26.497534
 40
0.000000
 41
0.000000
 42
0.000000
  0
VERTEX
  8
PIN_TOP
 10
51.042570
 20
26.497534
 40
0.000000
 41
0.000000
 42
0.000000
  0
VERTEX
  8
PIN_TOP
 10
51.042570
 20
26.267410
 40
0.000000
 41
0.000000
 42
0.000000
  0
VERTEX
  8
PIN_TOP
 10
50.242470
 20
26.267410
 40
0.000000
 41
0.000000
 42
0.000000
  0
SEQEND
  0
POLYLINE
  8
PIN_TOP
 66
1
 70
1
 40
0.000000
 41
0.000000
 39
0.000000
  0
VERTEX
  8
PIN_TOP
 10
50.242470
 20
26.147522
 40
0.000000
 41
0.000000
 42
0.000000
  0
VERTEX
  8
PIN_TOP
 10
51.042570
 20
26.147522
 40
0.000000
 41
0.000000
 42
0.000000
  0
VERTEX
  8
PIN_TOP
 10
51.042570
 20
25.917398
 40
0.000000
 41
0.000000
 42
0.000000
  0
VERTEX
  8
PIN_TOP
 10
50.242470
 20
25.917398
 40
0.000000
 41
0.000000
 42
0.000000
  0
SEQEND
  0
POLYLINE
  8
PIN_TOP
 66
1
 70
1
 40
0.000000
 41
0.000000
 39
0.000000
  0
VERTEX
  8
PIN_TOP
 10
50.242470
 20
25.797510
 40
0.000000
 41
0.000000
 42
0.000000
  0
VERTEX
  8
PIN_TOP
 10
51.042570
 20
25.797510
 40
0.000000
 41
0.000000
 42
0.000000
  0
VERTEX
  8
PIN_TOP
 10
51.042570
 20
25.567386
 40
0.000000
 41
0.000000
 42
0.000000
  0
VERTEX
  8
PIN_TOP
 10
50.242470
 20
25.567386
 40
0.000000
 41
0.000000
 42
0.000000
  0
SEQEND
  0
POLYLINE
  8
PIN_TOP
 66
1
 70
1
 40
0.000000
 41
0.000000
 39
0.000000
  0
VERTEX
  8
PIN_TOP
 10
50.242470
 20
25.447498
 40
0.000000
 41
0.000000
 42
0.000000
  0
VERTEX
  8
PIN_TOP
 10
51.042570
 20
25.447498
 40
0.000000
 41
0.000000
 42
0.000000
  0
VERTEX
  8
PIN_TOP
 10
51.042570
 20
25.217374
 40
0.000000
 41
0.000000
 42
0.000000
  0
VERTEX
  8
PIN_TOP
 10
50.242470
 20
25.217374
 40
0.000000
 41
0.000000
 42
0.000000
  0
SEQEND
  0
POLYLINE
  8
PIN_TOP
 66
1
 70
1
 40
0.000000
 41
0.000000
 39
0.000000
  0
VERTEX
  8
PIN_TOP
 10
50.242470
 20
25.097486
 40
0.000000
 41
0.000000
 42
0.000000
  0
VERTEX
  8
PIN_TOP
 10
51.042570
 20
25.097486
 40
0.000000
 41
0.000000
 42
0.000000
  0
VERTEX
  8
PIN_TOP
 10
51.042570
 20
24.867362
 40
0.000000
 41
0.000000
 42
0.000000
  0
VERTEX
  8
PIN_TOP
 10
50.242470
 20
24.867362
 40
0.000000
 41
0.000000
 42
0.000000
  0
SEQEND
  0
POLYLINE
  8
PIN_TOP
 66
1
 70
1
 40
0.000000
 41
0.000000
 39
0.000000
  0
VERTEX
  8
PIN_TOP
 10
50.242470
 20
24.747474
 40
0.000000
 41
0.000000
 42
0.000000
  0
VERTEX
  8
PIN_TOP
 10
51.042570
 20
24.747474
 40
0.000000
 41
0.000000
 42
0.000000
  0
VERTEX
  8
PIN_TOP
 10
51.042570
 20
24.517350
 40
0.000000
 41
0.000000
 42
0.000000
  0
VERTEX
  8
PIN_TOP
 10
50.242470
 20
24.517350
 40
0.000000
 41
0.000000
 42
0.000000
  0
SEQEND
  0
POLYLINE
  8
PIN_TOP
 66
1
 70
1
 40
0.000000
 41
0.000000
 39
0.000000
  0
VERTEX
  8
PIN_TOP
 10
50.242470
 20
24.397462
 40
0.000000
 41
0.000000
 42
0.000000
  0
VERTEX
  8
PIN_TOP
 10
51.042570
 20
24.397462
 40
0.000000
 41
0.000000
 42
0.000000
  0
VERTEX
  8
PIN_TOP
 10
51.042570
 20
24.167338
 40
0.000000
 41
0.000000
 42
0.000000
  0
VERTEX
  8
PIN_TOP
 10
50.242470
 20
24.167338
 40
0.000000
 41
0.000000
 42
0.000000
  0
SEQEND
  0
POLYLINE
  8
PIN_TOP
 66
1
 70
1
 40
0.000000
 41
0.000000
 39
0.000000
  0
VERTEX
  8
PIN_TOP
 10
50.242470
 20
24.047450
 40
0.000000
 41
0.000000
 42
0.000000
  0
VERTEX
  8
PIN_TOP
 10
51.042570
 20
24.047450
 40
0.000000
 41
0.000000
 42
0.000000
  0
VERTEX
  8
PIN_TOP
 10
51.042570
 20
23.817326
 40
0.000000
 41
0.000000
 42
0.000000
  0
VERTEX
  8
PIN_TOP
 10
50.242470
 20
23.817326
 40
0.000000
 41
0.000000
 42
0.000000
  0
SEQEND
  0
POLYLINE
  8
PIN_TOP
 66
1
 70
1
 40
0.000000
 41
0.000000
 39
0.000000
  0
VERTEX
  8
PIN_TOP
 10
50.242470
 20
23.697438
 40
0.000000
 41
0.000000
 42
0.000000
  0
VERTEX
  8
PIN_TOP
 10
51.042570
 20
23.697438
 40
0.000000
 41
0.000000
 42
0.000000
  0
VERTEX
  8
PIN_TOP
 10
51.042570
 20
23.467314
 40
0.000000
 41
0.000000
 42
0.000000
  0
VERTEX
  8
PIN_TOP
 10
50.242470
 20
23.467314
 40
0.000000
 41
0.000000
 42
0.000000
  0
SEQEND
  0
POLYLINE
  8
PIN_TOP
 66
1
 70
1
 40
0.000000
 41
0.000000
 39
0.000000
  0
VERTEX
  8
PIN_TOP
 10
50.242470
 20
23.347426
 40
0.000000
 41
0.000000
 42
0.000000
  0
VERTEX
  8
PIN_TOP
 10
51.042570
 20
23.347426
 40
0.000000
 41
0.000000
 42
0.000000
  0
VERTEX
  8
PIN_TOP
 10
51.042570
 20
23.117302
 40
0.000000
 41
0.000000
 42
0.000000
  0
VERTEX
  8
PIN_TOP
 10
50.242470
 20
23.117302
 40
0.000000
 41
0.000000
 42
0.000000
  0
SEQEND
  0
POLYLINE
  8
PIN_TOP
 66
1
 70
1
 40
0.000000
 41
0.000000
 39
0.000000
  0
VERTEX
  8
PIN_TOP
 10
50.242470
 20
22.997414
 40
0.000000
 41
0.000000
 42
0.000000
  0
VERTEX
  8
PIN_TOP
 10
51.042570
 20
22.997414
 40
0.000000
 41
0.000000
 42
0.000000
  0
VERTEX
  8
PIN_TOP
 10
51.042570
 20
22.767290
 40
0.000000
 41
0.000000
 42
0.000000
  0
VERTEX
  8
PIN_TOP
 10
50.242470
 20
22.767290
 40
0.000000
 41
0.000000
 42
0.000000
  0
SEQEND
  0
POLYLINE
  8
PIN_TOP
 66
1
 70
1
 40
0.000000
 41
0.000000
 39
0.000000
  0
VERTEX
  8
PIN_TOP
 10
50.242470
 20
22.647402
 40
0.000000
 41
0.000000
 42
0.000000
  0
VERTEX
  8
PIN_TOP
 10
51.042570
 20
22.647402
 40
0.000000
 41
0.000000
 42
0.000000
  0
VERTEX
  8
PIN_TOP
 10
51.042570
 20
22.417278
 40
0.000000
 41
0.000000
 42
0.000000
  0
VERTEX
  8
PIN_TOP
 10
50.242470
 20
22.417278
 40
0.000000
 41
0.000000
 42
0.000000
  0
SEQEND
  0
POLYLINE
  8
PIN_TOP
 66
1
 70
1
 40
0.000000
 41
0.000000
 39
0.000000
  0
VERTEX
  8
PIN_TOP
 10
50.242470
 20
22.297390
 40
0.000000
 41
0.000000
 42
0.000000
  0
VERTEX
  8
PIN_TOP
 10
51.042570
 20
22.297390
 40
0.000000
 41
0.000000
 42
0.000000
  0
VERTEX
  8
PIN_TOP
 10
51.042570
 20
22.067266
 40
0.000000
 41
0.000000
 42
0.000000
  0
VERTEX
  8
PIN_TOP
 10
50.242470
 20
22.067266
 40
0.000000
 41
0.000000
 42
0.000000
  0
SEQEND
  0
POLYLINE
  8
PIN_TOP
 66
1
 70
1
 40
0.000000
 41
0.000000
 39
0.000000
  0
VERTEX
  8
PIN_TOP
 10
50.242470
 20
21.947378
 40
0.000000
 41
0.000000
 42
0.000000
  0
VERTEX
  8
PIN_TOP
 10
51.042570
 20
21.947378
 40
0.000000
 41
0.000000
 42
0.000000
  0
VERTEX
  8
PIN_TOP
 10
51.042570
 20
21.717254
 40
0.000000
 41
0.000000
 42
0.000000
  0
VERTEX
  8
PIN_TOP
 10
50.242470
 20
21.717254
 40
0.000000
 41
0.000000
 42
0.000000
  0
SEQEND
  0
POLYLINE
  8
PIN_TOP
 66
1
 70
1
 40
0.000000
 41
0.000000
 39
0.000000
  0
VERTEX
  8
PIN_TOP
 10
50.242470
 20
21.597366
 40
0.000000
 41
0.000000
 42
0.000000
  0
VERTEX
  8
PIN_TOP
 10
51.042570
 20
21.597366
 40
0.000000
 41
0.000000
 42
0.000000
  0
VERTEX
  8
PIN_TOP
 10
51.042570
 20
21.367242
 40
0.000000
 41
0.000000
 42
0.000000
  0
VERTEX
  8
PIN_TOP
 10
50.242470
 20
21.367242
 40
0.000000
 41
0.000000
 42
0.000000
  0
SEQEND
  0
POLYLINE
  8
PIN_TOP
 66
1
 70
1
 40
0.000000
 41
0.000000
 39
0.000000
  0
VERTEX
  8
PIN_TOP
 10
49.827434
 20
21.182330
 40
0.000000
 41
0.000000
 42
0.000000
  0
VERTEX
  8
PIN_TOP
 10
50.057558
 20
21.182330
 40
0.000000
 41
0.000000
 42
0.000000
  0
VERTEX
  8
PIN_TOP
 10
50.057558
 20
20.382230
 40
0.000000
 41
0.000000
 42
0.000000
  0
VERTEX
  8
PIN_TOP
 10
49.827434
 20
20.382230
 40
0.000000
 41
0.000000
 42
0.000000
  0
SEQEND
  0
POLYLINE
  8
PIN_TOP
 66
1
 70
1
 40
0.000000
 41
0.000000
 39
0.000000
  0
VERTEX
  8
PIN_TOP
 10
49.477422
 20
21.182330
 40
0.000000
 41
0.000000
 42
0.000000
  0
VERTEX
  8
PIN_TOP
 10
49.707546
 20
21.182330
 40
0.000000
 41
0.000000
 42
0.000000
  0
VERTEX
  8
PIN_TOP
 10
49.707546
 20
20.382230
 40
0.000000
 41
0.000000
 42
0.000000
  0
VERTEX
  8
PIN_TOP
 10
49.477422
 20
20.382230
 40
0.000000
 41
0.000000
 42
0.000000
  0
SEQEND
  0
POLYLINE
  8
PIN_TOP
 66
1
 70
1
 40
0.000000
 41
0.000000
 39
0.000000
  0
VERTEX
  8
PIN_TOP
 10
49.127410
 20
21.182330
 40
0.000000
 41
0.000000
 42
0.000000
  0
VERTEX
  8
PIN_TOP
 10
49.357534
 20
21.182330
 40
0.000000
 41
0.000000
 42
0.000000
  0
VERTEX
  8
PIN_TOP
 10
49.357534
 20
20.382230
 40
0.000000
 41
0.000000
 42
0.000000
  0
VERTEX
  8
PIN_TOP
 10
49.127410
 20
20.382230
 40
0.000000
 41
0.000000
 42
0.000000
  0
SEQEND
  0
POLYLINE
  8
PIN_TOP
 66
1
 70
1
 40
0.000000
 41
0.000000
 39
0.000000
  0
VERTEX
  8
PIN_TOP
 10
48.777398
 20
21.182330
 40
0.000000
 41
0.000000
 42
0.000000
  0
VERTEX
  8
PIN_TOP
 10
49.007522
 20
21.182330
 40
0.000000
 41
0.000000
 42
0.000000
  0
VERTEX
  8
PIN_TOP
 10
49.007522
 20
20.382230
 40
0.000000
 41
0.000000
 42
0.000000
  0
VERTEX
  8
PIN_TOP
 10
48.777398
 20
20.382230
 40
0.000000
 41
0.000000
 42
0.000000
  0
SEQEND
  0
POLYLINE
  8
PIN_TOP
 66
1
 70
1
 40
0.000000
 41
0.000000
 39
0.000000
  0
VERTEX
  8
PIN_TOP
 10
48.427386
 20
21.182330
 40
0.000000
 41
0.000000
 42
0.000000
  0
VERTEX
  8
PIN_TOP
 10
48.657510
 20
21.182330
 40
0.000000
 41
0.000000
 42
0.000000
  0
VERTEX
  8
PIN_TOP
 10
48.657510
 20
20.382230
 40
0.000000
 41
0.000000
 42
0.000000
  0
VERTEX
  8
PIN_TOP
 10
48.427386
 20
20.382230
 40
0.000000
 41
0.000000
 42
0.000000
  0
SEQEND
  0
POLYLINE
  8
PIN_TOP
 66
1
 70
1
 40
0.000000
 41
0.000000
 39
0.000000
  0
VERTEX
  8
PIN_TOP
 10
48.077374
 20
21.182330
 40
0.000000
 41
0.000000
 42
0.000000
  0
VERTEX
  8
PIN_TOP
 10
48.307498
 20
21.182330
 40
0.000000
 41
0.000000
 42
0.000000
  0
VERTEX
  8
PIN_TOP
 10
48.307498
 20
20.382230
 40
0.000000
 41
0.000000
 42
0.000000
  0
VERTEX
  8
PIN_TOP
 10
48.077374
 20
20.382230
 40
0.000000
 41
0.000000
 42
0.000000
  0
SEQEND
  0
POLYLINE
  8
PIN_TOP
 66
1
 70
1
 40
0.000000
 41
0.000000
 39
0.000000
  0
VERTEX
  8
PIN_TOP
 10
47.727362
 20
21.182330
 40
0.000000
 41
0.000000
 42
0.000000
  0
VERTEX
  8
PIN_TOP
 10
47.957486
 20
21.182330
 40
0.000000
 41
0.000000
 42
0.000000
  0
VERTEX
  8
PIN_TOP
 10
47.957486
 20
20.382230
 40
0.000000
 41
0.000000
 42
0.000000
  0
VERTEX
  8
PIN_TOP
 10
47.727362
 20
20.382230
 40
0.000000
 41
0.000000
 42
0.000000
  0
SEQEND
  0
POLYLINE
  8
PIN_TOP
 66
1
 70
1
 40
0.000000
 41
0.000000
 39
0.000000
  0
VERTEX
  8
PIN_TOP
 10
47.377350
 20
21.182330
 40
0.000000
 41
0.000000
 42
0.000000
  0
VERTEX
  8
PIN_TOP
 10
47.607474
 20
21.182330
 40
0.000000
 41
0.000000
 42
0.000000
  0
VERTEX
  8
PIN_TOP
 10
47.607474
 20
20.382230
 40
0.000000
 41
0.000000
 42
0.000000
  0
VERTEX
  8
PIN_TOP
 10
47.377350
 20
20.382230
 40
0.000000
 41
0.000000
 42
0.000000
  0
SEQEND
  0
POLYLINE
  8
PIN_TOP
 66
1
 70
1
 40
0.000000
 41
0.000000
 39
0.000000
  0
VERTEX
  8
PIN_TOP
 10
47.027338
 20
21.182330
 40
0.000000
 41
0.000000
 42
0.000000
  0
VERTEX
  8
PIN_TOP
 10
47.257462
 20
21.182330
 40
0.000000
 41
0.000000
 42
0.000000
  0
VERTEX
  8
PIN_TOP
 10
47.257462
 20
20.382230
 40
0.000000
 41
0.000000
 42
0.000000
  0
VERTEX
  8
PIN_TOP
 10
47.027338
 20
20.382230
 40
0.000000
 41
0.000000
 42
0.000000
  0
SEQEND
  0
POLYLINE
  8
PIN_TOP
 66
1
 70
1
 40
0.000000
 41
0.000000
 39
0.000000
  0
VERTEX
  8
PIN_TOP
 10
46.677326
 20
21.182330
 40
0.000000
 41
0.000000
 42
0.000000
  0
VERTEX
  8
PIN_TOP
 10
46.907450
 20
21.182330
 40
0.000000
 41
0.000000
 42
0.000000
  0
VERTEX
  8
PIN_TOP
 10
46.907450
 20
20.382230
 40
0.000000
 41
0.000000
 42
0.000000
  0
VERTEX
  8
PIN_TOP
 10
46.677326
 20
20.382230
 40
0.000000
 41
0.000000
 42
0.000000
  0
SEQEND
  0
POLYLINE
  8
PIN_TOP
 66
1
 70
1
 40
0.000000
 41
0.000000
 39
0.000000
  0
VERTEX
  8
PIN_TOP
 10
46.327314
 20
21.182330
 40
0.000000
 41
0.000000
 42
0.000000
  0
VERTEX
  8
PIN_TOP
 10
46.557438
 20
21.182330
 40
0.000000
 41
0.000000
 42
0.000000
  0
VERTEX
  8
PIN_TOP
 10
46.557438
 20
20.382230
 40
0.000000
 41
0.000000
 42
0.000000
  0
VERTEX
  8
PIN_TOP
 10
46.327314
 20
20.382230
 40
0.000000
 41
0.000000
 42
0.000000
  0
SEQEND
  0
POLYLINE
  8
PIN_TOP
 66
1
 70
1
 40
0.000000
 41
0.000000
 39
0.000000
  0
VERTEX
  8
PIN_TOP
 10
45.977302
 20
21.182330
 40
0.000000
 41
0.000000
 42
0.000000
  0
VERTEX
  8
PIN_TOP
 10
46.207426
 20
21.182330
 40
0.000000
 41
0.000000
 42
0.000000
  0
VERTEX
  8
PIN_TOP
 10
46.207426
 20
20.382230
 40
0.000000
 41
0.000000
 42
0.000000
  0
VERTEX
  8
PIN_TOP
 10
45.977302
 20
20.382230
 40
0.000000
 41
0.000000
 42
0.000000
  0
SEQEND
  0
POLYLINE
  8
PIN_TOP
 66
1
 70
1
 40
0.000000
 41
0.000000
 39
0.000000
  0
VERTEX
  8
PIN_TOP
 10
45.627290
 20
21.182330
 40
0.000000
 41
0.000000
 42
0.000000
  0
VERTEX
  8
PIN_TOP
 10
45.857414
 20
21.182330
 40
0.000000
 41
0.000000
 42
0.000000
  0
VERTEX
  8
PIN_TOP
 10
45.857414
 20
20.382230
 40
0.000000
 41
0.000000
 42
0.000000
  0
VERTEX
  8
PIN_TOP
 10
45.627290
 20
20.382230
 40
0.000000
 41
0.000000
 42
0.000000
  0
SEQEND
  0
POLYLINE
  8
PIN_TOP
 66
1
 70
1
 40
0.000000
 41
0.000000
 39
0.000000
  0
VERTEX
  8
PIN_TOP
 10
45.277278
 20
21.182330
 40
0.000000
 41
0.000000
 42
0.000000
  0
VERTEX
  8
PIN_TOP
 10
45.507402
 20
21.182330
 40
0.000000
 41
0.000000
 42
0.000000
  0
VERTEX
  8
PIN_TOP
 10
45.507402
 20
20.382230
 40
0.000000
 41
0.000000
 42
0.000000
  0
VERTEX
  8
PIN_TOP
 10
45.277278
 20
20.382230
 40
0.000000
 41
0.000000
 42
0.000000
  0
SEQEND
  0
POLYLINE
  8
PIN_TOP
 66
1
 70
1
 40
0.000000
 41
0.000000
 39
0.000000
  0
VERTEX
  8
PIN_TOP
 10
44.927266
 20
21.182330
 40
0.000000
 41
0.000000
 42
0.000000
  0
VERTEX
  8
PIN_TOP
 10
45.157390
 20
21.182330
 40
0.000000
 41
0.000000
 42
0.000000
  0
VERTEX
  8
PIN_TOP
 10
45.157390
 20
20.382230
 40
0.000000
 41
0.000000
 42
0.000000
  0
VERTEX
  8
PIN_TOP
 10
44.927266
 20
20.382230
 40
0.000000
 41
0.000000
 42
0.000000
  0
SEQEND
  0
POLYLINE
  8
PIN_TOP
 66
1
 70
1
 40
0.000000
 41
0.000000
 39
0.000000
  0
VERTEX
  8
PIN_TOP
 10
44.577254
 20
21.182330
 40
0.000000
 41
0.000000
 42
0.000000
  0
VERTEX
  8
PIN_TOP
 10
44.807378
 20
21.182330
 40
0.000000
 41
0.000000
 42
0.000000
  0
VERTEX
  8
PIN_TOP
 10
44.807378
 20
20.382230
 40
0.000000
 41
0.000000
 42
0.000000
  0
VERTEX
  8
PIN_TOP
 10
44.577254
 20
20.382230
 40
0.000000
 41
0.000000
 42
0.000000
  0
SEQEND
  0
POLYLINE
  8
PIN_TOP
 66
1
 70
1
 40
0.000000
 41
0.000000
 39
0.000000
  0
VERTEX
  8
PIN_TOP
 10
44.227242
 20
21.182330
 40
0.000000
 41
0.000000
 42
0.000000
  0
VERTEX
  8
PIN_TOP
 10
44.457366
 20
21.182330
 40
0.000000
 41
0.000000
 42
0.000000
  0
VERTEX
  8
PIN_TOP
 10
44.457366
 20
20.382230
 40
0.000000
 41
0.000000
 42
0.000000
  0
VERTEX
  8
PIN_TOP
 10
44.227242
 20
20.382230
 40
0.000000
 41
0.000000
 42
0.000000
  0
SEQEND
  0
POLYLINE
  8
PIN_TOP
 66
1
 70
1
 40
0.000000
 41
0.000000
 39
0.000000
  0
VERTEX
  8
PIN_TOP
 10
43.242230
 20
21.597366
 40
0.000000
 41
0.000000
 42
0.000000
  0
VERTEX
  8
PIN_TOP
 10
44.042330
 20
21.597366
 40
0.000000
 41
0.000000
 42
0.000000
  0
VERTEX
  8
PIN_TOP
 10
44.042330
 20
21.367242
 40
0.000000
 41
0.000000
 42
0.000000
  0
VERTEX
  8
PIN_TOP
 10
43.242230
 20
21.367242
 40
0.000000
 41
0.000000
 42
0.000000
  0
SEQEND
  0
POLYLINE
  8
PIN_TOP
 66
1
 70
1
 40
0.000000
 41
0.000000
 39
0.000000
  0
VERTEX
  8
PIN_TOP
 10
43.242230
 20
21.947378
 40
0.000000
 41
0.000000
 42
0.000000
  0
VERTEX
  8
PIN_TOP
 10
44.042330
 20
21.947378
 40
0.000000
 41
0.000000
 42
0.000000
  0
VERTEX
  8
PIN_TOP
 10
44.042330
 20
21.717254
 40
0.000000
 41
0.000000
 42
0.000000
  0
VERTEX
  8
PIN_TOP
 10
43.242230
 20
21.717254
 40
0.000000
 41
0.000000
 42
0.000000
  0
SEQEND
  0
POLYLINE
  8
PIN_TOP
 66
1
 70
1
 40
0.000000
 41
0.000000
 39
0.000000
  0
VERTEX
  8
PIN_TOP
 10
43.242230
 20
22.297390
 40
0.000000
 41
0.000000
 42
0.000000
  0
VERTEX
  8
PIN_TOP
 10
44.042330
 20
22.297390
 40
0.000000
 41
0.000000
 42
0.000000
  0
VERTEX
  8
PIN_TOP
 10
44.042330
 20
22.067266
 40
0.000000
 41
0.000000
 42
0.000000
  0
VERTEX
  8
PIN_TOP
 10
43.242230
 20
22.067266
 40
0.000000
 41
0.000000
 42
0.000000
  0
SEQEND
  0
POLYLINE
  8
PIN_TOP
 66
1
 70
1
 40
0.000000
 41
0.000000
 39
0.000000
  0
VERTEX
  8
PIN_TOP
 10
43.242230
 20
22.647402
 40
0.000000
 41
0.000000
 42
0.000000
  0
VERTEX
  8
PIN_TOP
 10
44.042330
 20
22.647402
 40
0.000000
 41
0.000000
 42
0.000000
  0
VERTEX
  8
PIN_TOP
 10
44.042330
 20
22.417278
 40
0.000000
 41
0.000000
 42
0.000000
  0
VERTEX
  8
PIN_TOP
 10
43.242230
 20
22.417278
 40
0.000000
 41
0.000000
 42
0.000000
  0
SEQEND
  0
POLYLINE
  8
PIN_TOP
 66
1
 70
1
 40
0.000000
 41
0.000000
 39
0.000000
  0
VERTEX
  8
PIN_TOP
 10
43.242230
 20
22.997414
 40
0.000000
 41
0.000000
 42
0.000000
  0
VERTEX
  8
PIN_TOP
 10
44.042330
 20
22.997414
 40
0.000000
 41
0.000000
 42
0.000000
  0
VERTEX
  8
PIN_TOP
 10
44.042330
 20
22.767290
 40
0.000000
 41
0.000000
 42
0.000000
  0
VERTEX
  8
PIN_TOP
 10
43.242230
 20
22.767290
 40
0.000000
 41
0.000000
 42
0.000000
  0
SEQEND
  0
POLYLINE
  8
PIN_TOP
 66
1
 70
1
 40
0.000000
 41
0.000000
 39
0.000000
  0
VERTEX
  8
PIN_TOP
 10
43.242230
 20
23.347426
 40
0.000000
 41
0.000000
 42
0.000000
  0
VERTEX
  8
PIN_TOP
 10
44.042330
 20
23.347426
 40
0.000000
 41
0.000000
 42
0.000000
  0
VERTEX
  8
PIN_TOP
 10
44.042330
 20
23.117302
 40
0.000000
 41
0.000000
 42
0.000000
  0
VERTEX
  8
PIN_TOP
 10
43.242230
 20
23.117302
 40
0.000000
 41
0.000000
 42
0.000000
  0
SEQEND
  0
POLYLINE
  8
PIN_TOP
 66
1
 70
1
 40
0.000000
 41
0.000000
 39
0.000000
  0
VERTEX
  8
PIN_TOP
 10
43.242230
 20
23.697438
 40
0.000000
 41
0.000000
 42
0.000000
  0
VERTEX
  8
PIN_TOP
 10
44.042330
 20
23.697438
 40
0.000000
 41
0.000000
 42
0.000000
  0
VERTEX
  8
PIN_TOP
 10
44.042330
 20
23.467314
 40
0.000000
 41
0.000000
 42
0.000000
  0
VERTEX
  8
PIN_TOP
 10
43.242230
 20
23.467314
 40
0.000000
 41
0.000000
 42
0.000000
  0
SEQEND
  0
POLYLINE
  8
PIN_TOP
 66
1
 70
1
 40
0.000000
 41
0.000000
 39
0.000000
  0
VERTEX
  8
PIN_TOP
 10
43.242230
 20
24.047450
 40
0.000000
 41
0.000000
 42
0.000000
  0
VERTEX
  8
PIN_TOP
 10
44.042330
 20
24.047450
 40
0.000000
 41
0.000000
 42
0.000000
  0
VERTEX
  8
PIN_TOP
 10
44.042330
 20
23.817326
 40
0.000000
 41
0.000000
 42
0.000000
  0
VERTEX
  8
PIN_TOP
 10
43.242230
 20
23.817326
 40
0.000000
 41
0.000000
 42
0.000000
  0
SEQEND
  0
POLYLINE
  8
PIN_TOP
 66
1
 70
1
 40
0.000000
 41
0.000000
 39
0.000000
  0
VERTEX
  8
PIN_TOP
 10
43.242230
 20
24.397462
 40
0.000000
 41
0.000000
 42
0.000000
  0
VERTEX
  8
PIN_TOP
 10
44.042330
 20
24.397462
 40
0.000000
 41
0.000000
 42
0.000000
  0
VERTEX
  8
PIN_TOP
 10
44.042330
 20
24.167338
 40
0.000000
 41
0.000000
 42
0.000000
  0
VERTEX
  8
PIN_TOP
 10
43.242230
 20
24.167338
 40
0.000000
 41
0.000000
 42
0.000000
  0
SEQEND
  0
POLYLINE
  8
PIN_TOP
 66
1
 70
1
 40
0.000000
 41
0.000000
 39
0.000000
  0
VERTEX
  8
PIN_TOP
 10
43.242230
 20
24.747474
 40
0.000000
 41
0.000000
 42
0.000000
  0
VERTEX
  8
PIN_TOP
 10
44.042330
 20
24.747474
 40
0.000000
 41
0.000000
 42
0.000000
  0
VERTEX
  8
PIN_TOP
 10
44.042330
 20
24.517350
 40
0.000000
 41
0.000000
 42
0.000000
  0
VERTEX
  8
PIN_TOP
 10
43.242230
 20
24.517350
 40
0.000000
 41
0.000000
 42
0.000000
  0
SEQEND
  0
POLYLINE
  8
PIN_TOP
 66
1
 70
1
 40
0.000000
 41
0.000000
 39
0.000000
  0
VERTEX
  8
PIN_TOP
 10
43.242230
 20
25.097486
 40
0.000000
 41
0.000000
 42
0.000000
  0
VERTEX
  8
PIN_TOP
 10
44.042330
 20
25.097486
 40
0.000000
 41
0.000000
 42
0.000000
  0
VERTEX
  8
PIN_TOP
 10
44.042330
 20
24.867362
 40
0.000000
 41
0.000000
 42
0.000000
  0
VERTEX
  8
PIN_TOP
 10
43.242230
 20
24.867362
 40
0.000000
 41
0.000000
 42
0.000000
  0
SEQEND
  0
POLYLINE
  8
PIN_TOP
 66
1
 70
1
 40
0.000000
 41
0.000000
 39
0.000000
  0
VERTEX
  8
PIN_TOP
 10
43.242230
 20
25.447498
 40
0.000000
 41
0.000000
 42
0.000000
  0
VERTEX
  8
PIN_TOP
 10
44.042330
 20
25.447498
 40
0.000000
 41
0.000000
 42
0.000000
  0
VERTEX
  8
PIN_TOP
 10
44.042330
 20
25.217374
 40
0.000000
 41
0.000000
 42
0.000000
  0
VERTEX
  8
PIN_TOP
 10
43.242230
 20
25.217374
 40
0.000000
 41
0.000000
 42
0.000000
  0
SEQEND
  0
POLYLINE
  8
PIN_TOP
 66
1
 70
1
 40
0.000000
 41
0.000000
 39
0.000000
  0
VERTEX
  8
PIN_TOP
 10
43.242230
 20
25.797510
 40
0.000000
 41
0.000000
 42
0.000000
  0
VERTEX
  8
PIN_TOP
 10
44.042330
 20
25.797510
 40
0.000000
 41
0.000000
 42
0.000000
  0
VERTEX
  8
PIN_TOP
 10
44.042330
 20
25.567386
 40
0.000000
 41
0.000000
 42
0.000000
  0
VERTEX
  8
PIN_TOP
 10
43.242230
 20
25.567386
 40
0.000000
 41
0.000000
 42
0.000000
  0
SEQEND
  0
POLYLINE
  8
PIN_TOP
 66
1
 70
1
 40
0.000000
 41
0.000000
 39
0.000000
  0
VERTEX
  8
PIN_TOP
 10
43.242230
 20
26.147522
 40
0.000000
 41
0.000000
 42
0.000000
  0
VERTEX
  8
PIN_TOP
 10
44.042330
 20
26.147522
 40
0.000000
 41
0.000000
 42
0.000000
  0
VERTEX
  8
PIN_TOP
 10
44.042330
 20
25.917398
 40
0.000000
 41
0.000000
 42
0.000000
  0
VERTEX
  8
PIN_TOP
 10
43.242230
 20
25.917398
 40
0.000000
 41
0.000000
 42
0.000000
  0
SEQEND
  0
POLYLINE
  8
PIN_TOP
 66
1
 70
1
 40
0.000000
 41
0.000000
 39
0.000000
  0
VERTEX
  8
PIN_TOP
 10
43.242230
 20
26.497534
 40
0.000000
 41
0.000000
 42
0.000000
  0
VERTEX
  8
PIN_TOP
 10
44.042330
 20
26.497534
 40
0.000000
 41
0.000000
 42
0.000000
  0
VERTEX
  8
PIN_TOP
 10
44.042330
 20
26.267410
 40
0.000000
 41
0.000000
 42
0.000000
  0
VERTEX
  8
PIN_TOP
 10
43.242230
 20
26.267410
 40
0.000000
 41
0.000000
 42
0.000000
  0
SEQEND
  0
POLYLINE
  8
PIN_TOP
 66
1
 70
1
 40
0.000000
 41
0.000000
 39
0.000000
  0
VERTEX
  8
PIN_TOP
 10
43.242230
 20
26.847546
 40
0.000000
 41
0.000000
 42
0.000000
  0
VERTEX
  8
PIN_TOP
 10
44.042330
 20
26.847546
 40
0.000000
 41
0.000000
 42
0.000000
  0
VERTEX
  8
PIN_TOP
 10
44.042330
 20
26.617422
 40
0.000000
 41
0.000000
 42
0.000000
  0
VERTEX
  8
PIN_TOP
 10
43.242230
 20
26.617422
 40
0.000000
 41
0.000000
 42
0.000000
  0
SEQEND
  0
POLYLINE
  8
PIN_TOP
 66
1
 70
1
 40
0.000000
 41
0.000000
 39
0.000000
  0
VERTEX
  8
PIN_TOP
 10
43.242230
 20
27.197558
 40
0.000000
 41
0.000000
 42
0.000000
  0
VERTEX
  8
PIN_TOP
 10
44.042330
 20
27.197558
 40
0.000000
 41
0.000000
 42
0.000000
  0
VERTEX
  8
PIN_TOP
 10
44.042330
 20
26.967434
 40
0.000000
 41
0.000000
 42
0.000000
  0
VERTEX
  8
PIN_TOP
 10
43.242230
 20
26.967434
 40
0.000000
 41
0.000000
 42
0.000000
  0
SEQEND
  0
POLYLINE
  8
PIN_TOP
 66
1
 70
1
 40
0.000000
 41
0.000000
 39
0.000000
  0
VERTEX
  8
PIN_TOP
 10
44.227242
 20
28.182570
 40
0.000000
 41
0.000000
 42
0.000000
  0
VERTEX
  8
PIN_TOP
 10
44.457366
 20
28.182570
 40
0.000000
 41
0.000000
 42
0.000000
  0
VERTEX
  8
PIN_TOP
 10
44.457366
 20
27.382470
 40
0.000000
 41
0.000000
 42
0.000000
  0
VERTEX
  8
PIN_TOP
 10
44.227242
 20
27.382470
 40
0.000000
 41
0.000000
 42
0.000000
  0
SEQEND
  0
POLYLINE
  8
PIN_TOP
 66
1
 70
1
 40
0.000000
 41
0.000000
 39
0.000000
  0
VERTEX
  8
PIN_TOP
 10
44.577254
 20
28.182570
 40
0.000000
 41
0.000000
 42
0.000000
  0
VERTEX
  8
PIN_TOP
 10
44.807378
 20
28.182570
 40
0.000000
 41
0.000000
 42
0.000000
  0
VERTEX
  8
PIN_TOP
 10
44.807378
 20
27.382470
 40
0.000000
 41
0.000000
 42
0.000000
  0
VERTEX
  8
PIN_TOP
 10
44.577254
 20
27.382470
 40
0.000000
 41
0.000000
 42
0.000000
  0
SEQEND
  0
POLYLINE
  8
PIN_TOP
 66
1
 70
1
 40
0.000000
 41
0.000000
 39
0.000000
  0
VERTEX
  8
PIN_TOP
 10
44.927266
 20
28.182570
 40
0.000000
 41
0.000000
 42
0.000000
  0
VERTEX
  8
PIN_TOP
 10
45.157390
 20
28.182570
 40
0.000000
 41
0.000000
 42
0.000000
  0
VERTEX
  8
PIN_TOP
 10
45.157390
 20
27.382470
 40
0.000000
 41
0.000000
 42
0.000000
  0
VERTEX
  8
PIN_TOP
 10
44.927266
 20
27.382470
 40
0.000000
 41
0.000000
 42
0.000000
  0
SEQEND
  0
POLYLINE
  8
PIN_TOP
 66
1
 70
1
 40
0.000000
 41
0.000000
 39
0.000000
  0
VERTEX
  8
PIN_TOP
 10
45.277278
 20
28.182570
 40
0.000000
 41
0.000000
 42
0.000000
  0
VERTEX
  8
PIN_TOP
 10
45.507402
 20
28.182570
 40
0.000000
 41
0.000000
 42
0.000000
  0
VERTEX
  8
PIN_TOP
 10
45.507402
 20
27.382470
 40
0.000000
 41
0.000000
 42
0.000000
  0
VERTEX
  8
PIN_TOP
 10
45.277278
 20
27.382470
 40
0.000000
 41
0.000000
 42
0.000000
  0
SEQEND
  0
POLYLINE
  8
PIN_TOP
 66
1
 70
1
 40
0.000000
 41
0.000000
 39
0.000000
  0
VERTEX
  8
PIN_TOP
 10
45.627290
 20
28.182570
 40
0.000000
 41
0.000000
 42
0.000000
  0
VERTEX
  8
PIN_TOP
 10
45.857414
 20
28.182570
 40
0.000000
 41
0.000000
 42
0.000000
  0
VERTEX
  8
PIN_TOP
 10
45.857414
 20
27.382470
 40
0.000000
 41
0.000000
 42
0.000000
  0
VERTEX
  8
PIN_TOP
 10
45.627290
 20
27.382470
 40
0.000000
 41
0.000000
 42
0.000000
  0
SEQEND
  0
POLYLINE
  8
PIN_TOP
 66
1
 70
1
 40
0.000000
 41
0.000000
 39
0.000000
  0
VERTEX
  8
PIN_TOP
 10
45.977302
 20
28.182570
 40
0.000000
 41
0.000000
 42
0.000000
  0
VERTEX
  8
PIN_TOP
 10
46.207426
 20
28.182570
 40
0.000000
 41
0.000000
 42
0.000000
  0
VERTEX
  8
PIN_TOP
 10
46.207426
 20
27.382470
 40
0.000000
 41
0.000000
 42
0.000000
  0
VERTEX
  8
PIN_TOP
 10
45.977302
 20
27.382470
 40
0.000000
 41
0.000000
 42
0.000000
  0
SEQEND
  0
POLYLINE
  8
PIN_TOP
 66
1
 70
1
 40
0.000000
 41
0.000000
 39
0.000000
  0
VERTEX
  8
PIN_TOP
 10
46.327314
 20
28.182570
 40
0.000000
 41
0.000000
 42
0.000000
  0
VERTEX
  8
PIN_TOP
 10
46.557438
 20
28.182570
 40
0.000000
 41
0.000000
 42
0.000000
  0
VERTEX
  8
PIN_TOP
 10
46.557438
 20
27.382470
 40
0.000000
 41
0.000000
 42
0.000000
  0
VERTEX
  8
PIN_TOP
 10
46.327314
 20
27.382470
 40
0.000000
 41
0.000000
 42
0.000000
  0
SEQEND
  0
POLYLINE
  8
PIN_TOP
 66
1
 70
1
 40
0.000000
 41
0.000000
 39
0.000000
  0
VERTEX
  8
PIN_TOP
 10
46.677326
 20
28.182570
 40
0.000000
 41
0.000000
 42
0.000000
  0
VERTEX
  8
PIN_TOP
 10
46.907450
 20
28.182570
 40
0.000000
 41
0.000000
 42
0.000000
  0
VERTEX
  8
PIN_TOP
 10
46.907450
 20
27.382470
 40
0.000000
 41
0.000000
 42
0.000000
  0
VERTEX
  8
PIN_TOP
 10
46.677326
 20
27.382470
 40
0.000000
 41
0.000000
 42
0.000000
  0
SEQEND
  0
POLYLINE
  8
PIN_TOP
 66
1
 70
1
 40
0.000000
 41
0.000000
 39
0.000000
  0
VERTEX
  8
PIN_TOP
 10
47.027338
 20
28.182570
 40
0.000000
 41
0.000000
 42
0.000000
  0
VERTEX
  8
PIN_TOP
 10
47.257462
 20
28.182570
 40
0.000000
 41
0.000000
 42
0.000000
  0
VERTEX
  8
PIN_TOP
 10
47.257462
 20
27.382470
 40
0.000000
 41
0.000000
 42
0.000000
  0
VERTEX
  8
PIN_TOP
 10
47.027338
 20
27.382470
 40
0.000000
 41
0.000000
 42
0.000000
  0
SEQEND
  0
POLYLINE
  8
PIN_TOP
 66
1
 70
1
 40
0.000000
 41
0.000000
 39
0.000000
  0
VERTEX
  8
PIN_TOP
 10
47.377350
 20
28.182570
 40
0.000000
 41
0.000000
 42
0.000000
  0
VERTEX
  8
PIN_TOP
 10
47.607474
 20
28.182570
 40
0.000000
 41
0.000000
 42
0.000000
  0
VERTEX
  8
PIN_TOP
 10
47.607474
 20
27.382470
 40
0.000000
 41
0.000000
 42
0.000000
  0
VERTEX
  8
PIN_TOP
 10
47.377350
 20
27.382470
 40
0.000000
 41
0.000000
 42
0.000000
  0
SEQEND
  0
POLYLINE
  8
PIN_TOP
 66
1
 70
1
 40
0.000000
 41
0.000000
 39
0.000000
  0
VERTEX
  8
PIN_TOP
 10
47.727362
 20
28.182570
 40
0.000000
 41
0.000000
 42
0.000000
  0
VERTEX
  8
PIN_TOP
 10
47.957486
 20
28.182570
 40
0.000000
 41
0.000000
 42
0.000000
  0
VERTEX
  8
PIN_TOP
 10
47.957486
 20
27.382470
 40
0.000000
 41
0.000000
 42
0.000000
  0
VERTEX
  8
PIN_TOP
 10
47.727362
 20
27.382470
 40
0.000000
 41
0.000000
 42
0.000000
  0
SEQEND
  0
POLYLINE
  8
PIN_TOP
 66
1
 70
1
 40
0.000000
 41
0.000000
 39
0.000000
  0
VERTEX
  8
PIN_TOP
 10
48.077374
 20
28.182570
 40
0.000000
 41
0.000000
 42
0.000000
  0
VERTEX
  8
PIN_TOP
 10
48.307498
 20
28.182570
 40
0.000000
 41
0.000000
 42
0.000000
  0
VERTEX
  8
PIN_TOP
 10
48.307498
 20
27.382470
 40
0.000000
 41
0.000000
 42
0.000000
  0
VERTEX
  8
PIN_TOP
 10
48.077374
 20
27.382470
 40
0.000000
 41
0.000000
 42
0.000000
  0
SEQEND
  0
POLYLINE
  8
PIN_TOP
 66
1
 70
1
 40
0.000000
 41
0.000000
 39
0.000000
  0
VERTEX
  8
PIN_TOP
 10
48.427386
 20
28.182570
 40
0.000000
 41
0.000000
 42
0.000000
  0
VERTEX
  8
PIN_TOP
 10
48.657510
 20
28.182570
 40
0.000000
 41
0.000000
 42
0.000000
  0
VERTEX
  8
PIN_TOP
 10
48.657510
 20
27.382470
 40
0.000000
 41
0.000000
 42
0.000000
  0
VERTEX
  8
PIN_TOP
 10
48.427386
 20
27.382470
 40
0.000000
 41
0.000000
 42
0.000000
  0
SEQEND
  0
POLYLINE
  8
PIN_TOP
 66
1
 70
1
 40
0.000000
 41
0.000000
 39
0.000000
  0
VERTEX
  8
PIN_TOP
 10
48.777398
 20
28.182570
 40
0.000000
 41
0.000000
 42
0.000000
  0
VERTEX
  8
PIN_TOP
 10
49.007522
 20
28.182570
 40
0.000000
 41
0.000000
 42
0.000000
  0
VERTEX
  8
PIN_TOP
 10
49.007522
 20
27.382470
 40
0.000000
 41
0.000000
 42
0.000000
  0
VERTEX
  8
PIN_TOP
 10
48.777398
 20
27.382470
 40
0.000000
 41
0.000000
 42
0.000000
  0
SEQEND
  0
POLYLINE
  8
PIN_TOP
 66
1
 70
1
 40
0.000000
 41
0.000000
 39
0.000000
  0
VERTEX
  8
PIN_TOP
 10
49.127410
 20
28.182570
 40
0.000000
 41
0.000000
 42
0.000000
  0
VERTEX
  8
PIN_TOP
 10
49.357534
 20
28.182570
 40
0.000000
 41
0.000000
 42
0.000000
  0
VERTEX
  8
PIN_TOP
 10
49.357534
 20
27.382470
 40
0.000000
 41
0.000000
 42
0.000000
  0
VERTEX
  8
PIN_TOP
 10
49.127410
 20
27.382470
 40
0.000000
 41
0.000000
 42
0.000000
  0
SEQEND
  0
POLYLINE
  8
PIN_TOP
 66
1
 70
1
 40
0.000000
 41
0.000000
 39
0.000000
  0
VERTEX
  8
PIN_TOP
 10
49.477422
 20
28.182570
 40
0.000000
 41
0.000000
 42
0.000000
  0
VERTEX
  8
PIN_TOP
 10
49.707546
 20
28.182570
 40
0.000000
 41
0.000000
 42
0.000000
  0
VERTEX
  8
PIN_TOP
 10
49.707546
 20
27.382470
 40
0.000000
 41
0.000000
 42
0.000000
  0
VERTEX
  8
PIN_TOP
 10
49.477422
 20
27.382470
 40
0.000000
 41
0.000000
 42
0.000000
  0
SEQEND
  0
POLYLINE
  8
PIN_TOP
 66
1
 70
1
 40
0.000000
 41
0.000000
 39
0.000000
  0
VERTEX
  8
PIN_TOP
 10
49.827434
 20
27.497532
 40
0.000000
 41
0.000000
 42
0.000000
  0
VERTEX
  8
PIN_TOP
 10
49.827434
 20
28.067508
 40
0.000000
 41
0.000000
 42
-1.000000
  0
VERTEX
  8
PIN_TOP
 10
50.057558
 20
28.067508
 40
0.000000
 41
0.000000
 42
0.000000
  0
VERTEX
  8
PIN_TOP
 10
50.057558
 20
27.497532
 40
0.000000
 41
0.000000
 42
-1.000000
  0
SEQEND
  0
CIRCLE
  8
PIN_TOP
 10
49.867820
 20
13.078460
 40
0.149860
  0
CIRCLE
  8
PIN_TOP
 10
49.867820
 20
12.580620
 40
0.149860
  0
CIRCLE
  8
PIN_TOP
 10
49.867820
 20
12.080240
 40
0.149860
  0
CIRCLE
  8
PIN_TOP
 10
49.867820
 20
11.579860
 40
0.149860
  0
CIRCLE
  8
PIN_TOP
 10
49.867820
 20
11.079480
 40
0.149860
  0
CIRCLE
  8
PIN_TOP
 10
49.867820
 20
10.579100
 40
0.149860
  0
CIRCLE
  8
PIN_TOP
 10
49.867820
 20
10.078720
 40
0.149860
  0
CIRCLE
  8
PIN_TOP
 10
49.867820
 20
9.580880
 40
0.149860
  0
CIRCLE
  8
PIN_TOP
 10
49.867820
 20
9.080500
 40
0.149860
  0
CIRCLE
  8
PIN_TOP
 10
49.867820
 20
8.580120
 40
0.149860
  0
CIRCLE
  8
PIN_TOP
 10
49.867820
 20
8.079740
 40
0.149860
  0
CIRCLE
  8
PIN_TOP
 10
49.867820
 20
7.579360
 40
0.149860
  0
CIRCLE
  8
PIN_TOP
 10
49.867820
 20
7.078980
 40
0.149860
  0
CIRCLE
  8
PIN_TOP
 10
49.867820
 20
6.581140
 40
0.149860
  0
CIRCLE
  8
PIN_TOP
 10
49.367440
 20
13.078460
 40
0.149860
  0
CIRCLE
  8
PIN_TOP
 10
49.367440
 20
12.580620
 40
0.149860
  0
CIRCLE
  8
PIN_TOP
 10
49.367440
 20
12.080240
 40
0.149860
  0
CIRCLE
  8
PIN_TOP
 10
49.367440
 20
11.579860
 40
0.149860
  0
CIRCLE
  8
PIN_TOP
 10
49.367440
 20
11.079480
 40
0.149860
  0
CIRCLE
  8
PIN_TOP
 10
49.367440
 20
10.579100
 40
0.149860
  0
CIRCLE
  8
PIN_TOP
 10
49.367440
 20
10.078720
 40
0.149860
  0
CIRCLE
  8
PIN_TOP
 10
49.367440
 20
9.580880
 40
0.149860
  0
CIRCLE
  8
PIN_TOP
 10
49.367440
 20
9.080500
 40
0.149860
  0
CIRCLE
  8
PIN_TOP
 10
49.367440
 20
8.580120
 40
0.149860
  0
CIRCLE
  8
PIN_TOP
 10
49.367440
 20
8.079740
 40
0.149860
  0
CIRCLE
  8
PIN_TOP
 10
49.367440
 20
7.579360
 40
0.149860
  0
CIRCLE
  8
PIN_TOP
 10
49.367440
 20
7.078980
 40
0.149860
  0
CIRCLE
  8
PIN_TOP
 10
49.367440
 20
6.581140
 40
0.149860
  0
CIRCLE
  8
PIN_TOP
 10
48.867060
 20
13.078460
 40
0.149860
  0
CIRCLE
  8
PIN_TOP
 10
48.867060
 20
12.580620
 40
0.149860
  0
CIRCLE
  8
PIN_TOP
 10
48.867060
 20
12.080240
 40
0.149860
  0
CIRCLE
  8
PIN_TOP
 10
48.867060
 20
7.579360
 40
0.149860
  0
CIRCLE
  8
PIN_TOP
 10
48.867060
 20
7.078980
 40
0.149860
  0
CIRCLE
  8
PIN_TOP
 10
48.867060
 20
6.581140
 40
0.149860
  0
CIRCLE
  8
PIN_TOP
 10
48.366680
 20
13.078460
 40
0.149860
  0
CIRCLE
  8
PIN_TOP
 10
48.366680
 20
12.580620
 40
0.149860
  0
CIRCLE
  8
PIN_TOP
 10
48.366680
 20
12.080240
 40
0.149860
  0
CIRCLE
  8
PIN_TOP
 10
48.366680
 20
11.079480
 40
0.149860
  0
CIRCLE
  8
PIN_TOP
 10
48.366680
 20
10.579100
 40
0.149860
  0
CIRCLE
  8
PIN_TOP
 10
48.366680
 20
10.078720
 40
0.149860
  0
CIRCLE
  8
PIN_TOP
 10
48.366680
 20
9.580880
 40
0.149860
  0
CIRCLE
  8
PIN_TOP
 10
48.366680
 20
9.080500
 40
0.149860
  0
CIRCLE
  8
PIN_TOP
 10
48.366680
 20
8.580120
 40
0.149860
  0
CIRCLE
  8
PIN_TOP
 10
48.366680
 20
7.579360
 40
0.149860
  0
CIRCLE
  8
PIN_TOP
 10
48.366680
 20
7.078980
 40
0.149860
  0
CIRCLE
  8
PIN_TOP
 10
48.366680
 20
6.581140
 40
0.149860
  0
CIRCLE
  8
PIN_TOP
 10
47.866300
 20
13.078460
 40
0.149860
  0
CIRCLE
  8
PIN_TOP
 10
47.866300
 20
12.580620
 40
0.149860
  0
CIRCLE
  8
PIN_TOP
 10
47.866300
 20
12.080240
 40
0.149860
  0
CIRCLE
  8
PIN_TOP
 10
47.866300
 20
11.079480
 40
0.149860
  0
CIRCLE
  8
PIN_TOP
 10
47.866300
 20
8.580120
 40
0.149860
  0
CIRCLE
  8
PIN_TOP
 10
47.866300
 20
7.579360
 40
0.149860
  0
CIRCLE
  8
PIN_TOP
 10
47.866300
 20
7.078980
 40
0.149860
  0
CIRCLE
  8
PIN_TOP
 10
47.866300
 20
6.581140
 40
0.149860
  0
CIRCLE
  8
PIN_TOP
 10
47.365920
 20
13.078460
 40
0.149860
  0
CIRCLE
  8
PIN_TOP
 10
47.365920
 20
12.580620
 40
0.149860
  0
CIRCLE
  8
PIN_TOP
 10
47.365920
 20
12.080240
 40
0.149860
  0
CIRCLE
  8
PIN_TOP
 10
47.365920
 20
11.079480
 40
0.149860
  0
CIRCLE
  8
PIN_TOP
 10
47.365920
 20
8.580120
 40
0.149860
  0
CIRCLE
  8
PIN_TOP
 10
47.365920
 20
7.579360
 40
0.149860
  0
CIRCLE
  8
PIN_TOP
 10
47.365920
 20
7.078980
 40
0.149860
  0
CIRCLE
  8
PIN_TOP
 10
47.365920
 20
6.581140
 40
0.149860
  0
CIRCLE
  8
PIN_TOP
 10
46.868080
 20
13.078460
 40
0.149860
  0
CIRCLE
  8
PIN_TOP
 10
46.868080
 20
12.580620
 40
0.149860
  0
CIRCLE
  8
PIN_TOP
 10
46.868080
 20
12.080240
 40
0.149860
  0
CIRCLE
  8
PIN_TOP
 10
46.868080
 20
11.079480
 40
0.149860
  0
CIRCLE
  8
PIN_TOP
 10
46.868080
 20
8.580120
 40
0.149860
  0
CIRCLE
  8
PIN_TOP
 10
46.868080
 20
7.579360
 40
0.149860
  0
CIRCLE
  8
PIN_TOP
 10
46.868080
 20
7.078980
 40
0.149860
  0
CIRCLE
  8
PIN_TOP
 10
46.868080
 20
6.581140
 40
0.149860
  0
CIRCLE
  8
PIN_TOP
 10
46.367700
 20
13.078460
 40
0.149860
  0
CIRCLE
  8
PIN_TOP
 10
46.367700
 20
12.580620
 40
0.149860
  0
CIRCLE
  8
PIN_TOP
 10
46.367700
 20
12.080240
 40
0.149860
  0
CIRCLE
  8
PIN_TOP
 10
46.367700
 20
11.079480
 40
0.149860
  0
CIRCLE
  8
PIN_TOP
 10
46.367700
 20
8.580120
 40
0.149860
  0
CIRCLE
  8
PIN_TOP
 10
46.367700
 20
7.579360
 40
0.149860
  0
CIRCLE
  8
PIN_TOP
 10
46.367700
 20
7.078980
 40
0.149860
  0
CIRCLE
  8
PIN_TOP
 10
46.367700
 20
6.581140
 40
0.149860
  0
CIRCLE
  8
PIN_TOP
 10
45.867320
 20
13.078460
 40
0.149860
  0
CIRCLE
  8
PIN_TOP
 10
45.867320
 20
12.580620
 40
0.149860
  0
CIRCLE
  8
PIN_TOP
 10
45.867320
 20
12.080240
 40
0.149860
  0
CIRCLE
  8
PIN_TOP
 10
45.867320
 20
11.079480
 40
0.149860
  0
CIRCLE
  8
PIN_TOP
 10
45.867320
 20
10.579100
 40
0.149860
  0
CIRCLE
  8
PIN_TOP
 10
45.867320
 20
10.078720
 40
0.149860
  0
CIRCLE
  8
PIN_TOP
 10
45.867320
 20
9.580880
 40
0.149860
  0
CIRCLE
  8
PIN_TOP
 10
45.867320
 20
9.080500
 40
0.149860
  0
CIRCLE
  8
PIN_TOP
 10
45.867320
 20
8.580120
 40
0.149860
  0
CIRCLE
  8
PIN_TOP
 10
45.867320
 20
7.579360
 40
0.149860
  0
CIRCLE
  8
PIN_TOP
 10
45.867320
 20
7.078980
 40
0.149860
  0
CIRCLE
  8
PIN_TOP
 10
45.867320
 20
6.581140
 40
0.149860
  0
CIRCLE
  8
PIN_TOP
 10
45.366940
 20
13.078460
 40
0.149860
  0
CIRCLE
  8
PIN_TOP
 10
45.366940
 20
12.580620
 40
0.149860
  0
CIRCLE
  8
PIN_TOP
 10
45.366940
 20
12.080240
 40
0.149860
  0
CIRCLE
  8
PIN_TOP
 10
45.366940
 20
8.079740
 40
0.149860
  0
CIRCLE
  8
PIN_TOP
 10
45.366940
 20
7.579360
 40
0.149860
  0
CIRCLE
  8
PIN_TOP
 10
45.366940
 20
7.078980
 40
0.149860
  0
CIRCLE
  8
PIN_TOP
 10
45.366940
 20
6.581140
 40
0.149860
  0
CIRCLE
  8
PIN_TOP
 10
44.866560
 20
13.078460
 40
0.149860
  0
CIRCLE
  8
PIN_TOP
 10
44.866560
 20
12.580620
 40
0.149860
  0
CIRCLE
  8
PIN_TOP
 10
44.866560
 20
12.080240
 40
0.149860
  0
CIRCLE
  8
PIN_TOP
 10
44.866560
 20
11.579860
 40
0.149860
  0
CIRCLE
  8
PIN_TOP
 10
44.866560
 20
11.079480
 40
0.149860
  0
CIRCLE
  8
PIN_TOP
 10
44.866560
 20
10.579100
 40
0.149860
  0
CIRCLE
  8
PIN_TOP
 10
44.866560
 20
10.078720
 40
0.149860
  0
CIRCLE
  8
PIN_TOP
 10
44.866560
 20
9.580880
 40
0.149860
  0
CIRCLE
  8
PIN_TOP
 10
44.866560
 20
9.080500
 40
0.149860
  0
CIRCLE
  8
PIN_TOP
 10
44.866560
 20
8.079740
 40
0.149860
  0
CIRCLE
  8
PIN_TOP
 10
44.866560
 20
7.579360
 40
0.149860
  0
CIRCLE
  8
PIN_TOP
 10
44.866560
 20
7.078980
 40
0.149860
  0
POLYLINE
  8
PIN_TOP
 66
1
 70
1
 40
0.000000
 41
0.000000
 39
0.000000
  0
VERTEX
  8
PIN_TOP
 10
44.968160
 20
6.631940
 40
0.000000
 41
0.000000
 42
0.000000
  0
VERTEX
  8
PIN_TOP
 10
44.968160
 20
6.530340
 40
0.000000
 41
0.000000
 42
-1.000000
  0
VERTEX
  8
PIN_TOP
 10
44.764960
 20
6.530340
 40
0.000000
 41
0.000000
 42
0.000000
  0
VERTEX
  8
PIN_TOP
 10
44.764960
 20
6.631940
 40
0.000000
 41
0.000000
 42
-1.000000
  0
SEQEND
  0
CIRCLE
  8
PIN_TOP
 10
44.366180
 20
13.078460
 40
0.149860
  0
CIRCLE
  8
PIN_TOP
 10
44.366180
 20
12.580620
 40
0.149860
  0
CIRCLE
  8
PIN_TOP
 10
44.366180
 20
12.080240
 40
0.149860
  0
CIRCLE
  8
PIN_TOP
 10
44.366180
 20
11.579860
 40
0.149860
  0
CIRCLE
  8
PIN_TOP
 10
44.366180
 20
11.079480
 40
0.149860
  0
CIRCLE
  8
PIN_TOP
 10
44.366180
 20
10.579100
 40
0.149860
  0
CIRCLE
  8
PIN_TOP
 10
44.366180
 20
10.078720
 40
0.149860
  0
CIRCLE
  8
PIN_TOP
 10
44.366180
 20
9.580880
 40
0.149860
  0
CIRCLE
  8
PIN_TOP
 10
44.366180
 20
9.080500
 40
0.149860
  0
CIRCLE
  8
PIN_TOP
 10
44.366180
 20
8.580120
 40
0.149860
  0
CIRCLE
  8
PIN_TOP
 10
44.366180
 20
8.079740
 40
0.149860
  0
CIRCLE
  8
PIN_TOP
 10
44.366180
 20
7.579360
 40
0.149860
  0
CIRCLE
  8
PIN_TOP
 10
44.366180
 20
7.078980
 40
0.149860
  0
POLYLINE
  8
PIN_TOP
 66
1
 70
1
 40
0.000000
 41
0.000000
 39
0.000000
  0
VERTEX
  8
PIN_TOP
 10
44.467780
 20
6.631940
 40
0.000000
 41
0.000000
 42
0.000000
  0
VERTEX
  8
PIN_TOP
 10
44.467780
 20
6.530340
 40
0.000000
 41
0.000000
 42
-1.000000
  0
VERTEX
  8
PIN_TOP
 10
44.264580
 20
6.530340
 40
0.000000
 41
0.000000
 42
0.000000
  0
VERTEX
  8
PIN_TOP
 10
44.264580
 20
6.631940
 40
0.000000
 41
0.000000
 42
-1.000000
  0
SEQEND
  0
CIRCLE
  8
PIN_TOP
 10
43.868340
 20
13.078460
 40
0.149860
  0
CIRCLE
  8
PIN_TOP
 10
43.868340
 20
12.580620
 40
0.149860
  0
CIRCLE
  8
PIN_TOP
 10
43.868340
 20
12.080240
 40
0.149860
  0
CIRCLE
  8
PIN_TOP
 10
43.868340
 20
11.579860
 40
0.149860
  0
CIRCLE
  8
PIN_TOP
 10
43.868340
 20
11.079480
 40
0.149860
  0
CIRCLE
  8
PIN_TOP
 10
43.868340
 20
10.579100
 40
0.149860
  0
CIRCLE
  8
PIN_TOP
 10
43.868340
 20
10.078720
 40
0.149860
  0
CIRCLE
  8
PIN_TOP
 10
43.868340
 20
9.580880
 40
0.149860
  0
POLYLINE
  8
PIN_TOP
 66
1
 70
1
 40
0.000000
 41
0.000000
 39
0.000000
  0
VERTEX
  8
PIN_TOP
 10
43.817540
 20
9.182100
 40
0.000000
 41
0.000000
 42
0.000000
  0
VERTEX
  8
PIN_TOP
 10
43.919140
 20
9.182100
 40
0.000000
 41
0.000000
 42
-1.000000
  0
VERTEX
  8
PIN_TOP
 10
43.919140
 20
8.978900
 40
0.000000
 41
0.000000
 42
0.000000
  0
VERTEX
  8
PIN_TOP
 10
43.817540
 20
8.978900
 40
0.000000
 41
0.000000
 42
-1.000000
  0
SEQEND
  0
POLYLINE
  8
PIN_TOP
 66
1
 70
1
 40
0.000000
 41
0.000000
 39
0.000000
  0
VERTEX
  8
PIN_TOP
 10
43.817540
 20
8.681720
 40
0.000000
 41
0.000000
 42
0.000000
  0
VERTEX
  8
PIN_TOP
 10
43.919140
 20
8.681720
 40
0.000000
 41
0.000000
 42
-1.000000
  0
VERTEX
  8
PIN_TOP
 10
43.919140
 20
8.478520
 40
0.000000
 41
0.000000
 42
0.000000
  0
VERTEX
  8
PIN_TOP
 10
43.817540
 20
8.478520
 40
0.000000
 41
0.000000
 42
-1.000000
  0
SEQEND
  0
POLYLINE
  8
PIN_TOP
 66
1
 70
1
 40
0.000000
 41
0.000000
 39
0.000000
  0
VERTEX
  8
PIN_TOP
 10
43.817540
 20
8.181340
 40
0.000000
 41
0.000000
 42
0.000000
  0
VERTEX
  8
PIN_TOP
 10
43.919140
 20
8.181340
 40
0.000000
 41
0.000000
 42
-1.000000
  0
VERTEX
  8
PIN_TOP
 10
43.919140
 20
7.978140
 40
0.000000
 41
0.000000
 42
0.000000
  0
VERTEX
  8
PIN_TOP
 10
43.817540
 20
7.978140
 40
0.000000
 41
0.000000
 42
-1.000000
  0
SEQEND
  0
POLYLINE
  8
PIN_TOP
 66
1
 70
1
 40
0.000000
 41
0.000000
 39
0.000000
  0
VERTEX
  8
PIN_TOP
 10
43.817540
 20
7.680960
 40
0.000000
 41
0.000000
 42
0.000000
  0
VERTEX
  8
PIN_TOP
 10
43.919140
 20
7.680960
 40
0.000000
 41
0.000000
 42
-1.000000
  0
VERTEX
  8
PIN_TOP
 10
43.919140
 20
7.477760
 40
0.000000
 41
0.000000
 42
0.000000
  0
VERTEX
  8
PIN_TOP
 10
43.817540
 20
7.477760
 40
0.000000
 41
0.000000
 42
-1.000000
  0
SEQEND
  0
POLYLINE
  8
PIN_TOP
 66
1
 70
1
 40
0.000000
 41
0.000000
 39
0.000000
  0
VERTEX
  8
PIN_TOP
 10
43.817540
 20
7.180580
 40
0.000000
 41
0.000000
 42
0.000000
  0
VERTEX
  8
PIN_TOP
 10
43.919140
 20
7.180580
 40
0.000000
 41
0.000000
 42
-1.000000
  0
VERTEX
  8
PIN_TOP
 10
43.919140
 20
6.977380
 40
0.000000
 41
0.000000
 42
0.000000
  0
VERTEX
  8
PIN_TOP
 10
43.817540
 20
6.977380
 40
0.000000
 41
0.000000
 42
-1.000000
  0
SEQEND
  0
CIRCLE
  8
PIN_TOP
 10
50.365660
 20
13.078460
 40
0.149860
  0
CIRCLE
  8
PIN_TOP
 10
50.365660
 20
12.580620
 40
0.149860
  0
CIRCLE
  8
PIN_TOP
 10
50.365660
 20
12.080240
 40
0.149860
  0
CIRCLE
  8
PIN_TOP
 10
50.365660
 20
11.579860
 40
0.149860
  0
CIRCLE
  8
PIN_TOP
 10
50.365660
 20
11.079480
 40
0.149860
  0
CIRCLE
  8
PIN_TOP
 10
50.365660
 20
10.579100
 40
0.149860
  0
CIRCLE
  8
PIN_TOP
 10
50.365660
 20
10.078720
 40
0.149860
  0
CIRCLE
  8
PIN_TOP
 10
50.365660
 20
9.580880
 40
0.149860
  0
CIRCLE
  8
PIN_TOP
 10
50.365660
 20
9.080500
 40
0.149860
  0
CIRCLE
  8
PIN_TOP
 10
50.365660
 20
8.580120
 40
0.149860
  0
CIRCLE
  8
PIN_TOP
 10
50.365660
 20
8.079740
 40
0.149860
  0
POLYLINE
  8
PIN_TOP
 66
1
 70
1
 40
0.000000
 41
0.000000
 39
0.000000
  0
VERTEX
  8
PIN_TOP
 10
50.314860
 20
7.680960
 40
0.000000
 41
0.000000
 42
0.000000
  0
VERTEX
  8
PIN_TOP
 10
50.416460
 20
7.680960
 40
0.000000
 41
0.000000
 42
-1.000000
  0
VERTEX
  8
PIN_TOP
 10
50.416460
 20
7.477760
 40
0.000000
 41
0.000000
 42
0.000000
  0
VERTEX
  8
PIN_TOP
 10
50.314860
 20
7.477760
 40
0.000000
 41
0.000000
 42
-1.000000
  0
SEQEND
  0
POLYLINE
  8
PIN_TOP
 66
1
 70
1
 40
0.000000
 41
0.000000
 39
0.000000
  0
VERTEX
  8
PIN_TOP
 10
50.314860
 20
7.180580
 40
0.000000
 41
0.000000
 42
0.000000
  0
VERTEX
  8
PIN_TOP
 10
50.416460
 20
7.180580
 40
0.000000
 41
0.000000
 42
-1.000000
  0
VERTEX
  8
PIN_TOP
 10
50.416460
 20
6.977380
 40
0.000000
 41
0.000000
 42
0.000000
  0
VERTEX
  8
PIN_TOP
 10
50.314860
 20
6.977380
 40
0.000000
 41
0.000000
 42
-1.000000
  0
SEQEND
  0
POLYLINE
  8
PIN_TOP
 66
1
 70
1
 40
0.000000
 41
0.000000
 39
0.000000
  0
VERTEX
  8
PIN_TOP
 10
50.314860
 20
6.682740
 40
0.000000
 41
0.000000
 42
0.000000
  0
VERTEX
  8
PIN_TOP
 10
50.416460
 20
6.682740
 40
0.000000
 41
0.000000
 42
-1.000000
  0
VERTEX
  8
PIN_TOP
 10
50.416460
 20
6.479540
 40
0.000000
 41
0.000000
 42
0.000000
  0
VERTEX
  8
PIN_TOP
 10
50.314860
 20
6.479540
 40
0.000000
 41
0.000000
 42
-1.000000
  0
SEQEND
  0
POLYLINE
  8
BG_DXF_C
 66
1
 70
0
 40
0.000000
 41
0.000000
 39
0.000000
  0
VERTEX
  8
BG_DXF_C
 10
24.409400
 20
29.895800
 40
0.152400
 41
0.152400
 42
0.000000
  0
VERTEX
  8
BG_DXF_C
 10
24.409400
 20
29.260800
 40
0.152400
 41
0.152400
 42
0.000000
  0
SEQEND
  0
POLYLINE
  8
BG_DXF_C
 66
1
 70
0
 40
0.000000
 41
0.000000
 39
0.000000
  0
VERTEX
  8
BG_DXF_C
 10
24.104600
 20
29.591000
 40
0.152400
 41
0.152400
 42
0.000000
  0
VERTEX
  8
BG_DXF_C
 10
24.739600
 20
29.591000
 40
0.152400
 41
0.152400
 42
0.000000
  0
SEQEND
  0
POLYLINE
  8
BG_DXF_C
 66
1
 70
0
 40
0.000000
 41
0.000000
 39
0.000000
  0
VERTEX
  8
BG_DXF_C
 10
32.486600
 20
29.794200
 40
0.152400
 41
0.152400
 42
0.000000
  0
VERTEX
  8
BG_DXF_C
 10
32.486600
 20
29.159200
 40
0.152400
 41
0.152400
 42
0.000000
  0
SEQEND
  0
POLYLINE
  8
BG_DXF_C
 66
1
 70
0
 40
0.000000
 41
0.000000
 39
0.000000
  0
VERTEX
  8
BG_DXF_C
 10
32.181800
 20
29.489400
 40
0.152400
 41
0.152400
 42
0.000000
  0
VERTEX
  8
BG_DXF_C
 10
32.816800
 20
29.489400
 40
0.152400
 41
0.152400
 42
0.000000
  0
SEQEND
  0
POLYLINE
  8
BG_DXF_C
 66
1
 70
0
 40
0.000000
 41
0.000000
 39
0.000000
  0
VERTEX
  8
BG_DXF_C
 10
40.087804
 20
17.500600
 40
0.199898
 41
0.199898
 42
0.000000
  0
VERTEX
  8
BG_DXF_C
 10
40.587676
 20
17.250664
 40
0.199898
 41
0.199898
 42
0.000000
  0
VERTEX
  8
BG_DXF_C
 10
40.587676
 20
17.750536
 40
0.199898
 41
0.199898
 42
0.000000
  0
VERTEX
  8
BG_DXF_C
 10
40.087804
 20
17.500600
 40
0.199898
 41
0.199898
 42
0.000000
  0
VERTEX
  8
BG_DXF_C
 10
40.487600
 20
17.500600
 40
0.199898
 41
0.199898
 42
0.000000
  0
SEQEND
  0
POLYLINE
  8
BG_DXF_C
 66
1
 70
0
 40
0.000000
 41
0.000000
 39
0.000000
  0
VERTEX
  8
BG_DXF_C
 10
1.299972
 20
0.000000
 40
0.076200
 41
0.076200
 42
0.000000
  0
VERTEX
  8
BG_DXF_C
 10
55.699914
 20
0.000000
 40
0.076200
 41
0.076200
 42
0.414214
  0
VERTEX
  8
BG_DXF_C
 10
56.999886
 20
1.299972
 40
0.076200
 41
0.076200
 42
0.000000
  0
VERTEX
  8
BG_DXF_C
 10
56.999886
 20
33.699958
 40
0.076200
 41
0.076200
 42
0.414214
  0
VERTEX
  8
BG_DXF_C
 10
55.699914
 20
34.999930
 40
0.076200
 41
0.076200
 42
0.000000
  0
VERTEX
  8
BG_DXF_C
 10
1.299972
 20
34.999930
 40
0.076200
 41
0.076200
 42
0.414214
  0
VERTEX
  8
BG_DXF_C
 10
0.000000
 20
33.699958
 40
0.076200
 41
0.076200
 42
0.000000
  0
VERTEX
  8
BG_DXF_C
 10
0.000000
 20
1.299972
 40
0.076200
 41
0.076200
 42
0.414214
  0
VERTEX
  8
BG_DXF_C
 10
1.299972
 20
0.000000
 40
0.076200
 41
0.076200
 42
0.000000
  0
SEQEND
  0
POLYLINE
  8
BG_DXF_C
 66
1
 70
0
 40
0.000000
 41
0.000000
 39
0.000000
  0
VERTEX
  8
BG_DXF_C
 10
41.117520
 20
5.140960
 40
0.127000
 41
0.127000
 42
0.000000
  0
VERTEX
  8
BG_DXF_C
 10
41.117520
 20
15.580360
 40
0.127000
 41
0.127000
 42
0.000000
  0
SEQEND
  0
POLYLINE
  8
BG_DXF_C
 66
1
 70
0
 40
0.000000
 41
0.000000
 39
0.000000
  0
VERTEX
  8
BG_DXF_C
 10
52.867560
 20
4.079240
 40
0.127000
 41
0.127000
 42
0.000000
  0
VERTEX
  8
BG_DXF_C
 10
52.867560
 20
15.580360
 40
0.127000
 41
0.127000
 42
0.000000
  0
SEQEND
  0
POLYLINE
  8
BG_DXF_C
 66
1
 70
0
 40
0.000000
 41
0.000000
 39
0.000000
  0
VERTEX
  8
BG_DXF_C
 10
41.379140
 20
5.306060
 40
0.127000
 41
0.127000
 42
0.000000
  0
VERTEX
  8
BG_DXF_C
 10
42.595800
 20
4.091940
 40
0.127000
 41
0.127000
 42
0.000000
  0
SEQEND
  0
POLYLINE
  8
BG_DXF_C
 66
1
 70
0
 40
0.000000
 41
0.000000
 39
0.000000
  0
VERTEX
  8
BG_DXF_C
 10
41.127680
 20
5.125720
 40
0.127000
 41
0.127000
 42
0.000000
  0
VERTEX
  8
BG_DXF_C
 10
42.169080
 20
4.084320
 40
0.127000
 41
0.127000
 42
0.000000
  0
SEQEND
  0
POLYLINE
  8
BG_DXF_C
 66
1
 70
0
 40
0.000000
 41
0.000000
 39
0.000000
  0
VERTEX
  8
BG_DXF_C
 10
41.366440
 20
15.580360
 40
0.127000
 41
0.127000
 42
0.000000
  0
VERTEX
  8
BG_DXF_C
 10
41.366440
 20
5.306060
 40
0.127000
 41
0.127000
 42
0.000000
  0
SEQEND
  0
POLYLINE
  8
BG_DXF_C
 66
1
 70
0
 40
0.000000
 41
0.000000
 39
0.000000
  0
VERTEX
  8
BG_DXF_C
 10
41.617900
 20
4.079240
 40
0.127000
 41
0.127000
 42
0.000000
  0
VERTEX
  8
BG_DXF_C
 10
40.617140
 20
5.080000
 40
0.127000
 41
0.127000
 42
0.000000
  0
SEQEND
  0
POLYLINE
  8
BG_DXF_C
 66
1
 70
0
 40
0.000000
 41
0.000000
 39
0.000000
  0
VERTEX
  8
BG_DXF_C
 10
40.617140
 20
5.080000
 40
0.127000
 41
0.127000
 42
0.000000
  0
VERTEX
  8
BG_DXF_C
 10
40.617140
 20
15.580360
 40
0.127000
 41
0.127000
 42
0.000000
  0
SEQEND
  0
POLYLINE
  8
BG_DXF_C
 66
1
 70
0
 40
0.000000
 41
0.000000
 39
0.000000
  0
VERTEX
  8
BG_DXF_C
 10
40.617140
 20
15.580360
 40
0.127000
 41
0.127000
 42
0.000000
  0
VERTEX
  8
BG_DXF_C
 10
53.616860
 20
15.580360
 40
0.127000
 41
0.127000
 42
0.000000
  0
SEQEND
  0
POLYLINE
  8
BG_DXF_C
 66
1
 70
0
 40
0.000000
 41
0.000000
 39
0.000000
  0
VERTEX
  8
BG_DXF_C
 10
53.616860
 20
15.580360
 40
0.127000
 41
0.127000
 42
0.000000
  0
VERTEX
  8
BG_DXF_C
 10
53.616860
 20
4.079240
 40
0.127000
 41
0.127000
 42
0.000000
  0
SEQEND
  0
POLYLINE
  8
BG_DXF_C
 66
1
 70
0
 40
0.000000
 41
0.000000
 39
0.000000
  0
VERTEX
  8
BG_DXF_C
 10
53.616860
 20
4.079240
 40
0.127000
 41
0.127000
 42
0.000000
  0
VERTEX
  8
BG_DXF_C
 10
41.617900
 20
4.079240
 40
0.127000
 41
0.127000
 42
0.000000
  0
SEQEND
  0
POLYLINE
  8
BG_DXF_C
 66
1
 70
0
 40
0.000000
 41
0.000000
 39
0.000000
  0
VERTEX
  8
BG_DXF_C
 10
43.642280
 20
20.782280
 40
0.150114
 41
0.150114
 42
0.000000
  0
VERTEX
  8
BG_DXF_C
 10
44.096432
 20
20.782280
 40
0.150114
 41
0.150114
 42
0.000000
  0
SEQEND
  0
POLYLINE
  8
BG_DXF_C
 66
1
 70
0
 40
0.000000
 41
0.000000
 39
0.000000
  0
VERTEX
  8
BG_DXF_C
 10
50.642520
 20
20.782280
 40
0.150114
 41
0.150114
 42
0.000000
  0
VERTEX
  8
BG_DXF_C
 10
50.203354
 20
20.782280
 40
0.150114
 41
0.150114
 42
0.000000
  0
SEQEND
  0
POLYLINE
  8
BG_DXF_C
 66
1
 70
0
 40
0.000000
 41
0.000000
 39
0.000000
  0
VERTEX
  8
BG_DXF_C
 10
50.203354
 20
27.762708
 40
0.150114
 41
0.150114
 42
0.000000
  0
VERTEX
  8
BG_DXF_C
 10
50.642520
 20
27.323542
 40
0.150114
 41
0.150114
 42
0.000000
  0
SEQEND
  0
POLYLINE
  8
BG_DXF_C
 66
1
 70
0
 40
0.000000
 41
0.000000
 39
0.000000
  0
VERTEX
  8
BG_DXF_C
 10
43.642280
 20
27.782520
 40
0.150114
 41
0.150114
 42
0.000000
  0
VERTEX
  8
BG_DXF_C
 10
44.096432
 20
27.782520
 40
0.150114
 41
0.150114
 42
0.000000
  0
SEQEND
  0
POLYLINE
  8
BG_DXF_C
 66
1
 70
0
 40
0.000000
 41
0.000000
 39
0.000000
  0
VERTEX
  8
BG_DXF_C
 10
50.642520
 20
20.782280
 40
0.150114
 41
0.150114
 42
0.000000
  0
VERTEX
  8
BG_DXF_C
 10
50.642520
 20
21.280120
 40
0.150114
 41
0.150114
 42
0.000000
  0
SEQEND
  0
POLYLINE
  8
BG_DXF_C
 66
1
 70
0
 40
0.000000
 41
0.000000
 39
0.000000
  0
VERTEX
  8
BG_DXF_C
 10
43.642280
 20
27.782520
 40
0.150114
 41
0.150114
 42
0.000000
  0
VERTEX
  8
BG_DXF_C
 10
43.642280
 20
27.323542
 40
0.150114
 41
0.150114
 42
0.000000
  0
SEQEND
  0
POLYLINE
  8
BG_DXF_C
 66
1
 70
0
 40
0.000000
 41
0.000000
 39
0.000000
  0
VERTEX
  8
BG_DXF_C
 10
43.642280
 20
20.782280
 40
0.150114
 41
0.150114
 42
0.000000
  0
VERTEX
  8
BG_DXF_C
 10
43.642280
 20
21.280120
 40
0.150114
 41
0.150114
 42
0.000000
  0
SEQEND
  0
POLYLINE
  8
BG_DXF_C
 66
1
 70
0
 40
0.000000
 41
0.000000
 39
0.000000
  0
VERTEX
  8
BG_DXF_C
 10
10.173716
 20
5.226050
 40
0.152400
 41
0.152400
 42
0.000000
  0
VERTEX
  8
BG_DXF_C
 10
10.173716
 20
4.425950
 40
0.152400
 41
0.152400
 42
0.000000
  0
SEQEND
  0
POLYLINE
  8
BG_DXF_C
 66
1
 70
0
 40
0.000000
 41
0.000000
 39
0.000000
  0
VERTEX
  8
BG_DXF_C
 10
10.173716
 20
3.276092
 40
0.152400
 41
0.152400
 42
0.000000
  0
VERTEX
  8
BG_DXF_C
 10
11.873484
 20
3.276092
 40
0.152400
 41
0.152400
 42
0.000000
  0
SEQEND
  0
POLYLINE
  8
BG_DXF_C
 66
1
 70
0
 40
0.000000
 41
0.000000
 39
0.000000
  0
VERTEX
  8
BG_DXF_C
 10
11.873484
 20
6.375908
 40
0.152400
 41
0.152400
 42
0.000000
  0
VERTEX
  8
BG_DXF_C
 10
10.173716
 20
6.375908
 40
0.152400
 41
0.152400
 42
0.000000
  0
SEQEND
  0
POLYLINE
  8
BG_DXF_C
 66
1
 70
0
 40
0.000000
 41
0.000000
 39
0.000000
  0
VERTEX
  8
BG_DXF_C
 10
13.173710
 20
3.826002
 40
0.199898
 41
0.199898
 42
0.000000
  0
VERTEX
  8
BG_DXF_C
 10
13.673582
 20
3.576066
 40
0.199898
 41
0.199898
 42
0.000000
  0
VERTEX
  8
BG_DXF_C
 10
13.673582
 20
4.075938
 40
0.199898
 41
0.199898
 42
0.000000
  0
VERTEX
  8
BG_DXF_C
 10
13.173710
 20
3.826002
 40
0.199898
 41
0.199898
 42
0.000000
  0
VERTEX
  8
BG_DXF_C
 10
13.573506
 20
3.826002
 40
0.199898
 41
0.199898
 42
0.000000
  0
SEQEND
  0
POLYLINE
  8
BG_DXF_C
 66
1
 70
0
 40
0.000000
 41
0.000000
 39
0.000000
  0
VERTEX
  8
BG_DXF_C
 10
32.017716
 20
5.226050
 40
0.152400
 41
0.152400
 42
0.000000
  0
VERTEX
  8
BG_DXF_C
 10
32.017716
 20
4.425950
 40
0.152400
 41
0.152400
 42
0.000000
  0
SEQEND
  0
POLYLINE
  8
BG_DXF_C
 66
1
 70
0
 40
0.000000
 41
0.000000
 39
0.000000
  0
VERTEX
  8
BG_DXF_C
 10
32.017716
 20
3.276092
 40
0.152400
 41
0.152400
 42
0.000000
  0
VERTEX
  8
BG_DXF_C
 10
33.717484
 20
3.276092
 40
0.152400
 41
0.152400
 42
0.000000
  0
SEQEND
  0
POLYLINE
  8
BG_DXF_C
 66
1
 70
0
 40
0.000000
 41
0.000000
 39
0.000000
  0
VERTEX
  8
BG_DXF_C
 10
33.717484
 20
6.375908
 40
0.152400
 41
0.152400
 42
0.000000
  0
VERTEX
  8
BG_DXF_C
 10
32.017716
 20
6.375908
 40
0.152400
 41
0.152400
 42
0.000000
  0
SEQEND
  0
POLYLINE
  8
BG_DXF_C
 66
1
 70
0
 40
0.000000
 41
0.000000
 39
0.000000
  0
VERTEX
  8
BG_DXF_C
 10
35.017710
 20
3.826002
 40
0.199898
 41
0.199898
 42
0.000000
  0
VERTEX
  8
BG_DXF_C
 10
35.517582
 20
3.576066
 40
0.199898
 41
0.199898
 42
0.000000
  0
VERTEX
  8
BG_DXF_C
 10
35.517582
 20
4.075938
 40
0.199898
 41
0.199898
 42
0.000000
  0
VERTEX
  8
BG_DXF_C
 10
35.017710
 20
3.826002
 40
0.199898
 41
0.199898
 42
0.000000
  0
VERTEX
  8
BG_DXF_C
 10
35.417506
 20
3.826002
 40
0.199898
 41
0.199898
 42
0.000000
  0
SEQEND
  0
POLYLINE
  8
BG_DXF_C
 66
1
 70
0
 40
0.000000
 41
0.000000
 39
0.000000
  0
VERTEX
  8
BG_DXF_C
 10
13.300710
 20
30.470602
 40
0.199898
 41
0.199898
 42
0.000000
  0
VERTEX
  8
BG_DXF_C
 10
13.800582
 20
30.220666
 40
0.199898
 41
0.199898
 42
0.000000
  0
VERTEX
  8
BG_DXF_C
 10
13.800582
 20
30.720538
 40
0.199898
 41
0.199898
 42
0.000000
  0
VERTEX
  8
BG_DXF_C
 10
13.300710
 20
30.470602
 40
0.199898
 41
0.199898
 42
0.000000
  0
VERTEX
  8
BG_DXF_C
 10
13.700506
 20
30.470602
 40
0.199898
 41
0.199898
 42
0.000000
  0
SEQEND
  0
POLYLINE
  8
BG_DXF_C
 66
1
 70
0
 40
0.000000
 41
0.000000
 39
0.000000
  0
VERTEX
  8
BG_DXF_C
 10
12.000484
 20
33.020508
 40
0.152400
 41
0.152400
 42
0.000000
  0
VERTEX
  8
BG_DXF_C
 10
10.300716
 20
33.020508
 40
0.152400
 41
0.152400
 42
0.000000
  0
SEQEND
  0
POLYLINE
  8
BG_DXF_C
 66
1
 70
0
 40
0.000000
 41
0.000000
 39
0.000000
  0
VERTEX
  8
BG_DXF_C
 10
10.300716
 20
29.920692
 40
0.152400
 41
0.152400
 42
0.000000
  0
VERTEX
  8
BG_DXF_C
 10
12.000484
 20
29.920692
 40
0.152400
 41
0.152400
 42
0.000000
  0
SEQEND
  0
POLYLINE
  8
BG_DXF_C
 66
1
 70
0
 40
0.000000
 41
0.000000
 39
0.000000
  0
VERTEX
  8
BG_DXF_C
 10
10.300716
 20
31.870650
 40
0.152400
 41
0.152400
 42
0.000000
  0
VERTEX
  8
BG_DXF_C
 10
10.300716
 20
31.070550
 40
0.152400
 41
0.152400
 42
0.000000
  0
SEQEND
  0
POLYLINE
  8
BG_DXF_C
 66
1
 70
0
 40
0.000000
 41
0.000000
 39
0.000000
  0
VERTEX
  8
BG_DXF_C
 10
39.679880
 20
17.170400
 40
0.000000
 41
0.000000
 42
0.000000
  0
VERTEX
  8
BG_DXF_C
 10
39.679880
 20
20.370800
 40
0.000000
 41
0.000000
 42
0.000000
  0
VERTEX
  8
BG_DXF_C
 10
37.180520
 20
20.370800
 40
0.000000
 41
0.000000
 42
0.000000
  0
VERTEX
  8
BG_DXF_C
 10
37.180520
 20
17.170400
 40
0.000000
 41
0.000000
 42
0.000000
  0
VERTEX
  8
BG_DXF_C
 10
39.679880
 20
17.170400
 40
0.000000
 41
0.000000
 42
0.000000
  0
SEQEND
  0
POLYLINE
  8
BG_DXF_C
 66
1
 70
0
 40
0.000000
 41
0.000000
 39
0.000000
  0
VERTEX
  8
BG_DXF_C
 10
47.569120
 20
17.078960
 40
0.149860
 41
0.149860
 42
0.000000
  0
VERTEX
  8
BG_DXF_C
 10
47.569120
 20
19.278600
 40
0.149860
 41
0.149860
 42
0.000000
  0
VERTEX
  8
BG_DXF_C
 10
49.966880
 20
19.278600
 40
0.149860
 41
0.149860
 42
0.000000
  0
VERTEX
  8
BG_DXF_C
 10
49.966880
 20
16.078200
 40
0.149860
 41
0.149860
 42
0.000000
  0
VERTEX
  8
BG_DXF_C
 10
47.569120
 20
16.078200
 40
0.149860
 41
0.149860
 42
0.000000
  0
VERTEX
  8
BG_DXF_C
 10
47.569120
 20
17.078960
 40
0.149860
 41
0.149860
 42
0.000000
  0
SEQEND
  0
POLYLINE
  8
BG_DXF_C
 66
1
 70
0
 40
0.000000
 41
0.000000
 39
0.000000
  0
VERTEX
  8
BG_DXF_C
 10
47.325280
 20
18.277840
 40
0.149860
 41
0.149860
 42
0.000000
  0
VERTEX
  8
BG_DXF_C
 10
47.325280
 20
16.078200
 40
0.149860
 41
0.149860
 42
0.000000
  0
VERTEX
  8
BG_DXF_C
 10
44.927520
 20
16.078200
 40
0.149860
 41
0.149860
 42
0.000000
  0
VERTEX
  8
BG_DXF_C
 10
44.927520
 20
19.278600
 40
0.149860
 41
0.149860
 42
0.000000
  0
VERTEX
  8
BG_DXF_C
 10
47.325280
 20
19.278600
 40
0.149860
 41
0.149860
 42
0.000000
  0
VERTEX
  8
BG_DXF_C
 10
47.325280
 20
18.277840
 40
0.149860
 41
0.149860
 42
0.000000
  0
SEQEND
  0
POLYLINE
  8
BG_DXF_C
 66
1
 70
0
 40
0.000000
 41
0.000000
 39
0.000000
  0
VERTEX
  8
BG_DXF_C
 10
39.811960
 20
23.195280
 40
0.149860
 41
0.149860
 42
0.000000
  0
VERTEX
  8
BG_DXF_C
 10
42.011600
 20
23.195280
 40
0.149860
 41
0.149860
 42
0.000000
  0
VERTEX
  8
BG_DXF_C
 10
42.011600
 20
20.797520
 40
0.149860
 41
0.149860
 42
0.000000
  0
VERTEX
  8
BG_DXF_C
 10
38.811200
 20
20.797520
 40
0.149860
 41
0.149860
 42
0.000000
  0
VERTEX
  8
BG_DXF_C
 10
38.811200
 20
23.195280
 40
0.149860
 41
0.149860
 42
0.000000
  0
VERTEX
  8
BG_DXF_C
 10
39.811960
 20
23.195280
 40
0.149860
 41
0.149860
 42
0.000000
  0
SEQEND
  0
POLYLINE
  8
BG_DXF_C
 66
1
 70
0
 40
0.000000
 41
0.000000
 39
0.000000
  0
VERTEX
  8
BG_DXF_C
 10
54.091840
 20
27.045920
 40
0.149860
 41
0.149860
 42
0.000000
  0
VERTEX
  8
BG_DXF_C
 10
51.892200
 20
27.045920
 40
0.149860
 41
0.149860
 42
0.000000
  0
VERTEX
  8
BG_DXF_C
 10
51.892200
 20
29.443680
 40
0.149860
 41
0.149860
 42
0.000000
  0
VERTEX
  8
BG_DXF_C
 10
55.092600
 20
29.443680
 40
0.149860
 41
0.149860
 42
0.000000
  0
VERTEX
  8
BG_DXF_C
 10
55.092600
 20
27.045920
 40
0.149860
 41
0.149860
 42
0.000000
  0
VERTEX
  8
BG_DXF_C
 10
54.091840
 20
27.045920
 40
0.149860
 41
0.149860
 42
0.000000
  0
SEQEND
  0
POLYLINE
  8
BG_DXF_C
 66
1
 70
0
 40
0.000000
 41
0.000000
 39
0.000000
  0
VERTEX
  8
BG_DXF_C
 10
51.592480
 20
31.333440
 40
0.149860
 41
0.149860
 42
0.000000
  0
VERTEX
  8
BG_DXF_C
 10
51.592480
 20
29.133800
 40
0.149860
 41
0.149860
 42
0.000000
  0
VERTEX
  8
BG_DXF_C
 10
49.194720
 20
29.133800
 40
0.149860
 41
0.149860
 42
0.000000
  0
VERTEX
  8
BG_DXF_C
 10
49.194720
 20
32.334200
 40
0.149860
 41
0.149860
 42
0.000000
  0
VERTEX
  8
BG_DXF_C
 10
51.592480
 20
32.334200
 40
0.149860
 41
0.149860
 42
0.000000
  0
VERTEX
  8
BG_DXF_C
 10
51.592480
 20
31.333440
 40
0.149860
 41
0.149860
 42
0.000000
  0
SEQEND
  0
POLYLINE
  8
BG_DXF_C
 66
1
 70
0
 40
0.000000
 41
0.000000
 39
0.000000
  0
VERTEX
  8
BG_DXF_C
 10
39.811960
 20
25.735280
 40
0.149860
 41
0.149860
 42
0.000000
  0
VERTEX
  8
BG_DXF_C
 10
42.011600
 20
25.735280
 40
0.149860
 41
0.149860
 42
0.000000
  0
VERTEX
  8
BG_DXF_C
 10
42.011600
 20
23.337520
 40
0.149860
 41
0.149860
 42
0.000000
  0
VERTEX
  8
BG_DXF_C
 10
38.811200
 20
23.337520
 40
0.149860
 41
0.149860
 42
0.000000
  0
VERTEX
  8
BG_DXF_C
 10
38.811200
 20
25.735280
 40
0.149860
 41
0.149860
 42
0.000000
  0
VERTEX
  8
BG_DXF_C
 10
39.811960
 20
25.735280
 40
0.149860
 41
0.149860
 42
0.000000
  0
SEQEND
  0
POLYLINE
  8
BG_DXF_C
 66
1
 70
0
 40
0.000000
 41
0.000000
 39
0.000000
  0
VERTEX
  8
BG_DXF_C
 10
52.816760
 20
19.893280
 40
0.149860
 41
0.149860
 42
0.000000
  0
VERTEX
  8
BG_DXF_C
 10
55.016400
 20
19.893280
 40
0.149860
 41
0.149860
 42
0.000000
  0
VERTEX
  8
BG_DXF_C
 10
55.016400
 20
17.495520
 40
0.149860
 41
0.149860
 42
0.000000
  0
VERTEX
  8
BG_DXF_C
 10
51.816000
 20
17.495520
 40
0.149860
 41
0.149860
 42
0.000000
  0
VERTEX
  8
BG_DXF_C
 10
51.816000
 20
19.893280
 40
0.149860
 41
0.149860
 42
0.000000
  0
VERTEX
  8
BG_DXF_C
 10
52.816760
 20
19.893280
 40
0.149860
 41
0.149860
 42
0.000000
  0
SEQEND
  0
POLYLINE
  8
BG_DXF_C
 66
1
 70
0
 40
0.000000
 41
0.000000
 39
0.000000
  0
VERTEX
  8
BG_DXF_C
 10
44.658280
 20
18.277840
 40
0.149860
 41
0.149860
 42
0.000000
  0
VERTEX
  8
BG_DXF_C
 10
44.658280
 20
16.078200
 40
0.149860
 41
0.149860
 42
0.000000
  0
VERTEX
  8
BG_DXF_C
 10
42.260520
 20
16.078200
 40
0.149860
 41
0.149860
 42
0.000000
  0
VERTEX
  8
BG_DXF_C
 10
42.260520
 20
19.278600
 40
0.149860
 41
0.149860
 42
0.000000
  0
VERTEX
  8
BG_DXF_C
 10
44.658280
 20
19.278600
 40
0.149860
 41
0.149860
 42
0.000000
  0
VERTEX
  8
BG_DXF_C
 10
44.658280
 20
18.277840
 40
0.149860
 41
0.149860
 42
0.000000
  0
SEQEND
  0
POLYLINE
  8
BG_DXF_C
 66
1
 70
0
 40
0.000000
 41
0.000000
 39
0.000000
  0
VERTEX
  8
BG_DXF_C
 10
52.816760
 20
22.509480
 40
0.149860
 41
0.149860
 42
0.000000
  0
VERTEX
  8
BG_DXF_C
 10
55.016400
 20
22.509480
 40
0.149860
 41
0.149860
 42
0.000000
  0
VERTEX
  8
BG_DXF_C
 10
55.016400
 20
20.111720
 40
0.149860
 41
0.149860
 42
0.000000
  0
VERTEX
  8
BG_DXF_C
 10
51.816000
 20
20.111720
 40
0.149860
 41
0.149860
 42
0.000000
  0
VERTEX
  8
BG_DXF_C
 10
51.816000
 20
22.509480
 40
0.149860
 41
0.149860
 42
0.000000
  0
VERTEX
  8
BG_DXF_C
 10
52.816760
 20
22.509480
 40
0.149860
 41
0.149860
 42
0.000000
  0
SEQEND
  0
POLYLINE
  8
BG_DXF_C
 66
1
 70
0
 40
0.000000
 41
0.000000
 39
0.000000
  0
VERTEX
  8
BG_DXF_C
 10
41.010840
 20
26.004520
 40
0.149860
 41
0.149860
 42
0.000000
  0
VERTEX
  8
BG_DXF_C
 10
38.811200
 20
26.004520
 40
0.149860
 41
0.149860
 42
0.000000
  0
VERTEX
  8
BG_DXF_C
 10
38.811200
 20
28.402280
 40
0.149860
 41
0.149860
 42
0.000000
  0
VERTEX
  8
BG_DXF_C
 10
42.011600
 20
28.402280
 40
0.149860
 41
0.149860
 42
0.000000
  0
VERTEX
  8
BG_DXF_C
 10
42.011600
 20
26.004520
 40
0.149860
 41
0.149860
 42
0.000000
  0
VERTEX
  8
BG_DXF_C
 10
41.010840
 20
26.004520
 40
0.149860
 41
0.149860
 42
0.000000
  0
SEQEND
  0
POLYLINE
  8
BG_DXF_C
 66
1
 70
0
 40
0.000000
 41
0.000000
 39
0.000000
  0
VERTEX
  8
BG_DXF_C
 10
38.094920
 20
6.484620
 40
0.149860
 41
0.149860
 42
0.000000
  0
VERTEX
  8
BG_DXF_C
 10
39.443660
 20
6.484620
 40
0.149860
 41
0.149860
 42
0.000000
  0
VERTEX
  8
BG_DXF_C
 10
39.443660
 20
4.183380
 40
0.149860
 41
0.149860
 42
0.000000
  0
VERTEX
  8
BG_DXF_C
 10
35.943540
 20
4.183380
 40
0.149860
 41
0.149860
 42
0.000000
  0
VERTEX
  8
BG_DXF_C
 10
35.943540
 20
6.484620
 40
0.149860
 41
0.149860
 42
0.000000
  0
VERTEX
  8
BG_DXF_C
 10
38.094920
 20
6.484620
 40
0.149860
 41
0.149860
 42
0.000000
  0
SEQEND
  0
POLYLINE
  8
BG_DXF_C
 66
1
 70
0
 40
0.000000
 41
0.000000
 39
0.000000
  0
VERTEX
  8
BG_DXF_C
 10
16.098520
 20
6.484620
 40
0.149860
 41
0.149860
 42
0.000000
  0
VERTEX
  8
BG_DXF_C
 10
17.447260
 20
6.484620
 40
0.149860
 41
0.149860
 42
0.000000
  0
VERTEX
  8
BG_DXF_C
 10
17.447260
 20
4.183380
 40
0.149860
 41
0.149860
 42
0.000000
  0
VERTEX
  8
BG_DXF_C
 10
13.947140
 20
4.183380
 40
0.149860
 41
0.149860
 42
0.000000
  0
VERTEX
  8
BG_DXF_C
 10
13.947140
 20
6.484620
 40
0.149860
 41
0.149860
 42
0.000000
  0
VERTEX
  8
BG_DXF_C
 10
16.098520
 20
6.484620
 40
0.149860
 41
0.149860
 42
0.000000
  0
SEQEND
  0
POLYLINE
  8
BG_DXF_C
 66
1
 70
0
 40
0.000000
 41
0.000000
 39
0.000000
  0
VERTEX
  8
BG_DXF_C
 10
16.098520
 20
33.103820
 40
0.149860
 41
0.149860
 42
0.000000
  0
VERTEX
  8
BG_DXF_C
 10
17.447260
 20
33.103820
 40
0.149860
 41
0.149860
 42
0.000000
  0
VERTEX
  8
BG_DXF_C
 10
17.447260
 20
30.802580
 40
0.149860
 41
0.149860
 42
0.000000
  0
VERTEX
  8
BG_DXF_C
 10
13.947140
 20
30.802580
 40
0.149860
 41
0.149860
 42
0.000000
  0
VERTEX
  8
BG_DXF_C
 10
13.947140
 20
33.103820
 40
0.149860
 41
0.149860
 42
0.000000
  0
VERTEX
  8
BG_DXF_C
 10
16.098520
 20
33.103820
 40
0.149860
 41
0.149860
 42
0.000000
  0
SEQEND
  0
POLYLINE
  8
BG_DXF_C
 66
1
 70
0
 40
0.000000
 41
0.000000
 39
0.000000
  0
VERTEX
  8
BG_DXF_C
 10
31.727140
 20
33.223200
 40
0.149860
 41
0.149860
 42
0.000000
  0
VERTEX
  8
BG_DXF_C
 10
31.727140
 20
33.352740
 40
0.149860
 41
0.149860
 42
0.000000
  0
VERTEX
  8
BG_DXF_C
 10
33.246060
 20
33.352740
 40
0.149860
 41
0.149860
 42
0.000000
  0
VERTEX
  8
BG_DXF_C
 10
33.246060
 20
33.223200
 40
0.149860
 41
0.149860
 42
0.000000
  0
SEQEND
  0
POLYLINE
  8
BG_DXF_C
 66
1
 70
0
 40
0.000000
 41
0.000000
 39
0.000000
  0
VERTEX
  8
BG_DXF_C
 10
31.727140
 20
33.091120
 40
0.149860
 41
0.149860
 42
0.000000
  0
VERTEX
  8
BG_DXF_C
 10
31.727140
 20
33.223200
 40
0.149860
 41
0.149860
 42
0.000000
  0
VERTEX
  8
BG_DXF_C
 10
33.246060
 20
33.223200
 40
0.149860
 41
0.149860
 42
0.000000
  0
VERTEX
  8
BG_DXF_C
 10
33.246060
 20
33.091120
 40
0.149860
 41
0.149860
 42
0.000000
  0
VERTEX
  8
BG_DXF_C
 10
31.727140
 20
33.091120
 40
0.149860
 41
0.149860
 42
0.000000
  0
VERTEX
  8
BG_DXF_C
 10
31.727140
 20
30.053280
 40
0.149860
 41
0.149860
 42
0.000000
  0
VERTEX
  8
BG_DXF_C
 10
33.246060
 20
30.053280
 40
0.149860
 41
0.149860
 42
0.000000
  0
VERTEX
  8
BG_DXF_C
 10
33.246060
 20
33.091120
 40
0.149860
 41
0.149860
 42
0.000000
  0
SEQEND
  0
POLYLINE
  8
BG_DXF_C
 66
1
 70
0
 40
0.000000
 41
0.000000
 39
0.000000
  0
VERTEX
  8
BG_DXF_C
 10
23.624540
 20
33.223200
 40
0.149860
 41
0.149860
 42
0.000000
  0
VERTEX
  8
BG_DXF_C
 10
23.624540
 20
33.352740
 40
0.149860
 41
0.149860
 42
0.000000
  0
VERTEX
  8
BG_DXF_C
 10
25.143460
 20
33.352740
 40
0.149860
 41
0.149860
 42
0.000000
  0
VERTEX
  8
BG_DXF_C
 10
25.143460
 20
33.223200
 40
0.149860
 41
0.149860
 42
0.000000
  0
SEQEND
  0
POLYLINE
  8
BG_DXF_C
 66
1
 70
0
 40
0.000000
 41
0.000000
 39
0.000000
  0
VERTEX
  8
BG_DXF_C
 10
23.624540
 20
33.091120
 40
0.149860
 41
0.149860
 42
0.000000
  0
VERTEX
  8
BG_DXF_C
 10
23.624540
 20
33.223200
 40
0.149860
 41
0.149860
 42
0.000000
  0
VERTEX
  8
BG_DXF_C
 10
25.143460
 20
33.223200
 40
0.149860
 41
0.149860
 42
0.000000
  0
VERTEX
  8
BG_DXF_C
 10
25.143460
 20
33.091120
 40
0.149860
 41
0.149860
 42
0.000000
  0
VERTEX
  8
BG_DXF_C
 10
23.624540
 20
33.091120
 40
0.149860
 41
0.149860
 42
0.000000
  0
VERTEX
  8
BG_DXF_C
 10
23.624540
 20
30.053280
 40
0.149860
 41
0.149860
 42
0.000000
  0
VERTEX
  8
BG_DXF_C
 10
25.143460
 20
30.053280
 40
0.149860
 41
0.149860
 42
0.000000
  0
VERTEX
  8
BG_DXF_C
 10
25.143460
 20
33.091120
 40
0.149860
 41
0.149860
 42
0.000000
  0
SEQEND
  0
POLYLINE
  8
BG_DXF_C
 66
1
 70
0
 40
0.000000
 41
0.000000
 39
0.000000
  0
VERTEX
  8
BG_DXF_C
 10
38.836600
 20
29.832300
 40
0.152400
 41
0.152400
 42
0.000000
  0
VERTEX
  8
BG_DXF_C
 10
41.783000
 20
29.832300
 40
0.152400
 41
0.152400
 42
0.000000
  0
SEQEND
  0
POLYLINE
  8
BG_DXF_C
 66
1
 70
0
 40
0.000000
 41
0.000000
 39
0.000000
  0
VERTEX
  8
BG_DXF_C
 10
38.836600
 20
28.613100
 40
0.152400
 41
0.152400
 42
0.000000
  0
VERTEX
  8
BG_DXF_C
 10
41.783000
 20
28.613100
 40
0.152400
 41
0.152400
 42
0.000000
  0
SEQEND
  0
POLYLINE
  8
BG_DXF_C
 66
1
 70
0
 40
0.000000
 41
0.000000
 39
0.000000
  0
VERTEX
  8
BG_DXF_C
 10
41.783000
 20
29.832300
 40
0.152400
 41
0.152400
 42
0.000000
  0
VERTEX
  8
BG_DXF_C
 10
41.783000
 20
28.638500
 40
0.152400
 41
0.152400
 42
0.000000
  0
SEQEND
  0
POLYLINE
  8
BG_DXF_C
 66
1
 70
0
 40
0.000000
 41
0.000000
 39
0.000000
  0
VERTEX
  8
BG_DXF_C
 10
38.836600
 20
29.832300
 40
0.152400
 41
0.152400
 42
0.000000
  0
VERTEX
  8
BG_DXF_C
 10
38.836600
 20
28.613100
 40
0.152400
 41
0.152400
 42
0.000000
  0
SEQEND
  0
POLYLINE
  8
BG_DXF_C
 66
1
 70
0
 40
0.000000
 41
0.000000
 39
0.000000
  0
VERTEX
  8
BG_DXF_C
 10
40.208200
 20
29.527500
 40
0.152400
 41
0.152400
 42
0.000000
  0
VERTEX
  8
BG_DXF_C
 10
40.208200
 20
28.917900
 40
0.152400
 41
0.152400
 42
0.000000
  0
SEQEND
  0
POLYLINE
  8
BG_DXF_C
 66
1
 70
0
 40
0.000000
 41
0.000000
 39
0.000000
  0
VERTEX
  8
BG_DXF_C
 10
40.411400
 20
28.917900
 40
0.152400
 41
0.152400
 42
0.000000
  0
VERTEX
  8
BG_DXF_C
 10
40.411400
 20
29.527500
 40
0.152400
 41
0.152400
 42
0.000000
  0
SEQEND
  0
POLYLINE
  8
BG_DXF_C
 66
1
 70
0
 40
0.000000
 41
0.000000
 39
0.000000
  0
VERTEX
  8
BG_DXF_C
 10
37.223700
 20
27.584400
 40
0.152400
 41
0.152400
 42
0.000000
  0
VERTEX
  8
BG_DXF_C
 10
37.223700
 20
30.530800
 40
0.152400
 41
0.152400
 42
0.000000
  0
SEQEND
  0
POLYLINE
  8
BG_DXF_C
 66
1
 70
0
 40
0.000000
 41
0.000000
 39
0.000000
  0
VERTEX
  8
BG_DXF_C
 10
38.442900
 20
27.584400
 40
0.152400
 41
0.152400
 42
0.000000
  0
VERTEX
  8
BG_DXF_C
 10
38.442900
 20
30.530800
 40
0.152400
 41
0.152400
 42
0.000000
  0
SEQEND
  0
POLYLINE
  8
BG_DXF_C
 66
1
 70
0
 40
0.000000
 41
0.000000
 39
0.000000
  0
VERTEX
  8
BG_DXF_C
 10
37.223700
 20
30.530800
 40
0.152400
 41
0.152400
 42
0.000000
  0
VERTEX
  8
BG_DXF_C
 10
38.417500
 20
30.530800
 40
0.152400
 41
0.152400
 42
0.000000
  0
SEQEND
  0
POLYLINE
  8
BG_DXF_C
 66
1
 70
0
 40
0.000000
 41
0.000000
 39
0.000000
  0
VERTEX
  8
BG_DXF_C
 10
37.223700
 20
27.584400
 40
0.152400
 41
0.152400
 42
0.000000
  0
VERTEX
  8
BG_DXF_C
 10
38.442900
 20
27.584400
 40
0.152400
 41
0.152400
 42
0.000000
  0
SEQEND
  0
POLYLINE
  8
BG_DXF_C
 66
1
 70
0
 40
0.000000
 41
0.000000
 39
0.000000
  0
VERTEX
  8
BG_DXF_C
 10
37.528500
 20
28.956000
 40
0.152400
 41
0.152400
 42
0.000000
  0
VERTEX
  8
BG_DXF_C
 10
38.138100
 20
28.956000
 40
0.152400
 41
0.152400
 42
0.000000
  0
SEQEND
  0
POLYLINE
  8
BG_DXF_C
 66
1
 70
0
 40
0.000000
 41
0.000000
 39
0.000000
  0
VERTEX
  8
BG_DXF_C
 10
38.138100
 20
29.159200
 40
0.152400
 41
0.152400
 42
0.000000
  0
VERTEX
  8
BG_DXF_C
 10
37.528500
 20
29.159200
 40
0.152400
 41
0.152400
 42
0.000000
  0
SEQEND
  0
POLYLINE
  8
BG_DXF_C
 66
1
 70
0
 40
0.000000
 41
0.000000
 39
0.000000
  0
VERTEX
  8
BG_DXF_C
 10
39.293800
 20
2.679700
 40
0.152400
 41
0.152400
 42
0.000000
  0
VERTEX
  8
BG_DXF_C
 10
36.347400
 20
2.679700
 40
0.152400
 41
0.152400
 42
0.000000
  0
SEQEND
  0
POLYLINE
  8
BG_DXF_C
 66
1
 70
0
 40
0.000000
 41
0.000000
 39
0.000000
  0
VERTEX
  8
BG_DXF_C
 10
39.293800
 20
3.898900
 40
0.152400
 41
0.152400
 42
0.000000
  0
VERTEX
  8
BG_DXF_C
 10
36.347400
 20
3.898900
 40
0.152400
 41
0.152400
 42
0.000000
  0
SEQEND
  0
POLYLINE
  8
BG_DXF_C
 66
1
 70
0
 40
0.000000
 41
0.000000
 39
0.000000
  0
VERTEX
  8
BG_DXF_C
 10
36.347400
 20
2.679700
 40
0.152400
 41
0.152400
 42
0.000000
  0
VERTEX
  8
BG_DXF_C
 10
36.347400
 20
3.873500
 40
0.152400
 41
0.152400
 42
0.000000
  0
SEQEND
  0
POLYLINE
  8
BG_DXF_C
 66
1
 70
0
 40
0.000000
 41
0.000000
 39
0.000000
  0
VERTEX
  8
BG_DXF_C
 10
39.293800
 20
2.679700
 40
0.152400
 41
0.152400
 42
0.000000
  0
VERTEX
  8
BG_DXF_C
 10
39.293800
 20
3.898900
 40
0.152400
 41
0.152400
 42
0.000000
  0
SEQEND
  0
POLYLINE
  8
BG_DXF_C
 66
1
 70
0
 40
0.000000
 41
0.000000
 39
0.000000
  0
VERTEX
  8
BG_DXF_C
 10
37.922200
 20
2.984500
 40
0.152400
 41
0.152400
 42
0.000000
  0
VERTEX
  8
BG_DXF_C
 10
37.922200
 20
3.594100
 40
0.152400
 41
0.152400
 42
0.000000
  0
SEQEND
  0
POLYLINE
  8
BG_DXF_C
 66
1
 70
0
 40
0.000000
 41
0.000000
 39
0.000000
  0
VERTEX
  8
BG_DXF_C
 10
37.719000
 20
3.594100
 40
0.152400
 41
0.152400
 42
0.000000
  0
VERTEX
  8
BG_DXF_C
 10
37.719000
 20
2.984500
 40
0.152400
 41
0.152400
 42
0.000000
  0
SEQEND
  0
POLYLINE
  8
BG_DXF_C
 66
1
 70
0
 40
0.000000
 41
0.000000
 39
0.000000
  0
VERTEX
  8
BG_DXF_C
 10
17.297400
 20
2.679700
 40
0.152400
 41
0.152400
 42
0.000000
  0
VERTEX
  8
BG_DXF_C
 10
14.351000
 20
2.679700
 40
0.152400
 41
0.152400
 42
0.000000
  0
SEQEND
  0
POLYLINE
  8
BG_DXF_C
 66
1
 70
0
 40
0.000000
 41
0.000000
 39
0.000000
  0
VERTEX
  8
BG_DXF_C
 10
17.297400
 20
3.898900
 40
0.152400
 41
0.152400
 42
0.000000
  0
VERTEX
  8
BG_DXF_C
 10
14.351000
 20
3.898900
 40
0.152400
 41
0.152400
 42
0.000000
  0
SEQEND
  0
POLYLINE
  8
BG_DXF_C
 66
1
 70
0
 40
0.000000
 41
0.000000
 39
0.000000
  0
VERTEX
  8
BG_DXF_C
 10
14.351000
 20
2.679700
 40
0.152400
 41
0.152400
 42
0.000000
  0
VERTEX
  8
BG_DXF_C
 10
14.351000
 20
3.873500
 40
0.152400
 41
0.152400
 42
0.000000
  0
SEQEND
  0
POLYLINE
  8
BG_DXF_C
 66
1
 70
0
 40
0.000000
 41
0.000000
 39
0.000000
  0
VERTEX
  8
BG_DXF_C
 10
17.297400
 20
2.679700
 40
0.152400
 41
0.152400
 42
0.000000
  0
VERTEX
  8
BG_DXF_C
 10
17.297400
 20
3.898900
 40
0.152400
 41
0.152400
 42
0.000000
  0
SEQEND
  0
POLYLINE
  8
BG_DXF_C
 66
1
 70
0
 40
0.000000
 41
0.000000
 39
0.000000
  0
VERTEX
  8
BG_DXF_C
 10
15.925800
 20
2.984500
 40
0.152400
 41
0.152400
 42
0.000000
  0
VERTEX
  8
BG_DXF_C
 10
15.925800
 20
3.594100
 40
0.152400
 41
0.152400
 42
0.000000
  0
SEQEND
  0
POLYLINE
  8
BG_DXF_C
 66
1
 70
0
 40
0.000000
 41
0.000000
 39
0.000000
  0
VERTEX
  8
BG_DXF_C
 10
15.722600
 20
3.594100
 40
0.152400
 41
0.152400
 42
0.000000
  0
VERTEX
  8
BG_DXF_C
 10
15.722600
 20
2.984500
 40
0.152400
 41
0.152400
 42
0.000000
  0
SEQEND
  0
POLYLINE
  8
BG_DXF_C
 66
1
 70
0
 40
0.000000
 41
0.000000
 39
0.000000
  0
VERTEX
  8
BG_DXF_C
 10
15.849600
 20
30.213300
 40
0.152400
 41
0.152400
 42
0.000000
  0
VERTEX
  8
BG_DXF_C
 10
15.849600
 20
29.603700
 40
0.152400
 41
0.152400
 42
0.000000
  0
SEQEND
  0
POLYLINE
  8
BG_DXF_C
 66
1
 70
0
 40
0.000000
 41
0.000000
 39
0.000000
  0
VERTEX
  8
BG_DXF_C
 10
16.052800
 20
29.603700
 40
0.152400
 41
0.152400
 42
0.000000
  0
VERTEX
  8
BG_DXF_C
 10
16.052800
 20
30.213300
 40
0.152400
 41
0.152400
 42
0.000000
  0
SEQEND
  0
POLYLINE
  8
BG_DXF_C
 66
1
 70
0
 40
0.000000
 41
0.000000
 39
0.000000
  0
VERTEX
  8
BG_DXF_C
 10
17.424400
 20
29.298900
 40
0.152400
 41
0.152400
 42
0.000000
  0
VERTEX
  8
BG_DXF_C
 10
17.424400
 20
30.518100
 40
0.152400
 41
0.152400
 42
0.000000
  0
SEQEND
  0
POLYLINE
  8
BG_DXF_C
 66
1
 70
0
 40
0.000000
 41
0.000000
 39
0.000000
  0
VERTEX
  8
BG_DXF_C
 10
14.478000
 20
29.298900
 40
0.152400
 41
0.152400
 42
0.000000
  0
VERTEX
  8
BG_DXF_C
 10
14.478000
 20
30.492700
 40
0.152400
 41
0.152400
 42
0.000000
  0
SEQEND
  0
POLYLINE
  8
BG_DXF_C
 66
1
 70
0
 40
0.000000
 41
0.000000
 39
0.000000
  0
VERTEX
  8
BG_DXF_C
 10
17.424400
 20
30.518100
 40
0.152400
 41
0.152400
 42
0.000000
  0
VERTEX
  8
BG_DXF_C
 10
14.478000
 20
30.518100
 40
0.152400
 41
0.152400
 42
0.000000
  0
SEQEND
  0
POLYLINE
  8
BG_DXF_C
 66
1
 70
0
 40
0.000000
 41
0.000000
 39
0.000000
  0
VERTEX
  8
BG_DXF_C
 10
17.424400
 20
29.298900
 40
0.152400
 41
0.152400
 42
0.000000
  0
VERTEX
  8
BG_DXF_C
 10
14.478000
 20
29.298900
 40
0.152400
 41
0.152400
 42
0.000000
  0
SEQEND
  0
POLYLINE
  8
BG_DXF_C
 66
1
 70
0
 40
0.000000
 41
0.000000
 39
0.000000
  0
VERTEX
  8
BG_DXF_C
 10
29.872940
 20
5.948680
 40
0.149860
 41
0.149860
 42
0.000000
  0
VERTEX
  8
BG_DXF_C
 10
29.872940
 20
3.906520
 40
0.149860
 41
0.149860
 42
0.000000
  0
VERTEX
  8
BG_DXF_C
 10
28.851860
 20
3.906520
 40
0.149860
 41
0.149860
 42
0.000000
  0
VERTEX
  8
BG_DXF_C
 10
28.851860
 20
5.948680
 40
0.149860
 41
0.149860
 42
0.000000
  0
VERTEX
  8
BG_DXF_C
 10
29.872940
 20
5.948680
 40
0.149860
 41
0.149860
 42
0.000000
  0
SEQEND
  0
POLYLINE
  8
BG_DXF_C
 66
1
 70
0
 40
0.000000
 41
0.000000
 39
0.000000
  0
VERTEX
  8
BG_DXF_C
 10
29.563060
 20
5.026660
 40
0.129540
 41
0.129540
 42
0.000000
  0
VERTEX
  8
BG_DXF_C
 10
29.161740
 20
5.026660
 40
0.129540
 41
0.129540
 42
0.000000
  0
SEQEND
  0
POLYLINE
  8
BG_DXF_C
 66
1
 70
0
 40
0.000000
 41
0.000000
 39
0.000000
  0
VERTEX
  8
BG_DXF_C
 10
29.563060
 20
4.828540
 40
0.129540
 41
0.129540
 42
0.000000
  0
VERTEX
  8
BG_DXF_C
 10
29.161740
 20
4.828540
 40
0.129540
 41
0.129540
 42
0.000000
  0
SEQEND
  0
POLYLINE
  8
BG_DXF_C
 66
1
 70
0
 40
0.000000
 41
0.000000
 39
0.000000
  0
VERTEX
  8
BG_DXF_C
 10
7.978140
 20
5.974080
 40
0.149860
 41
0.149860
 42
0.000000
  0
VERTEX
  8
BG_DXF_C
 10
7.978140
 20
3.931920
 40
0.149860
 41
0.149860
 42
0.000000
  0
VERTEX
  8
BG_DXF_C
 10
6.957060
 20
3.931920
 40
0.149860
 41
0.149860
 42
0.000000
  0
VERTEX
  8
BG_DXF_C
 10
6.957060
 20
5.974080
 40
0.149860
 41
0.149860
 42
0.000000
  0
VERTEX
  8
BG_DXF_C
 10
7.978140
 20
5.974080
 40
0.149860
 41
0.149860
 42
0.000000
  0
SEQEND
  0
POLYLINE
  8
BG_DXF_C
 66
1
 70
0
 40
0.000000
 41
0.000000
 39
0.000000
  0
VERTEX
  8
BG_DXF_C
 10
7.668260
 20
5.052060
 40
0.129540
 41
0.129540
 42
0.000000
  0
VERTEX
  8
BG_DXF_C
 10
7.266940
 20
5.052060
 40
0.129540
 41
0.129540
 42
0.000000
  0
SEQEND
  0
POLYLINE
  8
BG_DXF_C
 66
1
 70
0
 40
0.000000
 41
0.000000
 39
0.000000
  0
VERTEX
  8
BG_DXF_C
 10
7.668260
 20
4.853940
 40
0.129540
 41
0.129540
 42
0.000000
  0
VERTEX
  8
BG_DXF_C
 10
7.266940
 20
4.853940
 40
0.129540
 41
0.129540
 42
0.000000
  0
SEQEND
  0
POLYLINE
  8
BG_DXF_C
 66
1
 70
0
 40
0.000000
 41
0.000000
 39
0.000000
  0
VERTEX
  8
BG_DXF_C
 10
27.305000
 20
30.149800
 40
0.152400
 41
0.152400
 42
0.000000
  0
VERTEX
  8
BG_DXF_C
 10
27.305000
 20
32.842200
 40
0.152400
 41
0.152400
 42
0.000000
  0
SEQEND
  0
POLYLINE
  8
BG_DXF_C
 66
1
 70
0
 40
0.000000
 41
0.000000
 39
0.000000
  0
VERTEX
  8
BG_DXF_C
 10
28.473400
 20
30.149800
 40
0.152400
 41
0.152400
 42
0.000000
  0
VERTEX
  8
BG_DXF_C
 10
28.473400
 20
32.842200
 40
0.152400
 41
0.152400
 42
0.000000
  0
SEQEND
  0
POLYLINE
  8
BG_DXF_C
 66
1
 70
0
 40
0.000000
 41
0.000000
 39
0.000000
  0
VERTEX
  8
BG_DXF_C
 10
27.305000
 20
32.842200
 40
0.152400
 41
0.152400
 42
-0.262728
  0
VERTEX
  8
BG_DXF_C
 10
28.473400
 20
32.842200
 40
0.152400
 41
0.152400
 42
0.000000
  0
SEQEND
  0
POLYLINE
  8
BG_DXF_C
 66
1
 70
0
 40
0.000000
 41
0.000000
 39
0.000000
  0
VERTEX
  8
BG_DXF_C
 10
27.305000
 20
30.149800
 40
0.152400
 41
0.152400
 42
0.261664
  0
VERTEX
  8
BG_DXF_C
 10
28.473400
 20
30.149800
 40
0.152400
 41
0.152400
 42
0.000000
  0
SEQEND
  0
POLYLINE
  8
BG_DXF_C
 66
1
 70
0
 40
0.000000
 41
0.000000
 39
0.000000
  0
VERTEX
  8
BG_DXF_C
 10
27.508200
 20
31.496000
 40
0.127000
 41
0.127000
 42
0.000000
  0
VERTEX
  8
BG_DXF_C
 10
27.381200
 20
31.496000
 40
0.127000
 41
0.127000
 42
0.000000
  0
SEQEND
  0
POLYLINE
  8
BG_DXF_C
 66
1
 70
0
 40
0.000000
 41
0.000000
 39
0.000000
  0
VERTEX
  8
BG_DXF_C
 10
28.270200
 20
31.496000
 40
0.127000
 41
0.127000
 42
0.000000
  0
VERTEX
  8
BG_DXF_C
 10
28.397200
 20
31.496000
 40
0.127000
 41
0.127000
 42
0.000000
  0
SEQEND
  0
POLYLINE
  8
BG_DXF_C
 66
1
 70
0
 40
0.000000
 41
0.000000
 39
0.000000
  0
VERTEX
  8
BG_DXF_C
 10
27.508200
 20
31.496000
 40
0.127000
 41
0.127000
 42
0.000000
  0
VERTEX
  8
BG_DXF_C
 10
27.635200
 20
31.369000
 40
0.127000
 41
0.127000
 42
0.000000
  0
VERTEX
  8
BG_DXF_C
 10
27.762200
 20
31.623000
 40
0.127000
 41
0.127000
 42
0.000000
  0
VERTEX
  8
BG_DXF_C
 10
27.889200
 20
31.369000
 40
0.127000
 41
0.127000
 42
0.000000
  0
VERTEX
  8
BG_DXF_C
 10
28.016200
 20
31.623000
 40
0.127000
 41
0.127000
 42
0.000000
  0
VERTEX
  8
BG_DXF_C
 10
28.143200
 20
31.369000
 40
0.127000
 41
0.127000
 42
0.000000
  0
VERTEX
  8
BG_DXF_C
 10
28.270200
 20
31.496000
 40
0.127000
 41
0.127000
 42
0.000000
  0
SEQEND
  0
POLYLINE
  8
BG_DXF_C
 66
1
 70
0
 40
0.000000
 41
0.000000
 39
0.000000
  0
VERTEX
  8
BG_DXF_C
 10
28.702000
 20
30.149800
 40
0.152400
 41
0.152400
 42
0.000000
  0
VERTEX
  8
BG_DXF_C
 10
28.702000
 20
32.842200
 40
0.152400
 41
0.152400
 42
0.000000
  0
SEQEND
  0
POLYLINE
  8
BG_DXF_C
 66
1
 70
0
 40
0.000000
 41
0.000000
 39
0.000000
  0
VERTEX
  8
BG_DXF_C
 10
29.870400
 20
30.149800
 40
0.152400
 41
0.152400
 42
0.000000
  0
VERTEX
  8
BG_DXF_C
 10
29.870400
 20
32.842200
 40
0.152400
 41
0.152400
 42
0.000000
  0
SEQEND
  0
POLYLINE
  8
BG_DXF_C
 66
1
 70
0
 40
0.000000
 41
0.000000
 39
0.000000
  0
VERTEX
  8
BG_DXF_C
 10
28.702000
 20
32.842200
 40
0.152400
 41
0.152400
 42
-0.262728
  0
VERTEX
  8
BG_DXF_C
 10
29.870400
 20
32.842200
 40
0.152400
 41
0.152400
 42
0.000000
  0
SEQEND
  0
POLYLINE
  8
BG_DXF_C
 66
1
 70
0
 40
0.000000
 41
0.000000
 39
0.000000
  0
VERTEX
  8
BG_DXF_C
 10
28.702000
 20
30.149800
 40
0.152400
 41
0.152400
 42
0.261664
  0
VERTEX
  8
BG_DXF_C
 10
29.870400
 20
30.149800
 40
0.152400
 41
0.152400
 42
0.000000
  0
SEQEND
  0
POLYLINE
  8
BG_DXF_C
 66
1
 70
0
 40
0.000000
 41
0.000000
 39
0.000000
  0
VERTEX
  8
BG_DXF_C
 10
28.905200
 20
31.496000
 40
0.127000
 41
0.127000
 42
0.000000
  0
VERTEX
  8
BG_DXF_C
 10
28.778200
 20
31.496000
 40
0.127000
 41
0.127000
 42
0.000000
  0
SEQEND
  0
POLYLINE
  8
BG_DXF_C
 66
1
 70
0
 40
0.000000
 41
0.000000
 39
0.000000
  0
VERTEX
  8
BG_DXF_C
 10
29.667200
 20
31.496000
 40
0.127000
 41
0.127000
 42
0.000000
  0
VERTEX
  8
BG_DXF_C
 10
29.794200
 20
31.496000
 40
0.127000
 41
0.127000
 42
0.000000
  0
SEQEND
  0
POLYLINE
  8
BG_DXF_C
 66
1
 70
0
 40
0.000000
 41
0.000000
 39
0.000000
  0
VERTEX
  8
BG_DXF_C
 10
28.905200
 20
31.496000
 40
0.127000
 41
0.127000
 42
0.000000
  0
VERTEX
  8
BG_DXF_C
 10
29.032200
 20
31.369000
 40
0.127000
 41
0.127000
 42
0.000000
  0
VERTEX
  8
BG_DXF_C
 10
29.159200
 20
31.623000
 40
0.127000
 41
0.127000
 42
0.000000
  0
VERTEX
  8
BG_DXF_C
 10
29.286200
 20
31.369000
 40
0.127000
 41
0.127000
 42
0.000000
  0
VERTEX
  8
BG_DXF_C
 10
29.413200
 20
31.623000
 40
0.127000
 41
0.127000
 42
0.000000
  0
VERTEX
  8
BG_DXF_C
 10
29.540200
 20
31.369000
 40
0.127000
 41
0.127000
 42
0.000000
  0
VERTEX
  8
BG_DXF_C
 10
29.667200
 20
31.496000
 40
0.127000
 41
0.127000
 42
0.000000
  0
SEQEND
  0
POLYLINE
  8
BG_DXF_C
 66
1
 70
0
 40
0.000000
 41
0.000000
 39
0.000000
  0
VERTEX
  8
BG_DXF_C
 10
39.649400
 20
3.124200
 40
0.152400
 41
0.152400
 42
0.000000
  0
VERTEX
  8
BG_DXF_C
 10
42.341800
 20
3.124200
 40
0.152400
 41
0.152400
 42
0.000000
  0
SEQEND
  0
POLYLINE
  8
BG_DXF_C
 66
1
 70
0
 40
0.000000
 41
0.000000
 39
0.000000
  0
VERTEX
  8
BG_DXF_C
 10
39.649400
 20
1.955800
 40
0.152400
 41
0.152400
 42
0.000000
  0
VERTEX
  8
BG_DXF_C
 10
42.341800
 20
1.955800
 40
0.152400
 41
0.152400
 42
0.000000
  0
SEQEND
  0
POLYLINE
  8
BG_DXF_C
 66
1
 70
0
 40
0.000000
 41
0.000000
 39
0.000000
  0
VERTEX
  8
BG_DXF_C
 10
42.341800
 20
3.124200
 40
0.152400
 41
0.152400
 42
-0.262728
  0
VERTEX
  8
BG_DXF_C
 10
42.341800
 20
1.955800
 40
0.152400
 41
0.152400
 42
0.000000
  0
SEQEND
  0
POLYLINE
  8
BG_DXF_C
 66
1
 70
0
 40
0.000000
 41
0.000000
 39
0.000000
  0
VERTEX
  8
BG_DXF_C
 10
39.649400
 20
3.124200
 40
0.152400
 41
0.152400
 42
0.261664
  0
VERTEX
  8
BG_DXF_C
 10
39.649400
 20
1.955800
 40
0.152400
 41
0.152400
 42
0.000000
  0
SEQEND
  0
POLYLINE
  8
BG_DXF_C
 66
1
 70
0
 40
0.000000
 41
0.000000
 39
0.000000
  0
VERTEX
  8
BG_DXF_C
 10
40.995600
 20
2.921000
 40
0.127000
 41
0.127000
 42
0.000000
  0
VERTEX
  8
BG_DXF_C
 10
40.995600
 20
3.048000
 40
0.127000
 41
0.127000
 42
0.000000
  0
SEQEND
  0
POLYLINE
  8
BG_DXF_C
 66
1
 70
0
 40
0.000000
 41
0.000000
 39
0.000000
  0
VERTEX
  8
BG_DXF_C
 10
40.995600
 20
2.159000
 40
0.127000
 41
0.127000
 42
0.000000
  0
VERTEX
  8
BG_DXF_C
 10
40.995600
 20
2.032000
 40
0.127000
 41
0.127000
 42
0.000000
  0
SEQEND
  0
POLYLINE
  8
BG_DXF_C
 66
1
 70
0
 40
0.000000
 41
0.000000
 39
0.000000
  0
VERTEX
  8
BG_DXF_C
 10
40.995600
 20
2.921000
 40
0.127000
 41
0.127000
 42
0.000000
  0
VERTEX
  8
BG_DXF_C
 10
40.868600
 20
2.794000
 40
0.127000
 41
0.127000
 42
0.000000
  0
VERTEX
  8
BG_DXF_C
 10
41.122600
 20
2.667000
 40
0.127000
 41
0.127000
 42
0.000000
  0
VERTEX
  8
BG_DXF_C
 10
40.868600
 20
2.540000
 40
0.127000
 41
0.127000
 42
0.000000
  0
VERTEX
  8
BG_DXF_C
 10
41.122600
 20
2.413000
 40
0.127000
 41
0.127000
 42
0.000000
  0
VERTEX
  8
BG_DXF_C
 10
40.868600
 20
2.286000
 40
0.127000
 41
0.127000
 42
0.000000
  0
VERTEX
  8
BG_DXF_C
 10
40.995600
 20
2.159000
 40
0.127000
 41
0.127000
 42
0.000000
  0
SEQEND
  0
POLYLINE
  8
BG_DXF_C
 66
1
 70
0
 40
0.000000
 41
0.000000
 39
0.000000
  0
VERTEX
  8
BG_DXF_C
 10
33.845500
 20
9.852152
 40
0.127000
 41
0.127000
 42
0.000000
  0
VERTEX
  8
BG_DXF_C
 10
19.545300
 20
9.852152
 40
0.127000
 41
0.127000
 42
0.000000
  0
SEQEND
  0
POLYLINE
  8
BG_DXF_C
 66
1
 70
0
 40
0.000000
 41
0.000000
 39
0.000000
  0
VERTEX
  8
BG_DXF_C
 10
33.845500
 20
25.352248
 40
0.127000
 41
0.127000
 42
0.000000
  0
VERTEX
  8
BG_DXF_C
 10
33.845500
 20
9.852152
 40
0.127000
 41
0.127000
 42
0.000000
  0
SEQEND
  0
POLYLINE
  8
BG_DXF_C
 66
1
 70
0
 40
0.000000
 41
0.000000
 39
0.000000
  0
VERTEX
  8
BG_DXF_C
 10
19.845528
 20
25.352248
 40
0.127000
 41
0.127000
 42
0.000000
  0
VERTEX
  8
BG_DXF_C
 10
33.845500
 20
25.352248
 40
0.127000
 41
0.127000
 42
0.000000
  0
SEQEND
  0
POLYLINE
  8
BG_DXF_C
 66
1
 70
0
 40
0.000000
 41
0.000000
 39
0.000000
  0
VERTEX
  8
BG_DXF_C
 10
19.545300
 20
25.052274
 40
0.127000
 41
0.127000
 42
0.000000
  0
VERTEX
  8
BG_DXF_C
 10
19.845528
 20
25.352248
 40
0.127000
 41
0.127000
 42
0.000000
  0
SEQEND
  0
POLYLINE
  8
BG_DXF_C
 66
1
 70
0
 40
0.000000
 41
0.000000
 39
0.000000
  0
VERTEX
  8
BG_DXF_C
 10
19.545300
 20
9.852152
 40
0.127000
 41
0.127000
 42
0.000000
  0
VERTEX
  8
BG_DXF_C
 10
19.545300
 20
25.052274
 40
0.127000
 41
0.127000
 42
0.000000
  0
SEQEND
  0
POLYLINE
  8
BG_DXF_C
 66
1
 70
0
 40
0.000000
 41
0.000000
 39
0.000000
  0
VERTEX
  8
BG_DXF_C
 10
20.091400
 20
26.352246
 40
0.127000
 41
0.127000
 42
0.000000
  0
VERTEX
  8
BG_DXF_C
 10
20.980400
 20
26.352246
 40
0.127000
 41
0.127000
 42
0.000000
  0
SEQEND
  0
POLYLINE
  8
BG_DXF_C
 66
1
 70
0
 40
0.000000
 41
0.000000
 39
0.000000
  0
VERTEX
  8
BG_DXF_C
 10
33.807400
 20
26.352246
 40
0.127000
 41
0.127000
 42
0.000000
  0
VERTEX
  8
BG_DXF_C
 10
34.845498
 20
26.352246
 40
0.127000
 41
0.127000
 42
0.000000
  0
VERTEX
  8
BG_DXF_C
 10
34.845498
 20
25.349200
 40
0.127000
 41
0.127000
 42
0.000000
  0
SEQEND
  0
POLYLINE
  8
BG_DXF_C
 66
1
 70
0
 40
0.000000
 41
0.000000
 39
0.000000
  0
VERTEX
  8
BG_DXF_C
 10
34.845498
 20
24.968200
 40
0.127000
 41
0.127000
 42
0.000000
  0
VERTEX
  8
BG_DXF_C
 10
34.845498
 20
24.206200
 40
0.127000
 41
0.127000
 42
0.000000
  0
SEQEND
  0
POLYLINE
  8
BG_DXF_C
 66
1
 70
0
 40
0.000000
 41
0.000000
 39
0.000000
  0
VERTEX
  8
BG_DXF_C
 10
34.845498
 20
9.728200
 40
0.127000
 41
0.127000
 42
0.000000
  0
VERTEX
  8
BG_DXF_C
 10
34.845498
 20
8.852154
 40
0.127000
 41
0.127000
 42
0.000000
  0
VERTEX
  8
BG_DXF_C
 10
34.061400
 20
8.852154
 40
0.127000
 41
0.127000
 42
0.000000
  0
SEQEND
  0
POLYLINE
  8
BG_DXF_C
 66
1
 70
0
 40
0.000000
 41
0.000000
 39
0.000000
  0
VERTEX
  8
BG_DXF_C
 10
19.529298
 20
8.852154
 40
0.127000
 41
0.127000
 42
0.000000
  0
VERTEX
  8
BG_DXF_C
 10
18.545302
 20
8.852154
 40
0.127000
 41
0.127000
 42
0.000000
  0
VERTEX
  8
BG_DXF_C
 10
18.545302
 20
9.855200
 40
0.127000
 41
0.127000
 42
0.000000
  0
SEQEND
  0
POLYLINE
  8
BG_DXF_C
 66
1
 70
0
 40
0.000000
 41
0.000000
 39
0.000000
  0
VERTEX
  8
BG_DXF_C
 10
20.845272
 20
8.852154
 40
0.127000
 41
0.127000
 42
0.000000
  0
VERTEX
  8
BG_DXF_C
 10
20.083272
 20
8.852154
 40
0.127000
 41
0.127000
 42
0.000000
  0
SEQEND
  0
POLYLINE
  8
BG_DXF_C
 66
1
 70
0
 40
0.000000
 41
0.000000
 39
0.000000
  0
VERTEX
  8
BG_DXF_C
 10
18.545302
 20
24.260302
 40
0.127000
 41
0.127000
 42
0.000000
  0
VERTEX
  8
BG_DXF_C
 10
18.545302
 20
25.095200
 40
0.127000
 41
0.127000
 42
0.000000
  0
SEQEND
  0
POLYLINE
  8
BG_DXF_C
 66
1
 70
0
 40
0.000000
 41
0.000000
 39
0.000000
  0
VERTEX
  8
BG_DXF_C
 10
22.091396
 20
26.352246
 40
0.127000
 41
0.127000
 42
0.000000
  0
VERTEX
  8
BG_DXF_C
 10
22.980396
 20
26.352246
 40
0.127000
 41
0.127000
 42
0.000000
  0
SEQEND
  0
POLYLINE
  8
BG_DXF_C
 66
1
 70
0
 40
0.000000
 41
0.000000
 39
0.000000
  0
VERTEX
  8
BG_DXF_C
 10
24.091392
 20
26.352246
 40
0.127000
 41
0.127000
 42
0.000000
  0
VERTEX
  8
BG_DXF_C
 10
24.980392
 20
26.352246
 40
0.127000
 41
0.127000
 42
0.000000
  0
SEQEND
  0
POLYLINE
  8
BG_DXF_C
 66
1
 70
0
 40
0.000000
 41
0.000000
 39
0.000000
  0
VERTEX
  8
BG_DXF_C
 10
26.091388
 20
26.352246
 40
0.127000
 41
0.127000
 42
0.000000
  0
VERTEX
  8
BG_DXF_C
 10
26.980388
 20
26.352246
 40
0.127000
 41
0.127000
 42
0.000000
  0
SEQEND
  0
POLYLINE
  8
BG_DXF_C
 66
1
 70
0
 40
0.000000
 41
0.000000
 39
0.000000
  0
VERTEX
  8
BG_DXF_C
 10
28.091384
 20
26.352246
 40
0.127000
 41
0.127000
 42
0.000000
  0
VERTEX
  8
BG_DXF_C
 10
28.980384
 20
26.352246
 40
0.127000
 41
0.127000
 42
0.000000
  0
SEQEND
  0
POLYLINE
  8
BG_DXF_C
 66
1
 70
0
 40
0.000000
 41
0.000000
 39
0.000000
  0
VERTEX
  8
BG_DXF_C
 10
30.091380
 20
26.352246
 40
0.127000
 41
0.127000
 42
0.000000
  0
VERTEX
  8
BG_DXF_C
 10
30.980380
 20
26.352246
 40
0.127000
 41
0.127000
 42
0.000000
  0
SEQEND
  0
POLYLINE
  8
BG_DXF_C
 66
1
 70
0
 40
0.000000
 41
0.000000
 39
0.000000
  0
VERTEX
  8
BG_DXF_C
 10
32.091376
 20
26.352246
 40
0.127000
 41
0.127000
 42
0.000000
  0
VERTEX
  8
BG_DXF_C
 10
32.980376
 20
26.352246
 40
0.127000
 41
0.127000
 42
0.000000
  0
SEQEND
  0
POLYLINE
  8
BG_DXF_C
 66
1
 70
0
 40
0.000000
 41
0.000000
 39
0.000000
  0
VERTEX
  8
BG_DXF_C
 10
22.845268
 20
8.852154
 40
0.127000
 41
0.127000
 42
0.000000
  0
VERTEX
  8
BG_DXF_C
 10
22.083268
 20
8.852154
 40
0.127000
 41
0.127000
 42
0.000000
  0
SEQEND
  0
POLYLINE
  8
BG_DXF_C
 66
1
 70
0
 40
0.000000
 41
0.000000
 39
0.000000
  0
VERTEX
  8
BG_DXF_C
 10
24.845264
 20
8.852154
 40
0.127000
 41
0.127000
 42
0.000000
  0
VERTEX
  8
BG_DXF_C
 10
24.083264
 20
8.852154
 40
0.127000
 41
0.127000
 42
0.000000
  0
SEQEND
  0
POLYLINE
  8
BG_DXF_C
 66
1
 70
0
 40
0.000000
 41
0.000000
 39
0.000000
  0
VERTEX
  8
BG_DXF_C
 10
26.845514
 20
8.852154
 40
0.127000
 41
0.127000
 42
0.000000
  0
VERTEX
  8
BG_DXF_C
 10
26.083514
 20
8.852154
 40
0.127000
 41
0.127000
 42
0.000000
  0
SEQEND
  0
POLYLINE
  8
BG_DXF_C
 66
1
 70
0
 40
0.000000
 41
0.000000
 39
0.000000
  0
VERTEX
  8
BG_DXF_C
 10
28.845510
 20
8.852154
 40
0.127000
 41
0.127000
 42
0.000000
  0
VERTEX
  8
BG_DXF_C
 10
28.083510
 20
8.852154
 40
0.127000
 41
0.127000
 42
0.000000
  0
SEQEND
  0
POLYLINE
  8
BG_DXF_C
 66
1
 70
0
 40
0.000000
 41
0.000000
 39
0.000000
  0
VERTEX
  8
BG_DXF_C
 10
30.845506
 20
8.852154
 40
0.127000
 41
0.127000
 42
0.000000
  0
VERTEX
  8
BG_DXF_C
 10
30.083506
 20
8.852154
 40
0.127000
 41
0.127000
 42
0.000000
  0
SEQEND
  0
POLYLINE
  8
BG_DXF_C
 66
1
 70
0
 40
0.000000
 41
0.000000
 39
0.000000
  0
VERTEX
  8
BG_DXF_C
 10
32.845502
 20
8.852154
 40
0.127000
 41
0.127000
 42
0.000000
  0
VERTEX
  8
BG_DXF_C
 10
32.083502
 20
8.852154
 40
0.127000
 41
0.127000
 42
0.000000
  0
SEQEND
  0
POLYLINE
  8
BG_DXF_C
 66
1
 70
0
 40
0.000000
 41
0.000000
 39
0.000000
  0
VERTEX
  8
BG_DXF_C
 10
34.845498
 20
22.968204
 40
0.127000
 41
0.127000
 42
0.000000
  0
VERTEX
  8
BG_DXF_C
 10
34.845498
 20
22.206204
 40
0.127000
 41
0.127000
 42
0.000000
  0
SEQEND
  0
POLYLINE
  8
BG_DXF_C
 66
1
 70
0
 40
0.000000
 41
0.000000
 39
0.000000
  0
VERTEX
  8
BG_DXF_C
 10
18.545302
 20
22.260306
 40
0.127000
 41
0.127000
 42
0.000000
  0
VERTEX
  8
BG_DXF_C
 10
18.545302
 20
23.095204
 40
0.127000
 41
0.127000
 42
0.000000
  0
SEQEND
  0
POLYLINE
  8
BG_DXF_C
 66
1
 70
0
 40
0.000000
 41
0.000000
 39
0.000000
  0
VERTEX
  8
BG_DXF_C
 10
34.845498
 20
20.968208
 40
0.127000
 41
0.127000
 42
0.000000
  0
VERTEX
  8
BG_DXF_C
 10
34.845498
 20
20.206208
 40
0.127000
 41
0.127000
 42
0.000000
  0
SEQEND
  0
POLYLINE
  8
BG_DXF_C
 66
1
 70
0
 40
0.000000
 41
0.000000
 39
0.000000
  0
VERTEX
  8
BG_DXF_C
 10
18.545302
 20
20.260310
 40
0.127000
 41
0.127000
 42
0.000000
  0
VERTEX
  8
BG_DXF_C
 10
18.545302
 20
21.095208
 40
0.127000
 41
0.127000
 42
0.000000
  0
SEQEND
  0
POLYLINE
  8
BG_DXF_C
 66
1
 70
0
 40
0.000000
 41
0.000000
 39
0.000000
  0
VERTEX
  8
BG_DXF_C
 10
34.845498
 20
18.968212
 40
0.127000
 41
0.127000
 42
0.000000
  0
VERTEX
  8
BG_DXF_C
 10
34.845498
 20
18.206212
 40
0.127000
 41
0.127000
 42
0.000000
  0
SEQEND
  0
POLYLINE
  8
BG_DXF_C
 66
1
 70
0
 40
0.000000
 41
0.000000
 39
0.000000
  0
VERTEX
  8
BG_DXF_C
 10
18.545302
 20
18.260314
 40
0.127000
 41
0.127000
 42
0.000000
  0
VERTEX
  8
BG_DXF_C
 10
18.545302
 20
19.095212
 40
0.127000
 41
0.127000
 42
0.000000
  0
SEQEND
  0
POLYLINE
  8
BG_DXF_C
 66
1
 70
0
 40
0.000000
 41
0.000000
 39
0.000000
  0
VERTEX
  8
BG_DXF_C
 10
34.845498
 20
16.968216
 40
0.127000
 41
0.127000
 42
0.000000
  0
VERTEX
  8
BG_DXF_C
 10
34.845498
 20
16.206216
 40
0.127000
 41
0.127000
 42
0.000000
  0
SEQEND
  0
POLYLINE
  8
BG_DXF_C
 66
1
 70
0
 40
0.000000
 41
0.000000
 39
0.000000
  0
VERTEX
  8
BG_DXF_C
 10
18.545302
 20
16.260064
 40
0.127000
 41
0.127000
 42
0.000000
  0
VERTEX
  8
BG_DXF_C
 10
18.545302
 20
17.095216
 40
0.127000
 41
0.127000
 42
0.000000
  0
SEQEND
  0
POLYLINE
  8
BG_DXF_C
 66
1
 70
0
 40
0.000000
 41
0.000000
 39
0.000000
  0
VERTEX
  8
BG_DXF_C
 10
34.845498
 20
14.968220
 40
0.127000
 41
0.127000
 42
0.000000
  0
VERTEX
  8
BG_DXF_C
 10
34.845498
 20
14.206220
 40
0.127000
 41
0.127000
 42
0.000000
  0
SEQEND
  0
POLYLINE
  8
BG_DXF_C
 66
1
 70
0
 40
0.000000
 41
0.000000
 39
0.000000
  0
VERTEX
  8
BG_DXF_C
 10
18.545302
 20
14.260068
 40
0.127000
 41
0.127000
 42
0.000000
  0
VERTEX
  8
BG_DXF_C
 10
18.545302
 20
15.095220
 40
0.127000
 41
0.127000
 42
0.000000
  0
SEQEND
  0
POLYLINE
  8
BG_DXF_C
 66
1
 70
0
 40
0.000000
 41
0.000000
 39
0.000000
  0
VERTEX
  8
BG_DXF_C
 10
34.845498
 20
12.968224
 40
0.127000
 41
0.127000
 42
0.000000
  0
VERTEX
  8
BG_DXF_C
 10
34.845498
 20
12.206224
 40
0.127000
 41
0.127000
 42
0.000000
  0
SEQEND
  0
POLYLINE
  8
BG_DXF_C
 66
1
 70
0
 40
0.000000
 41
0.000000
 39
0.000000
  0
VERTEX
  8
BG_DXF_C
 10
18.545302
 20
12.260072
 40
0.127000
 41
0.127000
 42
0.000000
  0
VERTEX
  8
BG_DXF_C
 10
18.545302
 20
13.095224
 40
0.127000
 41
0.127000
 42
0.000000
  0
SEQEND
  0
POLYLINE
  8
BG_DXF_C
 66
1
 70
0
 40
0.000000
 41
0.000000
 39
0.000000
  0
VERTEX
  8
BG_DXF_C
 10
34.845498
 20
10.968228
 40
0.127000
 41
0.127000
 42
0.000000
  0
VERTEX
  8
BG_DXF_C
 10
34.845498
 20
10.206228
 40
0.127000
 41
0.127000
 42
0.000000
  0
SEQEND
  0
POLYLINE
  8
BG_DXF_C
 66
1
 70
0
 40
0.000000
 41
0.000000
 39
0.000000
  0
VERTEX
  8
BG_DXF_C
 10
18.545302
 20
10.260076
 40
0.127000
 41
0.127000
 42
0.000000
  0
VERTEX
  8
BG_DXF_C
 10
18.545302
 20
11.095228
 40
0.127000
 41
0.127000
 42
0.000000
  0
SEQEND
  0
POLYLINE
  8
BG_DXF_C
 66
1
 70
0
 40
0.000000
 41
0.000000
 39
0.000000
  0
VERTEX
  8
BG_DXF_C
 10
18.545302
 20
25.476200
 40
0.127000
 41
0.127000
 42
0.000000
  0
VERTEX
  8
BG_DXF_C
 10
18.545302
 20
25.717246
 40
0.127000
 41
0.127000
 42
0.000000
  0
VERTEX
  8
BG_DXF_C
 10
19.180302
 20
26.352246
 40
0.127000
 41
0.127000
 42
0.000000
  0
VERTEX
  8
BG_DXF_C
 10
19.583400
 20
26.352246
 40
0.127000
 41
0.127000
 42
0.000000
  0
SEQEND
  0
POLYLINE
  8
BG_DXF_C
 66
1
 70
0
 40
0.000000
 41
0.000000
 39
0.000000
  0
VERTEX
  8
BG_DXF_C
 10
10.057130
 20
25.153112
 40
0.199898
 41
0.199898
 42
0.000000
  0
VERTEX
  8
BG_DXF_C
 10
13.057124
 20
25.153112
 40
0.199898
 41
0.199898
 42
0.000000
  0
VERTEX
  8
BG_DXF_C
 10
13.057124
 20
22.153118
 40
0.199898
 41
0.199898
 42
0.000000
  0
SEQEND
  0
POLYLINE
  8
BG_DXF_C
 66
1
 70
0
 40
0.000000
 41
0.000000
 39
0.000000
  0
VERTEX
  8
BG_DXF_C
 10
3.057144
 20
22.153118
 40
0.199898
 41
0.199898
 42
0.000000
  0
VERTEX
  8
BG_DXF_C
 10
3.057144
 20
25.153112
 40
0.199898
 41
0.199898
 42
0.000000
  0
VERTEX
  8
BG_DXF_C
 10
6.057138
 20
25.153112
 40
0.199898
 41
0.199898
 42
0.000000
  0
SEQEND
  0
POLYLINE
  8
BG_DXF_C
 66
1
 70
0
 40
0.000000
 41
0.000000
 39
0.000000
  0
VERTEX
  8
BG_DXF_C
 10
6.057138
 20
10.152888
 40
0.199898
 41
0.199898
 42
0.000000
  0
VERTEX
  8
BG_DXF_C
 10
3.057144
 20
10.152888
 40
0.199898
 41
0.199898
 42
0.000000
  0
VERTEX
  8
BG_DXF_C
 10
3.057144
 20
13.152882
 40
0.199898
 41
0.199898
 42
0.000000
  0
SEQEND
  0
POLYLINE
  8
BG_DXF_C
 66
1
 70
0
 40
0.000000
 41
0.000000
 39
0.000000
  0
VERTEX
  8
BG_DXF_C
 10
13.057124
 20
13.152882
 40
0.199898
 41
0.199898
 42
0.000000
  0
VERTEX
  8
BG_DXF_C
 10
13.057124
 20
10.552938
 40
0.199898
 41
0.199898
 42
0.000000
  0
VERTEX
  8
BG_DXF_C
 10
12.657074
 20
10.152888
 40
0.199898
 41
0.199898
 42
0.000000
  0
VERTEX
  8
BG_DXF_C
 10
10.057130
 20
10.152888
 40
0.199898
 41
0.199898
 42
0.000000
  0
SEQEND
  0
POLYLINE
  8
BG_DXF_C
 66
1
 70
0
 40
0.000000
 41
0.000000
 39
0.000000
  0
VERTEX
  8
BG_DXF_C
 10
12.762230
 20
9.157970
 40
0.100076
 41
0.100076
 42
0.000000
  0
VERTEX
  8
BG_DXF_C
 10
13.762228
 20
9.157970
 40
0.100076
 41
0.100076
 42
0.000000
  0
VERTEX
  8
BG_DXF_C
 10
14.069314
 20
9.465056
 40
0.100076
 41
0.100076
 42
0.000000
  0
VERTEX
  8
BG_DXF_C
 10
14.069314
 20
10.465054
 40
0.100076
 41
0.100076
 42
0.000000
  0
SEQEND
  0
POLYLINE
  8
BG_DXF_C
 66
1
 70
0
 40
0.000000
 41
0.000000
 39
0.000000
  0
VERTEX
  8
BG_DXF_C
 10
2.057146
 20
12.152884
 40
0.100076
 41
0.100076
 42
0.000000
  0
VERTEX
  8
BG_DXF_C
 10
2.057146
 20
11.152886
 40
0.100076
 41
0.100076
 42
0.000000
  0
SEQEND
  0
POLYLINE
  8
BG_DXF_C
 66
1
 70
0
 40
0.000000
 41
0.000000
 39
0.000000
  0
VERTEX
  8
BG_DXF_C
 10
2.057146
 20
14.152880
 40
0.100076
 41
0.100076
 42
0.000000
  0
VERTEX
  8
BG_DXF_C
 10
2.057146
 20
13.152882
 40
0.100076
 41
0.100076
 42
0.000000
  0
SEQEND
  0
POLYLINE
  8
BG_DXF_C
 66
1
 70
0
 40
0.000000
 41
0.000000
 39
0.000000
  0
VERTEX
  8
BG_DXF_C
 10
2.057146
 20
16.152876
 40
0.100076
 41
0.100076
 42
0.000000
  0
VERTEX
  8
BG_DXF_C
 10
2.057146
 20
15.152878
 40
0.100076
 41
0.100076
 42
0.000000
  0
SEQEND
  0
POLYLINE
  8
BG_DXF_C
 66
1
 70
0
 40
0.000000
 41
0.000000
 39
0.000000
  0
VERTEX
  8
BG_DXF_C
 10
2.057146
 20
18.153126
 40
0.100076
 41
0.100076
 42
0.000000
  0
VERTEX
  8
BG_DXF_C
 10
2.057146
 20
17.152874
 40
0.100076
 41
0.100076
 42
0.000000
  0
SEQEND
  0
POLYLINE
  8
BG_DXF_C
 66
1
 70
0
 40
0.000000
 41
0.000000
 39
0.000000
  0
VERTEX
  8
BG_DXF_C
 10
2.057146
 20
20.153122
 40
0.100076
 41
0.100076
 42
0.000000
  0
VERTEX
  8
BG_DXF_C
 10
2.057146
 20
19.153124
 40
0.100076
 41
0.100076
 42
0.000000
  0
SEQEND
  0
POLYLINE
  8
BG_DXF_C
 66
1
 70
0
 40
0.000000
 41
0.000000
 39
0.000000
  0
VERTEX
  8
BG_DXF_C
 10
2.057146
 20
22.153118
 40
0.100076
 41
0.100076
 42
0.000000
  0
VERTEX
  8
BG_DXF_C
 10
2.057146
 20
21.153120
 40
0.100076
 41
0.100076
 42
0.000000
  0
SEQEND
  0
POLYLINE
  8
BG_DXF_C
 66
1
 70
0
 40
0.000000
 41
0.000000
 39
0.000000
  0
VERTEX
  8
BG_DXF_C
 10
2.057146
 20
24.153114
 40
0.100076
 41
0.100076
 42
0.000000
  0
VERTEX
  8
BG_DXF_C
 10
2.057146
 20
23.153116
 40
0.100076
 41
0.100076
 42
0.000000
  0
SEQEND
  0
POLYLINE
  8
BG_DXF_C
 66
1
 70
0
 40
0.000000
 41
0.000000
 39
0.000000
  0
VERTEX
  8
BG_DXF_C
 10
3.057144
 20
9.152890
 40
0.100076
 41
0.100076
 42
0.000000
  0
VERTEX
  8
BG_DXF_C
 10
2.057146
 20
9.152890
 40
0.100076
 41
0.100076
 42
0.000000
  0
VERTEX
  8
BG_DXF_C
 10
2.057146
 20
10.152888
 40
0.100076
 41
0.100076
 42
0.000000
  0
SEQEND
  0
POLYLINE
  8
BG_DXF_C
 66
1
 70
0
 40
0.000000
 41
0.000000
 39
0.000000
  0
VERTEX
  8
BG_DXF_C
 10
2.057146
 20
25.153112
 40
0.100076
 41
0.100076
 42
0.000000
  0
VERTEX
  8
BG_DXF_C
 10
2.057146
 20
26.153110
 40
0.100076
 41
0.100076
 42
0.000000
  0
VERTEX
  8
BG_DXF_C
 10
3.057144
 20
26.153110
 40
0.100076
 41
0.100076
 42
0.000000
  0
SEQEND
  0
POLYLINE
  8
BG_DXF_C
 66
1
 70
0
 40
0.000000
 41
0.000000
 39
0.000000
  0
VERTEX
  8
BG_DXF_C
 10
4.557014
 20
9.152890
 40
0.100076
 41
0.100076
 42
0.000000
  0
VERTEX
  8
BG_DXF_C
 10
3.557016
 20
9.152890
 40
0.100076
 41
0.100076
 42
0.000000
  0
SEQEND
  0
POLYLINE
  8
BG_DXF_C
 66
1
 70
0
 40
0.000000
 41
0.000000
 39
0.000000
  0
VERTEX
  8
BG_DXF_C
 10
4.557014
 20
26.153110
 40
0.100076
 41
0.100076
 42
0.000000
  0
VERTEX
  8
BG_DXF_C
 10
3.557016
 20
26.153110
 40
0.100076
 41
0.100076
 42
0.000000
  0
SEQEND
  0
POLYLINE
  8
BG_DXF_C
 66
1
 70
0
 40
0.000000
 41
0.000000
 39
0.000000
  0
VERTEX
  8
BG_DXF_C
 10
6.557010
 20
9.152890
 40
0.100076
 41
0.100076
 42
0.000000
  0
VERTEX
  8
BG_DXF_C
 10
5.557012
 20
9.152890
 40
0.100076
 41
0.100076
 42
0.000000
  0
SEQEND
  0
POLYLINE
  8
BG_DXF_C
 66
1
 70
0
 40
0.000000
 41
0.000000
 39
0.000000
  0
VERTEX
  8
BG_DXF_C
 10
6.557010
 20
26.153110
 40
0.100076
 41
0.100076
 42
0.000000
  0
VERTEX
  8
BG_DXF_C
 10
5.557012
 20
26.153110
 40
0.100076
 41
0.100076
 42
0.000000
  0
SEQEND
  0
POLYLINE
  8
BG_DXF_C
 66
1
 70
0
 40
0.000000
 41
0.000000
 39
0.000000
  0
VERTEX
  8
BG_DXF_C
 10
8.557260
 20
9.152890
 40
0.100076
 41
0.100076
 42
0.000000
  0
VERTEX
  8
BG_DXF_C
 10
7.557008
 20
9.152890
 40
0.100076
 41
0.100076
 42
0.000000
  0
SEQEND
  0
POLYLINE
  8
BG_DXF_C
 66
1
 70
0
 40
0.000000
 41
0.000000
 39
0.000000
  0
VERTEX
  8
BG_DXF_C
 10
8.557260
 20
26.153110
 40
0.100076
 41
0.100076
 42
0.000000
  0
VERTEX
  8
BG_DXF_C
 10
7.557008
 20
26.153110
 40
0.100076
 41
0.100076
 42
0.000000
  0
SEQEND
  0
POLYLINE
  8
BG_DXF_C
 66
1
 70
0
 40
0.000000
 41
0.000000
 39
0.000000
  0
VERTEX
  8
BG_DXF_C
 10
10.257028
 20
9.152890
 40
0.100076
 41
0.100076
 42
0.000000
  0
VERTEX
  8
BG_DXF_C
 10
9.257030
 20
9.152890
 40
0.100076
 41
0.100076
 42
0.000000
  0
SEQEND
  0
POLYLINE
  8
BG_DXF_C
 66
1
 70
0
 40
0.000000
 41
0.000000
 39
0.000000
  0
VERTEX
  8
BG_DXF_C
 10
10.557256
 20
26.153110
 40
0.100076
 41
0.100076
 42
0.000000
  0
VERTEX
  8
BG_DXF_C
 10
9.557258
 20
26.153110
 40
0.100076
 41
0.100076
 42
0.000000
  0
SEQEND
  0
POLYLINE
  8
BG_DXF_C
 66
1
 70
0
 40
0.000000
 41
0.000000
 39
0.000000
  0
VERTEX
  8
BG_DXF_C
 10
11.857228
 20
9.152890
 40
0.100076
 41
0.100076
 42
0.000000
  0
VERTEX
  8
BG_DXF_C
 10
10.857230
 20
9.152890
 40
0.100076
 41
0.100076
 42
0.000000
  0
SEQEND
  0
POLYLINE
  8
BG_DXF_C
 66
1
 70
0
 40
0.000000
 41
0.000000
 39
0.000000
  0
VERTEX
  8
BG_DXF_C
 10
12.557252
 20
26.153110
 40
0.100076
 41
0.100076
 42
0.000000
  0
VERTEX
  8
BG_DXF_C
 10
11.557254
 20
26.153110
 40
0.100076
 41
0.100076
 42
0.000000
  0
SEQEND
  0
POLYLINE
  8
BG_DXF_C
 66
1
 70
0
 40
0.000000
 41
0.000000
 39
0.000000
  0
VERTEX
  8
BG_DXF_C
 10
14.057122
 20
12.453112
 40
0.100076
 41
0.100076
 42
0.000000
  0
VERTEX
  8
BG_DXF_C
 10
14.057122
 20
11.453114
 40
0.100076
 41
0.100076
 42
0.000000
  0
SEQEND
  0
POLYLINE
  8
BG_DXF_C
 66
1
 70
0
 40
0.000000
 41
0.000000
 39
0.000000
  0
VERTEX
  8
BG_DXF_C
 10
14.057122
 20
14.152880
 40
0.100076
 41
0.100076
 42
0.000000
  0
VERTEX
  8
BG_DXF_C
 10
14.057122
 20
13.152882
 40
0.100076
 41
0.100076
 42
0.000000
  0
SEQEND
  0
POLYLINE
  8
BG_DXF_C
 66
1
 70
0
 40
0.000000
 41
0.000000
 39
0.000000
  0
VERTEX
  8
BG_DXF_C
 10
14.057122
 20
16.152876
 40
0.100076
 41
0.100076
 42
0.000000
  0
VERTEX
  8
BG_DXF_C
 10
14.057122
 20
15.152878
 40
0.100076
 41
0.100076
 42
0.000000
  0
SEQEND
  0
POLYLINE
  8
BG_DXF_C
 66
1
 70
0
 40
0.000000
 41
0.000000
 39
0.000000
  0
VERTEX
  8
BG_DXF_C
 10
14.057122
 20
18.153126
 40
0.100076
 41
0.100076
 42
0.000000
  0
VERTEX
  8
BG_DXF_C
 10
14.057122
 20
17.152874
 40
0.100076
 41
0.100076
 42
0.000000
  0
SEQEND
  0
POLYLINE
  8
BG_DXF_C
 66
1
 70
0
 40
0.000000
 41
0.000000
 39
0.000000
  0
VERTEX
  8
BG_DXF_C
 10
14.057122
 20
20.153122
 40
0.100076
 41
0.100076
 42
0.000000
  0
VERTEX
  8
BG_DXF_C
 10
14.057122
 20
19.153124
 40
0.100076
 41
0.100076
 42
0.000000
  0
SEQEND
  0
POLYLINE
  8
BG_DXF_C
 66
1
 70
0
 40
0.000000
 41
0.000000
 39
0.000000
  0
VERTEX
  8
BG_DXF_C
 10
14.057122
 20
22.153118
 40
0.100076
 41
0.100076
 42
0.000000
  0
VERTEX
  8
BG_DXF_C
 10
14.057122
 20
21.153120
 40
0.100076
 41
0.100076
 42
0.000000
  0
SEQEND
  0
POLYLINE
  8
BG_DXF_C
 66
1
 70
0
 40
0.000000
 41
0.000000
 39
0.000000
  0
VERTEX
  8
BG_DXF_C
 10
14.057122
 20
24.153114
 40
0.100076
 41
0.100076
 42
0.000000
  0
VERTEX
  8
BG_DXF_C
 10
14.057122
 20
23.153116
 40
0.100076
 41
0.100076
 42
0.000000
  0
SEQEND
  0
POLYLINE
  8
BG_DXF_C
 66
1
 70
0
 40
0.000000
 41
0.000000
 39
0.000000
  0
VERTEX
  8
BG_DXF_C
 10
13.057124
 20
26.153110
 40
0.100076
 41
0.100076
 42
0.000000
  0
VERTEX
  8
BG_DXF_C
 10
14.057122
 20
26.153110
 40
0.100076
 41
0.100076
 42
0.000000
  0
VERTEX
  8
BG_DXF_C
 10
14.057122
 20
25.153112
 40
0.100076
 41
0.100076
 42
0.000000
  0
SEQEND
  0
POLYLINE
  8
BG_DXF_C
 66
1
 70
0
 40
0.000000
 41
0.000000
 39
0.000000
  0
VERTEX
  8
BG_DXF_C
 10
3.280664
 20
27.903678
 40
0.153924
 41
0.153924
 42
0.000000
  0
VERTEX
  8
BG_DXF_C
 10
3.780536
 20
27.903678
 40
0.153924
 41
0.153924
 42
0.000000
  0
SEQEND
  0
POLYLINE
  8
BG_DXF_C
 66
1
 70
0
 40
0.000000
 41
0.000000
 39
0.000000
  0
VERTEX
  8
BG_DXF_C
 10
5.130546
 20
29.703522
 40
0.153924
 41
0.153924
 42
0.000000
  0
VERTEX
  8
BG_DXF_C
 10
5.130546
 20
27.900122
 40
0.153924
 41
0.153924
 42
0.000000
  0
SEQEND
  0
POLYLINE
  8
BG_DXF_C
 66
1
 70
0
 40
0.000000
 41
0.000000
 39
0.000000
  0
VERTEX
  8
BG_DXF_C
 10
4.292600
 20
29.703522
 40
0.153924
 41
0.153924
 42
0.000000
  0
VERTEX
  8
BG_DXF_C
 10
5.130546
 20
29.703522
 40
0.153924
 41
0.153924
 42
0.000000
  0
SEQEND
  0
POLYLINE
  8
BG_DXF_C
 66
1
 70
0
 40
0.000000
 41
0.000000
 39
0.000000
  0
VERTEX
  8
BG_DXF_C
 10
1.930654
 20
29.703522
 40
0.153924
 41
0.153924
 42
0.000000
  0
VERTEX
  8
BG_DXF_C
 10
1.930654
 20
27.900122
 40
0.153924
 41
0.153924
 42
0.000000
  0
SEQEND
  0
POLYLINE
  8
BG_DXF_C
 66
1
 70
0
 40
0.000000
 41
0.000000
 39
0.000000
  0
VERTEX
  8
BG_DXF_C
 10
2.768600
 20
29.703522
 40
0.153924
 41
0.153924
 42
0.000000
  0
VERTEX
  8
BG_DXF_C
 10
1.930654
 20
29.703522
 40
0.153924
 41
0.153924
 42
0.000000
  0
SEQEND
  0
POLYLINE
  8
BG_DXF_C
 66
1
 70
0
 40
0.000000
 41
0.000000
 39
0.000000
  0
VERTEX
  8
BG_DXF_C
 10
8.318500
 20
32.537400
 40
0.127000
 41
0.127000
 42
0.000000
  0
VERTEX
  8
BG_DXF_C
 10
8.318500
 20
31.521400
 40
0.127000
 41
0.127000
 42
0.000000
  0
SEQEND
  0
POLYLINE
  8
BG_DXF_C
 66
1
 70
0
 40
0.000000
 41
0.000000
 39
0.000000
  0
VERTEX
  8
BG_DXF_C
 10
7.429500
 20
31.521400
 40
0.127000
 41
0.127000
 42
0.000000
  0
VERTEX
  8
BG_DXF_C
 10
7.429500
 20
32.537400
 40
0.127000
 41
0.127000
 42
0.000000
  0
SEQEND
  0
POLYLINE
  8
BG_DXF_C
 66
1
 70
0
 40
0.000000
 41
0.000000
 39
0.000000
  0
VERTEX
  8
BG_DXF_C
 10
30.670500
 20
7.493000
 40
0.127000
 41
0.127000
 42
0.000000
  0
VERTEX
  8
BG_DXF_C
 10
30.670500
 20
8.509000
 40
0.127000
 41
0.127000
 42
0.000000
  0
SEQEND
  0
POLYLINE
  8
BG_DXF_C
 66
1
 70
0
 40
0.000000
 41
0.000000
 39
0.000000
  0
VERTEX
  8
BG_DXF_C
 10
31.559500
 20
8.509000
 40
0.127000
 41
0.127000
 42
0.000000
  0
VERTEX
  8
BG_DXF_C
 10
31.559500
 20
7.493000
 40
0.127000
 41
0.127000
 42
0.000000
  0
SEQEND
  0
POLYLINE
  8
BG_DXF_C
 66
1
 70
0
 40
0.000000
 41
0.000000
 39
0.000000
  0
VERTEX
  8
BG_DXF_C
 10
35.710368
 20
18.724880
 40
0.025400
 41
0.025400
 42
0.000000
  0
VERTEX
  8
BG_DXF_C
 10
35.471100
 20
18.724880
 40
0.025400
 41
0.025400
 42
-0.414214
  0
VERTEX
  8
BG_DXF_C
 10
35.338766
 20
18.857214
 40
0.025400
 41
0.025400
 42
0.000000
  0
VERTEX
  8
BG_DXF_C
 10
35.338766
 20
19.198336
 40
0.025400
 41
0.025400
 42
-0.414214
  0
VERTEX
  8
BG_DXF_C
 10
35.465512
 20
19.325082
 40
0.025400
 41
0.025400
 42
0.000000
  0
VERTEX
  8
BG_DXF_C
 10
36.305490
 20
19.325082
 40
0.025400
 41
0.025400
 42
-0.414214
  0
VERTEX
  8
BG_DXF_C
 10
36.440872
 20
19.189700
 40
0.025400
 41
0.025400
 42
0.000000
  0
VERTEX
  8
BG_DXF_C
 10
36.440872
 20
18.853150
 40
0.025400
 41
0.025400
 42
-0.414214
  0
VERTEX
  8
BG_DXF_C
 10
36.312348
 20
18.724626
 40
0.025400
 41
0.025400
 42
0.000000
  0
VERTEX
  8
BG_DXF_C
 10
35.710622
 20
18.724626
 40
0.025400
 41
0.025400
 42
0.000000
  0
VERTEX
  8
BG_DXF_C
 10
35.710368
 20
18.724880
 40
0.025400
 41
0.025400
 42
0.000000
  0
SEQEND
  0
POLYLINE
  8
BG_DXF_C
 66
1
 70
0
 40
0.000000
 41
0.000000
 39
0.000000
  0
VERTEX
  8
BG_DXF_C
 10
37.289232
 20
21.330920
 40
0.025400
 41
0.025400
 42
0.000000
  0
VERTEX
  8
BG_DXF_C
 10
37.528500
 20
21.330920
 40
0.025400
 41
0.025400
 42
-0.414214
  0
VERTEX
  8
BG_DXF_C
 10
37.660834
 20
21.198586
 40
0.025400
 41
0.025400
 42
0.000000
  0
VERTEX
  8
BG_DXF_C
 10
37.660834
 20
20.857464
 40
0.025400
 41
0.025400
 42
-0.414214
  0
VERTEX
  8
BG_DXF_C
 10
37.534088
 20
20.730718
 40
0.025400
 41
0.025400
 42
0.000000
  0
VERTEX
  8
BG_DXF_C
 10
36.694110
 20
20.730718
 40
0.025400
 41
0.025400
 42
-0.414214
  0
VERTEX
  8
BG_DXF_C
 10
36.558728
 20
20.866100
 40
0.025400
 41
0.025400
 42
0.000000
  0
VERTEX
  8
BG_DXF_C
 10
36.558728
 20
21.202650
 40
0.025400
 41
0.025400
 42
-0.414214
  0
VERTEX
  8
BG_DXF_C
 10
36.687252
 20
21.331174
 40
0.025400
 41
0.025400
 42
0.000000
  0
VERTEX
  8
BG_DXF_C
 10
37.288978
 20
21.331174
 40
0.025400
 41
0.025400
 42
0.000000
  0
VERTEX
  8
BG_DXF_C
 10
37.289232
 20
21.330920
 40
0.025400
 41
0.025400
 42
0.000000
  0
SEQEND
  0
POLYLINE
  8
BG_DXF_C
 66
1
 70
0
 40
0.000000
 41
0.000000
 39
0.000000
  0
VERTEX
  8
BG_DXF_C
 10
26.522680
 20
31.371032
 40
0.025400
 41
0.025400
 42
0.000000
  0
VERTEX
  8
BG_DXF_C
 10
26.522680
 20
31.610300
 40
0.025400
 41
0.025400
 42
-0.414214
  0
VERTEX
  8
BG_DXF_C
 10
26.655014
 20
31.742634
 40
0.025400
 41
0.025400
 42
0.000000
  0
VERTEX
  8
BG_DXF_C
 10
26.996136
 20
31.742634
 40
0.025400
 41
0.025400
 42
-0.414214
  0
VERTEX
  8
BG_DXF_C
 10
27.122882
 20
31.615888
 40
0.025400
 41
0.025400
 42
0.000000
  0
VERTEX
  8
BG_DXF_C
 10
27.122882
 20
30.775910
 40
0.025400
 41
0.025400
 42
-0.414214
  0
VERTEX
  8
BG_DXF_C
 10
26.987500
 20
30.640528
 40
0.025400
 41
0.025400
 42
0.000000
  0
VERTEX
  8
BG_DXF_C
 10
26.650950
 20
30.640528
 40
0.025400
 41
0.025400
 42
-0.414214
  0
VERTEX
  8
BG_DXF_C
 10
26.522426
 20
30.769052
 40
0.025400
 41
0.025400
 42
0.000000
  0
VERTEX
  8
BG_DXF_C
 10
26.522426
 20
31.370778
 40
0.025400
 41
0.025400
 42
0.000000
  0
VERTEX
  8
BG_DXF_C
 10
26.522680
 20
31.371032
 40
0.025400
 41
0.025400
 42
0.000000
  0
SEQEND
  0
POLYLINE
  8
BG_DXF_C
 66
1
 70
0
 40
0.000000
 41
0.000000
 39
0.000000
  0
VERTEX
  8
BG_DXF_C
 10
29.951680
 20
31.371032
 40
0.025400
 41
0.025400
 42
0.000000
  0
VERTEX
  8
BG_DXF_C
 10
29.951680
 20
31.610300
 40
0.025400
 41
0.025400
 42
-0.414214
  0
VERTEX
  8
BG_DXF_C
 10
30.084014
 20
31.742634
 40
0.025400
 41
0.025400
 42
0.000000
  0
VERTEX
  8
BG_DXF_C
 10
30.425136
 20
31.742634
 40
0.025400
 41
0.025400
 42
-0.414214
  0
VERTEX
  8
BG_DXF_C
 10
30.551882
 20
31.615888
 40
0.025400
 41
0.025400
 42
0.000000
  0
VERTEX
  8
BG_DXF_C
 10
30.551882
 20
30.775910
 40
0.025400
 41
0.025400
 42
-0.414214
  0
VERTEX
  8
BG_DXF_C
 10
30.416500
 20
30.640528
 40
0.025400
 41
0.025400
 42
0.000000
  0
VERTEX
  8
BG_DXF_C
 10
30.079950
 20
30.640528
 40
0.025400
 41
0.025400
 42
-0.414214
  0
VERTEX
  8
BG_DXF_C
 10
29.951426
 20
30.769052
 40
0.025400
 41
0.025400
 42
0.000000
  0
VERTEX
  8
BG_DXF_C
 10
29.951426
 20
31.370778
 40
0.025400
 41
0.025400
 42
0.000000
  0
VERTEX
  8
BG_DXF_C
 10
29.951680
 20
31.371032
 40
0.025400
 41
0.025400
 42
0.000000
  0
SEQEND
  0
POLYLINE
  8
BG_DXF_C
 66
1
 70
0
 40
0.000000
 41
0.000000
 39
0.000000
  0
VERTEX
  8
BG_DXF_C
 10
30.627320
 20
4.773168
 40
0.025400
 41
0.025400
 42
0.000000
  0
VERTEX
  8
BG_DXF_C
 10
30.627320
 20
4.533900
 40
0.025400
 41
0.025400
 42
-0.414214
  0
VERTEX
  8
BG_DXF_C
 10
30.494986
 20
4.401566
 40
0.025400
 41
0.025400
 42
0.000000
  0
VERTEX
  8
BG_DXF_C
 10
30.153864
 20
4.401566
 40
0.025400
 41
0.025400
 42
-0.414214
  0
VERTEX
  8
BG_DXF_C
 10
30.027118
 20
4.528312
 40
0.025400
 41
0.025400
 42
0.000000
  0
VERTEX
  8
BG_DXF_C
 10
30.027118
 20
5.368290
 40
0.025400
 41
0.025400
 42
-0.414214
  0
VERTEX
  8
BG_DXF_C
 10
30.162500
 20
5.503672
 40
0.025400
 41
0.025400
 42
0.000000
  0
VERTEX
  8
BG_DXF_C
 10
30.499050
 20
5.503672
 40
0.025400
 41
0.025400
 42
-0.414214
  0
VERTEX
  8
BG_DXF_C
 10
30.627574
 20
5.375148
 40
0.025400
 41
0.025400
 42
0.000000
  0
VERTEX
  8
BG_DXF_C
 10
30.627574
 20
4.773422
 40
0.025400
 41
0.025400
 42
0.000000
  0
VERTEX
  8
BG_DXF_C
 10
30.627320
 20
4.773168
 40
0.025400
 41
0.025400
 42
0.000000
  0
SEQEND
  0
POLYLINE
  8
BG_DXF_C
 66
1
 70
0
 40
0.000000
 41
0.000000
 39
0.000000
  0
VERTEX
  8
BG_DXF_C
 10
37.666168
 20
1.986280
 40
0.025400
 41
0.025400
 42
0.000000
  0
VERTEX
  8
BG_DXF_C
 10
37.426900
 20
1.986280
 40
0.025400
 41
0.025400
 42
-0.414214
  0
VERTEX
  8
BG_DXF_C
 10
37.294566
 20
2.118614
 40
0.025400
 41
0.025400
 42
0.000000
  0
VERTEX
  8
BG_DXF_C
 10
37.294566
 20
2.459736
 40
0.025400
 41
0.025400
 42
-0.414214
  0
VERTEX
  8
BG_DXF_C
 10
37.421312
 20
2.586482
 40
0.025400
 41
0.025400
 42
0.000000
  0
VERTEX
  8
BG_DXF_C
 10
38.261290
 20
2.586482
 40
0.025400
 41
0.025400
 42
-0.414214
  0
VERTEX
  8
BG_DXF_C
 10
38.396672
 20
2.451100
 40
0.025400
 41
0.025400
 42
0.000000
  0
VERTEX
  8
BG_DXF_C
 10
38.396672
 20
2.114550
 40
0.025400
 41
0.025400
 42
-0.414214
  0
VERTEX
  8
BG_DXF_C
 10
38.268148
 20
1.986026
 40
0.025400
 41
0.025400
 42
0.000000
  0
VERTEX
  8
BG_DXF_C
 10
37.666422
 20
1.986026
 40
0.025400
 41
0.025400
 42
0.000000
  0
VERTEX
  8
BG_DXF_C
 10
37.666168
 20
1.986280
 40
0.025400
 41
0.025400
 42
0.000000
  0
SEQEND
  0
POLYLINE
  8
BG_DXF_C
 66
1
 70
0
 40
0.000000
 41
0.000000
 39
0.000000
  0
VERTEX
  8
BG_DXF_C
 10
32.179768
 20
1.935480
 40
0.025400
 41
0.025400
 42
0.000000
  0
VERTEX
  8
BG_DXF_C
 10
31.940500
 20
1.935480
 40
0.025400
 41
0.025400
 42
-0.414214
  0
VERTEX
  8
BG_DXF_C
 10
31.808166
 20
2.067814
 40
0.025400
 41
0.025400
 42
0.000000
  0
VERTEX
  8
BG_DXF_C
 10
31.808166
 20
2.408936
 40
0.025400
 41
0.025400
 42
-0.414214
  0
VERTEX
  8
BG_DXF_C
 10
31.934912
 20
2.535682
 40
0.025400
 41
0.025400
 42
0.000000
  0
VERTEX
  8
BG_DXF_C
 10
32.774890
 20
2.535682
 40
0.025400
 41
0.025400
 42
-0.414214
  0
VERTEX
  8
BG_DXF_C
 10
32.910272
 20
2.400300
 40
0.025400
 41
0.025400
 42
0.000000
  0
VERTEX
  8
BG_DXF_C
 10
32.910272
 20
2.063750
 40
0.025400
 41
0.025400
 42
-0.414214
  0
VERTEX
  8
BG_DXF_C
 10
32.781748
 20
1.935226
 40
0.025400
 41
0.025400
 42
0.000000
  0
VERTEX
  8
BG_DXF_C
 10
32.180022
 20
1.935226
 40
0.025400
 41
0.025400
 42
0.000000
  0
VERTEX
  8
BG_DXF_C
 10
32.179768
 20
1.935480
 40
0.025400
 41
0.025400
 42
0.000000
  0
SEQEND
  0
POLYLINE
  8
BG_DXF_C
 66
1
 70
0
 40
0.000000
 41
0.000000
 39
0.000000
  0
VERTEX
  8
BG_DXF_C
 10
8.783320
 20
4.773168
 40
0.025400
 41
0.025400
 42
0.000000
  0
VERTEX
  8
BG_DXF_C
 10
8.783320
 20
4.533900
 40
0.025400
 41
0.025400
 42
-0.414214
  0
VERTEX
  8
BG_DXF_C
 10
8.650986
 20
4.401566
 40
0.025400
 41
0.025400
 42
0.000000
  0
VERTEX
  8
BG_DXF_C
 10
8.309864
 20
4.401566
 40
0.025400
 41
0.025400
 42
-0.414214
  0
VERTEX
  8
BG_DXF_C
 10
8.183118
 20
4.528312
 40
0.025400
 41
0.025400
 42
0.000000
  0
VERTEX
  8
BG_DXF_C
 10
8.183118
 20
5.368290
 40
0.025400
 41
0.025400
 42
-0.414214
  0
VERTEX
  8
BG_DXF_C
 10
8.318500
 20
5.503672
 40
0.025400
 41
0.025400
 42
0.000000
  0
VERTEX
  8
BG_DXF_C
 10
8.655050
 20
5.503672
 40
0.025400
 41
0.025400
 42
-0.414214
  0
VERTEX
  8
BG_DXF_C
 10
8.783574
 20
5.375148
 40
0.025400
 41
0.025400
 42
0.000000
  0
VERTEX
  8
BG_DXF_C
 10
8.783574
 20
4.773422
 40
0.025400
 41
0.025400
 42
0.000000
  0
VERTEX
  8
BG_DXF_C
 10
8.783320
 20
4.773168
 40
0.025400
 41
0.025400
 42
0.000000
  0
SEQEND
  0
POLYLINE
  8
BG_DXF_C
 66
1
 70
0
 40
0.000000
 41
0.000000
 39
0.000000
  0
VERTEX
  8
BG_DXF_C
 10
15.669768
 20
2.011680
 40
0.025400
 41
0.025400
 42
0.000000
  0
VERTEX
  8
BG_DXF_C
 10
15.430500
 20
2.011680
 40
0.025400
 41
0.025400
 42
-0.414214
  0
VERTEX
  8
BG_DXF_C
 10
15.298166
 20
2.144014
 40
0.025400
 41
0.025400
 42
0.000000
  0
VERTEX
  8
BG_DXF_C
 10
15.298166
 20
2.485136
 40
0.025400
 41
0.025400
 42
-0.414214
  0
VERTEX
  8
BG_DXF_C
 10
15.424912
 20
2.611882
 40
0.025400
 41
0.025400
 42
0.000000
  0
VERTEX
  8
BG_DXF_C
 10
16.264890
 20
2.611882
 40
0.025400
 41
0.025400
 42
-0.414214
  0
VERTEX
  8
BG_DXF_C
 10
16.400272
 20
2.476500
 40
0.025400
 41
0.025400
 42
0.000000
  0
VERTEX
  8
BG_DXF_C
 10
16.400272
 20
2.139950
 40
0.025400
 41
0.025400
 42
-0.414214
  0
VERTEX
  8
BG_DXF_C
 10
16.271748
 20
2.011426
 40
0.025400
 41
0.025400
 42
0.000000
  0
VERTEX
  8
BG_DXF_C
 10
15.670022
 20
2.011426
 40
0.025400
 41
0.025400
 42
0.000000
  0
VERTEX
  8
BG_DXF_C
 10
15.669768
 20
2.011680
 40
0.025400
 41
0.025400
 42
0.000000
  0
SEQEND
  0
POLYLINE
  8
BG_DXF_C
 66
1
 70
0
 40
0.000000
 41
0.000000
 39
0.000000
  0
VERTEX
  8
BG_DXF_C
 10
10.767568
 20
1.935480
 40
0.025400
 41
0.025400
 42
0.000000
  0
VERTEX
  8
BG_DXF_C
 10
10.528300
 20
1.935480
 40
0.025400
 41
0.025400
 42
-0.414214
  0
VERTEX
  8
BG_DXF_C
 10
10.395966
 20
2.067814
 40
0.025400
 41
0.025400
 42
0.000000
  0
VERTEX
  8
BG_DXF_C
 10
10.395966
 20
2.408936
 40
0.025400
 41
0.025400
 42
-0.414214
  0
VERTEX
  8
BG_DXF_C
 10
10.522712
 20
2.535682
 40
0.025400
 41
0.025400
 42
0.000000
  0
VERTEX
  8
BG_DXF_C
 10
11.362690
 20
2.535682
 40
0.025400
 41
0.025400
 42
-0.414214
  0
VERTEX
  8
BG_DXF_C
 10
11.498072
 20
2.400300
 40
0.025400
 41
0.025400
 42
0.000000
  0
VERTEX
  8
BG_DXF_C
 10
11.498072
 20
2.063750
 40
0.025400
 41
0.025400
 42
-0.414214
  0
VERTEX
  8
BG_DXF_C
 10
11.369548
 20
1.935226
 40
0.025400
 41
0.025400
 42
0.000000
  0
VERTEX
  8
BG_DXF_C
 10
10.767822
 20
1.935226
 40
0.025400
 41
0.025400
 42
0.000000
  0
VERTEX
  8
BG_DXF_C
 10
10.767568
 20
1.935480
 40
0.025400
 41
0.025400
 42
0.000000
  0
SEQEND
  0
POLYLINE
  8
BG_DXF_C
 66
1
 70
0
 40
0.000000
 41
0.000000
 39
0.000000
  0
VERTEX
  8
BG_DXF_C
 10
46.944280
 20
31.548832
 40
0.025400
 41
0.025400
 42
0.000000
  0
VERTEX
  8
BG_DXF_C
 10
46.944280
 20
31.788100
 40
0.025400
 41
0.025400
 42
-0.414214
  0
VERTEX
  8
BG_DXF_C
 10
47.076614
 20
31.920434
 40
0.025400
 41
0.025400
 42
0.000000
  0
VERTEX
  8
BG_DXF_C
 10
47.417736
 20
31.920434
 40
0.025400
 41
0.025400
 42
-0.414214
  0
VERTEX
  8
BG_DXF_C
 10
47.544482
 20
31.793688
 40
0.025400
 41
0.025400
 42
0.000000
  0
VERTEX
  8
BG_DXF_C
 10
47.544482
 20
30.953710
 40
0.025400
 41
0.025400
 42
-0.414214
  0
VERTEX
  8
BG_DXF_C
 10
47.409100
 20
30.818328
 40
0.025400
 41
0.025400
 42
0.000000
  0
VERTEX
  8
BG_DXF_C
 10
47.072550
 20
30.818328
 40
0.025400
 41
0.025400
 42
-0.414214
  0
VERTEX
  8
BG_DXF_C
 10
46.944026
 20
30.946852
 40
0.025400
 41
0.025400
 42
0.000000
  0
VERTEX
  8
BG_DXF_C
 10
46.944026
 20
31.548578
 40
0.025400
 41
0.025400
 42
0.000000
  0
VERTEX
  8
BG_DXF_C
 10
46.944280
 20
31.548832
 40
0.025400
 41
0.025400
 42
0.000000
  0
SEQEND
  0
POLYLINE
  8
BG_DXF_C
 66
1
 70
0
 40
0.000000
 41
0.000000
 39
0.000000
  0
VERTEX
  8
BG_DXF_C
 10
43.896280
 20
31.548832
 40
0.025400
 41
0.025400
 42
0.000000
  0
VERTEX
  8
BG_DXF_C
 10
43.896280
 20
31.788100
 40
0.025400
 41
0.025400
 42
-0.414214
  0
VERTEX
  8
BG_DXF_C
 10
44.028614
 20
31.920434
 40
0.025400
 41
0.025400
 42
0.000000
  0
VERTEX
  8
BG_DXF_C
 10
44.369736
 20
31.920434
 40
0.025400
 41
0.025400
 42
-0.414214
  0
VERTEX
  8
BG_DXF_C
 10
44.496482
 20
31.793688
 40
0.025400
 41
0.025400
 42
0.000000
  0
VERTEX
  8
BG_DXF_C
 10
44.496482
 20
30.953710
 40
0.025400
 41
0.025400
 42
-0.414214
  0
VERTEX
  8
BG_DXF_C
 10
44.361100
 20
30.818328
 40
0.025400
 41
0.025400
 42
0.000000
  0
VERTEX
  8
BG_DXF_C
 10
44.024550
 20
30.818328
 40
0.025400
 41
0.025400
 42
-0.414214
  0
VERTEX
  8
BG_DXF_C
 10
43.896026
 20
30.946852
 40
0.025400
 41
0.025400
 42
0.000000
  0
VERTEX
  8
BG_DXF_C
 10
43.896026
 20
31.548578
 40
0.025400
 41
0.025400
 42
0.000000
  0
VERTEX
  8
BG_DXF_C
 10
43.896280
 20
31.548832
 40
0.025400
 41
0.025400
 42
0.000000
  0
SEQEND
  0
POLYLINE
  8
BG_DXF_C
 66
1
 70
0
 40
0.000000
 41
0.000000
 39
0.000000
  0
VERTEX
  8
BG_DXF_C
 10
41.676320
 20
19.886168
 40
0.025400
 41
0.025400
 42
0.000000
  0
VERTEX
  8
BG_DXF_C
 10
41.676320
 20
19.646900
 40
0.025400
 41
0.025400
 42
-0.414214
  0
VERTEX
  8
BG_DXF_C
 10
41.543986
 20
19.514566
 40
0.025400
 41
0.025400
 42
0.000000
  0
VERTEX
  8
BG_DXF_C
 10
41.202864
 20
19.514566
 40
0.025400
 41
0.025400
 42
-0.414214
  0
VERTEX
  8
BG_DXF_C
 10
41.076118
 20
19.641312
 40
0.025400
 41
0.025400
 42
0.000000
  0
VERTEX
  8
BG_DXF_C
 10
41.076118
 20
20.481290
 40
0.025400
 41
0.025400
 42
-0.414214
  0
VERTEX
  8
BG_DXF_C
 10
41.211500
 20
20.616672
 40
0.025400
 41
0.025400
 42
0.000000
  0
VERTEX
  8
BG_DXF_C
 10
41.548050
 20
20.616672
 40
0.025400
 41
0.025400
 42
-0.414214
  0
VERTEX
  8
BG_DXF_C
 10
41.676574
 20
20.488148
 40
0.025400
 41
0.025400
 42
0.000000
  0
VERTEX
  8
BG_DXF_C
 10
41.676574
 20
19.886422
 40
0.025400
 41
0.025400
 42
0.000000
  0
VERTEX
  8
BG_DXF_C
 10
41.676320
 20
19.886168
 40
0.025400
 41
0.025400
 42
0.000000
  0
SEQEND
  0
POLYLINE
  8
BG_DXF_C
 66
1
 70
0
 40
0.000000
 41
0.000000
 39
0.000000
  0
VERTEX
  8
BG_DXF_C
 10
55.087520
 20
26.159968
 40
0.025400
 41
0.025400
 42
0.000000
  0
VERTEX
  8
BG_DXF_C
 10
55.087520
 20
25.920700
 40
0.025400
 41
0.025400
 42
-0.414214
  0
VERTEX
  8
BG_DXF_C
 10
54.955186
 20
25.788366
 40
0.025400
 41
0.025400
 42
0.000000
  0
VERTEX
  8
BG_DXF_C
 10
54.614064
 20
25.788366
 40
0.025400
 41
0.025400
 42
-0.414214
  0
VERTEX
  8
BG_DXF_C
 10
54.487318
 20
25.915112
 40
0.025400
 41
0.025400
 42
0.000000
  0
VERTEX
  8
BG_DXF_C
 10
54.487318
 20
26.755090
 40
0.025400
 41
0.025400
 42
-0.414214
  0
VERTEX
  8
BG_DXF_C
 10
54.622700
 20
26.890472
 40
0.025400
 41
0.025400
 42
0.000000
  0
VERTEX
  8
BG_DXF_C
 10
54.959250
 20
26.890472
 40
0.025400
 41
0.025400
 42
-0.414214
  0
VERTEX
  8
BG_DXF_C
 10
55.087774
 20
26.761948
 40
0.025400
 41
0.025400
 42
0.000000
  0
VERTEX
  8
BG_DXF_C
 10
55.087774
 20
26.160222
 40
0.025400
 41
0.025400
 42
0.000000
  0
VERTEX
  8
BG_DXF_C
 10
55.087520
 20
26.159968
 40
0.025400
 41
0.025400
 42
0.000000
  0
SEQEND
  0
POLYLINE
  8
BG_DXF_C
 66
1
 70
0
 40
0.000000
 41
0.000000
 39
0.000000
  0
VERTEX
  8
BG_DXF_C
 10
50.878232
 20
16.936720
 40
0.025400
 41
0.025400
 42
0.000000
  0
VERTEX
  8
BG_DXF_C
 10
51.117500
 20
16.936720
 40
0.025400
 41
0.025400
 42
-0.414214
  0
VERTEX
  8
BG_DXF_C
 10
51.249834
 20
16.804386
 40
0.025400
 41
0.025400
 42
0.000000
  0
VERTEX
  8
BG_DXF_C
 10
51.249834
 20
16.463264
 40
0.025400
 41
0.025400
 42
-0.414214
  0
VERTEX
  8
BG_DXF_C
 10
51.123088
 20
16.336518
 40
0.025400
 41
0.025400
 42
0.000000
  0
VERTEX
  8
BG_DXF_C
 10
50.283110
 20
16.336518
 40
0.025400
 41
0.025400
 42
-0.414214
  0
VERTEX
  8
BG_DXF_C
 10
50.147728
 20
16.471900
 40
0.025400
 41
0.025400
 42
0.000000
  0
VERTEX
  8
BG_DXF_C
 10
50.147728
 20
16.808450
 40
0.025400
 41
0.025400
 42
-0.414214
  0
VERTEX
  8
BG_DXF_C
 10
50.276252
 20
16.936974
 40
0.025400
 41
0.025400
 42
0.000000
  0
VERTEX
  8
BG_DXF_C
 10
50.877978
 20
16.936974
 40
0.025400
 41
0.025400
 42
0.000000
  0
VERTEX
  8
BG_DXF_C
 10
50.878232
 20
16.936720
 40
0.025400
 41
0.025400
 42
0.000000
  0
SEQEND
  0
POLYLINE
  8
BG_DXF_C
 66
1
 70
0
 40
0.000000
 41
0.000000
 39
0.000000
  0
VERTEX
  8
BG_DXF_C
 10
52.732432
 20
30.170120
 40
0.025400
 41
0.025400
 42
0.000000
  0
VERTEX
  8
BG_DXF_C
 10
52.971700
 20
30.170120
 40
0.025400
 41
0.025400
 42
-0.414214
  0
VERTEX
  8
BG_DXF_C
 10
53.104034
 20
30.037786
 40
0.025400
 41
0.025400
 42
0.000000
  0
VERTEX
  8
BG_DXF_C
 10
53.104034
 20
29.696664
 40
0.025400
 41
0.025400
 42
-0.414214
  0
VERTEX
  8
BG_DXF_C
 10
52.977288
 20
29.569918
 40
0.025400
 41
0.025400
 42
0.000000
  0
VERTEX
  8
BG_DXF_C
 10
52.137310
 20
29.569918
 40
0.025400
 41
0.025400
 42
-0.414214
  0
VERTEX
  8
BG_DXF_C
 10
52.001928
 20
29.705300
 40
0.025400
 41
0.025400
 42
0.000000
  0
VERTEX
  8
BG_DXF_C
 10
52.001928
 20
30.041850
 40
0.025400
 41
0.025400
 42
-0.414214
  0
VERTEX
  8
BG_DXF_C
 10
52.130452
 20
30.170374
 40
0.025400
 41
0.025400
 42
0.000000
  0
VERTEX
  8
BG_DXF_C
 10
52.732178
 20
30.170374
 40
0.025400
 41
0.025400
 42
0.000000
  0
VERTEX
  8
BG_DXF_C
 10
52.732432
 20
30.170120
 40
0.025400
 41
0.025400
 42
0.000000
  0
SEQEND
  0
POLYLINE
  8
BG_DXF_C
 66
1
 70
0
 40
0.000000
 41
0.000000
 39
0.000000
  0
VERTEX
  8
BG_DXF_C
 10
53.088032
 20
24.023320
 40
0.025400
 41
0.025400
 42
0.000000
  0
VERTEX
  8
BG_DXF_C
 10
53.327300
 20
24.023320
 40
0.025400
 41
0.025400
 42
-0.414214
  0
VERTEX
  8
BG_DXF_C
 10
53.459634
 20
23.890986
 40
0.025400
 41
0.025400
 42
0.000000
  0
VERTEX
  8
BG_DXF_C
 10
53.459634
 20
23.549864
 40
0.025400
 41
0.025400
 42
-0.414214
  0
VERTEX
  8
BG_DXF_C
 10
53.332888
 20
23.423118
 40
0.025400
 41
0.025400
 42
0.000000
  0
VERTEX
  8
BG_DXF_C
 10
52.492910
 20
23.423118
 40
0.025400
 41
0.025400
 42
-0.414214
  0
VERTEX
  8
BG_DXF_C
 10
52.357528
 20
23.558500
 40
0.025400
 41
0.025400
 42
0.000000
  0
VERTEX
  8
BG_DXF_C
 10
52.357528
 20
23.895050
 40
0.025400
 41
0.025400
 42
-0.414214
  0
VERTEX
  8
BG_DXF_C
 10
52.486052
 20
24.023574
 40
0.025400
 41
0.025400
 42
0.000000
  0
VERTEX
  8
BG_DXF_C
 10
53.087778
 20
24.023574
 40
0.025400
 41
0.025400
 42
0.000000
  0
VERTEX
  8
BG_DXF_C
 10
53.088032
 20
24.023320
 40
0.025400
 41
0.025400
 42
0.000000
  0
SEQEND
  0
POLYLINE
  8
BG_DXF_C
 66
1
 70
0
 40
0.000000
 41
0.000000
 39
0.000000
  0
VERTEX
  8
BG_DXF_C
 10
53.088032
 20
23.337520
 40
0.025400
 41
0.025400
 42
0.000000
  0
VERTEX
  8
BG_DXF_C
 10
53.327300
 20
23.337520
 40
0.025400
 41
0.025400
 42
-0.414214
  0
VERTEX
  8
BG_DXF_C
 10
53.459634
 20
23.205186
 40
0.025400
 41
0.025400
 42
0.000000
  0
VERTEX
  8
BG_DXF_C
 10
53.459634
 20
22.864064
 40
0.025400
 41
0.025400
 42
-0.414214
  0
VERTEX
  8
BG_DXF_C
 10
53.332888
 20
22.737318
 40
0.025400
 41
0.025400
 42
0.000000
  0
VERTEX
  8
BG_DXF_C
 10
52.492910
 20
22.737318
 40
0.025400
 41
0.025400
 42
-0.414214
  0
VERTEX
  8
BG_DXF_C
 10
52.357528
 20
22.872700
 40
0.025400
 41
0.025400
 42
0.000000
  0
VERTEX
  8
BG_DXF_C
 10
52.357528
 20
23.209250
 40
0.025400
 41
0.025400
 42
-0.414214
  0
VERTEX
  8
BG_DXF_C
 10
52.486052
 20
23.337774
 40
0.025400
 41
0.025400
 42
0.000000
  0
VERTEX
  8
BG_DXF_C
 10
53.087778
 20
23.337774
 40
0.025400
 41
0.025400
 42
0.000000
  0
VERTEX
  8
BG_DXF_C
 10
53.088032
 20
23.337520
 40
0.025400
 41
0.025400
 42
0.000000
  0
SEQEND
  0
POLYLINE
  8
BG_DXF_C
 66
1
 70
0
 40
0.000000
 41
0.000000
 39
0.000000
  0
VERTEX
  8
BG_DXF_C
 10
53.088032
 20
25.648920
 40
0.025400
 41
0.025400
 42
0.000000
  0
VERTEX
  8
BG_DXF_C
 10
53.327300
 20
25.648920
 40
0.025400
 41
0.025400
 42
-0.414214
  0
VERTEX
  8
BG_DXF_C
 10
53.459634
 20
25.516586
 40
0.025400
 41
0.025400
 42
0.000000
  0
VERTEX
  8
BG_DXF_C
 10
53.459634
 20
25.175464
 40
0.025400
 41
0.025400
 42
-0.414214
  0
VERTEX
  8
BG_DXF_C
 10
53.332888
 20
25.048718
 40
0.025400
 41
0.025400
 42
0.000000
  0
VERTEX
  8
BG_DXF_C
 10
52.492910
 20
25.048718
 40
0.025400
 41
0.025400
 42
-0.414214
  0
VERTEX
  8
BG_DXF_C
 10
52.357528
 20
25.184100
 40
0.025400
 41
0.025400
 42
0.000000
  0
VERTEX
  8
BG_DXF_C
 10
52.357528
 20
25.520650
 40
0.025400
 41
0.025400
 42
-0.414214
  0
VERTEX
  8
BG_DXF_C
 10
52.486052
 20
25.649174
 40
0.025400
 41
0.025400
 42
0.000000
  0
VERTEX
  8
BG_DXF_C
 10
53.087778
 20
25.649174
 40
0.025400
 41
0.025400
 42
0.000000
  0
VERTEX
  8
BG_DXF_C
 10
53.088032
 20
25.648920
 40
0.025400
 41
0.025400
 42
0.000000
  0
SEQEND
  0
POLYLINE
  8
BG_DXF_C
 66
1
 70
0
 40
0.000000
 41
0.000000
 39
0.000000
  0
VERTEX
  8
BG_DXF_C
 10
43.134280
 20
31.548832
 40
0.025400
 41
0.025400
 42
0.000000
  0
VERTEX
  8
BG_DXF_C
 10
43.134280
 20
31.788100
 40
0.025400
 41
0.025400
 42
-0.414214
  0
VERTEX
  8
BG_DXF_C
 10
43.266614
 20
31.920434
 40
0.025400
 41
0.025400
 42
0.000000
  0
VERTEX
  8
BG_DXF_C
 10
43.607736
 20
31.920434
 40
0.025400
 41
0.025400
 42
-0.414214
  0
VERTEX
  8
BG_DXF_C
 10
43.734482
 20
31.793688
 40
0.025400
 41
0.025400
 42
0.000000
  0
VERTEX
  8
BG_DXF_C
 10
43.734482
 20
30.953710
 40
0.025400
 41
0.025400
 42
-0.414214
  0
VERTEX
  8
BG_DXF_C
 10
43.599100
 20
30.818328
 40
0.025400
 41
0.025400
 42
0.000000
  0
VERTEX
  8
BG_DXF_C
 10
43.262550
 20
30.818328
 40
0.025400
 41
0.025400
 42
-0.414214
  0
VERTEX
  8
BG_DXF_C
 10
43.134026
 20
30.946852
 40
0.025400
 41
0.025400
 42
0.000000
  0
VERTEX
  8
BG_DXF_C
 10
43.134026
 20
31.548578
 40
0.025400
 41
0.025400
 42
0.000000
  0
VERTEX
  8
BG_DXF_C
 10
43.134280
 20
31.548832
 40
0.025400
 41
0.025400
 42
0.000000
  0
SEQEND
  0
POLYLINE
  8
BG_DXF_C
 66
1
 70
0
 40
0.000000
 41
0.000000
 39
0.000000
  0
VERTEX
  8
BG_DXF_C
 10
44.785280
 20
31.548832
 40
0.025400
 41
0.025400
 42
0.000000
  0
VERTEX
  8
BG_DXF_C
 10
44.785280
 20
31.788100
 40
0.025400
 41
0.025400
 42
-0.414214
  0
VERTEX
  8
BG_DXF_C
 10
44.917614
 20
31.920434
 40
0.025400
 41
0.025400
 42
0.000000
  0
VERTEX
  8
BG_DXF_C
 10
45.258736
 20
31.920434
 40
0.025400
 41
0.025400
 42
-0.414214
  0
VERTEX
  8
BG_DXF_C
 10
45.385482
 20
31.793688
 40
0.025400
 41
0.025400
 42
0.000000
  0
VERTEX
  8
BG_DXF_C
 10
45.385482
 20
30.953710
 40
0.025400
 41
0.025400
 42
-0.414214
  0
VERTEX
  8
BG_DXF_C
 10
45.250100
 20
30.818328
 40
0.025400
 41
0.025400
 42
0.000000
  0
VERTEX
  8
BG_DXF_C
 10
44.913550
 20
30.818328
 40
0.025400
 41
0.025400
 42
-0.414214
  0
VERTEX
  8
BG_DXF_C
 10
44.785026
 20
30.946852
 40
0.025400
 41
0.025400
 42
0.000000
  0
VERTEX
  8
BG_DXF_C
 10
44.785026
 20
31.548578
 40
0.025400
 41
0.025400
 42
0.000000
  0
VERTEX
  8
BG_DXF_C
 10
44.785280
 20
31.548832
 40
0.025400
 41
0.025400
 42
0.000000
  0
SEQEND
  0
POLYLINE
  8
BG_DXF_C
 66
1
 70
0
 40
0.000000
 41
0.000000
 39
0.000000
  0
VERTEX
  8
BG_DXF_C
 10
45.496480
 20
31.548832
 40
0.025400
 41
0.025400
 42
0.000000
  0
VERTEX
  8
BG_DXF_C
 10
45.496480
 20
31.788100
 40
0.025400
 41
0.025400
 42
-0.414214
  0
VERTEX
  8
BG_DXF_C
 10
45.628814
 20
31.920434
 40
0.025400
 41
0.025400
 42
0.000000
  0
VERTEX
  8
BG_DXF_C
 10
45.969936
 20
31.920434
 40
0.025400
 41
0.025400
 42
-0.414214
  0
VERTEX
  8
BG_DXF_C
 10
46.096682
 20
31.793688
 40
0.025400
 41
0.025400
 42
0.000000
  0
VERTEX
  8
BG_DXF_C
 10
46.096682
 20
30.953710
 40
0.025400
 41
0.025400
 42
-0.414214
  0
VERTEX
  8
BG_DXF_C
 10
45.961300
 20
30.818328
 40
0.025400
 41
0.025400
 42
0.000000
  0
VERTEX
  8
BG_DXF_C
 10
45.624750
 20
30.818328
 40
0.025400
 41
0.025400
 42
-0.414214
  0
VERTEX
  8
BG_DXF_C
 10
45.496226
 20
30.946852
 40
0.025400
 41
0.025400
 42
0.000000
  0
VERTEX
  8
BG_DXF_C
 10
45.496226
 20
31.548578
 40
0.025400
 41
0.025400
 42
0.000000
  0
VERTEX
  8
BG_DXF_C
 10
45.496480
 20
31.548832
 40
0.025400
 41
0.025400
 42
0.000000
  0
SEQEND
  0
POLYLINE
  8
BG_DXF_C
 66
1
 70
0
 40
0.000000
 41
0.000000
 39
0.000000
  0
VERTEX
  8
BG_DXF_C
 10
46.106080
 20
31.548832
 40
0.025400
 41
0.025400
 42
0.000000
  0
VERTEX
  8
BG_DXF_C
 10
46.106080
 20
31.788100
 40
0.025400
 41
0.025400
 42
-0.414214
  0
VERTEX
  8
BG_DXF_C
 10
46.238414
 20
31.920434
 40
0.025400
 41
0.025400
 42
0.000000
  0
VERTEX
  8
BG_DXF_C
 10
46.579536
 20
31.920434
 40
0.025400
 41
0.025400
 42
-0.414214
  0
VERTEX
  8
BG_DXF_C
 10
46.706282
 20
31.793688
 40
0.025400
 41
0.025400
 42
0.000000
  0
VERTEX
  8
BG_DXF_C
 10
46.706282
 20
30.953710
 40
0.025400
 41
0.025400
 42
-0.414214
  0
VERTEX
  8
BG_DXF_C
 10
46.570900
 20
30.818328
 40
0.025400
 41
0.025400
 42
0.000000
  0
VERTEX
  8
BG_DXF_C
 10
46.234350
 20
30.818328
 40
0.025400
 41
0.025400
 42
-0.414214
  0
VERTEX
  8
BG_DXF_C
 10
46.105826
 20
30.946852
 40
0.025400
 41
0.025400
 42
0.000000
  0
VERTEX
  8
BG_DXF_C
 10
46.105826
 20
31.548578
 40
0.025400
 41
0.025400
 42
0.000000
  0
VERTEX
  8
BG_DXF_C
 10
46.106080
 20
31.548832
 40
0.025400
 41
0.025400
 42
0.000000
  0
SEQEND
  0
POLYLINE
  8
BG_DXF_C
 66
1
 70
0
 40
0.000000
 41
0.000000
 39
0.000000
  0
VERTEX
  8
BG_DXF_C
 10
47.579280
 20
31.548832
 40
0.025400
 41
0.025400
 42
0.000000
  0
VERTEX
  8
BG_DXF_C
 10
47.579280
 20
31.788100
 40
0.025400
 41
0.025400
 42
-0.414214
  0
VERTEX
  8
BG_DXF_C
 10
47.711614
 20
31.920434
 40
0.025400
 41
0.025400
 42
0.000000
  0
VERTEX
  8
BG_DXF_C
 10
48.052736
 20
31.920434
 40
0.025400
 41
0.025400
 42
-0.414214
  0
VERTEX
  8
BG_DXF_C
 10
48.179482
 20
31.793688
 40
0.025400
 41
0.025400
 42
0.000000
  0
VERTEX
  8
BG_DXF_C
 10
48.179482
 20
30.953710
 40
0.025400
 41
0.025400
 42
-0.414214
  0
VERTEX
  8
BG_DXF_C
 10
48.044100
 20
30.818328
 40
0.025400
 41
0.025400
 42
0.000000
  0
VERTEX
  8
BG_DXF_C
 10
47.707550
 20
30.818328
 40
0.025400
 41
0.025400
 42
-0.414214
  0
VERTEX
  8
BG_DXF_C
 10
47.579026
 20
30.946852
 40
0.025400
 41
0.025400
 42
0.000000
  0
VERTEX
  8
BG_DXF_C
 10
47.579026
 20
31.548578
 40
0.025400
 41
0.025400
 42
0.000000
  0
VERTEX
  8
BG_DXF_C
 10
47.579280
 20
31.548832
 40
0.025400
 41
0.025400
 42
0.000000
  0
SEQEND
  0
POLYLINE
  8
BG_DXF_C
 66
1
 70
0
 40
0.000000
 41
0.000000
 39
0.000000
  0
VERTEX
  8
BG_DXF_C
 10
9.037320
 20
31.874968
 40
0.025400
 41
0.025400
 42
0.000000
  0
VERTEX
  8
BG_DXF_C
 10
9.037320
 20
31.635700
 40
0.025400
 41
0.025400
 42
-0.414214
  0
VERTEX
  8
BG_DXF_C
 10
8.904986
 20
31.503366
 40
0.025400
 41
0.025400
 42
0.000000
  0
VERTEX
  8
BG_DXF_C
 10
8.563864
 20
31.503366
 40
0.025400
 41
0.025400
 42
-0.414214
  0
VERTEX
  8
BG_DXF_C
 10
8.437118
 20
31.630112
 40
0.025400
 41
0.025400
 42
0.000000
  0
VERTEX
  8
BG_DXF_C
 10
8.437118
 20
32.470090
 40
0.025400
 41
0.025400
 42
-0.414214
  0
VERTEX
  8
BG_DXF_C
 10
8.572500
 20
32.605472
 40
0.025400
 41
0.025400
 42
0.000000
  0
VERTEX
  8
BG_DXF_C
 10
8.909050
 20
32.605472
 40
0.025400
 41
0.025400
 42
-0.414214
  0
VERTEX
  8
BG_DXF_C
 10
9.037574
 20
32.476948
 40
0.025400
 41
0.025400
 42
0.000000
  0
VERTEX
  8
BG_DXF_C
 10
9.037574
 20
31.875222
 40
0.025400
 41
0.025400
 42
0.000000
  0
VERTEX
  8
BG_DXF_C
 10
9.037320
 20
31.874968
 40
0.025400
 41
0.025400
 42
0.000000
  0
SEQEND
  0
POLYLINE
  8
BG_DXF_C
 66
1
 70
0
 40
0.000000
 41
0.000000
 39
0.000000
  0
VERTEX
  8
BG_DXF_C
 10
16.228568
 20
28.580080
 40
0.025400
 41
0.025400
 42
0.000000
  0
VERTEX
  8
BG_DXF_C
 10
15.989300
 20
28.580080
 40
0.025400
 41
0.025400
 42
-0.414214
  0
VERTEX
  8
BG_DXF_C
 10
15.856966
 20
28.712414
 40
0.025400
 41
0.025400
 42
0.000000
  0
VERTEX
  8
BG_DXF_C
 10
15.856966
 20
29.053536
 40
0.025400
 41
0.025400
 42
-0.414214
  0
VERTEX
  8
BG_DXF_C
 10
15.983712
 20
29.180282
 40
0.025400
 41
0.025400
 42
0.000000
  0
VERTEX
  8
BG_DXF_C
 10
16.823690
 20
29.180282
 40
0.025400
 41
0.025400
 42
-0.414214
  0
VERTEX
  8
BG_DXF_C
 10
16.959072
 20
29.044900
 40
0.025400
 41
0.025400
 42
0.000000
  0
VERTEX
  8
BG_DXF_C
 10
16.959072
 20
28.708350
 40
0.025400
 41
0.025400
 42
-0.414214
  0
VERTEX
  8
BG_DXF_C
 10
16.830548
 20
28.579826
 40
0.025400
 41
0.025400
 42
0.000000
  0
VERTEX
  8
BG_DXF_C
 10
16.228822
 20
28.579826
 40
0.025400
 41
0.025400
 42
0.000000
  0
VERTEX
  8
BG_DXF_C
 10
16.228568
 20
28.580080
 40
0.025400
 41
0.025400
 42
0.000000
  0
SEQEND
  0
POLYLINE
  8
BG_DXF_C
 66
1
 70
0
 40
0.000000
 41
0.000000
 39
0.000000
  0
VERTEX
  8
BG_DXF_C
 10
6.177280
 20
30.355032
 40
0.025400
 41
0.025400
 42
0.000000
  0
VERTEX
  8
BG_DXF_C
 10
6.177280
 20
30.594300
 40
0.025400
 41
0.025400
 42
-0.414214
  0
VERTEX
  8
BG_DXF_C
 10
6.309614
 20
30.726634
 40
0.025400
 41
0.025400
 42
0.000000
  0
VERTEX
  8
BG_DXF_C
 10
6.650736
 20
30.726634
 40
0.025400
 41
0.025400
 42
-0.414214
  0
VERTEX
  8
BG_DXF_C
 10
6.777482
 20
30.599888
 40
0.025400
 41
0.025400
 42
0.000000
  0
VERTEX
  8
BG_DXF_C
 10
6.777482
 20
29.759910
 40
0.025400
 41
0.025400
 42
-0.414214
  0
VERTEX
  8
BG_DXF_C
 10
6.642100
 20
29.624528
 40
0.025400
 41
0.025400
 42
0.000000
  0
VERTEX
  8
BG_DXF_C
 10
6.305550
 20
29.624528
 40
0.025400
 41
0.025400
 42
-0.414214
  0
VERTEX
  8
BG_DXF_C
 10
6.177026
 20
29.753052
 40
0.025400
 41
0.025400
 42
0.000000
  0
VERTEX
  8
BG_DXF_C
 10
6.177026
 20
30.354778
 40
0.025400
 41
0.025400
 42
0.000000
  0
VERTEX
  8
BG_DXF_C
 10
6.177280
 20
30.355032
 40
0.025400
 41
0.025400
 42
0.000000
  0
SEQEND
  0
POLYLINE
  8
BG_DXF_C
 66
1
 70
0
 40
0.000000
 41
0.000000
 39
0.000000
  0
VERTEX
  8
BG_DXF_C
 10
41.374568
 20
16.845280
 40
0.025400
 41
0.025400
 42
0.000000
  0
VERTEX
  8
BG_DXF_C
 10
41.135300
 20
16.845280
 40
0.025400
 41
0.025400
 42
-0.414214
  0
VERTEX
  8
BG_DXF_C
 10
41.002966
 20
16.977614
 40
0.025400
 41
0.025400
 42
0.000000
  0
VERTEX
  8
BG_DXF_C
 10
41.002966
 20
17.318736
 40
0.025400
 41
0.025400
 42
-0.414214
  0
VERTEX
  8
BG_DXF_C
 10
41.129712
 20
17.445482
 40
0.025400
 41
0.025400
 42
0.000000
  0
VERTEX
  8
BG_DXF_C
 10
41.969690
 20
17.445482
 40
0.025400
 41
0.025400
 42
-0.414214
  0
VERTEX
  8
BG_DXF_C
 10
42.105072
 20
17.310100
 40
0.025400
 41
0.025400
 42
0.000000
  0
VERTEX
  8
BG_DXF_C
 10
42.105072
 20
16.973550
 40
0.025400
 41
0.025400
 42
-0.414214
  0
VERTEX
  8
BG_DXF_C
 10
41.976548
 20
16.845026
 40
0.025400
 41
0.025400
 42
0.000000
  0
VERTEX
  8
BG_DXF_C
 10
41.374822
 20
16.845026
 40
0.025400
 41
0.025400
 42
0.000000
  0
VERTEX
  8
BG_DXF_C
 10
41.374568
 20
16.845280
 40
0.025400
 41
0.025400
 42
0.000000
  0
SEQEND
  0
POLYLINE
  8
BG_DXF_C
 66
1
 70
0
 40
0.000000
 41
0.000000
 39
0.000000
  0
VERTEX
  8
BG_DXF_C
 10
36.070032
 20
18.587720
 40
0.025400
 41
0.025400
 42
0.000000
  0
VERTEX
  8
BG_DXF_C
 10
36.309300
 20
18.587720
 40
0.025400
 41
0.025400
 42
-0.414214
  0
VERTEX
  8
BG_DXF_C
 10
36.441634
 20
18.455386
 40
0.025400
 41
0.025400
 42
0.000000
  0
VERTEX
  8
BG_DXF_C
 10
36.441634
 20
18.114264
 40
0.025400
 41
0.025400
 42
-0.414214
  0
VERTEX
  8
BG_DXF_C
 10
36.314888
 20
17.987518
 40
0.025400
 41
0.025400
 42
0.000000
  0
VERTEX
  8
BG_DXF_C
 10
35.474910
 20
17.987518
 40
0.025400
 41
0.025400
 42
-0.414214
  0
VERTEX
  8
BG_DXF_C
 10
35.339528
 20
18.122900
 40
0.025400
 41
0.025400
 42
0.000000
  0
VERTEX
  8
BG_DXF_C
 10
35.339528
 20
18.459450
 40
0.025400
 41
0.025400
 42
-0.414214
  0
VERTEX
  8
BG_DXF_C
 10
35.468052
 20
18.587974
 40
0.025400
 41
0.025400
 42
0.000000
  0
VERTEX
  8
BG_DXF_C
 10
36.069778
 20
18.587974
 40
0.025400
 41
0.025400
 42
0.000000
  0
VERTEX
  8
BG_DXF_C
 10
36.070032
 20
18.587720
 40
0.025400
 41
0.025400
 42
0.000000
  0
SEQEND
  0
POLYLINE
  8
BG_DXF_C
 66
1
 70
0
 40
0.000000
 41
0.000000
 39
0.000000
  0
VERTEX
  8
BG_DXF_C
 10
52.772310
 20
26.614120
 40
0.025400
 41
0.025400
 42
0.000000
  0
VERTEX
  8
BG_DXF_C
 10
53.230526
 20
26.614120
 40
0.025400
 41
0.025400
 42
0.000000
  0
VERTEX
  8
BG_DXF_C
 10
53.230526
 20
26.013664
 40
0.025400
 41
0.025400
 42
0.000000
  0
VERTEX
  8
BG_DXF_C
 10
52.128420
 20
26.013664
 40
0.025400
 41
0.025400
 42
0.000000
  0
VERTEX
  8
BG_DXF_C
 10
52.128420
 20
26.614120
 40
0.025400
 41
0.025400
 42
0.000000
  0
VERTEX
  8
BG_DXF_C
 10
52.772310
 20
26.614120
 40
0.025400
 41
0.025400
 42
0.000000
  0
SEQEND
  0
POLYLINE
  8
BG_DXF_C
 66
1
 70
0
 40
0.000000
 41
0.000000
 39
0.000000
  0
VERTEX
  8
BG_DXF_C
 10
51.277520
 20
18.195290
 40
0.025400
 41
0.025400
 42
0.000000
  0
VERTEX
  8
BG_DXF_C
 10
51.277520
 20
17.737074
 40
0.025400
 41
0.025400
 42
0.000000
  0
VERTEX
  8
BG_DXF_C
 10
50.677064
 20
17.737074
 40
0.025400
 41
0.025400
 42
0.000000
  0
VERTEX
  8
BG_DXF_C
 10
50.677064
 20
18.839180
 40
0.025400
 41
0.025400
 42
0.000000
  0
VERTEX
  8
BG_DXF_C
 10
51.277520
 20
18.839180
 40
0.025400
 41
0.025400
 42
0.000000
  0
VERTEX
  8
BG_DXF_C
 10
51.277520
 20
18.195290
 40
0.025400
 41
0.025400
 42
0.000000
  0
SEQEND
  0
POLYLINE
  8
BG_DXF_C
 66
1
 70
0
 40
0.000000
 41
0.000000
 39
0.000000
  0
VERTEX
  8
BG_DXF_C
 10
42.412920
 20
19.973290
 40
0.025400
 41
0.025400
 42
0.000000
  0
VERTEX
  8
BG_DXF_C
 10
42.412920
 20
19.515074
 40
0.025400
 41
0.025400
 42
0.000000
  0
VERTEX
  8
BG_DXF_C
 10
41.812464
 20
19.515074
 40
0.025400
 41
0.025400
 42
0.000000
  0
VERTEX
  8
BG_DXF_C
 10
41.812464
 20
20.617180
 40
0.025400
 41
0.025400
 42
0.000000
  0
VERTEX
  8
BG_DXF_C
 10
42.412920
 20
20.617180
 40
0.025400
 41
0.025400
 42
0.000000
  0
VERTEX
  8
BG_DXF_C
 10
42.412920
 20
19.973290
 40
0.025400
 41
0.025400
 42
0.000000
  0
SEQEND
  0
POLYLINE
  8
BG_DXF_C
 66
1
 70
0
 40
0.000000
 41
0.000000
 39
0.000000
  0
VERTEX
  8
BG_DXF_C
 10
5.938520
 20
29.218890
 40
0.025400
 41
0.025400
 42
0.000000
  0
VERTEX
  8
BG_DXF_C
 10
5.938520
 20
28.760674
 40
0.025400
 41
0.025400
 42
0.000000
  0
VERTEX
  8
BG_DXF_C
 10
5.338064
 20
28.760674
 40
0.025400
 41
0.025400
 42
0.000000
  0
VERTEX
  8
BG_DXF_C
 10
5.338064
 20
29.862780
 40
0.025400
 41
0.025400
 42
0.000000
  0
VERTEX
  8
BG_DXF_C
 10
5.938520
 20
29.862780
 40
0.025400
 41
0.025400
 42
0.000000
  0
VERTEX
  8
BG_DXF_C
 10
5.938520
 20
29.218890
 40
0.025400
 41
0.025400
 42
0.000000
  0
SEQEND
  0
POLYLINE
  8
BG_DXF_C
 66
1
 70
0
 40
0.000000
 41
0.000000
 39
0.000000
  0
VERTEX
  8
BG_DXF_C
 10
32.477710
 20
3.144520
 40
0.025400
 41
0.025400
 42
0.000000
  0
VERTEX
  8
BG_DXF_C
 10
32.935926
 20
3.144520
 40
0.025400
 41
0.025400
 42
0.000000
  0
VERTEX
  8
BG_DXF_C
 10
32.935926
 20
2.544064
 40
0.025400
 41
0.025400
 42
0.000000
  0
VERTEX
  8
BG_DXF_C
 10
31.833820
 20
2.544064
 40
0.025400
 41
0.025400
 42
0.000000
  0
VERTEX
  8
BG_DXF_C
 10
31.833820
 20
3.144520
 40
0.025400
 41
0.025400
 42
0.000000
  0
VERTEX
  8
BG_DXF_C
 10
32.477710
 20
3.144520
 40
0.025400
 41
0.025400
 42
0.000000
  0
SEQEND
  0
POLYLINE
  8
BG_DXF_C
 66
1
 70
0
 40
0.000000
 41
0.000000
 39
0.000000
  0
VERTEX
  8
BG_DXF_C
 10
33.874710
 20
3.144520
 40
0.025400
 41
0.025400
 42
0.000000
  0
VERTEX
  8
BG_DXF_C
 10
34.332926
 20
3.144520
 40
0.025400
 41
0.025400
 42
0.000000
  0
VERTEX
  8
BG_DXF_C
 10
34.332926
 20
2.544064
 40
0.025400
 41
0.025400
 42
0.000000
  0
VERTEX
  8
BG_DXF_C
 10
33.230820
 20
2.544064
 40
0.025400
 41
0.025400
 42
0.000000
  0
VERTEX
  8
BG_DXF_C
 10
33.230820
 20
3.144520
 40
0.025400
 41
0.025400
 42
0.000000
  0
VERTEX
  8
BG_DXF_C
 10
33.874710
 20
3.144520
 40
0.025400
 41
0.025400
 42
0.000000
  0
SEQEND
  0
POLYLINE
  8
BG_DXF_C
 66
1
 70
0
 40
0.000000
 41
0.000000
 39
0.000000
  0
VERTEX
  8
BG_DXF_C
 10
31.258510
 20
3.144520
 40
0.025400
 41
0.025400
 42
0.000000
  0
VERTEX
  8
BG_DXF_C
 10
31.716726
 20
3.144520
 40
0.025400
 41
0.025400
 42
0.000000
  0
VERTEX
  8
BG_DXF_C
 10
31.716726
 20
2.544064
 40
0.025400
 41
0.025400
 42
0.000000
  0
VERTEX
  8
BG_DXF_C
 10
30.614620
 20
2.544064
 40
0.025400
 41
0.025400
 42
0.000000
  0
VERTEX
  8
BG_DXF_C
 10
30.614620
 20
3.144520
 40
0.025400
 41
0.025400
 42
0.000000
  0
VERTEX
  8
BG_DXF_C
 10
31.258510
 20
3.144520
 40
0.025400
 41
0.025400
 42
0.000000
  0
SEQEND
  0
POLYLINE
  8
BG_DXF_C
 66
1
 70
0
 40
0.000000
 41
0.000000
 39
0.000000
  0
VERTEX
  8
BG_DXF_C
 10
11.014710
 20
3.144520
 40
0.025400
 41
0.025400
 42
0.000000
  0
VERTEX
  8
BG_DXF_C
 10
11.472926
 20
3.144520
 40
0.025400
 41
0.025400
 42
0.000000
  0
VERTEX
  8
BG_DXF_C
 10
11.472926
 20
2.544064
 40
0.025400
 41
0.025400
 42
0.000000
  0
VERTEX
  8
BG_DXF_C
 10
10.370820
 20
2.544064
 40
0.025400
 41
0.025400
 42
0.000000
  0
VERTEX
  8
BG_DXF_C
 10
10.370820
 20
3.144520
 40
0.025400
 41
0.025400
 42
0.000000
  0
VERTEX
  8
BG_DXF_C
 10
11.014710
 20
3.144520
 40
0.025400
 41
0.025400
 42
0.000000
  0
SEQEND
  0
POLYLINE
  8
BG_DXF_C
 66
1
 70
0
 40
0.000000
 41
0.000000
 39
0.000000
  0
VERTEX
  8
BG_DXF_C
 10
12.386310
 20
3.144520
 40
0.025400
 41
0.025400
 42
0.000000
  0
VERTEX
  8
BG_DXF_C
 10
12.844526
 20
3.144520
 40
0.025400
 41
0.025400
 42
0.000000
  0
VERTEX
  8
BG_DXF_C
 10
12.844526
 20
2.544064
 40
0.025400
 41
0.025400
 42
0.000000
  0
VERTEX
  8
BG_DXF_C
 10
11.742420
 20
2.544064
 40
0.025400
 41
0.025400
 42
0.000000
  0
VERTEX
  8
BG_DXF_C
 10
11.742420
 20
3.144520
 40
0.025400
 41
0.025400
 42
0.000000
  0
VERTEX
  8
BG_DXF_C
 10
12.386310
 20
3.144520
 40
0.025400
 41
0.025400
 42
0.000000
  0
SEQEND
  0
POLYLINE
  8
BG_DXF_C
 66
1
 70
0
 40
0.000000
 41
0.000000
 39
0.000000
  0
VERTEX
  8
BG_DXF_C
 10
9.846310
 20
3.144520
 40
0.025400
 41
0.025400
 42
0.000000
  0
VERTEX
  8
BG_DXF_C
 10
10.304526
 20
3.144520
 40
0.025400
 41
0.025400
 42
0.000000
  0
VERTEX
  8
BG_DXF_C
 10
10.304526
 20
2.544064
 40
0.025400
 41
0.025400
 42
0.000000
  0
VERTEX
  8
BG_DXF_C
 10
9.202420
 20
2.544064
 40
0.025400
 41
0.025400
 42
0.000000
  0
VERTEX
  8
BG_DXF_C
 10
9.202420
 20
3.144520
 40
0.025400
 41
0.025400
 42
0.000000
  0
VERTEX
  8
BG_DXF_C
 10
9.846310
 20
3.144520
 40
0.025400
 41
0.025400
 42
0.000000
  0
SEQEND
  0
POLYLINE
  8
BG_DXF_C
 66
1
 70
0
 40
0.000000
 41
0.000000
 39
0.000000
  0
VERTEX
  8
BG_DXF_C
 10
25.953720
 20
32.292290
 40
0.025400
 41
0.025400
 42
0.000000
  0
VERTEX
  8
BG_DXF_C
 10
25.953720
 20
31.834074
 40
0.025400
 41
0.025400
 42
0.000000
  0
VERTEX
  8
BG_DXF_C
 10
25.353264
 20
31.834074
 40
0.025400
 41
0.025400
 42
0.000000
  0
VERTEX
  8
BG_DXF_C
 10
25.353264
 20
32.936180
 40
0.025400
 41
0.025400
 42
0.000000
  0
VERTEX
  8
BG_DXF_C
 10
25.953720
 20
32.936180
 40
0.025400
 41
0.025400
 42
0.000000
  0
VERTEX
  8
BG_DXF_C
 10
25.953720
 20
32.292290
 40
0.025400
 41
0.025400
 42
0.000000
  0
SEQEND
  0
POLYLINE
  8
BG_DXF_C
 66
1
 70
0
 40
0.000000
 41
0.000000
 39
0.000000
  0
VERTEX
  8
BG_DXF_C
 10
31.018480
 20
32.503110
 40
0.025400
 41
0.025400
 42
0.000000
  0
VERTEX
  8
BG_DXF_C
 10
31.018480
 20
32.961326
 40
0.025400
 41
0.025400
 42
0.000000
  0
VERTEX
  8
BG_DXF_C
 10
31.618936
 20
32.961326
 40
0.025400
 41
0.025400
 42
0.000000
  0
VERTEX
  8
BG_DXF_C
 10
31.618936
 20
31.859220
 40
0.025400
 41
0.025400
 42
0.000000
  0
VERTEX
  8
BG_DXF_C
 10
31.018480
 20
31.859220
 40
0.025400
 41
0.025400
 42
0.000000
  0
VERTEX
  8
BG_DXF_C
 10
31.018480
 20
32.503110
 40
0.025400
 41
0.025400
 42
0.000000
  0
SEQEND
  0
POLYLINE
  8
BG_DXF_C
 66
1
 70
0
 40
0.000000
 41
0.000000
 39
0.000000
  0
VERTEX
  8
BG_DXF_C
 10
5.938520
 20
30.387290
 40
0.025400
 41
0.025400
 42
0.000000
  0
VERTEX
  8
BG_DXF_C
 10
5.938520
 20
29.929074
 40
0.025400
 41
0.025400
 42
0.000000
  0
VERTEX
  8
BG_DXF_C
 10
5.338064
 20
29.929074
 40
0.025400
 41
0.025400
 42
0.000000
  0
VERTEX
  8
BG_DXF_C
 10
5.338064
 20
31.031180
 40
0.025400
 41
0.025400
 42
0.000000
  0
VERTEX
  8
BG_DXF_C
 10
5.938520
 20
31.031180
 40
0.025400
 41
0.025400
 42
0.000000
  0
VERTEX
  8
BG_DXF_C
 10
5.938520
 20
30.387290
 40
0.025400
 41
0.025400
 42
0.000000
  0
SEQEND
  0
POLYLINE
  8
BG_DXF_C
 66
1
 70
0
 40
0.000000
 41
0.000000
 39
0.000000
  0
VERTEX
  8
BG_DXF_C
 10
42.840910
 20
29.916120
 40
0.025400
 41
0.025400
 42
0.000000
  0
VERTEX
  8
BG_DXF_C
 10
43.299126
 20
29.916120
 40
0.025400
 41
0.025400
 42
0.000000
  0
VERTEX
  8
BG_DXF_C
 10
43.299126
 20
29.315664
 40
0.025400
 41
0.025400
 42
0.000000
  0
VERTEX
  8
BG_DXF_C
 10
42.197020
 20
29.315664
 40
0.025400
 41
0.025400
 42
0.000000
  0
VERTEX
  8
BG_DXF_C
 10
42.197020
 20
29.916120
 40
0.025400
 41
0.025400
 42
0.000000
  0
VERTEX
  8
BG_DXF_C
 10
42.840910
 20
29.916120
 40
0.025400
 41
0.025400
 42
0.000000
  0
SEQEND
  0
POLYLINE
  8
BG_DXF_C
 66
1
 70
0
 40
0.000000
 41
0.000000
 39
0.000000
  0
VERTEX
  8
BG_DXF_C
 10
42.840910
 20
29.281120
 40
0.025400
 41
0.025400
 42
0.000000
  0
VERTEX
  8
BG_DXF_C
 10
43.299126
 20
29.281120
 40
0.025400
 41
0.025400
 42
0.000000
  0
VERTEX
  8
BG_DXF_C
 10
43.299126
 20
28.680664
 40
0.025400
 41
0.025400
 42
0.000000
  0
VERTEX
  8
BG_DXF_C
 10
42.197020
 20
28.680664
 40
0.025400
 41
0.025400
 42
0.000000
  0
VERTEX
  8
BG_DXF_C
 10
42.197020
 20
29.281120
 40
0.025400
 41
0.025400
 42
0.000000
  0
VERTEX
  8
BG_DXF_C
 10
42.840910
 20
29.281120
 40
0.025400
 41
0.025400
 42
0.000000
  0
SEQEND
  0
POLYLINE
  8
BG_DXF_C
 66
1
 70
0
 40
0.000000
 41
0.000000
 39
0.000000
  0
VERTEX
  8
BG_DXF_C
 10
7.437120
 20
30.082490
 40
0.025400
 41
0.025400
 42
0.000000
  0
VERTEX
  8
BG_DXF_C
 10
7.437120
 20
29.624274
 40
0.025400
 41
0.025400
 42
0.000000
  0
VERTEX
  8
BG_DXF_C
 10
6.836664
 20
29.624274
 40
0.025400
 41
0.025400
 42
0.000000
  0
VERTEX
  8
BG_DXF_C
 10
6.836664
 20
30.726380
 40
0.025400
 41
0.025400
 42
0.000000
  0
VERTEX
  8
BG_DXF_C
 10
7.437120
 20
30.726380
 40
0.025400
 41
0.025400
 42
0.000000
  0
VERTEX
  8
BG_DXF_C
 10
7.437120
 20
30.082490
 40
0.025400
 41
0.025400
 42
0.000000
  0
SEQEND
  0
POLYLINE
  8
BG_DXF_C
 66
1
 70
0
 40
0.000000
 41
0.000000
 39
0.000000
  0
VERTEX
  8
BG_DXF_C
 10
8.314690
 20
30.485080
 40
0.025400
 41
0.025400
 42
0.000000
  0
VERTEX
  8
BG_DXF_C
 10
7.856474
 20
30.485080
 40
0.025400
 41
0.025400
 42
0.000000
  0
VERTEX
  8
BG_DXF_C
 10
7.856474
 20
31.085536
 40
0.025400
 41
0.025400
 42
0.000000
  0
VERTEX
  8
BG_DXF_C
 10
8.958580
 20
31.085536
 40
0.025400
 41
0.025400
 42
0.000000
  0
VERTEX
  8
BG_DXF_C
 10
8.958580
 20
30.485080
 40
0.025400
 41
0.025400
 42
0.000000
  0
VERTEX
  8
BG_DXF_C
 10
8.314690
 20
30.485080
 40
0.025400
 41
0.025400
 42
0.000000
  0
SEQEND
  0
POLYLINE
  8
BG_DXF_C
 66
1
 70
0
 40
0.000000
 41
0.000000
 39
0.000000
  0
VERTEX
  8
BG_DXF_C
 10
12.150090
 20
29.037280
 40
0.025400
 41
0.025400
 42
0.000000
  0
VERTEX
  8
BG_DXF_C
 10
11.691874
 20
29.037280
 40
0.025400
 41
0.025400
 42
0.000000
  0
VERTEX
  8
BG_DXF_C
 10
11.691874
 20
29.637736
 40
0.025400
 41
0.025400
 42
0.000000
  0
VERTEX
  8
BG_DXF_C
 10
12.793980
 20
29.637736
 40
0.025400
 41
0.025400
 42
0.000000
  0
VERTEX
  8
BG_DXF_C
 10
12.793980
 20
29.037280
 40
0.025400
 41
0.025400
 42
0.000000
  0
VERTEX
  8
BG_DXF_C
 10
12.150090
 20
29.037280
 40
0.025400
 41
0.025400
 42
0.000000
  0
SEQEND
  0
POLYLINE
  8
BG_DXF_C
 66
1
 70
0
 40
0.000000
 41
0.000000
 39
0.000000
  0
VERTEX
  8
BG_DXF_C
 10
13.394690
 20
29.037280
 40
0.025400
 41
0.025400
 42
0.000000
  0
VERTEX
  8
BG_DXF_C
 10
12.936474
 20
29.037280
 40
0.025400
 41
0.025400
 42
0.000000
  0
VERTEX
  8
BG_DXF_C
 10
12.936474
 20
29.637736
 40
0.025400
 41
0.025400
 42
0.000000
  0
VERTEX
  8
BG_DXF_C
 10
14.038580
 20
29.637736
 40
0.025400
 41
0.025400
 42
0.000000
  0
VERTEX
  8
BG_DXF_C
 10
14.038580
 20
29.037280
 40
0.025400
 41
0.025400
 42
0.000000
  0
VERTEX
  8
BG_DXF_C
 10
13.394690
 20
29.037280
 40
0.025400
 41
0.025400
 42
0.000000
  0
SEQEND
  0
POLYLINE
  8
BG_DXF_C
 66
1
 70
0
 40
0.000000
 41
0.000000
 39
0.000000
  0
VERTEX
  8
BG_DXF_C
 10
50.043080
 20
18.380710
 40
0.025400
 41
0.025400
 42
0.000000
  0
VERTEX
  8
BG_DXF_C
 10
50.043080
 20
18.838926
 40
0.025400
 41
0.025400
 42
0.000000
  0
VERTEX
  8
BG_DXF_C
 10
50.643536
 20
18.838926
 40
0.025400
 41
0.025400
 42
0.000000
  0
VERTEX
  8
BG_DXF_C
 10
50.643536
 20
17.736820
 40
0.025400
 41
0.025400
 42
0.000000
  0
VERTEX
  8
BG_DXF_C
 10
50.043080
 20
17.736820
 40
0.025400
 41
0.025400
 42
0.000000
  0
VERTEX
  8
BG_DXF_C
 10
50.043080
 20
18.380710
 40
0.025400
 41
0.025400
 42
0.000000
  0
SEQEND
  0
POLYLINE
  8
BG_DXF_C
 66
1
 70
0
 40
0.000000
 41
0.000000
 39
0.000000
  0
VERTEX
  8
BG_DXF_C
 10
35.971480
 20
20.031710
 40
0.025400
 41
0.025400
 42
0.000000
  0
VERTEX
  8
BG_DXF_C
 10
35.971480
 20
20.489926
 40
0.025400
 41
0.025400
 42
0.000000
  0
VERTEX
  8
BG_DXF_C
 10
36.571936
 20
20.489926
 40
0.025400
 41
0.025400
 42
0.000000
  0
VERTEX
  8
BG_DXF_C
 10
36.571936
 20
19.387820
 40
0.025400
 41
0.025400
 42
0.000000
  0
VERTEX
  8
BG_DXF_C
 10
35.971480
 20
19.387820
 40
0.025400
 41
0.025400
 42
0.000000
  0
VERTEX
  8
BG_DXF_C
 10
35.971480
 20
20.031710
 40
0.025400
 41
0.025400
 42
0.000000
  0
SEQEND
  0
POLYLINE
  8
BG_DXF_C
 66
1
 70
0
 40
0.000000
 41
0.000000
 39
0.000000
  0
VERTEX
  8
BG_DXF_C
 10
26.410920
 20
8.060690
 40
0.025400
 41
0.025400
 42
0.000000
  0
VERTEX
  8
BG_DXF_C
 10
26.410920
 20
7.602474
 40
0.025400
 41
0.025400
 42
0.000000
  0
VERTEX
  8
BG_DXF_C
 10
25.810464
 20
7.602474
 40
0.025400
 41
0.025400
 42
0.000000
  0
VERTEX
  8
BG_DXF_C
 10
25.810464
 20
8.704580
 40
0.025400
 41
0.025400
 42
0.000000
  0
VERTEX
  8
BG_DXF_C
 10
26.410920
 20
8.704580
 40
0.025400
 41
0.025400
 42
0.000000
  0
VERTEX
  8
BG_DXF_C
 10
26.410920
 20
8.060690
 40
0.025400
 41
0.025400
 42
0.000000
  0
SEQEND
  0
POLYLINE
  8
BG_DXF_C
 66
1
 70
0
 40
0.000000
 41
0.000000
 39
0.000000
  0
VERTEX
  8
BG_DXF_C
 10
35.311080
 20
20.031710
 40
0.025400
 41
0.025400
 42
0.000000
  0
VERTEX
  8
BG_DXF_C
 10
35.311080
 20
20.489926
 40
0.025400
 41
0.025400
 42
0.000000
  0
VERTEX
  8
BG_DXF_C
 10
35.911536
 20
20.489926
 40
0.025400
 41
0.025400
 42
0.000000
  0
VERTEX
  8
BG_DXF_C
 10
35.911536
 20
19.387820
 40
0.025400
 41
0.025400
 42
0.000000
  0
VERTEX
  8
BG_DXF_C
 10
35.311080
 20
19.387820
 40
0.025400
 41
0.025400
 42
0.000000
  0
VERTEX
  8
BG_DXF_C
 10
35.311080
 20
20.031710
 40
0.025400
 41
0.025400
 42
0.000000
  0
SEQEND
  0
POLYLINE
  8
BG_DXF_C
 66
1
 70
0
 40
0.000000
 41
0.000000
 39
0.000000
  0
VERTEX
  8
BG_DXF_C
 10
35.797490
 20
17.302480
 40
0.025400
 41
0.025400
 42
0.000000
  0
VERTEX
  8
BG_DXF_C
 10
35.339274
 20
17.302480
 40
0.025400
 41
0.025400
 42
0.000000
  0
VERTEX
  8
BG_DXF_C
 10
35.339274
 20
17.902936
 40
0.025400
 41
0.025400
 42
0.000000
  0
VERTEX
  8
BG_DXF_C
 10
36.441380
 20
17.902936
 40
0.025400
 41
0.025400
 42
0.000000
  0
VERTEX
  8
BG_DXF_C
 10
36.441380
 20
17.302480
 40
0.025400
 41
0.025400
 42
0.000000
  0
VERTEX
  8
BG_DXF_C
 10
35.797490
 20
17.302480
 40
0.025400
 41
0.025400
 42
0.000000
  0
SEQEND
  0
POLYLINE
  8
BG_DXF_C
 66
1
 70
0
 40
0.000000
 41
0.000000
 39
0.000000
  0
VERTEX
  8
BG_DXF_C
 10
41.041320
 20
19.947890
 40
0.025400
 41
0.025400
 42
0.000000
  0
VERTEX
  8
BG_DXF_C
 10
41.041320
 20
19.489674
 40
0.025400
 41
0.025400
 42
0.000000
  0
VERTEX
  8
BG_DXF_C
 10
40.440864
 20
19.489674
 40
0.025400
 41
0.025400
 42
0.000000
  0
VERTEX
  8
BG_DXF_C
 10
40.440864
 20
20.591780
 40
0.025400
 41
0.025400
 42
0.000000
  0
VERTEX
  8
BG_DXF_C
 10
41.041320
 20
20.591780
 40
0.025400
 41
0.025400
 42
0.000000
  0
VERTEX
  8
BG_DXF_C
 10
41.041320
 20
19.947890
 40
0.025400
 41
0.025400
 42
0.000000
  0
SEQEND
  0
POLYLINE
  8
BG_DXF_C
 66
1
 70
0
 40
0.000000
 41
0.000000
 39
0.000000
  0
VERTEX
  8
BG_DXF_C
 10
54.427120
 20
26.247090
 40
0.025400
 41
0.025400
 42
0.000000
  0
VERTEX
  8
BG_DXF_C
 10
54.427120
 20
25.788874
 40
0.025400
 41
0.025400
 42
0.000000
  0
VERTEX
  8
BG_DXF_C
 10
53.826664
 20
25.788874
 40
0.025400
 41
0.025400
 42
0.000000
  0
VERTEX
  8
BG_DXF_C
 10
53.826664
 20
26.890980
 40
0.025400
 41
0.025400
 42
0.000000
  0
VERTEX
  8
BG_DXF_C
 10
54.427120
 20
26.890980
 40
0.025400
 41
0.025400
 42
0.000000
  0
VERTEX
  8
BG_DXF_C
 10
54.427120
 20
26.247090
 40
0.025400
 41
0.025400
 42
0.000000
  0
SEQEND
  0
POLYLINE
  8
BG_DXF_C
 66
1
 70
0
 40
0.000000
 41
0.000000
 39
0.000000
  0
VERTEX
  8
BG_DXF_C
 10
31.907480
 20
27.143710
 40
0.025400
 41
0.025400
 42
0.000000
  0
VERTEX
  8
BG_DXF_C
 10
31.907480
 20
27.601926
 40
0.025400
 41
0.025400
 42
0.000000
  0
VERTEX
  8
BG_DXF_C
 10
32.507936
 20
27.601926
 40
0.025400
 41
0.025400
 42
0.000000
  0
VERTEX
  8
BG_DXF_C
 10
32.507936
 20
26.499820
 40
0.025400
 41
0.025400
 42
0.000000
  0
VERTEX
  8
BG_DXF_C
 10
31.907480
 20
26.499820
 40
0.025400
 41
0.025400
 42
0.000000
  0
VERTEX
  8
BG_DXF_C
 10
31.907480
 20
27.143710
 40
0.025400
 41
0.025400
 42
0.000000
  0
SEQEND
  0
POLYLINE
  8
BG_DXF_C
 66
1
 70
0
 40
0.000000
 41
0.000000
 39
0.000000
  0
VERTEX
  8
BG_DXF_C
 10
21.268690
 20
6.761480
 40
0.025400
 41
0.025400
 42
0.000000
  0
VERTEX
  8
BG_DXF_C
 10
20.810474
 20
6.761480
 40
0.025400
 41
0.025400
 42
0.000000
  0
VERTEX
  8
BG_DXF_C
 10
20.810474
 20
7.361936
 40
0.025400
 41
0.025400
 42
0.000000
  0
VERTEX
  8
BG_DXF_C
 10
21.912580
 20
7.361936
 40
0.025400
 41
0.025400
 42
0.000000
  0
VERTEX
  8
BG_DXF_C
 10
21.912580
 20
6.761480
 40
0.025400
 41
0.025400
 42
0.000000
  0
VERTEX
  8
BG_DXF_C
 10
21.268690
 20
6.761480
 40
0.025400
 41
0.025400
 42
0.000000
  0
SEQEND
  0
POLYLINE
  8
BG_DXF_C
 66
1
 70
0
 40
0.000000
 41
0.000000
 39
0.000000
  0
VERTEX
  8
BG_DXF_C
 10
34.564066
 20
27.143710
 40
0.025400
 41
0.025400
 42
0.000000
  0
VERTEX
  8
BG_DXF_C
 10
34.563812
 20
27.601672
 40
0.025400
 41
0.025400
 42
0.000000
  0
VERTEX
  8
BG_DXF_C
 10
35.164268
 20
27.601926
 40
0.025400
 41
0.025400
 42
0.000000
  0
VERTEX
  8
BG_DXF_C
 10
35.164522
 20
26.499820
 40
0.025400
 41
0.025400
 42
0.000000
  0
VERTEX
  8
BG_DXF_C
 10
34.563812
 20
26.499820
 40
0.025400
 41
0.025400
 42
0.000000
  0
VERTEX
  8
BG_DXF_C
 10
34.564066
 20
27.143710
 40
0.025400
 41
0.025400
 42
0.000000
  0
SEQEND
  0
POLYLINE
  8
BG_DXF_C
 66
1
 70
1
 40
0.000000
 41
0.000000
 39
0.000000
  0
VERTEX
  8
BG_DXF_C
 10
20.100798
 20
27.127200
 40
0.000000
 41
0.000000
 42
1.000000
  0
VERTEX
  8
BG_DXF_C
 10
19.472402
 20
27.127200
 40
0.000000
 41
0.000000
 42
1.000000
  0
SEQEND
  0
POLYLINE
  8
BG_DXF_C
 66
1
 70
1
 40
0.000000
 41
0.000000
 39
0.000000
  0
VERTEX
  8
BG_DXF_C
 10
12.277598
 20
9.652000
 40
0.000000
 41
0.000000
 42
1.000000
  0
VERTEX
  8
BG_DXF_C
 10
11.649202
 20
9.652000
 40
0.000000
 41
0.000000
 42
1.000000
  0
SEQEND
  0
POLYLINE
  8
BG_DXF_C
 66
1
 70
1
 40
0.000000
 41
0.000000
 39
0.000000
  0
VERTEX
  8
BG_DXF_C
 10
43.849798
 20
3.556000
 40
0.000000
 41
0.000000
 42
1.000000
  0
VERTEX
  8
BG_DXF_C
 10
43.221402
 20
3.556000
 40
0.000000
 41
0.000000
 42
1.000000
  0
SEQEND
  0
POLYLINE
  8
BG_DXF_C
 66
1
 70
1
 40
0.000000
 41
0.000000
 39
0.000000
  0
VERTEX
  8
BG_DXF_C
 10
50.281586
 20
29.094684
 40
0.000000
 41
0.000000
 42
0.000000
  0
VERTEX
  8
BG_DXF_C
 10
49.681384
 20
29.094684
 40
0.000000
 41
0.000000
 42
0.000000
  0
VERTEX
  8
BG_DXF_C
 10
49.981358
 20
28.294584
 40
0.000000
 41
0.000000
 42
0.000000
  0
SEQEND
  0
POLYLINE
  8
BG_DXF_C
 66
1
 70
1
 40
0.000000
 41
0.000000
 39
0.000000
  0
VERTEX
  8
BG_DXF_C
 10
50.281586
 20
29.094684
 40
0.000000
 41
0.000000
 42
0.000000
  0
VERTEX
  8
BG_DXF_C
 10
49.681384
 20
29.094684
 40
0.000000
 41
0.000000
 42
0.000000
  0
VERTEX
  8
BG_DXF_C
 10
49.981358
 20
28.294584
 40
0.000000
 41
0.000000
 42
0.000000
  0
SEQEND
  0
POLYLINE
  8
BG_OUTLINE
 66
1
 70
1
 40
0.000000
 41
0.000000
 39
0.000000
  0
VERTEX
  8
BG_OUTLINE
 10
0.000000
 20
29.740606
 40
0.000000
 41
0.000000
 42
0.000000
  0
VERTEX
  8
BG_OUTLINE
 10
0.000000
 20
3.074924
 40
0.000000
 41
0.000000
 42
0.000000
  0
VERTEX
  8
BG_OUTLINE
 10
0.000000
 20
1.291844
 40
0.000000
 41
0.000000
 42
0.410840
  0
VERTEX
  8
BG_OUTLINE
 10
1.306830
 20
0.000000
 40
0.000000
 41
0.000000
 42
0.000000
  0
VERTEX
  8
BG_OUTLINE
 10
3.378200
 20
0.000000
 40
0.000000
 41
0.000000
 42
0.000000
  0
VERTEX
  8
BG_OUTLINE
 10
52.278280
 20
0.000000
 40
0.000000
 41
0.000000
 42
0.000000
  0
VERTEX
  8
BG_OUTLINE
 10
55.715154
 20
0.000000
 40
0.000000
 41
0.000000
 42
0.411966
  0
VERTEX
  8
BG_OUTLINE
 10
56.999886
 20
1.294638
 40
0.000000
 41
0.000000
 42
0.000000
  0
VERTEX
  8
BG_OUTLINE
 10
56.999886
 20
4.280154
 40
0.000000
 41
0.000000
 42
0.000000
  0
VERTEX
  8
BG_OUTLINE
 10
56.999886
 20
31.206186
 40
0.000000
 41
0.000000
 42
0.000000
  0
VERTEX
  8
BG_OUTLINE
 10
56.999886
 20
33.722056
 40
0.000000
 41
0.000000
 42
0.410401
  0
VERTEX
  8
BG_OUTLINE
 10
55.705248
 20
34.999930
 40
0.000000
 41
0.000000
 42
0.000000
  0
VERTEX
  8
BG_OUTLINE
 10
54.149498
 20
34.999930
 40
0.000000
 41
0.000000
 42
0.000000
  0
VERTEX
  8
BG_OUTLINE
 10
8.897874
 20
34.999930
 40
0.000000
 41
0.000000
 42
0.000000
  0
VERTEX
  8
BG_OUTLINE
 10
1.304544
 20
34.999930
 40
0.000000
 41
0.000000
 42
0.410310
  0
VERTEX
  8
BG_OUTLINE
 10
0.000000
 20
33.677860
 40
0.000000
 41
0.000000
 42
0.000000
  0
SEQEND
  0
TEXT
  8
BG_DXF_C
 10
44.145200
 20
4.775200
 11
0.000000
 21
0.000000
 40
0.812800
 41
1.000312
 50
0.000000
  7
STANDARD
 71
0
 72
0
  1
20260729
 73
0
  0
TEXT
  8
BG_DXF_C
 10
50.952400
 20
3.039618
 11
0.000000
 21
0.000000
 40
0.812800
 41
1.000312
 50
0.000000
  7
STANDARD
 71
0
 72
0
  1
U3
 73
0
  0
TEXT
  8
BG_DXF_C
 10
46.253400
 20
28.515564
 11
0.000000
 21
0.000000
 40
0.812800
 41
1.000312
 50
0.000000
  7
STANDARD
 71
0
 72
0
  1
U2
 73
0
  0
TEXT
  8
BG_DXF_C
 10
10.337800
 20
6.620764
 11
0.000000
 21
0.000000
 40
0.635000
 41
1.040000
 50
0.000000
  7
STANDARD
 71
0
 72
0
  1
U9
 73
0
  0
TEXT
  8
BG_DXF_C
 10
32.029400
 20
6.671564
 11
0.000000
 21
0.000000
 40
0.635000
 41
1.040000
 50
0.000000
  7
STANDARD
 71
0
 72
0
  1
U13
 73
0
  0
TEXT
  8
BG_DXF_C
 10
10.287000
 20
33.265364
 11
0.000000
 21
0.000000
 40
0.635000
 41
1.040000
 50
0.000000
  7
STANDARD
 71
0
 72
0
  1
U15
 73
0
  0
TEXT
  8
BG_DXF_C
 10
37.693600
 20
15.917418
 11
0.000000
 21
0.000000
 40
0.812800
 41
1.000312
 50
0.000000
  7
STANDARD
 71
0
 72
0
  1
Y1
 73
0
  0
TEXT
  8
BG_DXF_C
 10
55.660036
 20
16.052800
 11
0.000000
 21
0.000000
 40
0.635000
 41
1.040000
 50
90.000000
  7
STANDARD
 71
0
 72
0
  1
L1
 73
0
  0
TEXT
  8
BG_DXF_C
 10
54.771036
 20
15.494000
 11
0.000000
 21
0.000000
 40
0.635000
 41
1.040000
 50
90.000000
  7
STANDARD
 71
0
 72
0
  1
L10
 73
0
  0
TEXT
  8
BG_DXF_C
 10
37.338000
 20
22.775418
 11
0.000000
 21
0.000000
 40
0.635000
 41
1.040000
 50
0.000000
  7
STANDARD
 71
0
 72
0
  1
L3
 73
0
  0
TEXT
  8
BG_DXF_C
 10
55.270400
 20
27.982418
 11
0.000000
 21
0.000000
 40
0.635000
 41
1.040000
 50
0.000000
  7
STANDARD
 71
0
 72
0
  1
L5
 73
0
  0
TEXT
  8
BG_DXF_C
 10
50.707036
 20
32.689800
 11
0.000000
 21
0.000000
 40
0.635000
 41
1.040000
 50
90.000000
  7
STANDARD
 71
0
 72
0
  1
L7
 73
0
  0
TEXT
  8
BG_DXF_C
 10
37.363400
 20
24.477218
 11
0.000000
 21
0.000000
 40
0.635000
 41
1.040000
 50
0.000000
  7
STANDARD
 71
0
 72
0
  1
L9
 73
0
  0
TEXT
  8
BG_DXF_C
 10
55.245000
 20
18.279364
 11
0.000000
 21
0.000000
 40
0.635000
 41
1.040000
 50
0.000000
  7
STANDARD
 71
0
 72
0
  1
L2
 73
0
  0
TEXT
  8
BG_DXF_C
 10
53.703982
 20
15.976600
 11
0.000000
 21
0.000000
 40
0.635000
 41
1.040000
 50
90.000000
  7
STANDARD
 71
0
 72
0
  1
L4
 73
0
  0
TEXT
  8
BG_DXF_C
 10
55.194200
 20
20.946618
 11
0.000000
 21
0.000000
 40
0.635000
 41
1.040000
 50
0.000000
  7
STANDARD
 71
0
 72
0
  1
L6
 73
0
  0
TEXT
  8
BG_DXF_C
 10
37.312600
 20
26.458418
 11
0.000000
 21
0.000000
 40
0.635000
 41
1.040000
 50
0.000000
  7
STANDARD
 71
0
 72
0
  1
L8
 73
0
  0
TEXT
  8
BG_DXF_C
 10
37.456533
 20
6.849618
 11
37.668200
 21
6.849618
 40
0.635000
 41
1.040000
 50
0.000000
  7
STANDARD
 71
0
 72
1
  1
L11
 73
0
  0
TEXT
  8
BG_DXF_C
 10
15.434733
 20
6.798818
 11
15.646400
 21
6.798818
 40
0.635000
 41
1.040000
 50
0.000000
  7
STANDARD
 71
0
 72
1
  1
L12
 73
0
  0
TEXT
  8
BG_DXF_C
 10
15.485533
 20
33.570418
 11
15.697200
 21
33.570418
 40
0.635000
 41
1.040000
 50
0.000000
  7
STANDARD
 71
0
 72
1
  1
L14
 73
0
  0
TEXT
  8
BG_DXF_C
 10
34.103903
 20
31.699200
 11
34.374836
 21
31.699200
 40
0.812800
 41
1.000312
 50
90.000000
  7
STANDARD
 71
0
 72
1
  1
LED2
 73
0
  0
TEXT
  8
BG_DXF_C
 10
22.953049
 20
31.648400
 11
23.223982
 21
31.648400
 40
0.812800
 41
1.000312
 50
90.000000
  7
STANDARD
 71
0
 72
1
  1
LED1
 73
0
  0
TEXT
  8
BG_DXF_C
 10
39.742533
 20
30.115764
 11
39.954200
 21
30.115764
 40
0.635000
 41
1.040000
 50
0.000000
  7
STANDARD
 71
0
 72
1
  1
C52
 73
0
  0
TEXT
  8
BG_DXF_C
 10
36.779369
 20
29.057600
 11
36.991036
 21
29.057600
 40
0.635000
 41
1.040000
 50
90.000000
  7
STANDARD
 71
0
 72
1
  1
C53
 73
0
  0
TEXT
  8
BG_DXF_C
 10
18.660533
 20
29.709364
 11
18.872200
 21
29.709364
 40
0.635000
 41
1.040000
 50
0.000000
  7
STANDARD
 71
0
 72
1
  1
C336
 73
0
  0
TEXT
  8
BG_DXF_C
 10
27.482715
 20
4.902200
 11
27.694382
 21
4.902200
 40
0.635000
 41
1.040000
 50
90.000000
  7
STANDARD
 71
0
 72
1
  1
C88
 73
0
  0
TEXT
  8
BG_DXF_C
 10
5.638969
 20
5.080000
 11
5.850636
 21
5.080000
 40
0.635000
 41
1.040000
 50
90.000000
  7
STANDARD
 71
0
 72
1
  1
C93
 73
0
  0
TEXT
  8
BG_DXF_C
 10
28.041769
 20
28.930600
 11
28.253436
 21
28.930600
 40
0.635000
 41
1.040000
 50
90.000000
  7
STANDARD
 71
0
 72
1
  1
R52
 73
0
  0
TEXT
  8
BG_DXF_C
 10
29.210169
 20
28.854400
 11
29.421836
 21
28.854400
 40
0.635000
 41
1.040000
 50
90.000000
  7
STANDARD
 71
0
 72
1
  1
R53
 73
0
  0
TEXT
  8
BG_DXF_C
 10
43.586400
 20
29.531564
 11
0.000000
 21
0.000000
 40
0.635000
 41
1.040000
 50
0.000000
  7
STANDARD
 71
0
 72
0
  1
TP1
 73
0
  0
TEXT
  8
BG_DXF_C
 10
20.320000
 20
26.839164
 11
0.000000
 21
0.000000
 40
0.812800
 41
1.000312
 50
0.000000
  7
STANDARD
 71
0
 72
0
  1
U1
 73
0
  0
TEXT
  8
BG_DXF_C
 10
12.171934
 20
8.055864
 11
0.000000
 21
0.000000
 40
0.812800
 41
1.000312
 50
0.000000
  7
STANDARD
 71
0
 72
0
  1
U4
 73
0
  0
TEXT
  8
BG_DXF_C
 10
0.635254
 20
28.477210
 11
0.000000
 21
0.000000
 40
0.635000
 41
1.040000
 50
0.000000
  7
STANDARD
 71
0
 72
0
  1
Q4
 73
0
  0
TEXT
  8
BG_DXF_C
 10
9.152382
 20
27.254200
 11
0.000000
 21
0.000000
 40
0.635000
 41
1.040000
 50
90.000000
  7
STANDARD
 71
0
 72
0
  1
C334
 73
0
  0
TEXT
  8
BG_DXF_C
 10
30.437836
 20
6.324600
 11
0.000000
 21
0.000000
 40
0.635000
 41
1.040000
 50
90.000000
  7
STANDARD
 71
0
 72
0
  1
C194
 73
0
  0
TEXT
  8
BG_DXF_C
 10
36.119054
 20
21.530564
 11
0.000000
 21
0.000000
 40
0.635000
 41
1.040000
 50
0.000000
  7
STANDARD
 71
0
 72
0
  1
C140
 73
0
  0
TEXT
  8
BG_DXF_C
 10
28.608782
 20
4.089400
 11
0.000000
 21
0.000000
 40
0.635000
 41
1.040000
 50
90.000000
  7
STANDARD
 71
0
 72
0
  1
C89
 73
0
  0
TEXT
  8
BG_DXF_C
 10
6.713982
 20
4.165600
 11
0.000000
 21
0.000000
 40
0.635000
 41
1.040000
 50
90.000000
  7
STANDARD
 71
0
 72
0
  1
C94
 73
0
  0
TEXT
  8
BG_DXF_C
 10
47.582836
 20
32.080454
 11
0.000000
 21
0.000000
 40
0.635000
 41
1.040000
 50
90.000000
  7
STANDARD
 71
0
 72
0
  1
C78
 73
0
  0
TEXT
  8
BG_DXF_C
 10
44.407836
 20
32.055054
 11
0.000000
 21
0.000000
 40
0.635000
 41
1.040000
 50
90.000000
  7
STANDARD
 71
0
 72
0
  1
C85
 73
0
  0
TEXT
  8
BG_DXF_C
 10
41.740582
 20
17.627346
 11
0.000000
 21
0.000000
 40
0.635000
 41
1.040000
 50
90.000000
  7
STANDARD
 71
0
 72
0
  1
C25
 73
0
  0
TEXT
  8
BG_DXF_C
 10
51.409854
 20
16.247364
 11
0.000000
 21
0.000000
 40
0.635000
 41
1.040000
 50
0.000000
  7
STANDARD
 71
0
 72
0
  1
C8
 73
0
  0
TEXT
  8
BG_DXF_C
 10
53.263800
 20
29.633164
 11
0.000000
 21
0.000000
 40
0.635000
 41
1.040000
 50
0.000000
  7
STANDARD
 71
0
 72
0
  1
C81
 73
0
  0
TEXT
  8
BG_DXF_C
 10
53.568600
 20
23.664164
 11
0.000000
 21
0.000000
 40
0.635000
 41
1.040000
 50
0.000000
  7
STANDARD
 71
0
 72
0
  1
C70
 73
0
  0
TEXT
  8
BG_DXF_C
 10
53.594000
 20
22.724364
 11
0.000000
 21
0.000000
 40
0.635000
 41
1.040000
 50
0.000000
  7
STANDARD
 71
0
 72
0
  1
C71
 73
0
  0
TEXT
  8
BG_DXF_C
 10
53.568600
 20
24.934164
 11
0.000000
 21
0.000000
 40
0.635000
 41
1.040000
 50
0.000000
  7
STANDARD
 71
0
 72
0
  1
C72
 73
0
  0
TEXT
  8
BG_DXF_C
 10
43.595036
 20
32.055054
 11
0.000000
 21
0.000000
 40
0.635000
 41
1.040000
 50
90.000000
  7
STANDARD
 71
0
 72
0
  1
C77
 73
0
  0
TEXT
  8
BG_DXF_C
 10
45.220636
 20
32.029654
 11
0.000000
 21
0.000000
 40
0.635000
 41
1.040000
 50
90.000000
  7
STANDARD
 71
0
 72
0
  1
C79
 73
0
  0
TEXT
  8
BG_DXF_C
 10
46.008036
 20
32.029654
 11
0.000000
 21
0.000000
 40
0.635000
 41
1.040000
 50
90.000000
  7
STANDARD
 71
0
 72
0
  1
C83
 73
0
  0
TEXT
  8
BG_DXF_C
 10
46.770036
 20
32.080454
 11
0.000000
 21
0.000000
 40
0.635000
 41
1.040000
 50
90.000000
  7
STANDARD
 71
0
 72
0
  1
C84
 73
0
  0
TEXT
  8
BG_DXF_C
 10
48.370236
 20
32.105854
 11
0.000000
 21
0.000000
 40
0.635000
 41
1.040000
 50
90.000000
  7
STANDARD
 71
0
 72
0
  1
C86
 73
0
  0
TEXT
  8
BG_DXF_C
 10
9.965182
 20
27.228546
 11
0.000000
 21
0.000000
 40
0.635000
 41
1.040000
 50
90.000000
  7
STANDARD
 71
0
 72
0
  1
C335
 73
0
  0
TEXT
  8
BG_DXF_C
 10
17.246600
 20
28.490418
 11
0.000000
 21
0.000000
 40
0.635000
 41
1.040000
 50
0.000000
  7
STANDARD
 71
0
 72
0
  1
C337
 73
0
  0
TEXT
  8
BG_DXF_C
 10
6.714236
 20
27.051254
 11
0.000000
 21
0.000000
 40
0.635000
 41
1.040000
 50
90.000000
  7
STANDARD
 71
0
 72
0
  1
C338
 73
0
  0
TEXT
  8
BG_DXF_C
 10
51.435254
 20
24.299164
 11
0.000000
 21
0.000000
 40
0.635000
 41
1.040000
 50
0.000000
  7
STANDARD
 71
0
 72
0
  1
R10
 73
0
  0
TEXT
  8
BG_DXF_C
 10
51.570382
 20
19.202400
 11
0.000000
 21
0.000000
 40
0.635000
 41
1.040000
 50
90.000000
  7
STANDARD
 71
0
 72
0
  1
R3
 73
0
  0
TEXT
  8
BG_DXF_C
 10
43.340782
 20
19.558000
 11
0.000000
 21
0.000000
 40
0.635000
 41
1.040000
 50
90.000000
  7
STANDARD
 71
0
 72
0
  1
R7
 73
0
  0
TEXT
  8
BG_DXF_C
 10
5.977382
 20
26.212546
 11
0.000000
 21
0.000000
 40
0.635000
 41
1.040000
 50
90.000000
  7
STANDARD
 71
0
 72
0
  1
R130
 73
0
  0
TEXT
  8
BG_DXF_C
 10
25.967182
 20
29.133546
 11
0.000000
 21
0.000000
 40
0.635000
 41
1.040000
 50
90.000000
  7
STANDARD
 71
0
 72
0
  1
R121
 73
0
  0
TEXT
  8
BG_DXF_C
 10
31.504636
 20
29.134054
 11
0.000000
 21
0.000000
 40
0.635000
 41
1.040000
 50
90.000000
  7
STANDARD
 71
0
 72
0
  1
R123
 73
0
  0
TEXT
  8
BG_DXF_C
 10
5.112512
 20
29.860748
 11
0.000000
 21
0.000000
 40
0.635000
 41
1.040000
 50
90.000000
  7
STANDARD
 71
0
 72
0
  1
R129
 73
0
  0
TEXT
  8
BG_DXF_C
 10
41.148254
 20
30.979364
 11
0.000000
 21
0.000000
 40
0.635000
 41
1.040000
 50
0.000000
  7
STANDARD
 71
0
 72
0
  1
R13
 73
0
  0
TEXT
  8
BG_DXF_C
 10
41.148254
 20
30.115764
 11
0.000000
 21
0.000000
 40
0.635000
 41
1.040000
 50
0.000000
  7
STANDARD
 71
0
 72
0
  1
R14
 73
0
  0
TEXT
  8
BG_DXF_C
 10
7.501382
 20
27.101546
 11
0.000000
 21
0.000000
 40
0.635000
 41
1.040000
 50
90.000000
  7
STANDARD
 71
0
 72
0
  1
R131
 73
0
  0
TEXT
  8
BG_DXF_C
 10
7.264400
 20
26.356818
 11
0.000000
 21
0.000000
 40
0.635000
 41
1.040000
 50
0.000000
  7
STANDARD
 71
0
 72
0
  1
R132
 73
0
  0
TEXT
  8
BG_DXF_C
 10
10.388600
 20
28.109418
 11
0.000000
 21
0.000000
 40
0.635000
 41
1.040000
 50
0.000000
  7
STANDARD
 71
0
 72
0
  1
R133
 73
0
  0
TEXT
  8
BG_DXF_C
 10
13.131800
 20
28.134818
 11
0.000000
 21
0.000000
 40
0.635000
 41
1.040000
 50
0.000000
  7
STANDARD
 71
0
 72
0
  1
R134
 73
0
  0
TEXT
  8
BG_DXF_C
 10
50.783236
 20
19.202400
 11
0.000000
 21
0.000000
 40
0.635000
 41
1.040000
 50
90.000000
  7
STANDARD
 71
0
 72
0
  1
R2
 73
0
  0
TEXT
  8
BG_DXF_C
 10
36.559236
 20
22.225000
 11
0.000000
 21
0.000000
 40
0.635000
 41
1.040000
 50
90.000000
  7
STANDARD
 71
0
 72
0
  1
R24
 73
0
  0
TEXT
  8
BG_DXF_C
 10
25.662382
 20
6.908800
 11
0.000000
 21
0.000000
 40
0.635000
 41
1.040000
 50
90.000000
  7
STANDARD
 71
0
 72
0
  1
R67
 73
0
  0
TEXT
  8
BG_DXF_C
 10
35.771836
 20
22.250400
 11
0.000000
 21
0.000000
 40
0.635000
 41
1.040000
 50
90.000000
  7
STANDARD
 71
0
 72
0
  1
R25
 73
0
  0
TEXT
  8
BG_DXF_C
 10
40.902382
 20
18.110200
 11
0.000000
 21
0.000000
 40
0.635000
 41
1.040000
 50
90.000000
  7
STANDARD
 71
0
 72
0
  1
R5
 73
0
  0
TEXT
  8
BG_DXF_C
 10
31.631636
 20
26.619454
 11
0.000000
 21
0.000000
 40
0.635000
 41
1.040000
 50
90.000000
  7
STANDARD
 71
0
 72
0
  1
R51
 73
0
  0
TEXT
  8
BG_DXF_C
 10
20.599400
 20
5.986018
 11
0.000000
 21
0.000000
 40
0.635000
 41
1.040000
 50
0.000000
  7
STANDARD
 71
0
 72
0
  1
R55
 73
0
  0
TEXT
  8
BG_DXF_C
 10
34.339022
 20
26.517854
 11
0.000000
 21
0.000000
 40
0.635000
 41
1.040000
 50
90.000000
  7
STANDARD
 71
0
 72
0
  1
R54
 73
0
  0
ENDSEC
  0
EOF
