  0
SECTION
  2
HEADER
  9
$ACADVER
  1
AC1024
  9
$ACADMAINTVER
 70
   226
  9
$DWGCODEPAGE
  3
ANSI_936
  9
$LASTSAVEDBY
  1
tl
  9
$INSBASE
 10
0.0
 20
0.0
 30
0.0
  9
$EXTMIN
 10
-0.0381000000003629
 20
-0.0381000000003629
 30
0.0
  9
$EXTMAX
 10
109.226604
 20
35.03803
 30
0.0
  9
$LIMMIN
 10
-774.824968
 20
-933.1604399999999
  9
$LIMMAX
 10
758.575064
 20
498.6395919999999
  9
$ORTHOMODE
 70
     0
  9
$REGENMODE
 70
     1
  9
$FILLMODE
 70
     1
  9
$QTEXTMODE
 70
     0
  9
$MIRRTEXT
 70
     0
  9
$LTSCALE
 40
1.0
  9
$ATTMODE
 70
     0
  9
$TEXTSIZE
 40
0.2
  9
$TRACEWID
 40
0.05
  9
$TEXTSTYLE
  7
STANDARD
  9
$CLAYER
  8
0
  9
$CELTYPE
  6
CONTINUOUS
  9
$CECOLOR
 62
   256
  9
$CELTSCALE
 40
1.0
  9
$DISPSILH
 70
     0
  9
$DIMSCALE
 40
1.0
  9
$DIMASZ
 40
0.18
  9
$DIMEXO
 40
0.0625
  9
$DIMDLI
 40
0.38
  9
$DIMRND
 40
0.0
  9
$DIMDLE
 40
0.0
  9
$DIMEXE
 40
0.18
  9
$DIMTP
 40
0.0
  9
$DIMTM
 40
0.0
  9
$DIMTXT
 40
0.18
  9
$DIMCEN
 40
0.09
  9
$DIMTSZ
 40
0.0
  9
$DIMTOL
 70
     0
  9
$DIMLIM
 70
     0
  9
$DIMTIH
 70
     1
  9
$DIMTOH
 70
     1
  9
$DIMSE1
 70
     0
  9
$DIMSE2
 70
     0
  9
$DIMTAD
 70
     0
  9
$DIMZIN
 70
     0
  9
$DIMBLK
  1

  9
$DIMASO
 70
     1
  9
$DIMSHO
 70
     1
  9
$DIMPOST
  1

  9
$DIMAPOST
  1

  9
$DIMALT
 70
     0
  9
$DIMALTD
 70
     2
  9
$DIMALTF
 40
25.4
  9
$DIMLFAC
 40
1.0
  9
$DIMTOFL
 70
     0
  9
$DIMTVP
 40
0.0
  9
$DIMTIX
 70
     0
  9
$DIMSOXD
 70
     0
  9
$DIMSAH
 70
     0
  9
$DIMBLK1
  1

  9
$DIMBLK2
  1

  9
$DIMSTYLE
  2
Standard
  9
$DIMCLRD
 70
     0
  9
$DIMCLRE
 70
     0
  9
$DIMCLRT
 70
     0
  9
$DIMTFAC
 40
1.0
  9
$DIMGAP
 40
0.09
  9
$DIMJUST
 70
     0
  9
$DIMSD1
 70
     0
  9
$DIMSD2
 70
     0
  9
$DIMTOLJ
 70
     1
  9
$DIMTZIN
 70
     0
  9
$DIMALTZ
 70
     0
  9
$DIMALTTZ
 70
     0
  9
$DIMUPT
 70
     0
  9
$DIMDEC
 70
     4
  9
$DIMTDEC
 70
     4
  9
$DIMALTU
 70
     2
  9
$DIMALTTD
 70
     2
  9
$DIMTXSTY
  7
STANDARD
  9
$DIMAUNIT
 70
     0
  9
$DIMADEC
 70
     0
  9
$DIMALTRND
 40
0.0
  9
$DIMAZIN
 70
     0
  9
$DIMDSEP
 70
    46
  9
$DIMATFIT
 70
     3
  9
$DIMFRAC
 70
     0
  9
$DIMLDRBLK
  1

  9
$DIMLUNIT
 70
     2
  9
$DIMLWD
 70
    -2
  9
$DIMLWE
 70
    -2
  9
$DIMTMOVE
 70
     0
  9
$DIMFXL
 40
1.0
  9
$DIMFXLON
 70
     0
  9
$DIMJOGANG
 40
0.7853981633974483
  9
$DIMTFILL
 70
     0
  9
$DIMTFILLCLR
 70
     0
  9
$DIMARCSYM
 70
     0
  9
$DIMLTYPE
  6

  9
$DIMLTEX1
  6

  9
$DIMLTEX2
  6

  9
$DIMTXTDIRECTION
 70
     0
  9
$LUNITS
 70
     2
  9
$LUPREC
 70
     2
  9
$SKETCHINC
 40
0.1
  9
$FILLETRAD
 40
0.0
  9
$AUNITS
 70
     0
  9
$AUPREC
 70
     0
  9
$MENU
  1
.
  9
$ELEVATION
 40
0.0
  9
$PELEVATION
 40
0.0
  9
$THICKNESS
 40
1.999995999999999
  9
$LIMCHECK
 70
     0
  9
$CHAMFERA
 40
0.0
  9
$CHAMFERB
 40
0.0
  9
$CHAMFERC
 40
0.0
  9
$CHAMFERD
 40
0.0
  9
$SKPOLY
 70
     0
  9
$TDCREATE
 40
2461279.823356481
  9
$TDUCREATE
 40
2461279.490023148
  9
$TDUPDATE
 40
2461279.827546297
  9
$TDUUPDATE
 40
2461279.494212963
  9
$TDINDWG
 40
0.0041898148
  9
$TDUSRTIMER
 40
0.0041898148
  9
$USRTIMER
 70
     1
  9
$ANGBASE
 50
0.0
  9
$ANGDIR
 70
     0
  9
$PDMODE
 70
     0
  9
$PDSIZE
 40
0.0
  9
$PLINEWID
 40
0.0
  9
$SPLFRAME
 70
     0
  9
$SPLINETYPE
 70
     6
  9
$SPLINESEGS
 70
     8
  9
$HANDSEED
  5
3BF0
  9
$SURFTAB1
 70
     6
  9
$SURFTAB2
 70
     6
  9
$SURFTYPE
 70
     6
  9
$SURFU
 70
     6
  9
$SURFV
 70
     6
  9
$UCSBASE
  2

  9
$UCSNAME
  2

  9
$UCSORG
 10
0.0
 20
0.0
 30
0.0
  9
$UCSXDIR
 10
1.0
 20
0.0
 30
0.0
  9
$UCSYDIR
 10
0.0
 20
1.0
 30
0.0
  9
$UCSORTHOREF
  2

  9
$UCSORTHOVIEW
 70
     0
  9
$UCSORGTOP
 10
0.0
 20
0.0
 30
0.0
  9
$UCSORGBOTTOM
 10
0.0
 20
0.0
 30
0.0
  9
$UCSORGLEFT
 10
0.0
 20
0.0
 30
0.0
  9
$UCSORGRIGHT
 10
0.0
 20
0.0
 30
0.0
  9
$UCSORGFRONT
 10
0.0
 20
0.0
 30
0.0
  9
$UCSORGBACK
 10
0.0
 20
0.0
 30
0.0
  9
$PUCSBASE
  2

  9
$PUCSNAME
  2

  9
$PUCSORG
 10
0.0
 20
0.0
 30
0.0
  9
$PUCSXDIR
 10
1.0
 20
0.0
 30
0.0
  9
$PUCSYDIR
 10
0.0
 20
1.0
 30
0.0
  9
$PUCSORTHOREF
  2

  9
$PUCSORTHOVIEW
 70
     0
  9
$PUCSORGTOP
 10
0.0
 20
0.0
 30
0.0
  9
$PUCSORGBOTTOM
 10
0.0
 20
0.0
 30
0.0
  9
$PUCSORGLEFT
 10
0.0
 20
0.0
 30
0.0
  9
$PUCSORGRIGHT
 10
0.0
 20
0.0
 30
0.0
  9
$PUCSORGFRONT
 10
0.0
 20
0.0
 30
0.0
  9
$PUCSORGBACK
 10
0.0
 20
0.0
 30
0.0
  9
$USERI1
 70
     0
  9
$USERI2
 70
     0
  9
$USERI3
 70
     0
  9
$USERI4
 70
     0
  9
$USERI5
 70
     0
  9
$USERR1
 40
0.0
  9
$USERR2
 40
0.0
  9
$USERR3
 40
0.0
  9
$USERR4
 40
0.0
  9
$USERR5
 40
0.0
  9
$WORLDVIEW
 70
     1
  9
$SHADEDGE
 70
     3
  9
$SHADEDIF
 70
    70
  9
$TILEMODE
 70
     1
  9
$MAXACTVP
 70
    64
  9
$PINSBASE
 10
0.0
 20
0.0
 30
0.0
  9
$PLIMCHECK
 70
     0
  9
$PEXTMIN
 10
1.000000000000000E+20
 20
1.000000000000000E+20
 30
1.000000000000000E+20
  9
$PEXTMAX
 10
-1.000000000000000E+20
 20
-1.000000000000000E+20
 30
-1.000000000000000E+20
  9
$PLIMMIN
 10
0.0
 20
0.0
  9
$PLIMMAX
 10
12.0
 20
9.0
  9
$UNITMODE
 70
     0
  9
$VISRETAIN
 70
     1
  9
$PLINEGEN
 70
     0
  9
$PSLTSCALE
 70
     1
  9
$TREEDEPTH
 70
  3020
  9
$CMLSTYLE
  2
Standard
  9
$CMLJUST
 70
     0
  9
$CMLSCALE
 40
1.0
  9
$PROXYGRAPHICS
 70
     1
  9
$MEASUREMENT
 70
     0
  9
$CELWEIGHT
370
    -1
  9
$ENDCAPS
280
     0
  9
$JOINSTYLE
280
     0
  9
$LWDISPLAY
290
     0
  9
$INSUNITS
 70
     0
  9
$HYPERLINKBASE
  1

  9
$STYLESHEET
  1

  9
$XEDIT
290
     1
  9
$CEPSNTYPE
380
     0
  9
$PSTYLEMODE
290
     1
  9
$FINGERPRINTGUID
  2
{E1CC7AAA-3B05-C348-B628-861A9A9C04DF}
  9
$VERSIONGUID
  2
{10085C49-91B3-024A-BB21-3F5306322C4E}
  9
$EXTNAMES
290
     1
  9
$PSVPSCALE
 40
0.0
  9
$OLESTARTUP
290
     0
  9
$SORTENTS
280
   127
  9
$INDEXCTL
280
     0
  9
$HIDETEXT
280
     0
  9
$XCLIPFRAME
280
     2
  9
$HALOGAP
280
     0
  9
$OBSCOLOR
 70
   257
  9
$OBSLTYPE
280
     0
  9
$INTERSECTIONDISPLAY
280
     0
  9
$INTERSECTIONCOLOR
 70
   257
  9
$DIMASSOC
280
     1
  9
$PROJECTNAME
  1

  9
$CAMERADISPLAY
290
     0
  9
$LENSLENGTH
 40
50.0
  9
$CAMERAHEIGHT
 40
0.0
  9
$STEPSPERSEC
 40
2.0
  9
$STEPSIZE
 40
6.0
  9
$3DDWFPREC
 40
2.0
  9
$PSOLWIDTH
 40
0.25
  9
$PSOLHEIGHT
 40
4.0
  9
$LOFTANG1
 40
1.570796326794896
  9
$LOFTANG2
 40
1.570796326794896
  9
$LOFTMAG1
 40
0.0
  9
$LOFTMAG2
 40
0.0
  9
$LOFTPARAM
 70
     7
  9
$LOFTNORMALS
280
     1
  9
$LATITUDE
 40
37.795
  9
$LONGITUDE
 40
-122.394
  9
$NORTHDIRECTION
 40
0.0
  9
$TIMEZONE
 70
 -8000
  9
$LIGHTGLYPHDISPLAY
280
     1
  9
$TILEMODELIGHTSYNCH
280
     1
  9
$CMATERIAL
347
11
  9
$SOLIDHIST
280
     0
  9
$SHOWHIST
280
     1
  9
$DWFFRAME
280
     2
  9
$DGNFRAME
280
     0
  9
$REALWORLDSCALE
290
     1
  9
$INTERFERECOLOR
 62
     1
  9
$INTERFEREOBJVS
345
33
  9
$INTERFEREVPVS
346
30
  9
$CSHADOW
280
     0
  9
$SHADOWPLANELOCATION
 40
0.0
  0
ENDSEC
  0
SECTION
  2
CLASSES
  0
CLASS
  1
ACDBDICTIONARYWDFLT
  2
AcDbDictionaryWithDefault
  3
ObjectDBX Classes
 90
        0
 91
        1
280
     0
281
     0
  0
CLASS
  1
MATERIAL
  2
AcDbMaterial
  3
ObjectDBX Classes
 90
     1153
 91
        3
280
     0
281
     0
  0
CLASS
  1
VISUALSTYLE
  2
AcDbVisualStyle
  3
ObjectDBX Classes
 90
     4095
 91
       24
280
     0
281
     0
  0
CLASS
  1
SCALE
  2
AcDbScale
  3
ObjectDBX Classes
 90
     1153
 91
       17
280
     0
281
     0
  0
CLASS
  1
TABLESTYLE
  2
AcDbTableStyle
  3
ObjectDBX Classes
 90
     4095
 91
        1
280
     0
281
     0
  0
CLASS
  1
MLEADERSTYLE
  2
AcDbMLeaderStyle
  3
ACDB_MLEADERSTYLE_CLASS
 90
     4095
 91
        1
280
     0
281
     0
  0
CLASS
  1
ACDBSECTIONVIEWSTYLE
  2
AcDbSectionViewStyle
  3
ObjectDBX Classes
 90
     1025
 91
        1
280
     0
281
     0
  0
CLASS
  1
ACDBDETAILVIEWSTYLE
  2
AcDbDetailViewStyle
  3
ObjectDBX Classes
 90
     1025
 91
        1
280
     0
281
     0
  0
CLASS
  1
VLO-VL_U
  2
vlo_VL_U
  3
VL_U|AutoLISP based application
 90
      129
 91
       19
280
     0
281
     0
  0
CLASS
  1
CELLSTYLEMAP
  2
AcDbCellStyleMap
  3
ObjectDBX Classes
 90
     1152
 91
        3
280
     0
281
     0
  0
CLASS
  1
DICTIONARYVAR
  2
AcDbDictionaryVar
  3
ObjectDBX Classes
 90
        0
 91
       21
280
     0
281
     0
  0
CLASS
  1
SORTENTSTABLE
  2
AcDbSortentsTable
  3
ObjectDBX Classes
 90
        0
 91
        1
280
     0
281
     0
  0
ENDSEC
  0
SECTION
  2
TABLES
  0
TABLE
  2
VPORT
  5
8
330
0
100
AcDbSymbolTable
 70
     1
  0
VPORT
  5
77
330
8
100
AcDbSymbolTableRecord
100
AcDbViewportTableRecord
  2
*Active
 70
     0
 10
0.0
 20
0.0
 11
1.0
 21
1.0
 12
86.95717622214397
 22
14.55635298987141
 13
0.0
 23
0.0
 14
1.0
 24
1.0
 15
0.0
 25
0.0
 16
0.0
 26
0.0
 36
1.0
 17
0.0
 27
0.0
 37
0.0
 40
42.6683942472565
 41
2.328449328449328
 42
50.0
 43
0.0
 44
0.0
 50
0.0
 51
0.0
 71
     0
 72
   100
 73
     1
 74
     1
 75
     0
 76
     0
 77
     0
 78
     0
281
     0
 65
     1
110
0.0
120
0.0
130
0.0
111
1.0
121
0.0
131
0.0
112
0.0
122
1.0
132
0.0
 79
     0
146
0.0
348
2F
 60
     3
 61
     5
292
     1
282
     1
141
0.0
142
0.0
 63
   250
421
  3355443
1001
ACAD_NAV_VCDISPLAY
1070
     3
  0
ENDTAB
  0
TABLE
  2
LTYPE
  5
5
330
0
100
AcDbSymbolTable
 70
     1
  0
LTYPE
  5
5A
330
5
100
AcDbSymbolTableRecord
100
AcDbLinetypeTableRecord
  2
ByBlock
 70
     0
  3

 72
    65
 73
     0
 40
0.0
  0
LTYPE
  5
5B
330
5
100
AcDbSymbolTableRecord
100
AcDbLinetypeTableRecord
  2
ByLayer
 70
     0
  3

 72
    65
 73
     0
 40
0.0
  0
LTYPE
  5
5C
330
5
100
AcDbSymbolTableRecord
100
AcDbLinetypeTableRecord
  2
CONTINUOUS
 70
     0
  3
Solid Line
 72
    65
 73
     0
 40
0.0
  0
ENDTAB
  0
TABLE
  2
LAYER
  5
2
330
0
100
AcDbSymbolTable
 70
     4
  0
LAYER
  5
54
102
{ACAD_XDICTIONARY
360
2F26
102
}
330
2
100
AcDbSymbolTableRecord
100
AcDbLayerTableRecord
  2
0
 70
     0
 62
     7
  6
CONTINUOUS
370
    -3
390
F
347
21
  0
LAYER
  5
73
102
{ACAD_XDICTIONARY
360
2F28
102
}
330
2
100
AcDbSymbolTableRecord
100
AcDbLayerTableRecord
  2
BG_NCROUTE_PATH
 70
     0
 62
   231
  6
CONTINUOUS
370
    -3
390
F
347
21
  0
LAYER
  5
74
102
{ACAD_XDICTIONARY
360
2F2A
102
}
330
2
100
AcDbSymbolTableRecord
100
AcDbLayerTableRecord
  2
BG_OUTLINE
 70
     0
 62
     2
  6
CONTINUOUS
370
    -3
390
F
347
21
  0
LAYER
  5
75
102
{ACAD_XDICTIONARY
360
2F2C
102
}
330
2
100
AcDbSymbolTableRecord
100
AcDbLayerTableRecord
  2
PIN_BOTTOM
 70
     0
 62
    11
  6
CONTINUOUS
370
    -3
390
F
347
21
  0
ENDTAB
  0
TABLE
  2
STYLE
  5
3
330
0
100
AcDbSymbolTable
 70
     2
  0
STYLE
  5
55
330
3
100
AcDbSymbolTableRecord
100
AcDbTextStyleTableRecord
  2
STANDARD
 70
     0
 40
0.0
 41
1.0
 50
0.0
 71
     0
 42
0.2
  3
txt
  4

  0
STYLE
  5
59
330
3
100
AcDbSymbolTableRecord
100
AcDbTextStyleTableRecord
  2
Annotative
 70
     0
 40
0.0
 41
1.0
 50
0.0
 71
     0
 42
0.2
  3
txt
  4

1001
AcadAnnotative
1000
AnnotativeData
1002
{
1070
     1
1070
     1
1002
}
  0
ENDTAB
  0
TABLE
  2
VIEW
  5
6
330
0
100
AcDbSymbolTable
 70
     0
  0
ENDTAB
  0
TABLE
  2
UCS
  5
7
330
0
100
AcDbSymbolTable
 70
     0
  0
ENDTAB
  0
TABLE
  2
APPID
  5
9
330
0
100
AcDbSymbolTable
 70
     3
  0
APPID
  5
56
330
9
100
AcDbSymbolTableRecord
100
AcDbRegAppTableRecord
  2
ACAD
 70
     0
  0
APPID
  5
5D
330
9
100
AcDbSymbolTableRecord
100
AcDbRegAppTableRecord
  2
AcadAnnotative
 70
     0
  0
APPID
  5
2F2E
330
9
100
AcDbSymbolTableRecord
100
AcDbRegAppTableRecord
  2
ACAD_NAV_VCDISPLAY
 70
     0
  0
ENDTAB
  0
TABLE
  2
DIMSTYLE
  5
A
330
0
100
AcDbSymbolTable
 70
     2
100
AcDbDimStyleTable
 71
     0
  0
DIMSTYLE
105
57
330
A
100
AcDbSymbolTableRecord
100
AcDbDimStyleTableRecord
  2
Standard
 70
     0
340
55
  0
DIMSTYLE
105
58
330
A
100
AcDbSymbolTableRecord
100
AcDbDimStyleTableRecord
  2
Annotative
 70
     0
340
55
1001
AcadAnnotative
1000
AnnotativeData
1002
{
1070
     1
1070
     1
1002
}
  0
ENDTAB
  0
TABLE
  2
BLOCK_RECORD
  5
1
330
0
100
AcDbSymbolTable
 70
     9
  0
BLOCK_RECORD
  5
6F
330
1
100
AcDbSymbolTableRecord
100
AcDbBlockTableRecord
  2
*Model_Space
340
72
 70
     0
280
     1
281
     0
  0
BLOCK_RECORD
  5
6B
330
1
100
AcDbSymbolTableRecord
100
AcDbBlockTableRecord
  2
*Paper_Space
340
6E
 70
     0
280
     1
281
     0
  0
BLOCK_RECORD
  5
78
330
1
100
AcDbSymbolTableRecord
100
AcDbBlockTableRecord
  2
FIGURE_CIRCLE
340
0
 70
     0
280
     1
281
     0
  0
BLOCK_RECORD
  5
7C
330
1
100
AcDbSymbolTableRecord
100
AcDbBlockTableRecord
  2
FIGURE_SQUARE
340
0
 70
     0
280
     1
281
     0
  0
BLOCK_RECORD
  5
85
330
1
100
AcDbSymbolTableRecord
100
AcDbBlockTableRecord
  2
FIGURE_HEX
340
0
 70
     0
280
     1
281
     0
  0
BLOCK_RECORD
  5
90
330
1
100
AcDbSymbolTableRecord
100
AcDbBlockTableRecord
  2
FIGURE_OCT
340
0
 70
     0
280
     1
281
     0
  0
BLOCK_RECORD
  5
9D
330
1
100
AcDbSymbolTableRecord
100
AcDbBlockTableRecord
  2
FIGURE_OBLONG
340
0
 70
     0
280
     1
281
     0
  0
BLOCK_RECORD
  5
AE
330
1
100
AcDbSymbolTableRecord
100
AcDbBlockTableRecord
  2
FIGURE_TRI
340
0
 70
     0
280
     1
281
     0
  0
BLOCK_RECORD
  5
B6
330
1
100
AcDbSymbolTableRecord
100
AcDbBlockTableRecord
  2
FIGURE_CROSS
340
0
 70
     0
280
     1
281
     0
  0
BLOCK_RECORD
  5
C1
330
1
100
AcDbSymbolTableRecord
100
AcDbBlockTableRecord
  2
FIGURE_DIAMOND
340
0
 70
     0
280
     1
281
     0
  0
BLOCK_RECORD
  5
2F74
330
1
100
AcDbSymbolTableRecord
100
AcDbBlockTableRecord
  2
AAA
340
0
102
{BLKREFS
331
356F
102
}
 70
     0
280
     1
281
     0
  0
ENDTAB
  0
ENDSEC
  0
SECTION
  2
BLOCKS
  0
BLOCK
  5
70
330
6F
100
AcDbEntity
  8
0
100
AcDbBlockBegin
  2
*Model_Space
 70
     0
 10
0.0
 20
0.0
 30
0.0
  3
*Model_Space
  1

  0
ENDBLK
  5
71
330
6F
100
AcDbEntity
  8
0
100
AcDbBlockEnd
  0
BLOCK
  5
6C
330
6B
100
AcDbEntity
 67
     1
  8
0
100
AcDbBlockBegin
  2
*Paper_Space
 70
     0
 10
0.0
 20
0.0
 30
0.0
  3
*Paper_Space
  1

  0
ENDBLK
  5
6D
330
6B
100
AcDbEntity
 67
     1
  8
0
100
AcDbBlockEnd
  0
BLOCK
  5
79
330
78
100
AcDbEntity
  8
0
100
AcDbBlockBegin
  2
FIGURE_CIRCLE
 70
     0
 10
0.0
 20
0.0
 30
0.0
  3
FIGURE_CIRCLE
  1

  0
CIRCLE
  5
7A
330
78
100
AcDbEntity
  8
0
100
AcDbCircle
 10
0.0
 20
0.0
 30
0.0
 40
0.5
  0
ENDBLK
  5
7B
330
78
100
AcDbEntity
  8
0
100
AcDbBlockEnd
  0
BLOCK
  5
7D
330
7C
100
AcDbEntity
  8
0
100
AcDbBlockBegin
  2
FIGURE_SQUARE
 70
     0
 10
0.0
 20
0.0
 30
0.0
  3
FIGURE_SQUARE
  1

  0
LWPOLYLINE
  5
7E
330
7C
100
AcDbEntity
  8
0
100
AcDbPolyline
 90
        4
 70
     1
 43
0.0
 10
-0.5
 20
-0.5
 10
-0.5
 20
0.5
 10
0.5
 20
0.5
 10
0.5
 20
-0.5
  0
ENDBLK
  5
84
330
7C
100
AcDbEntity
  8
0
100
AcDbBlockEnd
  0
BLOCK
  5
86
330
85
100
AcDbEntity
  8
0
100
AcDbBlockBegin
  2
FIGURE_HEX
 70
     0
 10
0.0
 20
0.0
 30
0.0
  3
FIGURE_HEX
  1

  0
LWPOLYLINE
  5
87
330
85
100
AcDbEntity
  8
0
100
AcDbPolyline
 90
        6
 70
     1
 43
0.0
 10
-0.5
 20
0.0
 10
-0.25
 20
0.5
 10
0.25
 20
0.5
 10
0.5
 20
0.0
 10
0.25
 20
-0.5
 10
-0.25
 20
-0.5
  0
ENDBLK
  5
8F
330
85
100
AcDbEntity
  8
0
100
AcDbBlockEnd
  0
BLOCK
  5
91
330
90
100
AcDbEntity
  8
0
100
AcDbBlockBegin
  2
FIGURE_OCT
 70
     0
 10
0.0
 20
0.0
 30
0.0
  3
FIGURE_OCT
  1

  0
LWPOLYLINE
  5
92
330
90
100
AcDbEntity
  8
0
100
AcDbPolyline
 90
        8
 70
     1
 43
0.0
 10
-0.5
 20
-0.2071
 10
-0.5
 20
0.2071
 10
-0.2071
 20
0.5
 10
0.2071
 20
0.5
 10
0.5
 20
0.2071
 10
0.5
 20
-0.2071
 10
0.2071
 20
-0.5
 10
-0.2071
 20
-0.5
  0
ENDBLK
  5
9C
330
90
100
AcDbEntity
  8
0
100
AcDbBlockEnd
  0
BLOCK
  5
9E
330
9D
100
AcDbEntity
  8
0
100
AcDbBlockBegin
  2
FIGURE_OBLONG
 70
     0
 10
0.0
 20
0.0
 30
0.0
  3
FIGURE_OBLONG
  1

  0
LWPOLYLINE
  5
9F
330
9D
100
AcDbEntity
  8
0
100
AcDbPolyline
 90
       12
 70
     1
 43
0.0
 10
-0.5
 20
-0.125
 10
-0.5
 20
0.125
 10
-0.4160000000000001
 20
0.375
 10
-0.25
 20
0.5
 10
0.25
 20
0.5
 10
0.4160000000000001
 20
0.375
 10
0.5
 20
0.125
 10
0.5
 20
-0.125
 10
0.4160000000000001
 20
-0.375
 10
0.25
 20
-0.5
 10
-0.25
 20
-0.5
 10
-0.4160000000000001
 20
-0.375
  0
ENDBLK
  5
AD
330
9D
100
AcDbEntity
  8
0
100
AcDbBlockEnd
  0
BLOCK
  5
AF
330
AE
100
AcDbEntity
  8
0
100
AcDbBlockBegin
  2
FIGURE_TRI
 70
     0
 10
0.0
 20
0.0
 30
0.0
  3
FIGURE_TRI
  1

  0
LWPOLYLINE
  5
B0
330
AE
100
AcDbEntity
  8
0
100
AcDbPolyline
 90
        3
 70
     1
 43
0.0
 10
-0.5
 20
-0.5
 10
0.0
 20
0.5
 10
0.5
 20
-0.5
  0
ENDBLK
  5
B5
330
AE
100
AcDbEntity
  8
0
100
AcDbBlockEnd
  0
BLOCK
  5
B7
330
B6
100
AcDbEntity
  8
0
100
AcDbBlockBegin
  2
FIGURE_CROSS
 70
     0
 10
0.0
 20
0.0
 30
0.0
  3
FIGURE_CROSS
  1

  0
LWPOLYLINE
  5
B8
330
B6
100
AcDbEntity
  8
0
100
AcDbPolyline
 90
        2
 70
     0
 43
0.0
 10
-0.5
 20
0.0
 10
0.5
 20
0.0
  0
LWPOLYLINE
  5
BC
330
B6
100
AcDbEntity
  8
0
100
AcDbPolyline
 90
        2
 70
     0
 43
0.0
 10
0.0
 20
0.5
 10
0.0
 20
-0.5
  0
ENDBLK
  5
C0
330
B6
100
AcDbEntity
  8
0
100
AcDbBlockEnd
  0
BLOCK
  5
C2
330
C1
100
AcDbEntity
  8
0
100
AcDbBlockBegin
  2
FIGURE_DIAMOND
 70
     0
 10
0.0
 20
0.0
 30
0.0
  3
FIGURE_DIAMOND
  1

  0
LWPOLYLINE
  5
C3
330
C1
100
AcDbEntity
  8
0
100
AcDbPolyline
 90
        4
 70
     1
 43
0.0
 10
-0.5
 20
0.0
 10
0.0
 20
0.5
 10
0.5
 20
0.0
 10
0.0
 20
-0.5
  0
ENDBLK
  5
C9
330
C1
100
AcDbEntity
  8
0
100
AcDbBlockEnd
  0
BLOCK
  5
2F75
330
2F74
100
AcDbEntity
  8
0
100
AcDbBlockBegin
  2
AAA
 70
     0
 10
0.0
 20
0.0
 30
0.0
  3
AAA
  1

  0
CIRCLE
  5
2F77
330
2F74
100
AcDbEntity
  8
PIN_BOTTOM
100
AcDbCircle
 10
-3.591052000000004
 20
-0.0571499999999996
 30
0.0
 40
0.508
  0
CIRCLE
  5
2F78
330
2F74
100
AcDbEntity
  8
PIN_BOTTOM
100
AcDbCircle
 10
-48.625252
 20
30.52445
 30
0.0
 40
0.508
  0
CIRCLE
  5
2F79
330
2F74
100
AcDbEntity
  8
PIN_BOTTOM
100
AcDbCircle
 10
-48.599852
 20
-0.2857499999999997
 30
0.0
 40
0.508
  0
LWPOLYLINE
  5
2F7A
330
2F74
100
AcDbEntity
  8
PIN_BOTTOM
100
AcDbPolyline
 90
        6
 70
     1
 43
0.0
 10
-24.04237000000001
 20
8.220964
 10
-23.94077000000001
 20
8.220964
 42
-0.375524
 10
-23.898352
 20
8.172449999999999
 10
-23.898352
 20
7.95655
 42
-0.3654199999999999
 10
-23.94077000000001
 20
7.920735999999999
 10
-24.04237000000001
 20
7.920735999999999
 42
-1.000028
  0
LWPOLYLINE
  5
2F7B
330
2F74
100
AcDbEntity
  8
PIN_BOTTOM
100
AcDbPolyline
 90
        6
 70
     1
 43
0.0
 10
-24.59253400000001
 20
7.920735999999999
 10
-24.694134
 20
7.920735999999999
 42
-0.375524
 10
-24.736552
 20
7.96925
 10
-24.736552
 20
8.18515
 42
-0.3654199999999999
 10
-24.694134
 20
8.220964
 10
-24.59253400000001
 20
8.220964
 42
-1.000028
  0
LWPOLYLINE
  5
2F7C
330
2F74
100
AcDbEntity
  8
PIN_BOTTOM
100
AcDbPolyline
 90
        6
 70
     1
 43
0.0
 10
-21.37994200000001
 20
9.085325999999998
 10
-21.27834200000001
 20
9.085325999999998
 42
-0.375524
 10
-21.23592400000001
 20
9.036811999999999
 10
-21.23592400000001
 20
8.820911999999999
 42
-0.3654199999999999
 10
-21.27834200000001
 20
8.785097999999999
 10
-21.37994200000001
 20
8.785097999999999
 42
-1.000028
  0
LWPOLYLINE
  5
2F7D
330
2F74
100
AcDbEntity
  8
PIN_BOTTOM
100
AcDbPolyline
 90
        6
 70
     1
 43
0.0
 10
-21.930106
 20
8.785097999999999
 10
-22.031706
 20
8.785097999999999
 42
-0.375524
 10
-22.074124
 20
8.833611999999998
 10
-22.074124
 20
9.049512
 42
-0.3654199999999999
 10
-22.031706
 20
9.085325999999998
 10
-21.930106
 20
9.085325999999998
 42
-1.000028
  0
LWPOLYLINE
  5
2F7E
330
2F74
100
AcDbEntity
  8
PIN_BOTTOM
100
AcDbPolyline
 90
        6
 70
     1
 43
0.0
 10
-25.10053400000001
 20
6.930135999999999
 10
-25.20213400000001
 20
6.930135999999999
 42
-0.375524
 10
-25.24455200000001
 20
6.97865
 10
-25.24455200000001
 20
7.194549999999999
 42
-0.3654199999999999
 10
-25.20213400000001
 20
7.230363999999999
 10
-25.10053400000001
 20
7.230363999999999
 42
-1.000028
  0
LWPOLYLINE
  5
2F7F
330
2F74
100
AcDbEntity
  8
PIN_BOTTOM
100
AcDbPolyline
 90
        6
 70
     1
 43
0.0
 10
-24.55037000000001
 20
7.230363999999999
 10
-24.44877
 20
7.230363999999999
 42
-0.375524
 10
-24.40635200000001
 20
7.181849999999998
 10
-24.40635200000001
 20
6.965949999999999
 42
-0.3654199999999999
 10
-24.44877
 20
6.930135999999999
 10
-24.55037000000001
 20
6.930135999999999
 42
-1.000028
  0
LWPOLYLINE
  5
2F80
330
2F74
100
AcDbEntity
  8
PIN_BOTTOM
100
AcDbPolyline
 90
        6
 70
     1
 43
0.0
 10
-21.930106
 20
8.084819999999998
 10
-22.031706
 20
8.084819999999998
 42
-0.375524
 10
-22.074124
 20
8.133333999999999
 10
-22.074124
 20
8.349233999999999
 42
-0.3654199999999999
 10
-22.031706
 20
8.385047999999999
 10
-21.930106
 20
8.385047999999999
 42
-1.000028
  0
LWPOLYLINE
  5
2F81
330
2F74
100
AcDbEntity
  8
PIN_BOTTOM
100
AcDbPolyline
 90
        6
 70
     1
 43
0.0
 10
-21.37994200000001
 20
8.385047999999999
 10
-21.27834200000001
 20
8.385047999999999
 42
-0.375524
 10
-21.23592400000001
 20
8.336533999999998
 10
-21.23592400000001
 20
8.120633999999999
 42
-0.3654199999999999
 10
-21.27834200000001
 20
8.084819999999998
 10
-21.37994200000001
 20
8.084819999999998
 42
-1.000028
  0
LWPOLYLINE
  5
2F82
330
2F74
100
AcDbEntity
  8
PIN_BOTTOM
100
AcDbPolyline
 90
        6
 70
     1
 43
0.0
 10
-31.57956600000001
 20
15.483332
 10
-31.57956600000001
 20
15.584932
 42
-0.375524
 10
-31.53105200000001
 20
15.62735
 10
-31.31515200000001
 20
15.62735
 42
-0.3654199999999999
 10
-31.279338
 20
15.584932
 10
-31.279338
 20
15.483332
 42
-1.000028
  0
LWPOLYLINE
  5
2F83
330
2F74
100
AcDbEntity
  8
PIN_BOTTOM
100
AcDbPolyline
 90
        6
 70
     1
 43
0.0
 10
-31.279338
 20
14.933168
 10
-31.279338
 20
14.831568
 42
-0.375524
 10
-31.32785200000001
 20
14.78915
 10
-31.543752
 20
14.78915
 42
-0.3654199999999999
 10
-31.57956600000001
 20
14.831568
 10
-31.57956600000001
 20
14.933168
 42
-1.000028
  0
LWPOLYLINE
  5
2F84
330
2F74
100
AcDbEntity
  8
PIN_BOTTOM
100
AcDbPolyline
 90
        6
 70
     1
 43
0.0
 10
-28.37916600000001
 20
12.232132
 10
-28.37916600000001
 20
12.333732
 42
-0.375524
 10
-28.330652
 20
12.37615
 10
-28.114752
 20
12.37615
 42
-0.3654199999999999
 10
-28.078938
 20
12.333732
 10
-28.078938
 20
12.232132
 42
-1.000028
  0
LWPOLYLINE
  5
2F85
330
2F74
100
AcDbEntity
  8
PIN_BOTTOM
100
AcDbPolyline
 90
        6
 70
     1
 43
0.0
 10
-28.078938
 20
11.681968
 10
-28.078938
 20
11.580368
 42
-0.375524
 10
-28.12745200000001
 20
11.53795
 10
-28.343352
 20
11.53795
 42
-0.3654199999999999
 10
-28.37916600000001
 20
11.580368
 10
-28.37916600000001
 20
11.681968
 42
-1.000028
  0
LWPOLYLINE
  5
2F86
330
2F74
100
AcDbEntity
  8
PIN_BOTTOM
100
AcDbPolyline
 90
        6
 70
     1
 43
0.0
 10
-24.243538
 20
22.476968
 10
-24.243538
 20
22.375368
 42
-0.375524
 10
-24.29205200000001
 20
22.33295
 10
-24.507952
 20
22.33295
 42
-0.3654199999999999
 10
-24.54376600000001
 20
22.375368
 10
-24.54376600000001
 20
22.476968
 42
-1.000028
  0
LWPOLYLINE
  5
2F87
330
2F74
100
AcDbEntity
  8
PIN_BOTTOM
100
AcDbPolyline
 90
        6
 70
     1
 43
0.0
 10
-24.54376600000001
 20
23.027132
 10
-24.54376600000001
 20
23.128732
 42
-0.375524
 10
-24.495252
 20
23.17115
 10
-24.279352
 20
23.17115
 42
-0.3654199999999999
 10
-24.243538
 20
23.128732
 10
-24.243538
 20
23.027132
 42
-1.000028
  0
LWPOLYLINE
  5
2F88
330
2F74
100
AcDbEntity
  8
PIN_BOTTOM
100
AcDbPolyline
 90
        6
 70
     1
 43
0.0
 10
-22.262338
 20
22.476968
 10
-22.262338
 20
22.375368
 42
-0.375524
 10
-22.310852
 20
22.33295
 10
-22.526752
 20
22.33295
 42
-0.3654199999999999
 10
-22.562566
 20
22.375368
 10
-22.562566
 20
22.476968
 42
-1.000028
  0
LWPOLYLINE
  5
2F89
330
2F74
100
AcDbEntity
  8
PIN_BOTTOM
100
AcDbPolyline
 90
        6
 70
     1
 43
0.0
 10
-22.562566
 20
23.027132
 10
-22.562566
 20
23.128732
 42
-0.375524
 10
-22.51405200000001
 20
23.17115
 10
-22.298152
 20
23.17115
 42
-0.3654199999999999
 10
-22.262338
 20
23.128732
 10
-22.262338
 20
23.027132
 42
-1.000028
  0
LWPOLYLINE
  5
2F8A
330
2F74
100
AcDbEntity
  8
PIN_BOTTOM
100
AcDbPolyline
 90
        6
 70
     1
 43
0.0
 10
-22.49297000000001
 20
15.231364
 10
-22.39137
 20
15.231364
 42
-0.375524
 10
-22.348952
 20
15.18285
 10
-22.348952
 20
14.96695
 42
-0.3654199999999999
 10
-22.39137
 20
14.931136
 10
-22.49297000000001
 20
14.931136
 42
-1.000028
  0
LWPOLYLINE
  5
2F8B
330
2F74
100
AcDbEntity
  8
PIN_BOTTOM
100
AcDbPolyline
 90
        6
 70
     1
 43
0.0
 10
-23.04313400000001
 20
14.931136
 10
-23.14473400000001
 20
14.931136
 42
-0.375524
 10
-23.18715200000001
 20
14.97965
 10
-23.18715200000001
 20
15.19555
 42
-0.3654199999999999
 10
-23.14473400000001
 20
15.231364
 10
-23.04313400000001
 20
15.231364
 42
-1.000028
  0
LWPOLYLINE
  5
2F8C
330
2F74
100
AcDbEntity
  8
PIN_BOTTOM
100
AcDbPolyline
 90
        6
 70
     1
 43
0.0
 10
-20.76577
 20
18.457164
 10
-20.66417000000001
 20
18.457164
 42
-0.375524
 10
-20.62175200000001
 20
18.40865
 10
-20.62175200000001
 20
18.19275
 42
-0.3654199999999999
 10
-20.66417000000001
 20
18.156936
 10
-20.76577
 20
18.156936
 42
-1.000028
  0
LWPOLYLINE
  5
2F8D
330
2F74
100
AcDbEntity
  8
PIN_BOTTOM
100
AcDbPolyline
 90
        6
 70
     1
 43
0.0
 10
-21.31593400000001
 20
18.156936
 10
-21.417534
 20
18.156936
 42
-0.375524
 10
-21.459952
 20
18.20545
 10
-21.459952
 20
18.42135
 42
-0.3654199999999999
 10
-21.417534
 20
18.457164
 10
-21.31593400000001
 20
18.457164
 42
-1.000028
  0
LWPOLYLINE
  5
2F8E
330
2F74
100
AcDbEntity
  8
PIN_BOTTOM
100
AcDbPolyline
 90
        6
 70
     1
 43
0.0
 10
-21.09597
 20
15.536164
 10
-20.99437
 20
15.536164
 42
-0.375524
 10
-20.951952
 20
15.48765
 10
-20.951952
 20
15.27175
 42
-0.3654199999999999
 10
-20.99437
 20
15.235936
 10
-21.09597
 20
15.235936
 42
-1.000028
  0
LWPOLYLINE
  5
2F8F
330
2F74
100
AcDbEntity
  8
PIN_BOTTOM
100
AcDbPolyline
 90
        6
 70
     1
 43
0.0
 10
-21.646134
 20
15.235936
 10
-21.74773400000001
 20
15.235936
 42
-0.375524
 10
-21.79015200000001
 20
15.28445
 10
-21.79015200000001
 20
15.50035
 42
-0.3654199999999999
 10
-21.74773400000001
 20
15.536164
 10
-21.646134
 20
15.536164
 42
-1.000028
  0
LWPOLYLINE
  5
2F90
330
2F74
100
AcDbEntity
  8
PIN_BOTTOM
100
AcDbPolyline
 90
        6
 70
     1
 43
0.0
 10
-18.42897
 20
16.475964
 10
-18.32737
 20
16.475964
 42
-0.375524
 10
-18.284952
 20
16.42745
 10
-18.284952
 20
16.21155
 42
-0.3654199999999999
 10
-18.32737
 20
16.175736
 10
-18.42897
 20
16.175736
 42
-1.000028
  0
LWPOLYLINE
  5
2F91
330
2F74
100
AcDbEntity
  8
PIN_BOTTOM
100
AcDbPolyline
 90
        6
 70
     1
 43
0.0
 10
-18.979134
 20
16.175736
 10
-19.08073400000001
 20
16.175736
 42
-0.375524
 10
-19.123152
 20
16.22425
 10
-19.123152
 20
16.44015
 42
-0.3654199999999999
 10
-19.08073400000001
 20
16.475964
 10
-18.979134
 20
16.475964
 42
-1.000028
  0
LWPOLYLINE
  5
2F92
330
2F74
100
AcDbEntity
  8
PIN_BOTTOM
100
AcDbPolyline
 90
        6
 70
     1
 43
0.0
 10
-20.76577
 20
16.475964
 10
-20.66417000000001
 20
16.475964
 42
-0.375524
 10
-20.62175200000001
 20
16.42745
 10
-20.62175200000001
 20
16.21155
 42
-0.3654199999999999
 10
-20.66417000000001
 20
16.175736
 10
-20.76577
 20
16.175736
 42
-1.000028
  0
LWPOLYLINE
  5
2F93
330
2F74
100
AcDbEntity
  8
PIN_BOTTOM
100
AcDbPolyline
 90
        6
 70
     1
 43
0.0
 10
-21.31593400000001
 20
16.175736
 10
-21.417534
 20
16.175736
 42
-0.375524
 10
-21.459952
 20
16.22425
 10
-21.459952
 20
16.44015
 42
-0.3654199999999999
 10
-21.417534
 20
16.475964
 10
-21.31593400000001
 20
16.475964
 42
-1.000028
  0
LWPOLYLINE
  5
2F94
330
2F74
100
AcDbEntity
  8
PIN_BOTTOM
100
AcDbPolyline
 90
        6
 70
     1
 43
0.0
 10
-20.76577
 20
17.136364
 10
-20.66417000000001
 20
17.136364
 42
-0.375524
 10
-20.62175200000001
 20
17.08785
 10
-20.62175200000001
 20
16.87195
 42
-0.3654199999999999
 10
-20.66417000000001
 20
16.836136
 10
-20.76577
 20
16.836136
 42
-1.000028
  0
LWPOLYLINE
  5
2F95
330
2F74
100
AcDbEntity
  8
PIN_BOTTOM
100
AcDbPolyline
 90
        6
 70
     1
 43
0.0
 10
-21.31593400000001
 20
16.836136
 10
-21.417534
 20
16.836136
 42
-0.375524
 10
-21.459952
 20
16.88465
 10
-21.459952
 20
17.10055
 42
-0.3654199999999999
 10
-21.417534
 20
17.136364
 10
-21.31593400000001
 20
17.136364
 42
-1.000028
  0
LWPOLYLINE
  5
2F96
330
2F74
100
AcDbEntity
  8
PIN_BOTTOM
100
AcDbPolyline
 90
        6
 70
     1
 43
0.0
 10
-22.517862
 20
9.985247999999998
 10
-22.416262
 20
9.985247999999998
 42
-0.375524
 10
-22.37384400000001
 20
9.936733999999999
 10
-22.37384400000001
 20
9.720833999999999
 42
-0.3654199999999999
 10
-22.416262
 20
9.685019999999999
 10
-22.517862
 20
9.685019999999999
 42
-1.000028
  0
LWPOLYLINE
  5
2F97
330
2F74
100
AcDbEntity
  8
PIN_BOTTOM
100
AcDbPolyline
 90
        6
 70
     1
 43
0.0
 10
-23.06802600000001
 20
9.685019999999999
 10
-23.169626
 20
9.685019999999999
 42
-0.375524
 10
-23.212044
 20
9.733533999999998
 10
-23.212044
 20
9.949434
 42
-0.3654199999999999
 10
-23.169626
 20
9.985247999999998
 10
-23.06802600000001
 20
9.985247999999998
 42
-1.000028
  0
LWPOLYLINE
  5
2F98
330
2F74
100
AcDbEntity
  8
PIN_BOTTOM
100
AcDbPolyline
 90
        6
 70
     1
 43
0.0
 10
-21.44293400000001
 20
11.29893599999999
 10
-21.54453400000001
 20
11.29893599999999
 42
-0.375524
 10
-21.586952
 20
11.34745
 10
-21.586952
 20
11.56335
 42
-0.3654199999999999
 10
-21.54453400000001
 20
11.599164
 10
-21.44293400000001
 20
11.599164
 42
-1.000028
  0
LWPOLYLINE
  5
2F99
330
2F74
100
AcDbEntity
  8
PIN_BOTTOM
100
AcDbPolyline
 90
        6
 70
     1
 43
0.0
 10
-20.89277
 20
11.599164
 10
-20.79117
 20
11.599164
 42
-0.375524
 10
-20.74875200000001
 20
11.55065
 10
-20.74875200000001
 20
11.33475
 42
-0.3654199999999999
 10
-20.79117
 20
11.29893599999999
 10
-20.89277
 20
11.29893599999999
 42
-1.000028
  0
LWPOLYLINE
  5
2F9A
330
2F74
100
AcDbEntity
  8
PIN_BOTTOM
100
AcDbPolyline
 90
        6
 70
     1
 43
0.0
 10
-21.435314
 20
10.492232
 10
-21.536914
 20
10.492232
 42
-0.375524
 10
-21.579332
 20
10.540746
 10
-21.579332
 20
10.756646
 42
-0.3654199999999999
 10
-21.536914
 20
10.79246
 10
-21.435314
 20
10.79246
 42
-1.000028
  0
LWPOLYLINE
  5
2F9B
330
2F74
100
AcDbEntity
  8
PIN_BOTTOM
100
AcDbPolyline
 90
        6
 70
     1
 43
0.0
 10
-20.88515000000001
 20
10.79246
 10
-20.78355000000001
 20
10.79246
 42
-0.375524
 10
-20.741132
 20
10.743946
 10
-20.741132
 20
10.528046
 42
-0.3654199999999999
 10
-20.78355000000001
 20
10.492232
 10
-20.88515000000001
 20
10.492232
 42
-1.000028
  0
LWPOLYLINE
  5
2F9C
330
2F74
100
AcDbEntity
  8
PIN_BOTTOM
100
AcDbPolyline
 90
        6
 70
     1
 43
0.0
 10
-24.338788
 20
15.347696
 10
-24.41067
 20
15.419324
 42
-0.377036
 10
-24.40635200000001
 20
15.48384
 10
-24.25369800000001
 20
15.636494
 42
-0.365683
 10
-24.19832600000001
 20
15.631668
 10
-24.12669800000001
 20
15.559786
 42
-1.000062999999999
  0
LWPOLYLINE
  5
2F9D
330
2F74
100
AcDbEntity
  8
PIN_BOTTOM
100
AcDbPolyline
 90
        6
 70
     1
 43
0.0
 10
-23.73731600000001
 20
15.170404
 10
-23.66543400000001
 20
15.098776
 42
-0.377036
 10
-23.66975200000001
 20
15.03426
 10
-23.822406
 20
14.881606
 42
-0.365683
 10
-23.87777800000001
 20
14.886432
 10
-23.949406
 20
14.958314
 42
-1.000062999999999
  0
LWPOLYLINE
  5
2F9E
330
2F74
100
AcDbEntity
  8
PIN_BOTTOM
100
AcDbPolyline
 90
        6
 70
     1
 43
0.0
 10
-21.31593400000001
 20
17.496536
 10
-21.417534
 20
17.496536
 42
-0.375524
 10
-21.459952
 20
17.54505
 10
-21.459952
 20
17.76095
 42
-0.3654199999999999
 10
-21.417534
 20
17.796764
 10
-21.31593400000001
 20
17.796764
 42
-1.000028
  0
LWPOLYLINE
  5
2F9F
330
2F74
100
AcDbEntity
  8
PIN_BOTTOM
100
AcDbPolyline
 90
        6
 70
     1
 43
0.0
 10
-20.76577
 20
17.796764
 10
-20.66417000000001
 20
17.796764
 42
-0.375524
 10
-20.62175200000001
 20
17.74825
 10
-20.62175200000001
 20
17.53235
 42
-0.3654199999999999
 10
-20.66417000000001
 20
17.496536
 10
-20.76577
 20
17.496536
 42
-1.000028
  0
LWPOLYLINE
  5
2FA0
330
2F74
100
AcDbEntity
  8
PIN_BOTTOM
100
AcDbPolyline
 90
        6
 70
     1
 43
0.0
 10
-12.53617
 20
19.930364
 10
-12.43457
 20
19.930364
 42
-0.375524
 10
-12.392152
 20
19.88185
 10
-12.392152
 20
19.66595
 42
-0.3654199999999999
 10
-12.43457
 20
19.630136
 10
-12.53617
 20
19.630136
 42
-1.000028
  0
LWPOLYLINE
  5
2FA1
330
2F74
100
AcDbEntity
  8
PIN_BOTTOM
100
AcDbPolyline
 90
        6
 70
     1
 43
0.0
 10
-13.08633400000001
 20
19.630136
 10
-13.187934
 20
19.630136
 42
-0.375524
 10
-13.230352
 20
19.67865
 10
-13.230352
 20
19.89455
 42
-0.3654199999999999
 10
-13.187934
 20
19.930364
 10
-13.08633400000001
 20
19.930364
 42
-1.000028
  0
LWPOLYLINE
  5
2FA2
330
2F74
100
AcDbEntity
  8
PIN_BOTTOM
100
AcDbPolyline
 90
        6
 70
     1
 43
0.0
 10
-13.08633400000001
 20
18.944336
 10
-13.187934
 20
18.944336
 42
-0.375524
 10
-13.230352
 20
18.99285
 10
-13.230352
 20
19.20875
 42
-0.3654199999999999
 10
-13.187934
 20
19.244564
 10
-13.08633400000001
 20
19.244564
 42
-1.000028
  0
LWPOLYLINE
  5
2FA3
330
2F74
100
AcDbEntity
  8
PIN_BOTTOM
100
AcDbPolyline
 90
        6
 70
     1
 43
0.0
 10
-12.53617
 20
19.244564
 10
-12.43457
 20
19.244564
 42
-0.375524
 10
-12.392152
 20
19.19605
 10
-12.392152
 20
18.98015
 42
-0.3654199999999999
 10
-12.43457
 20
18.944336
 10
-12.53617
 20
18.944336
 42
-1.000028
  0
LWPOLYLINE
  5
2FA4
330
2F74
100
AcDbEntity
  8
PIN_BOTTOM
100
AcDbPolyline
 90
        6
 70
     1
 43
0.0
 10
-1.791970000000006
 20
19.625564
 10
-1.690370000000008
 20
19.625564
 42
-0.375524
 10
-1.647952000000003
 20
19.57705
 10
-1.647952000000003
 20
19.36115
 42
-0.3654199999999999
 10
-1.690370000000008
 20
19.325336
 10
-1.791970000000006
 20
19.325336
 42
-1.000028
  0
LWPOLYLINE
  5
2FA5
330
2F74
100
AcDbEntity
  8
PIN_BOTTOM
100
AcDbPolyline
 90
        6
 70
     1
 43
0.0
 10
-2.342134000000008
 20
19.325336
 10
-2.443734000000006
 20
19.325336
 42
-0.375524
 10
-2.486152000000004
 20
19.37385
 10
-2.486152000000004
 20
19.58975
 42
-0.3654199999999999
 10
-2.443734000000006
 20
19.625564
 10
-2.342134000000008
 20
19.625564
 42
-1.000028
  0
LWPOLYLINE
  5
2FA6
330
2F74
100
AcDbEntity
  8
PIN_BOTTOM
100
AcDbPolyline
 90
        6
 70
     1
 43
0.0
 10
-1.918970000000008
 20
17.263364
 10
-1.817370000000011
 20
17.263364
 42
-0.375524
 10
-1.774952000000006
 20
17.21485
 10
-1.774952000000006
 20
16.99895
 42
-0.3654199999999999
 10
-1.817370000000011
 20
16.963136
 10
-1.918970000000008
 20
16.963136
 42
-1.000028
  0
LWPOLYLINE
  5
2FA7
330
2F74
100
AcDbEntity
  8
PIN_BOTTOM
100
AcDbPolyline
 90
        6
 70
     1
 43
0.0
 10
-2.469134000000003
 20
16.963136
 10
-2.570734000000001
 20
16.963136
 42
-0.375524
 10
-2.613152000000006
 20
17.01165
 10
-2.613152000000006
 20
17.22755
 42
-0.3654199999999999
 10
-2.570734000000001
 20
17.263364
 10
-2.469134000000003
 20
17.263364
 42
-1.000028
  0
LWPOLYLINE
  5
2FA8
330
2F74
100
AcDbEntity
  8
PIN_BOTTOM
100
AcDbPolyline
 90
        6
 70
     1
 43
0.0
 10
-9.022334000000007
 20
16.175736
 10
-9.123934000000005
 20
16.175736
 42
-0.375524
 10
-9.166352000000003
 20
16.22425
 10
-9.166352000000003
 20
16.44015
 42
-0.3654199999999999
 10
-9.123934000000005
 20
16.475964
 10
-9.022334000000007
 20
16.475964
 42
-1.000028
  0
LWPOLYLINE
  5
2FA9
330
2F74
100
AcDbEntity
  8
PIN_BOTTOM
100
AcDbPolyline
 90
        6
 70
     1
 43
0.0
 10
-8.472170000000005
 20
16.475964
 10
-8.37057
 20
16.475964
 42
-0.375524
 10
-8.328152000000002
 20
16.42745
 10
-8.328152000000002
 20
16.21155
 42
-0.3654199999999999
 10
-8.37057
 20
16.175736
 10
-8.472170000000005
 20
16.175736
 42
-1.000028
  0
LWPOLYLINE
  5
2FAA
330
2F74
100
AcDbEntity
  8
PIN_BOTTOM
100
AcDbPolyline
 90
        6
 70
     1
 43
0.0
 10
-13.518134
 20
22.322536
 10
-13.61973400000001
 20
22.322536
 42
-0.375524
 10
-13.662152
 20
22.37105
 10
-13.662152
 20
22.58695
 42
-0.3654199999999999
 10
-13.61973400000001
 20
22.622764
 10
-13.518134
 20
22.622764
 42
-1.000028
  0
LWPOLYLINE
  5
2FAB
330
2F74
100
AcDbEntity
  8
PIN_BOTTOM
100
AcDbPolyline
 90
        6
 70
     1
 43
0.0
 10
-12.96797
 20
22.622764
 10
-12.86637
 20
22.622764
 42
-0.375524
 10
-12.823952
 20
22.57425
 10
-12.823952
 20
22.35835
 42
-0.3654199999999999
 10
-12.86637
 20
22.322536
 10
-12.96797
 20
22.322536
 42
-1.000028
  0
LWPOLYLINE
  5
2FAC
330
2F74
100
AcDbEntity
  8
PIN_BOTTOM
100
AcDbPolyline
 90
        6
 70
     1
 43
0.0
 10
-47.484538
 20
6.601967999999999
 10
-47.484538
 20
6.500367999999999
 42
-0.375524
 10
-47.533052
 20
6.45795
 10
-47.748952
 20
6.45795
 42
-0.3654199999999999
 10
-47.784766
 20
6.500367999999999
 10
-47.784766
 20
6.601967999999999
 42
-1.000028
  0
LWPOLYLINE
  5
2FAD
330
2F74
100
AcDbEntity
  8
PIN_BOTTOM
100
AcDbPolyline
 90
        6
 70
     1
 43
0.0
 10
-47.784766
 20
7.152131999999999
 10
-47.784766
 20
7.253732000000001
 42
-0.375524
 10
-47.736252
 20
7.296149999999999
 10
-47.520352
 20
7.296149999999999
 42
-0.3654199999999999
 10
-47.484538
 20
7.253732000000001
 10
-47.484538
 20
7.152131999999999
 42
-1.000028
  0
LWPOLYLINE
  5
2FAE
330
2F74
100
AcDbEntity
  8
PIN_BOTTOM
100
AcDbPolyline
 90
        6
 70
     1
 43
0.0
 10
-45.198538
 20
6.601967999999999
 10
-45.198538
 20
6.500367999999999
 42
-0.375524
 10
-45.247052
 20
6.45795
 10
-45.462952
 20
6.45795
 42
-0.3654199999999999
 10
-45.498766
 20
6.500367999999999
 10
-45.498766
 20
6.601967999999999
 42
-1.000028
  0
LWPOLYLINE
  5
2FAF
330
2F74
100
AcDbEntity
  8
PIN_BOTTOM
100
AcDbPolyline
 90
        6
 70
     1
 43
0.0
 10
-45.498766
 20
7.152131999999999
 10
-45.498766
 20
7.253732000000001
 42
-0.375524
 10
-45.450252
 20
7.296149999999999
 10
-45.234352
 20
7.296149999999999
 42
-0.3654199999999999
 10
-45.198538
 20
7.253732000000001
 10
-45.198538
 20
7.152131999999999
 42
-1.000028
  0
LWPOLYLINE
  5
2FB0
330
2F74
100
AcDbEntity
  8
PIN_BOTTOM
100
AcDbPolyline
 90
        6
 70
     1
 43
0.0
 10
-10.92936600000001
 20
9.057132000000001
 10
-10.92936600000001
 20
9.158732
 42
-0.375524
 10
-10.880852
 20
9.20115
 10
-10.664952
 20
9.20115
 42
-0.3654199999999999
 10
-10.629138
 20
9.158732
 10
-10.629138
 20
9.057132000000001
 42
-1.000028
  0
LWPOLYLINE
  5
2FB1
330
2F74
100
AcDbEntity
  8
PIN_BOTTOM
100
AcDbPolyline
 90
        6
 70
     1
 43
0.0
 10
-10.629138
 20
8.506967999999998
 10
-10.629138
 20
8.405367999999999
 42
-0.375524
 10
-10.677652
 20
8.362949999999999
 10
-10.893552
 20
8.362949999999999
 42
-0.3654199999999999
 10
-10.92936600000001
 20
8.405367999999999
 10
-10.92936600000001
 20
8.506967999999998
 42
-1.000028
  0
LWPOLYLINE
  5
2FB2
330
2F74
100
AcDbEntity
  8
PIN_BOTTOM
100
AcDbPolyline
 90
        6
 70
     1
 43
0.0
 10
-4.907534000000005
 20
6.549135999999998
 10
-5.009134000000003
 20
6.549135999999998
 42
-0.375524
 10
-5.051552
 20
6.597649999999999
 10
-5.051552
 20
6.813549999999999
 42
-0.3654199999999999
 10
-5.009134000000003
 20
6.849363999999999
 10
-4.907534000000005
 20
6.849363999999999
 42
-1.000028
  0
LWPOLYLINE
  5
2FB3
330
2F74
100
AcDbEntity
  8
PIN_BOTTOM
100
AcDbPolyline
 90
        6
 70
     1
 43
0.0
 10
-4.357370000000003
 20
6.849363999999999
 10
-4.255770000000005
 20
6.849363999999999
 42
-0.375524
 10
-4.213352000000007
 20
6.80085
 10
-4.213352000000007
 20
6.584949999999999
 42
-0.3654199999999999
 10
-4.255770000000005
 20
6.549135999999998
 10
-4.357370000000003
 20
6.549135999999998
 42
-1.000028
  0
LWPOLYLINE
  5
2FB4
330
2F74
100
AcDbEntity
  8
PIN_BOTTOM
100
AcDbPolyline
 90
        6
 70
     1
 43
0.0
 10
-4.958334000000007
 20
7.920735999999999
 10
-5.059934000000005
 20
7.920735999999999
 42
-0.375524
 10
-5.102352000000003
 20
7.96925
 10
-5.102352000000003
 20
8.18515
 42
-0.3654199999999999
 10
-5.059934000000005
 20
8.220964
 10
-4.958334000000007
 20
8.220964
 42
-1.000028
  0
LWPOLYLINE
  5
2FB5
330
2F74
100
AcDbEntity
  8
PIN_BOTTOM
100
AcDbPolyline
 90
        6
 70
     1
 43
0.0
 10
-4.408170000000005
 20
8.220964
 10
-4.30657
 20
8.220964
 42
-0.375524
 10
-4.264152000000002
 20
8.172449999999999
 10
-4.264152000000002
 20
7.95655
 42
-0.3654199999999999
 10
-4.30657
 20
7.920735999999999
 10
-4.408170000000005
 20
7.920735999999999
 42
-1.000028
  0
LWPOLYLINE
  5
2FB6
330
2F74
100
AcDbEntity
  8
PIN_BOTTOM
100
AcDbPolyline
 90
        6
 70
     1
 43
0.0
 10
-48.271938
 20
25.042368
 10
-48.271938
 20
24.940768
 42
-0.375524
 10
-48.320452
 20
24.89835
 10
-48.53635200000001
 20
24.89835
 42
-0.3654199999999999
 10
-48.572166
 20
24.940768
 10
-48.572166
 20
25.042368
 42
-1.000028
  0
LWPOLYLINE
  5
2FB7
330
2F74
100
AcDbEntity
  8
PIN_BOTTOM
100
AcDbPolyline
 90
        6
 70
     1
 43
0.0
 10
-48.572166
 20
25.59253200000001
 10
-48.572166
 20
25.694132
 42
-0.375524
 10
-48.52365200000001
 20
25.73655
 10
-48.30775200000001
 20
25.73655
 42
-0.3654199999999999
 10
-48.271938
 20
25.694132
 10
-48.271938
 20
25.59253200000001
 42
-1.000028
  0
LWPOLYLINE
  5
2FB8
330
2F74
100
AcDbEntity
  8
PIN_BOTTOM
100
AcDbPolyline
 90
        6
 70
     1
 43
0.0
 10
-12.199366
 20
9.057132000000001
 10
-12.199366
 20
9.158732
 42
-0.375524
 10
-12.150852
 20
9.20115
 10
-11.934952
 20
9.20115
 42
-0.3654199999999999
 10
-11.899138
 20
9.158732
 10
-11.899138
 20
9.057132000000001
 42
-1.000028
  0
LWPOLYLINE
  5
2FB9
330
2F74
100
AcDbEntity
  8
PIN_BOTTOM
100
AcDbPolyline
 90
        6
 70
     1
 43
0.0
 10
-11.899138
 20
8.506967999999998
 10
-11.899138
 20
8.405367999999999
 42
-0.375524
 10
-11.947652
 20
8.362949999999999
 10
-12.163552
 20
8.362949999999999
 42
-0.3654199999999999
 10
-12.199366
 20
8.405367999999999
 10
-12.199366
 20
8.506967999999998
 42
-1.000028
  0
LWPOLYLINE
  5
2FBA
330
2F74
100
AcDbEntity
  8
PIN_BOTTOM
100
AcDbPolyline
 90
        6
 70
     1
 43
0.0
 10
-9.659366000000005
 20
9.057132000000001
 10
-9.659366000000005
 20
9.158732
 42
-0.375524
 10
-9.610852000000001
 20
9.20115
 10
-9.394952000000003
 20
9.20115
 42
-0.3654199999999999
 10
-9.359138000000001
 20
9.158732
 10
-9.359138000000001
 20
9.057132000000001
 42
-1.000028
  0
LWPOLYLINE
  5
2FBB
330
2F74
100
AcDbEntity
  8
PIN_BOTTOM
100
AcDbPolyline
 90
        6
 70
     1
 43
0.0
 10
-9.359138000000001
 20
8.506967999999998
 10
-9.359138000000001
 20
8.405367999999999
 42
-0.375524
 10
-9.407652000000005
 20
8.362949999999999
 10
-9.623552000000003
 20
8.362949999999999
 42
-0.3654199999999999
 10
-9.659366000000005
 20
8.405367999999999
 10
-9.659366000000005
 20
8.506967999999998
 42
-1.000028
  0
LWPOLYLINE
  5
2FBC
330
2F74
100
AcDbEntity
  8
PIN_BOTTOM
100
AcDbPolyline
 90
        6
 70
     1
 43
0.0
 10
-10.294366
 20
7.329932000000001
 10
-10.294366
 20
7.431532
 42
-0.375524
 10
-10.245852
 20
7.47395
 10
-10.029952
 20
7.47395
 42
-0.3654199999999999
 10
-9.994137999999999
 20
7.431532
 10
-9.994137999999999
 20
7.329932000000001
 42
-1.000028
  0
LWPOLYLINE
  5
2FBD
330
2F74
100
AcDbEntity
  8
PIN_BOTTOM
100
AcDbPolyline
 90
        6
 70
     1
 43
0.0
 10
-9.994137999999999
 20
6.779767999999998
 10
-9.994137999999999
 20
6.678167999999999
 42
-0.375524
 10
-10.042652
 20
6.635749999999999
 10
-10.258552
 20
6.635749999999999
 42
-0.3654199999999999
 10
-10.294366
 20
6.678167999999999
 10
-10.294366
 20
6.779767999999998
 42
-1.000028
  0
LWPOLYLINE
  5
2FBE
330
2F74
100
AcDbEntity
  8
PIN_BOTTOM
100
AcDbPolyline
 90
        6
 70
     1
 43
0.0
 10
-10.294366
 20
9.057132000000001
 10
-10.294366
 20
9.158732
 42
-0.375524
 10
-10.245852
 20
9.20115
 10
-10.029952
 20
9.20115
 42
-0.3654199999999999
 10
-9.994137999999999
 20
9.158732
 10
-9.994137999999999
 20
9.057132000000001
 42
-1.000028
  0
LWPOLYLINE
  5
2FBF
330
2F74
100
AcDbEntity
  8
PIN_BOTTOM
100
AcDbPolyline
 90
        6
 70
     1
 43
0.0
 10
-9.994137999999999
 20
8.506967999999998
 10
-9.994137999999999
 20
8.405367999999999
 42
-0.375524
 10
-10.042652
 20
8.362949999999999
 10
-10.258552
 20
8.362949999999999
 42
-0.3654199999999999
 10
-10.294366
 20
8.405367999999999
 10
-10.294366
 20
8.506967999999998
 42
-1.000028
  0
LWPOLYLINE
  5
2FC0
330
2F74
100
AcDbEntity
  8
PIN_BOTTOM
100
AcDbPolyline
 90
        6
 70
     1
 43
0.0
 10
-11.56436600000001
 20
9.057132000000001
 10
-11.56436600000001
 20
9.158732
 42
-0.375524
 10
-11.515852
 20
9.20115
 10
-11.299952
 20
9.20115
 42
-0.3654199999999999
 10
-11.264138
 20
9.158732
 10
-11.264138
 20
9.057132000000001
 42
-1.000028
  0
LWPOLYLINE
  5
2FC1
330
2F74
100
AcDbEntity
  8
PIN_BOTTOM
100
AcDbPolyline
 90
        6
 70
     1
 43
0.0
 10
-11.264138
 20
8.506967999999998
 10
-11.264138
 20
8.405367999999999
 42
-0.375524
 10
-11.312652
 20
8.362949999999999
 10
-11.528552
 20
8.362949999999999
 42
-0.3654199999999999
 10
-11.56436600000001
 20
8.405367999999999
 10
-11.56436600000001
 20
8.506967999999998
 42
-1.000028
  0
LWPOLYLINE
  5
2FC2
330
2F74
100
AcDbEntity
  8
PIN_BOTTOM
100
AcDbPolyline
 90
        6
 70
     1
 43
0.0
 10
-12.834366
 20
9.057132000000001
 10
-12.834366
 20
9.158732
 42
-0.375524
 10
-12.785852
 20
9.20115
 10
-12.56995200000001
 20
9.20115
 42
-0.3654199999999999
 10
-12.534138
 20
9.158732
 10
-12.534138
 20
9.057132000000001
 42
-1.000028
  0
LWPOLYLINE
  5
2FC3
330
2F74
100
AcDbEntity
  8
PIN_BOTTOM
100
AcDbPolyline
 90
        6
 70
     1
 43
0.0
 10
-12.534138
 20
8.506967999999998
 10
-12.534138
 20
8.405367999999999
 42
-0.375524
 10
-12.582652
 20
8.362949999999999
 10
-12.79855200000001
 20
8.362949999999999
 42
-0.3654199999999999
 10
-12.834366
 20
8.405367999999999
 10
-12.834366
 20
8.506967999999998
 42
-1.000028
  0
LWPOLYLINE
  5
2FC4
330
2F74
100
AcDbEntity
  8
PIN_BOTTOM
100
AcDbPolyline
 90
        6
 70
     1
 43
0.0
 10
-9.359138000000001
 20
6.779767999999998
 10
-9.359138000000001
 20
6.678167999999999
 42
-0.375524
 10
-9.407652000000005
 20
6.635749999999999
 10
-9.623552000000003
 20
6.635749999999999
 42
-0.3654199999999999
 10
-9.659366000000005
 20
6.678167999999999
 10
-9.659366000000005
 20
6.779767999999998
 42
-1.000028
  0
LWPOLYLINE
  5
2FC5
330
2F74
100
AcDbEntity
  8
PIN_BOTTOM
100
AcDbPolyline
 90
        6
 70
     1
 43
0.0
 10
-9.659366000000005
 20
7.329932000000001
 10
-9.659366000000005
 20
7.431532
 42
-0.375524
 10
-9.610852000000001
 20
7.47395
 10
-9.394952000000003
 20
7.47395
 42
-0.3654199999999999
 10
-9.359138000000001
 20
7.431532
 10
-9.359138000000001
 20
7.329932000000001
 42
-1.000028
  0
LWPOLYLINE
  5
2FC6
330
2F74
100
AcDbEntity
  8
PIN_BOTTOM
100
AcDbPolyline
 90
        6
 70
     1
 43
0.0
 10
-48.627538
 20
22.756368
 10
-48.627538
 20
22.654768
 42
-0.375524
 10
-48.676052
 20
22.61235
 10
-48.891952
 20
22.61235
 42
-0.3654199999999999
 10
-48.92776600000001
 20
22.654768
 10
-48.92776600000001
 20
22.756368
 42
-1.000028
  0
LWPOLYLINE
  5
2FC7
330
2F74
100
AcDbEntity
  8
PIN_BOTTOM
100
AcDbPolyline
 90
        6
 70
     1
 43
0.0
 10
-48.92776600000001
 20
23.306532
 10
-48.92776600000001
 20
23.408132
 42
-0.375524
 10
-48.87925200000001
 20
23.45055
 10
-48.663352
 20
23.45055
 42
-0.3654199999999999
 10
-48.627538
 20
23.408132
 10
-48.627538
 20
23.306532
 42
-1.000028
  0
LWPOLYLINE
  5
2FC8
330
2F74
100
AcDbEntity
  8
PIN_BOTTOM
100
AcDbPolyline
 90
        6
 70
     1
 43
0.0
 10
-44.431204
 20
7.387335999999999
 10
-44.532804
 20
7.387335999999999
 42
-0.375524
 10
-44.575222
 20
7.43585
 10
-44.575222
 20
7.651749999999999
 42
-0.3654199999999999
 10
-44.532804
 20
7.687564
 10
-44.431204
 20
7.687564
 42
-1.000028
  0
LWPOLYLINE
  5
2FC9
330
2F74
100
AcDbEntity
  8
PIN_BOTTOM
100
AcDbPolyline
 90
        6
 70
     1
 43
0.0
 10
-43.88104000000001
 20
7.687564
 10
-43.77944000000001
 20
7.687564
 42
-0.375524
 10
-43.737022
 20
7.639049999999999
 10
-43.737022
 20
7.423149999999999
 42
-0.3654199999999999
 10
-43.77944000000001
 20
7.387335999999999
 10
-43.88104000000001
 20
7.387335999999999
 42
-1.000028
  0
LWPOLYLINE
  5
2FCA
330
2F74
100
AcDbEntity
  8
PIN_BOTTOM
100
AcDbPolyline
 90
        6
 70
     1
 43
0.0
 10
-51.650138
 20
17.141698
 10
-51.650138
 20
17.040098
 42
-0.375524
 10
-51.698652
 20
16.99768
 10
-51.914552
 20
16.99768
 42
-0.3654199999999999
 10
-51.950366
 20
17.040098
 10
-51.950366
 20
17.141698
 42
-1.000028
  0
LWPOLYLINE
  5
2FCB
330
2F74
100
AcDbEntity
  8
PIN_BOTTOM
100
AcDbPolyline
 90
        6
 70
     1
 43
0.0
 10
-51.950366
 20
17.691862
 10
-51.950366
 20
17.793462
 42
-0.375524
 10
-51.90185200000001
 20
17.83588
 10
-51.68595200000001
 20
17.83588
 42
-0.3654199999999999
 10
-51.650138
 20
17.793462
 10
-51.650138
 20
17.691862
 42
-1.000028
  0
LWPOLYLINE
  5
2FCC
330
2F74
100
AcDbEntity
  8
PIN_BOTTOM
100
AcDbPolyline
 90
        6
 70
     1
 43
0.0
 10
-42.145966
 20
8.142732
 10
-42.145966
 20
8.244331999999999
 42
-0.375524
 10
-42.097452
 20
8.286749999999999
 10
-41.881552
 20
8.286749999999999
 42
-0.3654199999999999
 10
-41.845738
 20
8.244331999999999
 10
-41.845738
 20
8.142732
 42
-1.000028
  0
LWPOLYLINE
  5
2FCD
330
2F74
100
AcDbEntity
  8
PIN_BOTTOM
100
AcDbPolyline
 90
        6
 70
     1
 43
0.0
 10
-41.845738
 20
7.592567999999998
 10
-41.845738
 20
7.490967999999998
 42
-0.375524
 10
-41.89425200000001
 20
7.448549999999999
 10
-42.11015200000001
 20
7.448549999999999
 42
-0.3654199999999999
 10
-42.145966
 20
7.490967999999998
 10
-42.145966
 20
7.592567999999998
 42
-1.000028
  0
LWPOLYLINE
  5
2FCE
330
2F74
100
AcDbEntity
  8
PIN_BOTTOM
100
AcDbPolyline
 90
        6
 70
     1
 43
0.0
 10
-46.851316
 20
10.710164
 10
-46.74971600000001
 20
10.710164
 42
-0.375524
 10
-46.70729800000001
 20
10.66165
 10
-46.70729800000001
 20
10.44575
 42
-0.3654199999999999
 10
-46.74971600000001
 20
10.409936
 10
-46.851316
 20
10.409936
 42
-1.000028
  0
LWPOLYLINE
  5
2FCF
330
2F74
100
AcDbEntity
  8
PIN_BOTTOM
100
AcDbPolyline
 90
        6
 70
     1
 43
0.0
 10
-47.40148
 20
10.409936
 10
-47.50308
 20
10.409936
 42
-0.375524
 10
-47.545498
 20
10.45845
 10
-47.545498
 20
10.67435
 42
-0.3654199999999999
 10
-47.50308
 20
10.710164
 10
-47.40148
 20
10.710164
 42
-1.000028
  0
LWPOLYLINE
  5
2FD0
330
2F74
100
AcDbEntity
  8
PIN_BOTTOM
100
AcDbPolyline
 90
        6
 70
     1
 43
0.0
 10
-46.413166
 20
8.218932
 10
-46.413166
 20
8.320532
 42
-0.375524
 10
-46.364652
 20
8.362949999999999
 10
-46.148752
 20
8.362949999999999
 42
-0.3654199999999999
 10
-46.11293800000001
 20
8.320532
 10
-46.11293800000001
 20
8.218932
 42
-1.000028
  0
LWPOLYLINE
  5
2FD1
330
2F74
100
AcDbEntity
  8
PIN_BOTTOM
100
AcDbPolyline
 90
        6
 70
     1
 43
0.0
 10
-46.11293800000001
 20
7.668767999999998
 10
-46.11293800000001
 20
7.567167999999998
 42
-0.375524
 10
-46.161452
 20
7.524749999999999
 10
-46.377352
 20
7.524749999999999
 42
-0.3654199999999999
 10
-46.413166
 20
7.567167999999998
 10
-46.413166
 20
7.668767999999998
 42
-1.000028
  0
LWPOLYLINE
  5
2FD2
330
2F74
100
AcDbEntity
  8
PIN_BOTTOM
100
AcDbPolyline
 90
        6
 70
     1
 43
0.0
 10
-49.791366
 20
8.701532
 10
-49.791366
 20
8.803131999999999
 42
-0.375524
 10
-49.742852
 20
8.845549999999999
 10
-49.526952
 20
8.845549999999999
 42
-0.3654199999999999
 10
-49.49113800000001
 20
8.803131999999999
 10
-49.49113800000001
 20
8.701532
 42
-1.000028
  0
LWPOLYLINE
  5
2FD3
330
2F74
100
AcDbEntity
  8
PIN_BOTTOM
100
AcDbPolyline
 90
        6
 70
     1
 43
0.0
 10
-49.49113800000001
 20
8.151367999999999
 10
-49.49113800000001
 20
8.049767999999998
 42
-0.375524
 10
-49.539652
 20
8.00735
 10
-49.755552
 20
8.00735
 42
-0.3654199999999999
 10
-49.791366
 20
8.049767999999998
 10
-49.791366
 20
8.151367999999999
 42
-1.000028
  0
LWPOLYLINE
  5
2FD4
330
2F74
100
AcDbEntity
  8
PIN_BOTTOM
100
AcDbPolyline
 90
        6
 70
     1
 43
0.0
 10
-47.20717
 20
21.047964
 10
-47.10557
 20
21.047964
 42
-0.375524
 10
-47.063152
 20
20.99945
 10
-47.063152
 20
20.78355
 42
-0.3654199999999999
 10
-47.10557
 20
20.747736
 10
-47.20717
 20
20.747736
 42
-1.000028
  0
LWPOLYLINE
  5
2FD5
330
2F74
100
AcDbEntity
  8
PIN_BOTTOM
100
AcDbPolyline
 90
        6
 70
     1
 43
0.0
 10
-47.757334
 20
20.747736
 10
-47.858934
 20
20.747736
 42
-0.375524
 10
-47.901352
 20
20.79625
 10
-47.901352
 20
21.01215
 42
-0.3654199999999999
 10
-47.858934
 20
21.047964
 10
-47.757334
 20
21.047964
 42
-1.000028
  0
LWPOLYLINE
  5
2FD6
330
2F74
100
AcDbEntity
  8
PIN_BOTTOM
100
AcDbPolyline
 90
        6
 70
     1
 43
0.0
 10
-49.694338
 20
22.755098
 10
-49.694338
 20
22.653498
 42
-0.375524
 10
-49.742852
 20
22.61108
 10
-49.958752
 20
22.61108
 42
-0.3654199999999999
 10
-49.99456600000001
 20
22.653498
 10
-49.99456600000001
 20
22.755098
 42
-1.000028
  0
LWPOLYLINE
  5
2FD7
330
2F74
100
AcDbEntity
  8
PIN_BOTTOM
100
AcDbPolyline
 90
        6
 70
     1
 43
0.0
 10
-49.99456600000001
 20
23.305262
 10
-49.99456600000001
 20
23.406862
 42
-0.375524
 10
-49.946052
 20
23.44928
 10
-49.730152
 20
23.44928
 42
-0.3654199999999999
 10
-49.694338
 20
23.406862
 10
-49.694338
 20
23.305262
 42
-1.000028
  0
LWPOLYLINE
  5
2FD8
330
2F74
100
AcDbEntity
  8
PIN_BOTTOM
100
AcDbPolyline
 90
        6
 70
     1
 43
0.0
 10
-49.237138
 20
19.529298
 10
-49.237138
 20
19.427698
 42
-0.375524
 10
-49.28565200000001
 20
19.38527999999999
 10
-49.50155200000001
 20
19.38527999999999
 42
-0.3654199999999999
 10
-49.537366
 20
19.427698
 10
-49.537366
 20
19.529298
 42
-1.000028
  0
LWPOLYLINE
  5
2FD9
330
2F74
100
AcDbEntity
  8
PIN_BOTTOM
100
AcDbPolyline
 90
        6
 70
     1
 43
0.0
 10
-49.537366
 20
20.079462
 10
-49.537366
 20
20.181062
 42
-0.375524
 10
-49.488852
 20
20.22348
 10
-49.272952
 20
20.22348
 42
-0.3654199999999999
 10
-49.237138
 20
20.181062
 10
-49.237138
 20
20.079462
 42
-1.000028
  0
LWPOLYLINE
  5
2FDA
330
2F74
100
AcDbEntity
  8
PIN_BOTTOM
100
AcDbPolyline
 90
        6
 70
     1
 43
0.0
 10
-47.20717
 20
22.216364
 10
-47.10557
 20
22.216364
 42
-0.375524
 10
-47.063152
 20
22.16785
 10
-47.063152
 20
21.95195
 42
-0.3654199999999999
 10
-47.10557
 20
21.916136
 10
-47.20717
 20
21.916136
 42
-1.000028
  0
LWPOLYLINE
  5
2FDB
330
2F74
100
AcDbEntity
  8
PIN_BOTTOM
100
AcDbPolyline
 90
        6
 70
     1
 43
0.0
 10
-47.757334
 20
21.916136
 10
-47.858934
 20
21.916136
 42
-0.375524
 10
-47.901352
 20
21.96465
 10
-47.901352
 20
22.18055
 42
-0.3654199999999999
 10
-47.858934
 20
22.216364
 10
-47.757334
 20
22.216364
 42
-1.000028
  0
LWPOLYLINE
  5
2FDC
330
2F74
100
AcDbEntity
  8
PIN_BOTTOM
100
AcDbPolyline
 90
        6
 70
     1
 43
0.0
 10
-50.78653800000001
 20
21.511768
 10
-50.78653800000001
 20
21.410168
 42
-0.375524
 10
-50.83505200000001
 20
21.36775
 10
-51.050952
 20
21.36775
 42
-0.3654199999999999
 10
-51.086766
 20
21.410168
 10
-51.086766
 20
21.511768
 42
-1.000028
  0
LWPOLYLINE
  5
2FDD
330
2F74
100
AcDbEntity
  8
PIN_BOTTOM
100
AcDbPolyline
 90
        6
 70
     1
 43
0.0
 10
-51.086766
 20
22.061932
 10
-51.086766
 20
22.163532
 42
-0.375524
 10
-51.03825200000001
 20
22.20595
 10
-50.822352
 20
22.20595
 42
-0.3654199999999999
 10
-50.78653800000001
 20
22.163532
 10
-50.78653800000001
 20
22.061932
 42
-1.000028
  0
LWPOLYLINE
  5
2FDE
330
2F74
100
AcDbEntity
  8
PIN_BOTTOM
100
AcDbPolyline
 90
        6
 70
     1
 43
0.0
 10
-48.729138
 20
8.964167999999999
 10
-48.729138
 20
8.862567999999999
 42
-0.375524
 10
-48.777652
 20
8.820149999999999
 10
-48.99355200000001
 20
8.820149999999999
 42
-0.3654199999999999
 10
-49.029366
 20
8.862567999999999
 10
-49.029366
 20
8.964167999999999
 42
-1.000028
  0
LWPOLYLINE
  5
2FDF
330
2F74
100
AcDbEntity
  8
PIN_BOTTOM
100
AcDbPolyline
 90
        6
 70
     1
 43
0.0
 10
-49.029366
 20
9.514331999999999
 10
-49.029366
 20
9.615932
 42
-0.375524
 10
-48.980852
 20
9.65835
 10
-48.764952
 20
9.65835
 42
-0.3654199999999999
 10
-48.729138
 20
9.615932
 10
-48.729138
 20
9.514331999999999
 42
-1.000028
  0
LWPOLYLINE
  5
2FE0
330
2F74
100
AcDbEntity
  8
PIN_BOTTOM
100
AcDbPolyline
 90
        6
 70
     1
 43
0.0
 10
-47.149766
 20
8.218932
 10
-47.149766
 20
8.320532
 42
-0.375524
 10
-47.101252
 20
8.362949999999999
 10
-46.885352
 20
8.362949999999999
 42
-0.3654199999999999
 10
-46.849538
 20
8.320532
 10
-46.849538
 20
8.218932
 42
-1.000028
  0
LWPOLYLINE
  5
2FE1
330
2F74
100
AcDbEntity
  8
PIN_BOTTOM
100
AcDbPolyline
 90
        6
 70
     1
 43
0.0
 10
-46.849538
 20
7.668767999999998
 10
-46.849538
 20
7.567167999999998
 42
-0.375524
 10
-46.89805200000001
 20
7.524749999999999
 10
-47.11395200000001
 20
7.524749999999999
 42
-0.3654199999999999
 10
-47.149766
 20
7.567167999999998
 10
-47.149766
 20
7.668767999999998
 42
-1.000028
  0
LWPOLYLINE
  5
2FE2
330
2F74
100
AcDbEntity
  8
PIN_BOTTOM
100
AcDbPolyline
 90
        6
 70
     1
 43
0.0
 10
-47.48657
 20
9.643364
 10
-47.38497
 20
9.643364
 42
-0.375524
 10
-47.342552
 20
9.594849999999999
 10
-47.342552
 20
9.378949999999999
 42
-0.3654199999999999
 10
-47.38497
 20
9.343135999999999
 10
-47.48657
 20
9.343135999999999
 42
-1.000028
  0
LWPOLYLINE
  5
2FE3
330
2F74
100
AcDbEntity
  8
PIN_BOTTOM
100
AcDbPolyline
 90
        6
 70
     1
 43
0.0
 10
-48.036734
 20
9.343135999999999
 10
-48.138334
 20
9.343135999999999
 42
-0.375524
 10
-48.180752
 20
9.39165
 10
-48.180752
 20
9.607549999999999
 42
-0.3654199999999999
 10
-48.138334
 20
9.643364
 10
-48.036734
 20
9.643364
 42
-1.000028
  0
LWPOLYLINE
  5
2FE4
330
2F74
100
AcDbEntity
  8
PIN_BOTTOM
100
AcDbPolyline
 90
        6
 70
     1
 43
0.0
 10
-49.486566
 20
11.801602
 10
-49.486566
 20
11.903202
 42
-0.375524
 10
-49.438052
 20
11.94562
 10
-49.22215200000001
 20
11.94562
 42
-0.3654199999999999
 10
-49.18633800000001
 20
11.903202
 10
-49.18633800000001
 20
11.801602
 42
-1.000028
  0
LWPOLYLINE
  5
2FE5
330
2F74
100
AcDbEntity
  8
PIN_BOTTOM
100
AcDbPolyline
 90
        6
 70
     1
 43
0.0
 10
-49.18633800000001
 20
11.251438
 10
-49.18633800000001
 20
11.149838
 42
-0.375524
 10
-49.234852
 20
11.10742
 10
-49.450752
 20
11.10742
 42
-0.3654199999999999
 10
-49.486566
 20
11.149838
 10
-49.486566
 20
11.251438
 42
-1.000028
  0
LWPOLYLINE
  5
2FE6
330
2F74
100
AcDbEntity
  8
PIN_BOTTOM
100
AcDbPolyline
 90
        6
 70
     1
 43
0.0
 10
-50.78653800000001
 20
10.410698
 10
-50.78653800000001
 20
10.309098
 42
-0.375524
 10
-50.83505200000001
 20
10.26668
 10
-51.050952
 20
10.26668
 42
-0.3654199999999999
 10
-51.086766
 20
10.309098
 10
-51.086766
 20
10.410698
 42
-1.000028
  0
LWPOLYLINE
  5
2FE7
330
2F74
100
AcDbEntity
  8
PIN_BOTTOM
100
AcDbPolyline
 90
        6
 70
     1
 43
0.0
 10
-51.086766
 20
10.960862
 10
-51.086766
 20
11.062462
 42
-0.375524
 10
-51.03825200000001
 20
11.10488
 10
-50.822352
 20
11.10488
 42
-0.3654199999999999
 10
-50.78653800000001
 20
11.062462
 10
-50.78653800000001
 20
10.960862
 42
-1.000028
  0
LWPOLYLINE
  5
2FE8
330
2F74
100
AcDbEntity
  8
PIN_BOTTOM
100
AcDbPolyline
 90
        6
 70
     1
 43
0.0
 10
-51.111404
 20
17.521936
 10
-51.213004
 20
17.521936
 42
-0.375524
 10
-51.255422
 20
17.57045
 10
-51.255422
 20
17.78635
 42
-0.3654199999999999
 10
-51.213004
 20
17.822164
 10
-51.111404
 20
17.822164
 42
-1.000028
  0
LWPOLYLINE
  5
2FE9
330
2F74
100
AcDbEntity
  8
PIN_BOTTOM
100
AcDbPolyline
 90
        6
 70
     1
 43
0.0
 10
-50.56124
 20
17.822164
 10
-50.45964000000001
 20
17.822164
 42
-0.375524
 10
-50.417222
 20
17.77365
 10
-50.417222
 20
17.55775
 42
-0.3654199999999999
 10
-50.45964000000001
 20
17.521936
 10
-50.56124
 20
17.521936
 42
-1.000028
  0
LWPOLYLINE
  5
2FEA
330
2F74
100
AcDbEntity
  8
PIN_BOTTOM
100
AcDbPolyline
 90
        6
 70
     1
 43
0.0
 10
-49.029366
 20
8.218932
 10
-49.029366
 20
8.320532
 42
-0.375524
 10
-48.980852
 20
8.362949999999999
 10
-48.764952
 20
8.362949999999999
 42
-0.3654199999999999
 10
-48.729138
 20
8.320532
 10
-48.729138
 20
8.218932
 42
-1.000028
  0
LWPOLYLINE
  5
2FEB
330
2F74
100
AcDbEntity
  8
PIN_BOTTOM
100
AcDbPolyline
 90
        6
 70
     1
 43
0.0
 10
-48.729138
 20
7.668767999999998
 10
-48.729138
 20
7.567167999999998
 42
-0.375524
 10
-48.777652
 20
7.524749999999999
 10
-48.99355200000001
 20
7.524749999999999
 42
-0.3654199999999999
 10
-49.029366
 20
7.567167999999998
 10
-49.029366
 20
7.668767999999998
 42
-1.000028
  0
LWPOLYLINE
  5
2FEC
330
2F74
100
AcDbEntity
  8
PIN_BOTTOM
100
AcDbPolyline
 90
        6
 70
     1
 43
0.0
 10
-46.851316
 20
13.783564
 10
-46.74971600000001
 20
13.783564
 42
-0.375524
 10
-46.70729800000001
 20
13.73505
 10
-46.70729800000001
 20
13.51915
 42
-0.3654199999999999
 10
-46.74971600000001
 20
13.483336
 10
-46.851316
 20
13.483336
 42
-1.000028
  0
LWPOLYLINE
  5
2FED
330
2F74
100
AcDbEntity
  8
PIN_BOTTOM
100
AcDbPolyline
 90
        6
 70
     1
 43
0.0
 10
-47.40148
 20
13.483336
 10
-47.50308
 20
13.483336
 42
-0.375524
 10
-47.545498
 20
13.53185
 10
-47.545498
 20
13.74775
 42
-0.3654199999999999
 10
-47.50308
 20
13.783564
 10
-47.40148
 20
13.783564
 42
-1.000028
  0
LWPOLYLINE
  5
2FEE
330
2F74
100
AcDbEntity
  8
PIN_BOTTOM
100
AcDbPolyline
 90
        6
 70
     1
 43
0.0
 10
-47.2059
 20
19.549364
 10
-47.1043
 20
19.549364
 42
-0.375524
 10
-47.061882
 20
19.50085
 10
-47.061882
 20
19.28495
 42
-0.3654199999999999
 10
-47.1043
 20
19.249136
 10
-47.2059
 20
19.249136
 42
-1.000028
  0
LWPOLYLINE
  5
2FEF
330
2F74
100
AcDbEntity
  8
PIN_BOTTOM
100
AcDbPolyline
 90
        6
 70
     1
 43
0.0
 10
-47.756064
 20
19.249136
 10
-47.857664
 20
19.249136
 42
-0.375524
 10
-47.900082
 20
19.29765
 10
-47.900082
 20
19.51355
 42
-0.3654199999999999
 10
-47.857664
 20
19.549364
 10
-47.756064
 20
19.549364
 42
-1.000028
  0
LWPOLYLINE
  5
2FF0
330
2F74
100
AcDbEntity
  8
PIN_BOTTOM
100
AcDbPolyline
 90
        6
 70
     1
 43
0.0
 10
-51.950366
 20
14.519402
 10
-51.950366
 20
14.621002
 42
-0.375524
 10
-51.90185200000001
 20
14.66342
 10
-51.68595200000001
 20
14.66342
 42
-0.3654199999999999
 10
-51.650138
 20
14.621002
 10
-51.650138
 20
14.519402
 42
-1.000028
  0
LWPOLYLINE
  5
2FF1
330
2F74
100
AcDbEntity
  8
PIN_BOTTOM
100
AcDbPolyline
 90
        6
 70
     1
 43
0.0
 10
-51.650138
 20
13.969238
 10
-51.650138
 20
13.867638
 42
-0.375524
 10
-51.698652
 20
13.82522
 10
-51.914552
 20
13.82522
 42
-0.3654199999999999
 10
-51.950366
 20
13.867638
 10
-51.950366
 20
13.969238
 42
-1.000028
  0
LWPOLYLINE
  5
2FF2
330
2F74
100
AcDbEntity
  8
PIN_BOTTOM
100
AcDbPolyline
 90
        6
 70
     1
 43
0.0
 10
-51.650138
 20
15.592298
 10
-51.650138
 20
15.490698
 42
-0.375524
 10
-51.698652
 20
15.44828
 10
-51.914552
 20
15.44828
 42
-0.3654199999999999
 10
-51.950366
 20
15.490698
 10
-51.950366
 20
15.592298
 42
-1.000028
  0
LWPOLYLINE
  5
2FF3
330
2F74
100
AcDbEntity
  8
PIN_BOTTOM
100
AcDbPolyline
 90
        6
 70
     1
 43
0.0
 10
-51.950366
 20
16.142462
 10
-51.950366
 20
16.244062
 42
-0.375524
 10
-51.90185200000001
 20
16.28648
 10
-51.68595200000001
 20
16.28648
 42
-0.3654199999999999
 10
-51.650138
 20
16.244062
 10
-51.650138
 20
16.142462
 42
-1.000028
  0
LWPOLYLINE
  5
2FF4
330
2F74
100
AcDbEntity
  8
PIN_BOTTOM
100
AcDbPolyline
 90
        6
 70
     1
 43
0.0
 10
-46.85157
 20
11.624564
 10
-46.74997
 20
11.624564
 42
-0.375524
 10
-46.70755200000001
 20
11.57605
 10
-46.70755200000001
 20
11.36015
 42
-0.3654199999999999
 10
-46.74997
 20
11.324336
 10
-46.85157
 20
11.324336
 42
-1.000028
  0
LWPOLYLINE
  5
2FF5
330
2F74
100
AcDbEntity
  8
PIN_BOTTOM
100
AcDbPolyline
 90
        6
 70
     1
 43
0.0
 10
-47.401734
 20
11.324336
 10
-47.503334
 20
11.324336
 42
-0.375524
 10
-47.545752
 20
11.37285
 10
-47.545752
 20
11.58875
 42
-0.3654199999999999
 10
-47.503334
 20
11.624564
 10
-47.401734
 20
11.624564
 42
-1.000028
  0
LWPOLYLINE
  5
2FF6
330
2F74
100
AcDbEntity
  8
PIN_BOTTOM
100
AcDbPolyline
 90
        6
 70
     1
 43
0.0
 10
-47.20717
 20
17.695164
 10
-47.10557
 20
17.695164
 42
-0.375524
 10
-47.063152
 20
17.64665
 10
-47.063152
 20
17.43075
 42
-0.3654199999999999
 10
-47.10557
 20
17.394936
 10
-47.20717
 20
17.394936
 42
-1.000028
  0
LWPOLYLINE
  5
2FF7
330
2F74
100
AcDbEntity
  8
PIN_BOTTOM
100
AcDbPolyline
 90
        6
 70
     1
 43
0.0
 10
-47.757334
 20
17.394936
 10
-47.858934
 20
17.394936
 42
-0.375524
 10
-47.901352
 20
17.44345
 10
-47.901352
 20
17.65935
 42
-0.3654199999999999
 10
-47.858934
 20
17.695164
 10
-47.757334
 20
17.695164
 42
-1.000028
  0
LWPOLYLINE
  5
2FF8
330
2F74
100
AcDbEntity
  8
PIN_BOTTOM
100
AcDbPolyline
 90
        6
 70
     1
 43
0.0
 10
-50.195734
 20
18.461736
 10
-50.29733400000001
 20
18.461736
 42
-0.375524
 10
-50.339752
 20
18.51025
 10
-50.339752
 20
18.72615
 42
-0.3654199999999999
 10
-50.29733400000001
 20
18.761964
 10
-50.195734
 20
18.761964
 42
-1.000028
  0
LWPOLYLINE
  5
2FF9
330
2F74
100
AcDbEntity
  8
PIN_BOTTOM
100
AcDbPolyline
 90
        6
 70
     1
 43
0.0
 10
-49.64557
 20
18.761964
 10
-49.54397
 20
18.761964
 42
-0.375524
 10
-49.50155200000001
 20
18.71344999999999
 10
-49.50155200000001
 20
18.49755
 42
-0.3654199999999999
 10
-49.54397
 20
18.461736
 10
-49.64557
 20
18.461736
 42
-1.000028
  0
LWPOLYLINE
  5
2FFA
330
2F74
100
AcDbEntity
  8
PIN_BOTTOM
100
AcDbPolyline
 90
        6
 70
     1
 43
0.0
 10
-41.204134
 20
8.123936
 10
-41.305734
 20
8.123936
 42
-0.375524
 10
-41.34815200000001
 20
8.172449999999999
 10
-41.34815200000001
 20
8.388349999999999
 42
-0.3654199999999999
 10
-41.305734
 20
8.424163999999999
 10
-41.204134
 20
8.424163999999999
 42
-1.000028
  0
LWPOLYLINE
  5
2FFB
330
2F74
100
AcDbEntity
  8
PIN_BOTTOM
100
AcDbPolyline
 90
        6
 70
     1
 43
0.0
 10
-40.65396999999999
 20
8.424163999999999
 10
-40.55237
 20
8.424163999999999
 42
-0.375524
 10
-40.509952
 20
8.37565
 10
-40.509952
 20
8.159749999999998
 42
-0.3654199999999999
 10
-40.55237
 20
8.123936
 10
-40.65396999999999
 20
8.123936
 42
-1.000028
  0
LWPOLYLINE
  5
2FFC
330
2F74
100
AcDbEntity
  8
PIN_BOTTOM
100
AcDbPolyline
 90
        6
 70
     1
 43
0.0
 10
-46.85157
 20
12.894564
 10
-46.74997
 20
12.894564
 42
-0.375524
 10
-46.70755200000001
 20
12.84605
 10
-46.70755200000001
 20
12.63015
 42
-0.3654199999999999
 10
-46.74997
 20
12.594336
 10
-46.85157
 20
12.594336
 42
-1.000028
  0
LWPOLYLINE
  5
2FFD
330
2F74
100
AcDbEntity
  8
PIN_BOTTOM
100
AcDbPolyline
 90
        6
 70
     1
 43
0.0
 10
-47.401734
 20
12.594336
 10
-47.503334
 20
12.594336
 42
-0.375524
 10
-47.545752
 20
12.64285
 10
-47.545752
 20
12.85875
 42
-0.3654199999999999
 10
-47.503334
 20
12.894564
 10
-47.401734
 20
12.894564
 42
-1.000028
  0
LWPOLYLINE
  5
2FFE
330
2F74
100
AcDbEntity
  8
PIN_BOTTOM
100
AcDbPolyline
 90
        6
 70
     1
 43
0.0
 10
-48.597566
 20
11.800332
 10
-48.597566
 20
11.901932
 42
-0.375524
 10
-48.54905200000001
 20
11.94435
 10
-48.33315200000001
 20
11.94435
 42
-0.3654199999999999
 10
-48.297338
 20
11.901932
 10
-48.297338
 20
11.800332
 42
-1.000028
  0
LWPOLYLINE
  5
2FFF
330
2F74
100
AcDbEntity
  8
PIN_BOTTOM
100
AcDbPolyline
 90
        6
 70
     1
 43
0.0
 10
-48.297338
 20
11.250168
 10
-48.297338
 20
11.148568
 42
-0.375524
 10
-48.34585200000001
 20
11.10615
 10
-48.561752
 20
11.10615
 42
-0.3654199999999999
 10
-48.597566
 20
11.148568
 10
-48.597566
 20
11.250168
 42
-1.000028
  0
LWPOLYLINE
  5
3000
330
2F74
100
AcDbEntity
  8
PIN_BOTTOM
100
AcDbPolyline
 90
        6
 70
     1
 43
0.0
 10
-48.493934
 20
18.461736
 10
-48.595534
 20
18.461736
 42
-0.375524
 10
-48.63795200000001
 20
18.51025
 10
-48.63795200000001
 20
18.72615
 42
-0.3654199999999999
 10
-48.595534
 20
18.761964
 10
-48.493934
 20
18.761964
 42
-1.000028
  0
LWPOLYLINE
  5
3001
330
2F74
100
AcDbEntity
  8
PIN_BOTTOM
100
AcDbPolyline
 90
        6
 70
     1
 43
0.0
 10
-47.94376999999999
 20
18.761964
 10
-47.84217
 20
18.761964
 42
-0.375524
 10
-47.799752
 20
18.71344999999999
 10
-47.799752
 20
18.49755
 42
-0.3654199999999999
 10
-47.84217
 20
18.461736
 10
-47.94376999999999
 20
18.461736
 42
-1.000028
  0
LWPOLYLINE
  5
3002
330
2F74
100
AcDbEntity
  8
PIN_BOTTOM
100
AcDbPolyline
 90
        6
 70
     1
 43
0.0
 10
-50.989738
 20
12.418568
 10
-50.989738
 20
12.316968
 42
-0.375524
 10
-51.03825200000001
 20
12.27455
 10
-51.254152
 20
12.27455
 42
-0.3654199999999999
 10
-51.289966
 20
12.316968
 10
-51.289966
 20
12.418568
 42
-1.000028
  0
LWPOLYLINE
  5
3003
330
2F74
100
AcDbEntity
  8
PIN_BOTTOM
100
AcDbPolyline
 90
        6
 70
     1
 43
0.0
 10
-51.289966
 20
12.968732
 10
-51.289966
 20
13.070332
 42
-0.375524
 10
-51.241452
 20
13.11275
 10
-51.02555200000001
 20
13.11275
 42
-0.3654199999999999
 10
-50.989738
 20
13.070332
 10
-50.989738
 20
12.968732
 42
-1.000028
  0
LWPOLYLINE
  5
3004
330
2F74
100
AcDbEntity
  8
PIN_BOTTOM
100
AcDbPolyline
 90
        6
 70
     1
 43
0.0
 10
-50.862738
 20
19.149568
 10
-50.862738
 20
19.04796799999999
 42
-0.375524
 10
-50.911252
 20
19.00555
 10
-51.127152
 20
19.00555
 42
-0.3654199999999999
 10
-51.162966
 20
19.04796799999999
 10
-51.162966
 20
19.149568
 42
-1.000028
  0
LWPOLYLINE
  5
3005
330
2F74
100
AcDbEntity
  8
PIN_BOTTOM
100
AcDbPolyline
 90
        6
 70
     1
 43
0.0
 10
-51.162966
 20
19.699732
 10
-51.162966
 20
19.801332
 42
-0.375524
 10
-51.11445200000001
 20
19.84375
 10
-50.898552
 20
19.84375
 42
-0.3654199999999999
 10
-50.862738
 20
19.801332
 10
-50.862738
 20
19.699732
 42
-1.000028
  0
LWPOLYLINE
  5
3006
330
2F74
100
AcDbEntity
  8
PIN_BOTTOM
100
AcDbPolyline
 90
        6
 70
     1
 43
0.0
 10
-25.68676600000001
 20
10.885932
 10
-25.68676600000001
 20
10.987532
 42
-0.375524
 10
-25.63825200000001
 20
11.02995
 10
-25.422352
 20
11.02995
 42
-0.3654199999999999
 10
-25.386538
 20
10.987532
 10
-25.386538
 20
10.885932
 42
-1.000028
  0
LWPOLYLINE
  5
3007
330
2F74
100
AcDbEntity
  8
PIN_BOTTOM
100
AcDbPolyline
 90
        6
 70
     1
 43
0.0
 10
-25.386538
 20
10.335768
 10
-25.386538
 20
10.234168
 42
-0.375524
 10
-25.43505200000001
 20
10.19175
 10
-25.650952
 20
10.19175
 42
-0.3654199999999999
 10
-25.68676600000001
 20
10.234168
 10
-25.68676600000001
 20
10.335768
 42
-1.000028
  0
LWPOLYLINE
  5
3008
330
2F74
100
AcDbEntity
  8
PIN_BOTTOM
100
AcDbPolyline
 90
        6
 70
     1
 43
0.0
 10
-26.26182200000001
 20
8.334755999999998
 10
-26.26182200000001
 20
8.436355999999999
 42
-0.375524
 10
-26.21330800000001
 20
8.478773999999999
 10
-25.99740800000001
 20
8.478773999999999
 42
-0.3654199999999999
 10
-25.961594
 20
8.436355999999999
 10
-25.961594
 20
8.334755999999998
 42
-1.000028
  0
LWPOLYLINE
  5
3009
330
2F74
100
AcDbEntity
  8
PIN_BOTTOM
100
AcDbPolyline
 90
        6
 70
     1
 43
0.0
 10
-25.961594
 20
7.784591999999999
 10
-25.961594
 20
7.682991999999998
 42
-0.375524
 10
-26.010108
 20
7.640574
 10
-26.22600800000001
 20
7.640574
 42
-0.3654199999999999
 10
-26.26182200000001
 20
7.682991999999998
 10
-26.26182200000001
 20
7.784591999999999
 42
-1.000028
  0
LWPOLYLINE
  5
300A
330
2F74
100
AcDbEntity
  8
PIN_BOTTOM
100
AcDbPolyline
 90
        6
 70
     1
 43
0.0
 10
-25.259538
 20
7.770367999999999
 10
-25.259538
 20
7.668767999999998
 42
-0.375524
 10
-25.308052
 20
7.62635
 10
-25.52395200000001
 20
7.62635
 42
-0.3654199999999999
 10
-25.55976600000001
 20
7.668767999999998
 10
-25.55976600000001
 20
7.770367999999999
 42
-1.000028
  0
LWPOLYLINE
  5
300B
330
2F74
100
AcDbEntity
  8
PIN_BOTTOM
100
AcDbPolyline
 90
        6
 70
     1
 43
0.0
 10
-25.55976600000001
 20
8.320532
 10
-25.55976600000001
 20
8.422132000000001
 42
-0.375524
 10
-25.51125200000001
 20
8.464549999999999
 10
-25.29535200000001
 20
8.464549999999999
 42
-0.3654199999999999
 10
-25.259538
 20
8.422132000000001
 10
-25.259538
 20
8.320532
 42
-1.000028
  0
LWPOLYLINE
  5
300C
330
2F74
100
AcDbEntity
  8
PIN_BOTTOM
100
AcDbPolyline
 90
        6
 70
     1
 43
0.0
 10
-26.24556600000001
 20
9.692132
 10
-26.24556600000001
 20
9.793732
 42
-0.375524
 10
-26.197052
 20
9.836149999999999
 10
-25.981152
 20
9.836149999999999
 42
-0.3654199999999999
 10
-25.94533800000001
 20
9.793732
 10
-25.94533800000001
 20
9.692132
 42
-1.000028
  0
LWPOLYLINE
  5
300D
330
2F74
100
AcDbEntity
  8
PIN_BOTTOM
100
AcDbPolyline
 90
        6
 70
     1
 43
0.0
 10
-25.94533800000001
 20
9.141967999999998
 10
-25.94533800000001
 20
9.040367999999999
 42
-0.375524
 10
-25.993852
 20
8.997949999999999
 10
-26.20975200000001
 20
8.997949999999999
 42
-0.3654199999999999
 10
-26.24556600000001
 20
9.040367999999999
 10
-26.24556600000001
 20
9.141967999999998
 42
-1.000028
  0
LWPOLYLINE
  5
300E
330
2F74
100
AcDbEntity
  8
PIN_BOTTOM
100
AcDbPolyline
 90
        6
 70
     1
 43
0.0
 10
-25.25496600000001
 20
9.742931999999999
 10
-25.25496600000001
 20
9.844532
 42
-0.375524
 10
-25.20645200000001
 20
9.88695
 10
-24.99055200000001
 20
9.88695
 42
-0.3654199999999999
 10
-24.954738
 20
9.844532
 10
-24.954738
 20
9.742931999999999
 42
-1.000028
  0
LWPOLYLINE
  5
300F
330
2F74
100
AcDbEntity
  8
PIN_BOTTOM
100
AcDbPolyline
 90
        6
 70
     1
 43
0.0
 10
-24.954738
 20
9.192767999999999
 10
-24.954738
 20
9.091167999999999
 42
-0.375524
 10
-25.00325200000001
 20
9.04875
 10
-25.219152
 20
9.04875
 42
-0.3654199999999999
 10
-25.25496600000001
 20
9.091167999999999
 10
-25.25496600000001
 20
9.192767999999999
 42
-1.000028
  0
LWPOLYLINE
  5
3010
330
2F74
100
AcDbEntity
  8
PIN_BOTTOM
100
AcDbPolyline
 90
        6
 70
     1
 43
0.0
 10
-24.26436600000001
 20
9.234932
 10
-24.26436600000001
 20
9.336532
 42
-0.375524
 10
-24.21585200000001
 20
9.378949999999999
 10
-23.99995200000001
 20
9.378949999999999
 42
-0.3654199999999999
 10
-23.964138
 20
9.336532
 10
-23.964138
 20
9.234932
 42
-1.000028
  0
LWPOLYLINE
  5
3011
330
2F74
100
AcDbEntity
  8
PIN_BOTTOM
100
AcDbPolyline
 90
        6
 70
     1
 43
0.0
 10
-23.964138
 20
8.684767999999998
 10
-23.964138
 20
8.583167999999998
 42
-0.375524
 10
-24.012652
 20
8.540749999999999
 10
-24.22855200000001
 20
8.540749999999999
 42
-0.3654199999999999
 10
-24.26436600000001
 20
8.583167999999998
 10
-24.26436600000001
 20
8.684767999999998
 42
-1.000028
  0
LWPOLYLINE
  5
3012
330
2F74
100
AcDbEntity
  8
PIN_BOTTOM
100
AcDbPolyline
 90
        6
 70
     1
 43
0.0
 10
-24.040338
 20
9.827767999999998
 10
-24.040338
 20
9.726167999999999
 42
-0.375524
 10
-24.088852
 20
9.683749999999999
 10
-24.304752
 20
9.683749999999999
 42
-0.3654199999999999
 10
-24.34056600000001
 20
9.726167999999999
 10
-24.34056600000001
 20
9.827767999999998
 42
-1.000028
  0
LWPOLYLINE
  5
3013
330
2F74
100
AcDbEntity
  8
PIN_BOTTOM
100
AcDbPolyline
 90
        6
 70
     1
 43
0.0
 10
-24.34056600000001
 20
10.377932
 10
-24.34056600000001
 20
10.479532
 42
-0.375524
 10
-24.29205200000001
 20
10.52195
 10
-24.076152
 20
10.52195
 42
-0.3654199999999999
 10
-24.040338
 20
10.479532
 10
-24.040338
 20
10.377932
 42
-1.000028
  0
LWPOLYLINE
  5
3014
330
2F74
100
AcDbEntity
  8
PIN_BOTTOM
100
AcDbPolyline
 90
        6
 70
     1
 43
0.0
 10
-23.08606000000001
 20
8.088122
 10
-23.18766
 20
8.088122
 42
-0.375524
 10
-23.230078
 20
8.136635999999999
 10
-23.230078
 20
8.352536
 42
-0.3654199999999999
 10
-23.18766
 20
8.388349999999999
 10
-23.08606000000001
 20
8.388349999999999
 42
-1.000028
  0
LWPOLYLINE
  5
3015
330
2F74
100
AcDbEntity
  8
PIN_BOTTOM
100
AcDbPolyline
 90
        6
 70
     1
 43
0.0
 10
-22.53589600000001
 20
8.388349999999999
 10
-22.434296
 20
8.388349999999999
 42
-0.375524
 10
-22.39187800000001
 20
8.339836
 10
-22.39187800000001
 20
8.123936
 42
-0.3654199999999999
 10
-22.434296
 20
8.088122
 10
-22.53589600000001
 20
8.088122
 42
-1.000028
  0
LWPOLYLINE
  5
3016
330
2F74
100
AcDbEntity
  8
PIN_BOTTOM
100
AcDbPolyline
 90
        6
 70
     1
 43
0.0
 10
-20.17293400000001
 20
16.175736
 10
-20.274534
 20
16.175736
 42
-0.375524
 10
-20.31695200000001
 20
16.22425
 10
-20.31695200000001
 20
16.44015
 42
-0.3654199999999999
 10
-20.274534
 20
16.475964
 10
-20.17293400000001
 20
16.475964
 42
-1.000028
  0
LWPOLYLINE
  5
3017
330
2F74
100
AcDbEntity
  8
PIN_BOTTOM
100
AcDbPolyline
 90
        6
 70
     1
 43
0.0
 10
-19.62277
 20
16.475964
 10
-19.52117
 20
16.475964
 42
-0.375524
 10
-19.47875200000001
 20
16.42745
 10
-19.47875200000001
 20
16.21155
 42
-0.3654199999999999
 10
-19.52117
 20
16.175736
 10
-19.62277
 20
16.175736
 42
-1.000028
  0
LWPOLYLINE
  5
3018
330
2F74
100
AcDbEntity
  8
PIN_BOTTOM
100
AcDbPolyline
 90
        6
 70
     1
 43
0.0
 10
-31.14776600000001
 20
16.804132
 10
-31.14776600000001
 20
16.905732
 42
-0.375524
 10
-31.09925200000001
 20
16.94815
 10
-30.88335200000001
 20
16.94815
 42
-0.3654199999999999
 10
-30.847538
 20
16.905732
 10
-30.847538
 20
16.804132
 42
-1.000028
  0
LWPOLYLINE
  5
3019
330
2F74
100
AcDbEntity
  8
PIN_BOTTOM
100
AcDbPolyline
 90
        6
 70
     1
 43
0.0
 10
-30.847538
 20
16.253968
 10
-30.847538
 20
16.152368
 42
-0.375524
 10
-30.89605200000001
 20
16.10995
 10
-31.11195200000001
 20
16.10995
 42
-0.3654199999999999
 10
-31.14776600000001
 20
16.152368
 10
-31.14776600000001
 20
16.253968
 42
-1.000028
  0
LWPOLYLINE
  5
301A
330
2F74
100
AcDbEntity
  8
PIN_BOTTOM
100
AcDbPolyline
 90
        6
 70
     1
 43
0.0
 10
-26.93797
 20
13.097764
 10
-26.83637
 20
13.097764
 42
-0.375524
 10
-26.793952
 20
13.04925
 10
-26.793952
 20
12.83335
 42
-0.3654199999999999
 10
-26.83637
 20
12.797536
 10
-26.93797
 20
12.797536
 42
-1.000028
  0
LWPOLYLINE
  5
301B
330
2F74
100
AcDbEntity
  8
PIN_BOTTOM
100
AcDbPolyline
 90
        6
 70
     1
 43
0.0
 10
-27.48813400000001
 20
12.797536
 10
-27.589734
 20
12.797536
 42
-0.375524
 10
-27.63215200000001
 20
12.84605
 10
-27.63215200000001
 20
13.06195
 42
-0.3654199999999999
 10
-27.589734
 20
13.097764
 10
-27.48813400000001
 20
13.097764
 42
-1.000028
  0
LWPOLYLINE
  5
301C
330
2F74
100
AcDbEntity
  8
PIN_BOTTOM
100
AcDbPolyline
 90
        6
 70
     1
 43
0.0
 10
-23.71979
 20
13.066268
 10
-23.61819000000001
 20
13.066268
 42
-0.375524
 10
-23.57577200000001
 20
13.017754
 10
-23.57577200000001
 20
12.801854
 42
-0.3654199999999999
 10
-23.61819000000001
 20
12.76604
 10
-23.71979
 20
12.76604
 42
-1.000028
  0
LWPOLYLINE
  5
301D
330
2F74
100
AcDbEntity
  8
PIN_BOTTOM
100
AcDbPolyline
 90
        6
 70
     1
 43
0.0
 10
-24.26995400000001
 20
12.76604
 10
-24.37155400000001
 20
12.76604
 42
-0.375524
 10
-24.41397200000001
 20
12.814554
 10
-24.41397200000001
 20
13.030454
 42
-0.3654199999999999
 10
-24.37155400000001
 20
13.066268
 10
-24.26995400000001
 20
13.066268
 42
-1.000028
  0
LWPOLYLINE
  5
301E
330
2F74
100
AcDbEntity
  8
PIN_BOTTOM
100
AcDbPolyline
 90
        6
 70
     1
 43
0.0
 10
-31.34893400000001
 20
17.985232
 10
-31.450534
 20
17.985232
 42
-0.375524
 10
-31.49295200000001
 20
18.03374599999999
 10
-31.49295200000001
 20
18.249646
 42
-0.3654199999999999
 10
-31.450534
 20
18.28546
 10
-31.34893400000001
 20
18.28546
 42
-1.000028
  0
LWPOLYLINE
  5
301F
330
2F74
100
AcDbEntity
  8
PIN_BOTTOM
100
AcDbPolyline
 90
        6
 70
     1
 43
0.0
 10
-30.79877000000001
 20
18.28546
 10
-30.69717000000001
 20
18.28546
 42
-0.375524
 10
-30.65475200000001
 20
18.236946
 10
-30.65475200000001
 20
18.021046
 42
-0.3654199999999999
 10
-30.69717000000001
 20
17.985232
 10
-30.79877000000001
 20
17.985232
 42
-1.000028
  0
LWPOLYLINE
  5
3020
330
2F74
100
AcDbEntity
  8
PIN_BOTTOM
100
AcDbPolyline
 90
        6
 70
     1
 43
0.0
 10
-23.551134
 20
17.013936
 10
-23.65273400000001
 20
17.013936
 42
-0.375524
 10
-23.695152
 20
17.06245
 10
-23.695152
 20
17.27835
 42
-0.3654199999999999
 10
-23.65273400000001
 20
17.314164
 10
-23.551134
 20
17.314164
 42
-1.000028
  0
LWPOLYLINE
  5
3021
330
2F74
100
AcDbEntity
  8
PIN_BOTTOM
100
AcDbPolyline
 90
        6
 70
     1
 43
0.0
 10
-23.00097
 20
17.314164
 10
-22.89937
 20
17.314164
 42
-0.375524
 10
-22.85695200000001
 20
17.26565
 10
-22.85695200000001
 20
17.04975
 42
-0.3654199999999999
 10
-22.89937
 20
17.013936
 10
-23.00097
 20
17.013936
 42
-1.000028
  0
LWPOLYLINE
  5
3022
330
2F74
100
AcDbEntity
  8
PIN_BOTTOM
100
AcDbPolyline
 90
        6
 70
     1
 43
0.0
 10
-25.13457000000001
 20
17.618964
 10
-25.03297
 20
17.618964
 42
-0.375524
 10
-24.99055200000001
 20
17.57045
 10
-24.99055200000001
 20
17.35455
 42
-0.3654199999999999
 10
-25.03297
 20
17.318736
 10
-25.13457000000001
 20
17.318736
 42
-1.000028
  0
LWPOLYLINE
  5
3023
330
2F74
100
AcDbEntity
  8
PIN_BOTTOM
100
AcDbPolyline
 90
        6
 70
     1
 43
0.0
 10
-25.68473400000001
 20
17.318736
 10
-25.78633400000001
 20
17.318736
 42
-0.375524
 10
-25.82875200000001
 20
17.36725
 10
-25.82875200000001
 20
17.58315
 42
-0.3654199999999999
 10
-25.78633400000001
 20
17.618964
 10
-25.68473400000001
 20
17.618964
 42
-1.000028
  0
LWPOLYLINE
  5
3024
330
2F74
100
AcDbEntity
  8
PIN_BOTTOM
100
AcDbPolyline
 90
        6
 70
     1
 43
0.0
 10
-25.64257
 20
16.907764
 10
-25.54097
 20
16.907764
 42
-0.375524
 10
-25.498552
 20
16.85925
 10
-25.498552
 20
16.64335
 42
-0.3654199999999999
 10
-25.54097
 20
16.607536
 10
-25.64257
 20
16.607536
 42
-1.000028
  0
LWPOLYLINE
  5
3025
330
2F74
100
AcDbEntity
  8
PIN_BOTTOM
100
AcDbPolyline
 90
        6
 70
     1
 43
0.0
 10
-26.19273400000001
 20
16.607536
 10
-26.29433400000001
 20
16.607536
 42
-0.375524
 10
-26.33675200000001
 20
16.65605
 10
-26.33675200000001
 20
16.87195
 42
-0.3654199999999999
 10
-26.29433400000001
 20
16.907764
 10
-26.19273400000001
 20
16.907764
 42
-1.000028
  0
LWPOLYLINE
  5
3026
330
2F74
100
AcDbEntity
  8
PIN_BOTTOM
100
AcDbPolyline
 90
        6
 70
     1
 43
0.0
 10
-24.16733800000001
 20
18.184368
 10
-24.16733800000001
 20
18.08276799999999
 42
-0.375524
 10
-24.21585200000001
 20
18.04035
 10
-24.43175200000001
 20
18.04035
 42
-0.3654199999999999
 10
-24.467566
 20
18.08276799999999
 10
-24.467566
 20
18.184368
 42
-1.000028
  0
LWPOLYLINE
  5
3027
330
2F74
100
AcDbEntity
  8
PIN_BOTTOM
100
AcDbPolyline
 90
        6
 70
     1
 43
0.0
 10
-24.467566
 20
18.734532
 10
-24.467566
 20
18.836132
 42
-0.375524
 10
-24.41905200000001
 20
18.87855
 10
-24.203152
 20
18.87855
 42
-0.3654199999999999
 10
-24.16733800000001
 20
18.836132
 10
-24.16733800000001
 20
18.734532
 42
-1.000028
  0
LWPOLYLINE
  5
3028
330
2F74
100
AcDbEntity
  8
PIN_BOTTOM
100
AcDbPolyline
 90
        6
 70
     1
 43
0.0
 10
-24.878538
 20
18.184368
 10
-24.878538
 20
18.08276799999999
 42
-0.375524
 10
-24.927052
 20
18.04035
 10
-25.14295200000001
 20
18.04035
 42
-0.3654199999999999
 10
-25.17876600000001
 20
18.08276799999999
 10
-25.17876600000001
 20
18.184368
 42
-1.000028
  0
LWPOLYLINE
  5
3029
330
2F74
100
AcDbEntity
  8
PIN_BOTTOM
100
AcDbPolyline
 90
        6
 70
     1
 43
0.0
 10
-25.17876600000001
 20
18.734532
 10
-25.17876600000001
 20
18.836132
 42
-0.375524
 10
-25.13025200000001
 20
18.87855
 10
-24.91435200000001
 20
18.87855
 42
-0.3654199999999999
 10
-24.878538
 20
18.836132
 10
-24.878538
 20
18.734532
 42
-1.000028
  0
LWPOLYLINE
  5
302A
330
2F74
100
AcDbEntity
  8
PIN_BOTTOM
100
AcDbPolyline
 90
        6
 70
     1
 43
0.0
 10
-27.41396600000001
 20
10.276332
 10
-27.41396600000001
 20
10.377932
 42
-0.375524
 10
-27.36545200000001
 20
10.42035
 10
-27.149552
 20
10.42035
 42
-0.3654199999999999
 10
-27.113738
 20
10.377932
 10
-27.113738
 20
10.276332
 42
-1.000028
  0
LWPOLYLINE
  5
302B
330
2F74
100
AcDbEntity
  8
PIN_BOTTOM
100
AcDbPolyline
 90
        6
 70
     1
 43
0.0
 10
-27.113738
 20
9.726167999999999
 10
-27.113738
 20
9.624567999999998
 42
-0.375524
 10
-27.16225200000001
 20
9.58215
 10
-27.378152
 20
9.58215
 42
-0.3654199999999999
 10
-27.41396600000001
 20
9.624567999999998
 10
-27.41396600000001
 20
9.726167999999999
 42
-1.000028
  0
LWPOLYLINE
  5
302C
330
2F74
100
AcDbEntity
  8
PIN_BOTTOM
100
AcDbPolyline
 90
        6
 70
     1
 43
0.0
 10
-28.673806
 20
10.936986
 10
-28.60217800000001
 20
11.008868
 42
-0.377036
 10
-28.53766200000001
 20
11.00455
 10
-28.385008
 20
10.851896
 42
-0.365683
 10
-28.389834
 20
10.796524
 10
-28.46171600000001
 20
10.724896
 42
-1.000062999999999
  0
LWPOLYLINE
  5
302D
330
2F74
100
AcDbEntity
  8
PIN_BOTTOM
100
AcDbPolyline
 90
        6
 70
     1
 43
0.0
 10
-28.851098
 20
10.335514
 10
-28.922726
 20
10.263632
 42
-0.377036
 10
-28.98724200000001
 20
10.26795
 10
-29.13989600000001
 20
10.420604
 42
-0.365683
 10
-29.13507
 20
10.475976
 10
-29.06318800000001
 20
10.547604
 42
-1.000062999999999
  0
LWPOLYLINE
  5
302E
330
2F74
100
AcDbEntity
  8
PIN_BOTTOM
100
AcDbPolyline
 90
        6
 70
     1
 43
0.0
 10
-29.57957
 20
18.939764
 10
-29.47797
 20
18.939764
 42
-0.375524
 10
-29.435552
 20
18.89125
 10
-29.435552
 20
18.67535
 42
-0.3654199999999999
 10
-29.47797
 20
18.639536
 10
-29.57957
 20
18.639536
 42
-1.000028
  0
LWPOLYLINE
  5
302F
330
2F74
100
AcDbEntity
  8
PIN_BOTTOM
100
AcDbPolyline
 90
        6
 70
     1
 43
0.0
 10
-30.12973400000001
 20
18.639536
 10
-30.23133400000001
 20
18.639536
 42
-0.375524
 10
-30.27375200000001
 20
18.68805
 10
-30.27375200000001
 20
18.90395
 42
-0.3654199999999999
 10
-30.23133400000001
 20
18.939764
 10
-30.12973400000001
 20
18.939764
 42
-1.000028
  0
LWPOLYLINE
  5
3030
330
2F74
100
AcDbEntity
  8
PIN_BOTTOM
100
AcDbPolyline
 90
        6
 70
     1
 43
0.0
 10
-27.70860600000001
 20
11.063986
 10
-27.63697800000001
 20
11.135868
 42
-0.377036
 10
-27.572462
 20
11.13155
 10
-27.419808
 20
10.978896
 42
-0.365683
 10
-27.424634
 20
10.923524
 10
-27.49651600000001
 20
10.851896
 42
-1.000062999999999
  0
LWPOLYLINE
  5
3031
330
2F74
100
AcDbEntity
  8
PIN_BOTTOM
100
AcDbPolyline
 90
        6
 70
     1
 43
0.0
 10
-27.88589800000001
 20
10.462514
 10
-27.95752600000001
 20
10.390632
 42
-0.377036
 10
-28.02204200000001
 20
10.39495
 10
-28.17469600000001
 20
10.547604
 42
-0.365683
 10
-28.16987000000001
 20
10.602976
 10
-28.09798800000001
 20
10.674604
 42
-1.000062999999999
  0
LWPOLYLINE
  5
3032
330
2F74
100
AcDbEntity
  8
PIN_BOTTOM
100
AcDbPolyline
 90
        6
 70
     1
 43
0.0
 10
-26.32176600000001
 20
10.885932
 10
-26.32176600000001
 20
10.987532
 42
-0.375524
 10
-26.273252
 20
11.02995
 10
-26.05735200000001
 20
11.02995
 42
-0.3654199999999999
 10
-26.021538
 20
10.987532
 10
-26.021538
 20
10.885932
 42
-1.000028
  0
LWPOLYLINE
  5
3033
330
2F74
100
AcDbEntity
  8
PIN_BOTTOM
100
AcDbPolyline
 90
        6
 70
     1
 43
0.0
 10
-26.021538
 20
10.335768
 10
-26.021538
 20
10.234168
 42
-0.375524
 10
-26.07005200000001
 20
10.19175
 10
-26.28595200000001
 20
10.19175
 42
-0.3654199999999999
 10
-26.32176600000001
 20
10.234168
 10
-26.32176600000001
 20
10.335768
 42
-1.000028
  0
LWPOLYLINE
  5
3034
330
2F74
100
AcDbEntity
  8
PIN_BOTTOM
100
AcDbPolyline
 90
        6
 70
     1
 43
0.0
 10
-29.68117000000001
 20
18.279364
 10
-29.57957
 20
18.279364
 42
-0.375524
 10
-29.53715200000001
 20
18.23085
 10
-29.53715200000001
 20
18.01495
 42
-0.3654199999999999
 10
-29.57957
 20
17.979136
 10
-29.68117000000001
 20
17.979136
 42
-1.000028
  0
LWPOLYLINE
  5
3035
330
2F74
100
AcDbEntity
  8
PIN_BOTTOM
100
AcDbPolyline
 90
        6
 70
     1
 43
0.0
 10
-30.23133400000001
 20
17.979136
 10
-30.33293400000001
 20
17.979136
 42
-0.375524
 10
-30.37535200000001
 20
18.02765
 10
-30.37535200000001
 20
18.24355
 42
-0.3654199999999999
 10
-30.33293400000001
 20
18.279364
 10
-30.23133400000001
 20
18.279364
 42
-1.000028
  0
LWPOLYLINE
  5
3036
330
2F74
100
AcDbEntity
  8
PIN_BOTTOM
100
AcDbPolyline
 90
        6
 70
     1
 43
0.0
 10
-31.32353400000001
 20
10.155936
 10
-31.425134
 20
10.155936
 42
-0.375524
 10
-31.46755200000001
 20
10.20445
 10
-31.46755200000001
 20
10.42035
 42
-0.3654199999999999
 10
-31.425134
 20
10.456164
 10
-31.32353400000001
 20
10.456164
 42
-1.000028
  0
LWPOLYLINE
  5
3037
330
2F74
100
AcDbEntity
  8
PIN_BOTTOM
100
AcDbPolyline
 90
        6
 70
     1
 43
0.0
 10
-30.77337
 20
10.456164
 10
-30.67177
 20
10.456164
 42
-0.375524
 10
-30.629352
 20
10.40765
 10
-30.629352
 20
10.19175
 42
-0.3654199999999999
 10
-30.67177
 20
10.155936
 10
-30.77337
 20
10.155936
 42
-1.000028
  0
LWPOLYLINE
  5
3038
330
2F74
100
AcDbEntity
  8
PIN_BOTTOM
100
AcDbPolyline
 90
        6
 70
     1
 43
0.0
 10
-25.589738
 20
19.505168
 10
-25.589738
 20
19.403568
 42
-0.375524
 10
-25.63825200000001
 20
19.36115
 10
-25.854152
 20
19.36115
 42
-0.3654199999999999
 10
-25.88996600000001
 20
19.403568
 10
-25.88996600000001
 20
19.505168
 42
-1.000028
  0
LWPOLYLINE
  5
3039
330
2F74
100
AcDbEntity
  8
PIN_BOTTOM
100
AcDbPolyline
 90
        6
 70
     1
 43
0.0
 10
-25.88996600000001
 20
20.055332
 10
-25.88996600000001
 20
20.156932
 42
-0.375524
 10
-25.841452
 20
20.19935
 10
-25.62555200000001
 20
20.19935
 42
-0.3654199999999999
 10
-25.589738
 20
20.156932
 10
-25.589738
 20
20.055332
 42
-1.000028
  0
LWPOLYLINE
  5
303A
330
2F74
100
AcDbEntity
  8
PIN_BOTTOM
100
AcDbPolyline
 90
        6
 70
     1
 43
0.0
 10
-26.834338
 20
19.505168
 10
-26.834338
 20
19.403568
 42
-0.375524
 10
-26.88285200000001
 20
19.36115
 10
-27.09875200000001
 20
19.36115
 42
-0.3654199999999999
 10
-27.13456600000001
 20
19.403568
 10
-27.13456600000001
 20
19.505168
 42
-1.000028
  0
LWPOLYLINE
  5
303B
330
2F74
100
AcDbEntity
  8
PIN_BOTTOM
100
AcDbPolyline
 90
        6
 70
     1
 43
0.0
 10
-27.13456600000001
 20
20.055332
 10
-27.13456600000001
 20
20.156932
 42
-0.375524
 10
-27.08605200000001
 20
20.19935
 10
-26.87015200000001
 20
20.19935
 42
-0.3654199999999999
 10
-26.834338
 20
20.156932
 10
-26.834338
 20
20.055332
 42
-1.000028
  0
LWPOLYLINE
  5
303C
330
2F74
100
AcDbEntity
  8
PIN_BOTTOM
100
AcDbPolyline
 90
        6
 70
     1
 43
0.0
 10
-29.494988
 20
14.727936
 10
-29.59658800000001
 20
14.727936
 42
-0.375524
 10
-29.639006
 20
14.77645
 10
-29.639006
 20
14.99235
 42
-0.3654199999999999
 10
-29.59658800000001
 20
15.028164
 10
-29.494988
 20
15.028164
 42
-1.000028
  0
LWPOLYLINE
  5
303D
330
2F74
100
AcDbEntity
  8
PIN_BOTTOM
100
AcDbPolyline
 90
        6
 70
     1
 43
0.0
 10
-28.94482400000001
 20
15.028164
 10
-28.843224
 20
15.028164
 42
-0.375524
 10
-28.80080600000001
 20
14.97965
 10
-28.80080600000001
 20
14.76375
 42
-0.3654199999999999
 10
-28.843224
 20
14.727936
 10
-28.94482400000001
 20
14.727936
 42
-1.000028
  0
LWPOLYLINE
  5
303E
330
2F74
100
AcDbEntity
  8
PIN_BOTTOM
100
AcDbPolyline
 90
        6
 70
     1
 43
0.0
 10
-51.795934
 20
8.098535999999999
 10
-51.897534
 20
8.098535999999999
 42
-0.375524
 10
-51.939952
 20
8.14705
 10
-51.939952
 20
8.362949999999999
 42
-0.3654199999999999
 10
-51.897534
 20
8.398763999999999
 10
-51.795934
 20
8.398763999999999
 42
-1.000028
  0
LWPOLYLINE
  5
303F
330
2F74
100
AcDbEntity
  8
PIN_BOTTOM
100
AcDbPolyline
 90
        6
 70
     1
 43
0.0
 10
-51.24577000000001
 20
8.398763999999999
 10
-51.14417
 20
8.398763999999999
 42
-0.375524
 10
-51.101752
 20
8.350249999999999
 10
-51.101752
 20
8.134349999999999
 42
-0.3654199999999999
 10
-51.14417
 20
8.098535999999999
 10
-51.24577000000001
 20
8.098535999999999
 42
-1.000028
  0
LWPOLYLINE
  5
3040
330
2F74
100
AcDbEntity
  8
PIN_BOTTOM
100
AcDbPolyline
 90
        6
 70
     1
 43
0.0
 10
-29.01416600000001
 20
12.282932
 10
-29.01416600000001
 20
12.384532
 42
-0.375524
 10
-28.96565200000001
 20
12.42695
 10
-28.74975200000001
 20
12.42695
 42
-0.3654199999999999
 10
-28.713938
 20
12.384532
 10
-28.713938
 20
12.282932
 42
-1.000028
  0
LWPOLYLINE
  5
3041
330
2F74
100
AcDbEntity
  8
PIN_BOTTOM
100
AcDbPolyline
 90
        6
 70
     1
 43
0.0
 10
-28.713938
 20
11.732768
 10
-28.713938
 20
11.631168
 42
-0.375524
 10
-28.76245200000001
 20
11.58875
 10
-28.97835200000001
 20
11.58875
 42
-0.3654199999999999
 10
-29.01416600000001
 20
11.631168
 10
-29.01416600000001
 20
11.732768
 42
-1.000028
  0
LWPOLYLINE
  5
3042
330
2F74
100
AcDbEntity
  8
PIN_BOTTOM
100
AcDbPolyline
 90
        6
 70
     1
 43
0.0
 10
-29.374338
 20
13.586968
 10
-29.374338
 20
13.485368
 42
-0.375524
 10
-29.422852
 20
13.44295
 10
-29.638752
 20
13.44295
 42
-0.3654199999999999
 10
-29.67456600000001
 20
13.485368
 10
-29.67456600000001
 20
13.586968
 42
-1.000028
  0
LWPOLYLINE
  5
3043
330
2F74
100
AcDbEntity
  8
PIN_BOTTOM
100
AcDbPolyline
 90
        6
 70
     1
 43
0.0
 10
-29.67456600000001
 20
14.137132
 10
-29.67456600000001
 20
14.238732
 42
-0.375524
 10
-29.626052
 20
14.28115
 10
-29.41015200000001
 20
14.28115
 42
-0.3654199999999999
 10
-29.374338
 20
14.238732
 10
-29.374338
 20
14.137132
 42
-1.000028
  0
LWPOLYLINE
  5
3044
330
2F74
100
AcDbEntity
  8
PIN_BOTTOM
100
AcDbPolyline
 90
        6
 70
     1
 43
0.0
 10
-30.26537000000001
 20
15.688564
 10
-30.16377
 20
15.688564
 42
-0.375524
 10
-30.12135200000001
 20
15.64005
 10
-30.12135200000001
 20
15.42415
 42
-0.3654199999999999
 10
-30.16377
 20
15.388336
 10
-30.26537000000001
 20
15.388336
 42
-1.000028
  0
LWPOLYLINE
  5
3045
330
2F74
100
AcDbEntity
  8
PIN_BOTTOM
100
AcDbPolyline
 90
        6
 70
     1
 43
0.0
 10
-30.81553400000001
 20
15.388336
 10
-30.91713400000001
 20
15.388336
 42
-0.375524
 10
-30.95955200000001
 20
15.43685
 10
-30.95955200000001
 20
15.65275
 42
-0.3654199999999999
 10
-30.91713400000001
 20
15.688564
 10
-30.81553400000001
 20
15.688564
 42
-1.000028
  0
LWPOLYLINE
  5
3046
330
2F74
100
AcDbEntity
  8
PIN_BOTTOM
100
AcDbPolyline
 90
        6
 70
     1
 43
0.0
 10
-30.90900600000001
 20
11.749786
 10
-30.83737800000001
 20
11.821668
 42
-0.377036
 10
-30.772862
 20
11.81735
 10
-30.62020800000001
 20
11.664696
 42
-0.365683
 10
-30.62503400000001
 20
11.609324
 10
-30.696916
 20
11.537696
 42
-1.000062999999999
  0
LWPOLYLINE
  5
3047
330
2F74
100
AcDbEntity
  8
PIN_BOTTOM
100
AcDbPolyline
 90
        6
 70
     1
 43
0.0
 10
-31.086298
 20
11.148314
 10
-31.15792600000001
 20
11.076432
 42
-0.377036
 10
-31.22244200000001
 20
11.08075
 10
-31.37509600000001
 20
11.233404
 42
-0.365683
 10
-31.37027000000001
 20
11.288776
 10
-31.298388
 20
11.360404
 42
-1.000062999999999
  0
LWPOLYLINE
  5
3048
330
2F74
100
AcDbEntity
  8
PIN_BOTTOM
100
AcDbPolyline
 90
        6
 70
     1
 43
0.0
 10
-30.03448400000001
 20
13.586714
 10
-30.03448400000001
 20
13.485114
 42
-0.375524
 10
-30.082998
 20
13.442696
 10
-30.29889800000001
 20
13.442696
 42
-0.3654199999999999
 10
-30.33471200000001
 20
13.485114
 10
-30.33471200000001
 20
13.586714
 42
-1.000028
  0
LWPOLYLINE
  5
3049
330
2F74
100
AcDbEntity
  8
PIN_BOTTOM
100
AcDbPolyline
 90
        6
 70
     1
 43
0.0
 10
-30.33471200000001
 20
14.136878
 10
-30.33471200000001
 20
14.238478
 42
-0.375524
 10
-30.286198
 20
14.280896
 10
-30.07029800000001
 20
14.280896
 42
-0.3654199999999999
 10
-30.03448400000001
 20
14.238478
 10
-30.03448400000001
 20
14.136878
 42
-1.000028
  0
LWPOLYLINE
  5
304A
330
2F74
100
AcDbEntity
  8
PIN_BOTTOM
100
AcDbPolyline
 90
        6
 70
     1
 43
0.0
 10
-27.05836600000001
 20
16.727932
 10
-27.05836600000001
 20
16.829532
 42
-0.375524
 10
-27.00985200000001
 20
16.87195
 10
-26.793952
 20
16.87195
 42
-0.3654199999999999
 10
-26.758138
 20
16.829532
 10
-26.758138
 20
16.727932
 42
-1.000028
  0
LWPOLYLINE
  5
304B
330
2F74
100
AcDbEntity
  8
PIN_BOTTOM
100
AcDbPolyline
 90
        6
 70
     1
 43
0.0
 10
-26.758138
 20
16.177768
 10
-26.758138
 20
16.076168
 42
-0.375524
 10
-26.806652
 20
16.03375
 10
-27.02255200000001
 20
16.03375
 42
-0.3654199999999999
 10
-27.05836600000001
 20
16.076168
 10
-27.05836600000001
 20
16.177768
 42
-1.000028
  0
LWPOLYLINE
  5
304C
330
2F74
100
AcDbEntity
  8
PIN_BOTTOM
100
AcDbPolyline
 90
        6
 70
     1
 43
0.0
 10
-27.69336600000001
 20
16.169132
 10
-27.69336600000001
 20
16.270732
 42
-0.375524
 10
-27.64485200000001
 20
16.31315
 10
-27.42895200000001
 20
16.31315
 42
-0.3654199999999999
 10
-27.39313800000001
 20
16.270732
 10
-27.39313800000001
 20
16.169132
 42
-1.000028
  0
LWPOLYLINE
  5
304D
330
2F74
100
AcDbEntity
  8
PIN_BOTTOM
100
AcDbPolyline
 90
        6
 70
     1
 43
0.0
 10
-27.39313800000001
 20
15.618968
 10
-27.39313800000001
 20
15.517368
 42
-0.375524
 10
-27.44165200000001
 20
15.47495
 10
-27.65755200000001
 20
15.47495
 42
-0.3654199999999999
 10
-27.69336600000001
 20
15.517368
 10
-27.69336600000001
 20
15.618968
 42
-1.000028
  0
LWPOLYLINE
  5
304E
330
2F74
100
AcDbEntity
  8
PIN_BOTTOM
100
AcDbPolyline
 90
        6
 70
     1
 43
0.0
 10
-28.30957000000001
 20
17.009364
 10
-28.20797000000001
 20
17.009364
 42
-0.375524
 10
-28.16555200000001
 20
16.96085
 10
-28.16555200000001
 20
16.74495
 42
-0.3654199999999999
 10
-28.20797000000001
 20
16.70913599999999
 10
-28.30957000000001
 20
16.70913599999999
 42
-1.000028
  0
LWPOLYLINE
  5
304F
330
2F74
100
AcDbEntity
  8
PIN_BOTTOM
100
AcDbPolyline
 90
        6
 70
     1
 43
0.0
 10
-28.85973400000001
 20
16.70913599999999
 10
-28.961334
 20
16.70913599999999
 42
-0.375524
 10
-29.00375200000001
 20
16.75765
 10
-29.00375200000001
 20
16.97355
 42
-0.3654199999999999
 10
-28.961334
 20
17.009364
 10
-28.85973400000001
 20
17.009364
 42
-1.000028
  0
LWPOLYLINE
  5
3050
330
2F74
100
AcDbEntity
  8
PIN_BOTTOM
100
AcDbPolyline
 90
        6
 70
     1
 43
0.0
 10
-26.758138
 20
14.958568
 10
-26.758138
 20
14.856968
 42
-0.375524
 10
-26.806652
 20
14.81455
 10
-27.02255200000001
 20
14.81455
 42
-0.3654199999999999
 10
-27.05836600000001
 20
14.856968
 10
-27.05836600000001
 20
14.958568
 42
-1.000028
  0
LWPOLYLINE
  5
3051
330
2F74
100
AcDbEntity
  8
PIN_BOTTOM
100
AcDbPolyline
 90
        6
 70
     1
 43
0.0
 10
-27.05836600000001
 20
15.508732
 10
-27.05836600000001
 20
15.610332
 42
-0.375524
 10
-27.00985200000001
 20
15.65275
 10
-26.793952
 20
15.65275
 42
-0.3654199999999999
 10
-26.758138
 20
15.610332
 10
-26.758138
 20
15.508732
 42
-1.000028
  0
LWPOLYLINE
  5
3052
330
2F74
100
AcDbEntity
  8
PIN_BOTTOM
100
AcDbPolyline
 90
        6
 70
     1
 43
0.0
 10
-27.64256600000001
 20
14.162532
 10
-27.64256600000001
 20
14.264132
 42
-0.375524
 10
-27.59405200000001
 20
14.30655
 10
-27.378152
 20
14.30655
 42
-0.3654199999999999
 10
-27.342338
 20
14.264132
 10
-27.342338
 20
14.162532
 42
-1.000028
  0
LWPOLYLINE
  5
3053
330
2F74
100
AcDbEntity
  8
PIN_BOTTOM
100
AcDbPolyline
 90
        6
 70
     1
 43
0.0
 10
-27.342338
 20
13.612368
 10
-27.342338
 20
13.510768
 42
-0.375524
 10
-27.39085200000001
 20
13.46835
 10
-27.606752
 20
13.46835
 42
-0.3654199999999999
 10
-27.64256600000001
 20
13.510768
 10
-27.64256600000001
 20
13.612368
 42
-1.000028
  0
LWPOLYLINE
  5
3054
330
2F74
100
AcDbEntity
  8
PIN_BOTTOM
100
AcDbPolyline
 90
        6
 70
     1
 43
0.0
 10
-24.75153800000001
 20
20.038568
 10
-24.75153800000001
 20
19.936968
 42
-0.375524
 10
-24.80005200000001
 20
19.89455
 10
-25.01595200000001
 20
19.89455
 42
-0.3654199999999999
 10
-25.051766
 20
19.936968
 10
-25.051766
 20
20.038568
 42
-1.000028
  0
LWPOLYLINE
  5
3055
330
2F74
100
AcDbEntity
  8
PIN_BOTTOM
100
AcDbPolyline
 90
        6
 70
     1
 43
0.0
 10
-25.051766
 20
20.588732
 10
-25.051766
 20
20.690332
 42
-0.375524
 10
-25.00325200000001
 20
20.73275
 10
-24.78735200000001
 20
20.73275
 42
-0.3654199999999999
 10
-24.75153800000001
 20
20.690332
 10
-24.75153800000001
 20
20.588732
 42
-1.000028
  0
LWPOLYLINE
  5
3056
330
2F74
100
AcDbEntity
  8
PIN_BOTTOM
100
AcDbPolyline
 90
        6
 70
     1
 43
0.0
 10
-31.34893400000001
 20
19.401536
 10
-31.450534
 20
19.401536
 42
-0.375524
 10
-31.49295200000001
 20
19.45005
 10
-31.49295200000001
 20
19.66595
 42
-0.3654199999999999
 10
-31.450534
 20
19.701764
 10
-31.34893400000001
 20
19.701764
 42
-1.000028
  0
LWPOLYLINE
  5
3057
330
2F74
100
AcDbEntity
  8
PIN_BOTTOM
100
AcDbPolyline
 90
        6
 70
     1
 43
0.0
 10
-30.79877000000001
 20
19.701764
 10
-30.69717000000001
 20
19.701764
 42
-0.375524
 10
-30.65475200000001
 20
19.65325
 10
-30.65475200000001
 20
19.43735
 42
-0.3654199999999999
 10
-30.69717000000001
 20
19.401536
 10
-30.79877000000001
 20
19.401536
 42
-1.000028
  0
LWPOLYLINE
  5
3058
330
2F74
100
AcDbEntity
  8
PIN_BOTTOM
100
AcDbPolyline
 90
        6
 70
     1
 43
0.0
 10
-26.22016600000001
 20
12.232132
 10
-26.22016600000001
 20
12.333732
 42
-0.375524
 10
-26.171652
 20
12.37615
 10
-25.95575200000001
 20
12.37615
 42
-0.3654199999999999
 10
-25.919938
 20
12.333732
 10
-25.919938
 20
12.232132
 42
-1.000028
  0
LWPOLYLINE
  5
3059
330
2F74
100
AcDbEntity
  8
PIN_BOTTOM
100
AcDbPolyline
 90
        6
 70
     1
 43
0.0
 10
-25.919938
 20
11.681968
 10
-25.919938
 20
11.580368
 42
-0.375524
 10
-25.96845200000001
 20
11.53795
 10
-26.184352
 20
11.53795
 42
-0.3654199999999999
 10
-26.22016600000001
 20
11.580368
 10
-26.22016600000001
 20
11.681968
 42
-1.000028
  0
LWPOLYLINE
  5
305A
330
2F74
100
AcDbEntity
  8
PIN_BOTTOM
100
AcDbPolyline
 90
        6
 70
     1
 43
0.0
 10
-23.72487
 20
12.050268
 10
-23.62327
 20
12.050268
 42
-0.375524
 10
-23.580852
 20
12.001754
 10
-23.580852
 20
11.785854
 42
-0.3654199999999999
 10
-23.62327
 20
11.75004
 10
-23.72487
 20
11.75004
 42
-1.000028
  0
LWPOLYLINE
  5
305B
330
2F74
100
AcDbEntity
  8
PIN_BOTTOM
100
AcDbPolyline
 90
        6
 70
     1
 43
0.0
 10
-24.27503400000001
 20
11.75004
 10
-24.37663400000001
 20
11.75004
 42
-0.375524
 10
-24.41905200000001
 20
11.798554
 10
-24.41905200000001
 20
12.014454
 42
-0.3654199999999999
 10
-24.37663400000001
 20
12.050268
 10
-24.27503400000001
 20
12.050268
 42
-1.000028
  0
LWPOLYLINE
  5
305C
330
2F74
100
AcDbEntity
  8
PIN_BOTTOM
100
AcDbPolyline
 90
        6
 70
     1
 43
0.0
 10
-29.66085000000001
 20
10.780268
 10
-29.55925
 20
10.780268
 42
-0.375524
 10
-29.51683200000001
 20
10.731754
 10
-29.51683200000001
 20
10.515854
 42
-0.3654199999999999
 10
-29.55925
 20
10.48004
 10
-29.66085000000001
 20
10.48004
 42
-1.000028
  0
LWPOLYLINE
  5
305D
330
2F74
100
AcDbEntity
  8
PIN_BOTTOM
100
AcDbPolyline
 90
        6
 70
     1
 43
0.0
 10
-30.211014
 20
10.48004
 10
-30.312614
 20
10.48004
 42
-0.375524
 10
-30.35503200000001
 20
10.528554
 10
-30.35503200000001
 20
10.744454
 42
-0.3654199999999999
 10
-30.312614
 20
10.780268
 10
-30.211014
 20
10.780268
 42
-1.000028
  0
LWPOLYLINE
  5
305E
330
2F74
100
AcDbEntity
  8
PIN_BOTTOM
100
AcDbPolyline
 90
        6
 70
     1
 43
0.0
 10
-31.34893400000001
 20
17.318736
 10
-31.450534
 20
17.318736
 42
-0.375524
 10
-31.49295200000001
 20
17.36725
 10
-31.49295200000001
 20
17.58315
 42
-0.3654199999999999
 10
-31.450534
 20
17.618964
 10
-31.34893400000001
 20
17.618964
 42
-1.000028
  0
LWPOLYLINE
  5
305F
330
2F74
100
AcDbEntity
  8
PIN_BOTTOM
100
AcDbPolyline
 90
        6
 70
     1
 43
0.0
 10
-30.79877000000001
 20
17.618964
 10
-30.69717000000001
 20
17.618964
 42
-0.375524
 10
-30.65475200000001
 20
17.57045
 10
-30.65475200000001
 20
17.35455
 42
-0.3654199999999999
 10
-30.69717000000001
 20
17.318736
 10
-30.79877000000001
 20
17.318736
 42
-1.000028
  0
LWPOLYLINE
  5
3060
330
2F74
100
AcDbEntity
  8
PIN_BOTTOM
100
AcDbPolyline
 90
        6
 70
     1
 43
0.0
 10
-29.09036600000001
 20
20.080732
 10
-29.09036600000001
 20
20.182332
 42
-0.375524
 10
-29.041852
 20
20.22475
 10
-28.82595200000001
 20
20.22475
 42
-0.3654199999999999
 10
-28.790138
 20
20.182332
 10
-28.790138
 20
20.080732
 42
-1.000028
  0
LWPOLYLINE
  5
3061
330
2F74
100
AcDbEntity
  8
PIN_BOTTOM
100
AcDbPolyline
 90
        6
 70
     1
 43
0.0
 10
-28.790138
 20
19.530568
 10
-28.790138
 20
19.42896799999999
 42
-0.375524
 10
-28.83865200000001
 20
19.38655
 10
-29.054552
 20
19.38655
 42
-0.3654199999999999
 10
-29.09036600000001
 20
19.42896799999999
 10
-29.09036600000001
 20
19.530568
 42
-1.000028
  0
LWPOLYLINE
  5
3062
330
2F74
100
AcDbEntity
  8
PIN_BOTTOM
100
AcDbPolyline
 90
        6
 70
     1
 43
0.0
 10
-28.84703400000001
 20
18.639536
 10
-28.94863400000001
 20
18.639536
 42
-0.375524
 10
-28.99105200000001
 20
18.68805
 10
-28.99105200000001
 20
18.90395
 42
-0.3654199999999999
 10
-28.94863400000001
 20
18.939764
 10
-28.84703400000001
 20
18.939764
 42
-1.000028
  0
LWPOLYLINE
  5
3063
330
2F74
100
AcDbEntity
  8
PIN_BOTTOM
100
AcDbPolyline
 90
        6
 70
     1
 43
0.0
 10
-28.29687000000001
 20
18.939764
 10
-28.19527000000001
 20
18.939764
 42
-0.375524
 10
-28.152852
 20
18.89125
 10
-28.152852
 20
18.67535
 42
-0.3654199999999999
 10
-28.19527000000001
 20
18.639536
 10
-28.29687000000001
 20
18.639536
 42
-1.000028
  0
LWPOLYLINE
  5
3064
330
2F74
100
AcDbEntity
  8
PIN_BOTTOM
100
AcDbPolyline
 90
        6
 70
     1
 43
0.0
 10
-26.250138
 20
19.505168
 10
-26.250138
 20
19.403568
 42
-0.375524
 10
-26.29865200000001
 20
19.36115
 10
-26.51455200000001
 20
19.36115
 42
-0.3654199999999999
 10
-26.55036600000001
 20
19.403568
 10
-26.55036600000001
 20
19.505168
 42
-1.000028
  0
LWPOLYLINE
  5
3065
330
2F74
100
AcDbEntity
  8
PIN_BOTTOM
100
AcDbPolyline
 90
        6
 70
     1
 43
0.0
 10
-26.55036600000001
 20
20.055332
 10
-26.55036600000001
 20
20.156932
 42
-0.375524
 10
-26.50185200000001
 20
20.19935
 10
-26.28595200000001
 20
20.19935
 42
-0.3654199999999999
 10
-26.250138
 20
20.156932
 10
-26.250138
 20
20.055332
 42
-1.000028
  0
LWPOLYLINE
  5
3066
330
2F74
100
AcDbEntity
  8
PIN_BOTTOM
100
AcDbPolyline
 90
        6
 70
     1
 43
0.0
 10
-28.148534
 20
19.249136
 10
-28.25013400000001
 20
19.249136
 42
-0.375524
 10
-28.292552
 20
19.29765
 10
-28.292552
 20
19.51355
 42
-0.3654199999999999
 10
-28.25013400000001
 20
19.549364
 10
-28.148534
 20
19.549364
 42
-1.000028
  0
LWPOLYLINE
  5
3067
330
2F74
100
AcDbEntity
  8
PIN_BOTTOM
100
AcDbPolyline
 90
        6
 70
     1
 43
0.0
 10
-27.59837
 20
19.549364
 10
-27.49677000000001
 20
19.549364
 42
-0.375524
 10
-27.45435200000001
 20
19.50085
 10
-27.45435200000001
 20
19.28495
 42
-0.3654199999999999
 10
-27.49677000000001
 20
19.249136
 10
-27.59837
 20
19.249136
 42
-1.000028
  0
LWPOLYLINE
  5
3068
330
2F74
100
AcDbEntity
  8
PIN_BOTTOM
100
AcDbPolyline
 90
        6
 70
     1
 43
0.0
 10
-27.951938
 20
20.140168
 10
-27.951938
 20
20.038568
 42
-0.375524
 10
-28.000452
 20
19.99615
 10
-28.21635200000001
 20
19.99615
 42
-0.3654199999999999
 10
-28.25216600000001
 20
20.038568
 10
-28.25216600000001
 20
20.140168
 42
-1.000028
  0
LWPOLYLINE
  5
3069
330
2F74
100
AcDbEntity
  8
PIN_BOTTOM
100
AcDbPolyline
 90
        6
 70
     1
 43
0.0
 10
-28.25216600000001
 20
20.690332
 10
-28.25216600000001
 20
20.791932
 42
-0.375524
 10
-28.20365200000001
 20
20.83435
 10
-27.98775200000001
 20
20.83435
 42
-0.3654199999999999
 10
-27.951938
 20
20.791932
 10
-27.951938
 20
20.690332
 42
-1.000028
  0
LWPOLYLINE
  5
306A
330
2F74
100
AcDbEntity
  8
PIN_BOTTOM
100
AcDbPolyline
 90
        6
 70
     1
 43
0.0
 10
-25.488138
 20
15.517368
 10
-25.488138
 20
15.415768
 42
-0.375524
 10
-25.53665200000001
 20
15.37335
 10
-25.75255200000001
 20
15.37335
 42
-0.3654199999999999
 10
-25.78836600000001
 20
15.415768
 10
-25.78836600000001
 20
15.517368
 42
-1.000028
  0
LWPOLYLINE
  5
306B
330
2F74
100
AcDbEntity
  8
PIN_BOTTOM
100
AcDbPolyline
 90
        6
 70
     1
 43
0.0
 10
-25.78836600000001
 20
16.067532
 10
-25.78836600000001
 20
16.169132
 42
-0.375524
 10
-25.73985200000001
 20
16.21155
 10
-25.52395200000001
 20
16.21155
 42
-0.3654199999999999
 10
-25.488138
 20
16.169132
 10
-25.488138
 20
16.067532
 42
-1.000028
  0
LWPOLYLINE
  5
306C
330
2F74
100
AcDbEntity
  8
PIN_BOTTOM
100
AcDbPolyline
 90
        6
 70
     1
 43
0.0
 10
-51.795934
 20
7.463535999999999
 10
-51.897534
 20
7.463535999999999
 42
-0.375524
 10
-51.939952
 20
7.51205
 10
-51.939952
 20
7.727949999999999
 42
-0.3654199999999999
 10
-51.897534
 20
7.763764
 10
-51.795934
 20
7.763764
 42
-1.000028
  0
LWPOLYLINE
  5
306D
330
2F74
100
AcDbEntity
  8
PIN_BOTTOM
100
AcDbPolyline
 90
        6
 70
     1
 43
0.0
 10
-51.24577000000001
 20
7.763764
 10
-51.14417
 20
7.763764
 42
-0.375524
 10
-51.101752
 20
7.715249999999999
 10
-51.101752
 20
7.499349999999999
 42
-0.3654199999999999
 10
-51.14417
 20
7.463535999999999
 10
-51.24577000000001
 20
7.463535999999999
 42
-1.000028
  0
LWPOLYLINE
  5
306E
330
2F74
100
AcDbEntity
  8
PIN_BOTTOM
100
AcDbPolyline
 90
        6
 70
     1
 43
0.0
 10
-30.26537000000001
 20
15.028164
 10
-30.16377
 20
15.028164
 42
-0.375524
 10
-30.12135200000001
 20
14.97965
 10
-30.12135200000001
 20
14.76375
 42
-0.3654199999999999
 10
-30.16377
 20
14.727936
 10
-30.26537000000001
 20
14.727936
 42
-1.000028
  0
LWPOLYLINE
  5
306F
330
2F74
100
AcDbEntity
  8
PIN_BOTTOM
100
AcDbPolyline
 90
        6
 70
     1
 43
0.0
 10
-30.81553400000001
 20
14.727936
 10
-30.91713400000001
 20
14.727936
 42
-0.375524
 10
-30.95955200000001
 20
14.77645
 10
-30.95955200000001
 20
14.99235
 42
-0.3654199999999999
 10
-30.91713400000001
 20
15.028164
 10
-30.81553400000001
 20
15.028164
 42
-1.000028
  0
LWPOLYLINE
  5
3070
330
2F74
100
AcDbEntity
  8
PIN_BOTTOM
100
AcDbPolyline
 90
        6
 70
     1
 43
0.0
 10
-24.80233800000001
 20
16.152368
 10
-24.80233800000001
 20
16.050768
 42
-0.375524
 10
-24.850852
 20
16.00835
 10
-25.066752
 20
16.00835
 42
-0.3654199999999999
 10
-25.10256600000001
 20
16.050768
 10
-25.10256600000001
 20
16.152368
 42
-1.000028
  0
LWPOLYLINE
  5
3071
330
2F74
100
AcDbEntity
  8
PIN_BOTTOM
100
AcDbPolyline
 90
        6
 70
     1
 43
0.0
 10
-25.10256600000001
 20
16.702532
 10
-25.10256600000001
 20
16.804132
 42
-0.375524
 10
-25.05405200000001
 20
16.84655
 10
-24.838152
 20
16.84655
 42
-0.3654199999999999
 10
-24.80233800000001
 20
16.804132
 10
-24.80233800000001
 20
16.702532
 42
-1.000028
  0
LWPOLYLINE
  5
3072
330
2F74
100
AcDbEntity
  8
PIN_BOTTOM
100
AcDbPolyline
 90
        6
 70
     1
 43
0.0
 10
-24.77033400000001
 20
10.790936
 10
-24.87193400000001
 20
10.790936
 42
-0.375524
 10
-24.91435200000001
 20
10.83945
 10
-24.91435200000001
 20
11.05535
 42
-0.3654199999999999
 10
-24.87193400000001
 20
11.091164
 10
-24.77033400000001
 20
11.091164
 42
-1.000028
  0
LWPOLYLINE
  5
3073
330
2F74
100
AcDbEntity
  8
PIN_BOTTOM
100
AcDbPolyline
 90
        6
 70
     1
 43
0.0
 10
-24.22017
 20
11.091164
 10
-24.11857000000001
 20
11.091164
 42
-0.375524
 10
-24.076152
 20
11.04265
 10
-24.076152
 20
10.82675
 42
-0.3654199999999999
 10
-24.11857000000001
 20
10.790936
 10
-24.22017
 20
10.790936
 42
-1.000028
  0
LWPOLYLINE
  5
3074
330
2F74
100
AcDbEntity
  8
PIN_BOTTOM
100
AcDbPolyline
 90
        6
 70
     1
 43
0.0
 10
-24.02509800000001
 20
13.535914
 10
-24.096726
 20
13.464032
 42
-0.377036
 10
-24.16124200000001
 20
13.46835
 10
-24.31389600000001
 20
13.621004
 42
-0.365683
 10
-24.30907000000001
 20
13.676376
 10
-24.237188
 20
13.748004
 42
-1.000062999999999
  0
LWPOLYLINE
  5
3075
330
2F74
100
AcDbEntity
  8
PIN_BOTTOM
100
AcDbPolyline
 90
        6
 70
     1
 43
0.0
 10
-23.847806
 20
14.137386
 10
-23.77617800000001
 20
14.209268
 42
-0.377036
 10
-23.711662
 20
14.20495
 10
-23.55900800000001
 20
14.052296
 42
-0.365683
 10
-23.563834
 20
13.996924
 10
-23.63571600000001
 20
13.925296
 42
-1.000062999999999
  0
LWPOLYLINE
  5
3076
330
2F74
100
AcDbEntity
  8
PIN_BOTTOM
100
AcDbPolyline
 90
        6
 70
     1
 43
0.0
 10
-24.98217
 20
13.732764
 10
-24.88057
 20
13.732764
 42
-0.375524
 10
-24.838152
 20
13.68425
 10
-24.838152
 20
13.46835
 42
-0.3654199999999999
 10
-24.88057
 20
13.432536
 10
-24.98217
 20
13.432536
 42
-1.000028
  0
LWPOLYLINE
  5
3077
330
2F74
100
AcDbEntity
  8
PIN_BOTTOM
100
AcDbPolyline
 90
        6
 70
     1
 43
0.0
 10
-25.53233400000001
 20
13.432536
 10
-25.63393400000001
 20
13.432536
 42
-0.375524
 10
-25.67635200000001
 20
13.48105
 10
-25.67635200000001
 20
13.69695
 42
-0.3654199999999999
 10
-25.63393400000001
 20
13.732764
 10
-25.53233400000001
 20
13.732764
 42
-1.000028
  0
LWPOLYLINE
  5
3078
330
2F74
100
AcDbEntity
  8
PIN_BOTTOM
100
AcDbPolyline
 90
        6
 70
     1
 43
0.0
 10
-23.500334
 20
19.020536
 10
-23.601934
 20
19.020536
 42
-0.375524
 10
-23.644352
 20
19.06905
 10
-23.644352
 20
19.28495
 42
-0.3654199999999999
 10
-23.601934
 20
19.320764
 10
-23.500334
 20
19.320764
 42
-1.000028
  0
LWPOLYLINE
  5
3079
330
2F74
100
AcDbEntity
  8
PIN_BOTTOM
100
AcDbPolyline
 90
        6
 70
     1
 43
0.0
 10
-22.95017
 20
19.320764
 10
-22.84857
 20
19.320764
 42
-0.375524
 10
-22.80615200000001
 20
19.27225
 10
-22.80615200000001
 20
19.05635
 42
-0.3654199999999999
 10
-22.84857
 20
19.020536
 10
-22.95017
 20
19.020536
 42
-1.000028
  0
LWPOLYLINE
  5
307A
330
2F74
100
AcDbEntity
  8
PIN_BOTTOM
100
AcDbPolyline
 90
        6
 70
     1
 43
0.0
 10
-24.37257000000001
 20
19.600164
 10
-24.27097000000001
 20
19.600164
 42
-0.375524
 10
-24.22855200000001
 20
19.55165
 10
-24.22855200000001
 20
19.33575
 42
-0.3654199999999999
 10
-24.27097000000001
 20
19.299936
 10
-24.37257000000001
 20
19.299936
 42
-1.000028
  0
LWPOLYLINE
  5
307B
330
2F74
100
AcDbEntity
  8
PIN_BOTTOM
100
AcDbPolyline
 90
        6
 70
     1
 43
0.0
 10
-24.92273400000001
 20
19.299936
 10
-25.02433400000001
 20
19.299936
 42
-0.375524
 10
-25.066752
 20
19.34845
 10
-25.066752
 20
19.56435
 42
-0.3654199999999999
 10
-25.02433400000001
 20
19.600164
 10
-24.92273400000001
 20
19.600164
 42
-1.000028
  0
LWPOLYLINE
  5
307C
330
2F74
100
AcDbEntity
  8
PIN_BOTTOM
100
AcDbPolyline
 90
        6
 70
     1
 43
0.0
 10
-24.01493800000001
 20
16.35556799999999
 10
-24.01493800000001
 20
16.253968
 42
-0.375524
 10
-24.063452
 20
16.21155
 10
-24.279352
 20
16.21155
 42
-0.3654199999999999
 10
-24.31516600000001
 20
16.253968
 10
-24.31516600000001
 20
16.35556799999999
 42
-1.000028
  0
LWPOLYLINE
  5
307D
330
2F74
100
AcDbEntity
  8
PIN_BOTTOM
100
AcDbPolyline
 90
        6
 70
     1
 43
0.0
 10
-24.31516600000001
 20
16.905732
 10
-24.31516600000001
 20
17.007332
 42
-0.375524
 10
-24.266652
 20
17.04975
 10
-24.05075200000001
 20
17.04975
 42
-0.3654199999999999
 10
-24.01493800000001
 20
17.007332
 10
-24.01493800000001
 20
16.905732
 42
-1.000028
  0
LWPOLYLINE
  5
307E
330
2F74
100
AcDbEntity
  8
PIN_BOTTOM
100
AcDbPolyline
 90
        6
 70
     1
 43
0.0
 10
-24.69438800000001
 20
14.687296
 10
-24.76627000000001
 20
14.758924
 42
-0.377036
 10
-24.76195200000001
 20
14.82344
 10
-24.60929800000001
 20
14.976094
 42
-0.365683
 10
-24.55392600000001
 20
14.971268
 10
-24.48229800000001
 20
14.899386
 42
-1.000062999999999
  0
LWPOLYLINE
  5
307F
330
2F74
100
AcDbEntity
  8
PIN_BOTTOM
100
AcDbPolyline
 90
        6
 70
     1
 43
0.0
 10
-24.09291600000001
 20
14.510004
 10
-24.021034
 20
14.438376
 42
-0.377036
 10
-24.02535200000001
 20
14.37386
 10
-24.178006
 20
14.221206
 42
-0.365683
 10
-24.233378
 20
14.226032
 10
-24.305006
 20
14.297914
 42
-1.000062999999999
  0
LWPOLYLINE
  5
3080
330
2F74
100
AcDbEntity
  8
PIN_BOTTOM
100
AcDbPolyline
 90
        6
 70
     1
 43
0.0
 10
-28.98876600000001
 20
16.169132
 10
-28.98876600000001
 20
16.270732
 42
-0.375524
 10
-28.94025200000001
 20
16.31315
 10
-28.724352
 20
16.31315
 42
-0.3654199999999999
 10
-28.68853800000001
 20
16.270732
 10
-28.68853800000001
 20
16.169132
 42
-1.000028
  0
LWPOLYLINE
  5
3081
330
2F74
100
AcDbEntity
  8
PIN_BOTTOM
100
AcDbPolyline
 90
        6
 70
     1
 43
0.0
 10
-28.68853800000001
 20
15.618968
 10
-28.68853800000001
 20
15.517368
 42
-0.375524
 10
-28.73705200000001
 20
15.47495
 10
-28.95295200000001
 20
15.47495
 42
-0.3654199999999999
 10
-28.98876600000001
 20
15.517368
 10
-28.98876600000001
 20
15.618968
 42
-1.000028
  0
LWPOLYLINE
  5
3082
330
2F74
100
AcDbEntity
  8
PIN_BOTTOM
100
AcDbPolyline
 90
        6
 70
     1
 43
0.0
 10
-27.443938
 20
17.574768
 10
-27.443938
 20
17.473168
 42
-0.375524
 10
-27.49245200000001
 20
17.43075
 10
-27.708352
 20
17.43075
 42
-0.3654199999999999
 10
-27.74416600000001
 20
17.473168
 10
-27.74416600000001
 20
17.574768
 42
-1.000028
  0
LWPOLYLINE
  5
3083
330
2F74
100
AcDbEntity
  8
PIN_BOTTOM
100
AcDbPolyline
 90
        6
 70
     1
 43
0.0
 10
-27.74416600000001
 20
18.124932
 10
-27.74416600000001
 20
18.226532
 42
-0.375524
 10
-27.69565200000001
 20
18.26895
 10
-27.47975200000001
 20
18.26895
 42
-0.3654199999999999
 10
-27.443938
 20
18.226532
 10
-27.443938
 20
18.124932
 42
-1.000028
  0
LWPOLYLINE
  5
3084
330
2F74
100
AcDbEntity
  8
PIN_BOTTOM
100
AcDbPolyline
 90
        6
 70
     1
 43
0.0
 10
-27.57297000000001
 20
15.028164
 10
-27.47137
 20
15.028164
 42
-0.375524
 10
-27.42895200000001
 20
14.97965
 10
-27.42895200000001
 20
14.76375
 42
-0.3654199999999999
 10
-27.47137
 20
14.727936
 10
-27.57297000000001
 20
14.727936
 42
-1.000028
  0
LWPOLYLINE
  5
3085
330
2F74
100
AcDbEntity
  8
PIN_BOTTOM
100
AcDbPolyline
 90
        6
 70
     1
 43
0.0
 10
-28.12313400000001
 20
14.727936
 10
-28.22473400000001
 20
14.727936
 42
-0.375524
 10
-28.26715200000001
 20
14.77645
 10
-28.26715200000001
 20
14.99235
 42
-0.3654199999999999
 10
-28.22473400000001
 20
15.028164
 10
-28.12313400000001
 20
15.028164
 42
-1.000028
  0
LWPOLYLINE
  5
3086
330
2F74
100
AcDbEntity
  8
PIN_BOTTOM
100
AcDbPolyline
 90
        6
 70
     1
 43
0.0
 10
-28.35376600000001
 20
16.169132
 10
-28.35376600000001
 20
16.270732
 42
-0.375524
 10
-28.305252
 20
16.31315
 10
-28.089352
 20
16.31315
 42
-0.3654199999999999
 10
-28.05353800000001
 20
16.270732
 10
-28.05353800000001
 20
16.169132
 42
-1.000028
  0
LWPOLYLINE
  5
3087
330
2F74
100
AcDbEntity
  8
PIN_BOTTOM
100
AcDbPolyline
 90
        6
 70
     1
 43
0.0
 10
-28.05353800000001
 20
15.618968
 10
-28.05353800000001
 20
15.517368
 42
-0.375524
 10
-28.102052
 20
15.47495
 10
-28.31795200000001
 20
15.47495
 42
-0.3654199999999999
 10
-28.35376600000001
 20
15.517368
 10
-28.35376600000001
 20
15.618968
 42
-1.000028
  0
LWPOLYLINE
  5
3088
330
2F74
100
AcDbEntity
  8
PIN_BOTTOM
100
AcDbPolyline
 90
        6
 70
     1
 43
0.0
 10
-29.57957
 20
13.021564
 10
-29.47797
 20
13.021564
 42
-0.375524
 10
-29.435552
 20
12.97305
 10
-29.435552
 20
12.75715
 42
-0.3654199999999999
 10
-29.47797
 20
12.721336
 10
-29.57957
 20
12.721336
 42
-1.000028
  0
LWPOLYLINE
  5
3089
330
2F74
100
AcDbEntity
  8
PIN_BOTTOM
100
AcDbPolyline
 90
        6
 70
     1
 43
0.0
 10
-30.12973400000001
 20
12.721336
 10
-30.23133400000001
 20
12.721336
 42
-0.375524
 10
-30.27375200000001
 20
12.76985
 10
-30.27375200000001
 20
12.98575
 42
-0.3654199999999999
 10
-30.23133400000001
 20
13.021564
 10
-30.12973400000001
 20
13.021564
 42
-1.000028
  0
LWPOLYLINE
  5
308A
330
2F74
100
AcDbEntity
  8
PIN_BOTTOM
100
AcDbPolyline
 90
        6
 70
     1
 43
0.0
 10
-26.956766
 20
14.213332
 10
-26.956766
 20
14.314932
 42
-0.375524
 10
-26.90825200000001
 20
14.35735
 10
-26.69235200000001
 20
14.35735
 42
-0.3654199999999999
 10
-26.65653800000001
 20
14.314932
 10
-26.65653800000001
 20
14.213332
 42
-1.000028
  0
LWPOLYLINE
  5
308B
330
2F74
100
AcDbEntity
  8
PIN_BOTTOM
100
AcDbPolyline
 90
        6
 70
     1
 43
0.0
 10
-26.65653800000001
 20
13.663168
 10
-26.65653800000001
 20
13.561568
 42
-0.375524
 10
-26.70505200000001
 20
13.51915
 10
-26.92095200000001
 20
13.51915
 42
-0.3654199999999999
 10
-26.956766
 20
13.561568
 10
-26.956766
 20
13.663168
 42
-1.000028
  0
LWPOLYLINE
  5
308C
330
2F74
100
AcDbEntity
  8
PIN_BOTTOM
100
AcDbPolyline
 90
        6
 70
     1
 43
0.0
 10
-26.12313800000001
 20
13.002768
 10
-26.12313800000001
 20
12.901168
 42
-0.375524
 10
-26.171652
 20
12.85875
 10
-26.387552
 20
12.85875
 42
-0.3654199999999999
 10
-26.42336600000001
 20
12.901168
 10
-26.42336600000001
 20
13.002768
 42
-1.000028
  0
LWPOLYLINE
  5
308D
330
2F74
100
AcDbEntity
  8
PIN_BOTTOM
100
AcDbPolyline
 90
        6
 70
     1
 43
0.0
 10
-26.42336600000001
 20
13.552932
 10
-26.42336600000001
 20
13.654532
 42
-0.375524
 10
-26.374852
 20
13.69695
 10
-26.15895200000001
 20
13.69695
 42
-0.3654199999999999
 10
-26.12313800000001
 20
13.654532
 10
-26.12313800000001
 20
13.552932
 42
-1.000028
  0
LWPOLYLINE
  5
308E
330
2F74
100
AcDbEntity
  8
PIN_BOTTOM
100
AcDbPolyline
 90
        6
 70
     1
 43
0.0
 10
-26.956766
 20
12.232132
 10
-26.956766
 20
12.333732
 42
-0.375524
 10
-26.90825200000001
 20
12.37615
 10
-26.69235200000001
 20
12.37615
 42
-0.3654199999999999
 10
-26.65653800000001
 20
12.333732
 10
-26.65653800000001
 20
12.232132
 42
-1.000028
  0
LWPOLYLINE
  5
308F
330
2F74
100
AcDbEntity
  8
PIN_BOTTOM
100
AcDbPolyline
 90
        6
 70
     1
 43
0.0
 10
-26.65653800000001
 20
11.681968
 10
-26.65653800000001
 20
11.580368
 42
-0.375524
 10
-26.70505200000001
 20
11.53795
 10
-26.92095200000001
 20
11.53795
 42
-0.3654199999999999
 10
-26.956766
 20
11.580368
 10
-26.956766
 20
11.681968
 42
-1.000028
  0
LWPOLYLINE
  5
3090
330
2F74
100
AcDbEntity
  8
PIN_BOTTOM
100
AcDbPolyline
 90
        6
 70
     1
 43
0.0
 10
-8.825738000000001
 20
17.930368
 10
-8.825738000000001
 20
17.828768
 42
-0.375524
 10
-8.874252000000005
 20
17.78635
 10
-9.090152000000003
 20
17.78635
 42
-0.3654199999999999
 10
-9.125966000000005
 20
17.828768
 10
-9.125966000000005
 20
17.930368
 42
-1.000028
  0
LWPOLYLINE
  5
3091
330
2F74
100
AcDbEntity
  8
PIN_BOTTOM
100
AcDbPolyline
 90
        6
 70
     1
 43
0.0
 10
-9.125966000000005
 20
18.480532
 10
-9.125966000000005
 20
18.582132
 42
-0.375524
 10
-9.077452
 20
18.62455
 10
-8.861552000000003
 20
18.62455
 42
-0.3654199999999999
 10
-8.825738000000001
 20
18.582132
 10
-8.825738000000001
 20
18.480532
 42
-1.000028
  0
LWPOLYLINE
  5
3092
330
2F74
100
AcDbEntity
  8
PIN_BOTTOM
100
AcDbPolyline
 90
        6
 70
     1
 43
0.0
 10
-2.316734000000003
 20
23.897336
 10
-2.418334000000008
 20
23.897336
 42
-0.375524
 10
-2.460752000000006
 20
23.94585
 10
-2.460752000000006
 20
24.16175
 42
-0.3654199999999999
 10
-2.418334000000008
 20
24.197564
 10
-2.316734000000003
 20
24.197564
 42
-1.000028
  0
LWPOLYLINE
  5
3093
330
2F74
100
AcDbEntity
  8
PIN_BOTTOM
100
AcDbPolyline
 90
        6
 70
     1
 43
0.0
 10
-1.766570000000008
 20
24.197564
 10
-1.66497000000001
 20
24.197564
 42
-0.375524
 10
-1.622552000000005
 20
24.14905
 10
-1.622552000000005
 20
23.93315
 42
-0.3654199999999999
 10
-1.66497000000001
 20
23.897336
 10
-1.766570000000008
 20
23.897336
 42
-1.000028
  0
LWPOLYLINE
  5
3094
330
2F74
100
AcDbEntity
  8
PIN_BOTTOM
100
AcDbPolyline
 90
        6
 70
     1
 43
0.0
 10
-3.62077
 20
22.292564
 10
-3.519170000000002
 20
22.292564
 42
-0.375524
 10
-3.476752000000004
 20
22.24405
 10
-3.476752000000004
 20
22.02815
 42
-0.3654199999999999
 10
-3.519170000000002
 20
21.992336
 10
-3.62077
 20
21.992336
 42
-1.000028
  0
LWPOLYLINE
  5
3095
330
2F74
100
AcDbEntity
  8
PIN_BOTTOM
100
AcDbPolyline
 90
        6
 70
     1
 43
0.0
 10
-4.170934000000002
 20
21.992336
 10
-4.272534000000007
 20
21.992336
 42
-0.375524
 10
-4.314952000000005
 20
22.04085
 10
-4.314952000000005
 20
22.25675
 42
-0.3654199999999999
 10
-4.272534000000007
 20
22.292564
 10
-4.170934000000002
 20
22.292564
 42
-1.000028
  0
LWPOLYLINE
  5
3096
330
2F74
100
AcDbEntity
  8
PIN_BOTTOM
100
AcDbPolyline
 90
        6
 70
     1
 43
0.0
 10
-46.85157
 20
16.044164
 10
-46.74997
 20
16.044164
 42
-0.375524
 10
-46.70755200000001
 20
15.99565
 10
-46.70755200000001
 20
15.77975
 42
-0.3654199999999999
 10
-46.74997
 20
15.743936
 10
-46.85157
 20
15.743936
 42
-1.000028
  0
LWPOLYLINE
  5
3097
330
2F74
100
AcDbEntity
  8
PIN_BOTTOM
100
AcDbPolyline
 90
        6
 70
     1
 43
0.0
 10
-47.401734
 20
15.743936
 10
-47.503334
 20
15.743936
 42
-0.375524
 10
-47.545752
 20
15.79245
 10
-47.545752
 20
16.00835
 42
-0.3654199999999999
 10
-47.503334
 20
16.044164
 10
-47.401734
 20
16.044164
 42
-1.000028
  0
LWPOLYLINE
  5
3098
330
2F74
100
AcDbEntity
  8
PIN_BOTTOM
100
AcDbPolyline
 90
        6
 70
     1
 43
0.0
 10
-40.702738
 20
22.578314
 10
-40.702738
 20
22.476714
 42
-0.375524
 10
-40.75125200000001
 20
22.434296
 10
-40.96715200000001
 20
22.434296
 42
-0.3654199999999999
 10
-41.002966
 20
22.476714
 10
-41.002966
 20
22.578314
 42
-1.000028
  0
LWPOLYLINE
  5
3099
330
2F74
100
AcDbEntity
  8
PIN_BOTTOM
100
AcDbPolyline
 90
        6
 70
     1
 43
0.0
 10
-41.002966
 20
23.128478
 10
-41.002966
 20
23.230078
 42
-0.375524
 10
-40.954452
 20
23.272496
 10
-40.738552
 20
23.272496
 42
-0.3654199999999999
 10
-40.702738
 20
23.230078
 10
-40.702738
 20
23.128478
 42
-1.000028
  0
LWPOLYLINE
  5
309A
330
2F74
100
AcDbEntity
  8
PIN_BOTTOM
100
AcDbPolyline
 90
        6
 70
     1
 43
0.0
 10
-46.85157
 20
15.282164
 10
-46.74997
 20
15.282164
 42
-0.375524
 10
-46.70755200000001
 20
15.23365
 10
-46.70755200000001
 20
15.01775
 42
-0.3654199999999999
 10
-46.74997
 20
14.981936
 10
-46.85157
 20
14.981936
 42
-1.000028
  0
LWPOLYLINE
  5
309B
330
2F74
100
AcDbEntity
  8
PIN_BOTTOM
100
AcDbPolyline
 90
        6
 70
     1
 43
0.0
 10
-47.401734
 20
14.981936
 10
-47.503334
 20
14.981936
 42
-0.375524
 10
-47.545752
 20
15.03045
 10
-47.545752
 20
15.24635
 42
-0.3654199999999999
 10
-47.503334
 20
15.282164
 10
-47.401734
 20
15.282164
 42
-1.000028
  0
LWPOLYLINE
  5
309C
330
2F74
100
AcDbEntity
  8
PIN_BOTTOM
100
AcDbPolyline
 90
        6
 70
     1
 43
0.0
 10
-38.340538
 20
22.323298
 10
-38.340538
 20
22.221698
 42
-0.375524
 10
-38.38905200000001
 20
22.17928
 10
-38.60495200000001
 20
22.17928
 42
-0.3654199999999999
 10
-38.640766
 20
22.221698
 10
-38.640766
 20
22.323298
 42
-1.000028
  0
LWPOLYLINE
  5
309D
330
2F74
100
AcDbEntity
  8
PIN_BOTTOM
100
AcDbPolyline
 90
        6
 70
     1
 43
0.0
 10
-38.640766
 20
22.873462
 10
-38.640766
 20
22.975062
 42
-0.375524
 10
-38.592252
 20
23.01748
 10
-38.37635200000001
 20
23.01748
 42
-0.3654199999999999
 10
-38.340538
 20
22.975062
 10
-38.340538
 20
22.873462
 42
-1.000028
  0
LWPOLYLINE
  5
309E
330
2F74
100
AcDbEntity
  8
PIN_BOTTOM
100
AcDbPolyline
 90
        6
 70
     1
 43
0.0
 10
-38.975538
 20
22.323298
 10
-38.975538
 20
22.221698
 42
-0.375524
 10
-39.024052
 20
22.17928
 10
-39.239952
 20
22.17928
 42
-0.3654199999999999
 10
-39.275766
 20
22.221698
 10
-39.275766
 20
22.323298
 42
-1.000028
  0
LWPOLYLINE
  5
309F
330
2F74
100
AcDbEntity
  8
PIN_BOTTOM
100
AcDbPolyline
 90
        6
 70
     1
 43
0.0
 10
-39.275766
 20
22.873462
 10
-39.275766
 20
22.975062
 42
-0.375524
 10
-39.22725200000001
 20
23.01748
 10
-39.011352
 20
23.01748
 42
-0.3654199999999999
 10
-38.975538
 20
22.975062
 10
-38.975538
 20
22.873462
 42
-1.000028
  0
LWPOLYLINE
  5
30A0
330
2F74
100
AcDbEntity
  8
PIN_BOTTOM
100
AcDbPolyline
 90
        6
 70
     1
 43
0.0
 10
-48.830738
 20
27.810714
 10
-48.830738
 20
27.709114
 42
-0.375524
 10
-48.87925200000001
 20
27.666696
 10
-49.09515200000001
 20
27.666696
 42
-0.3654199999999999
 10
-49.130966
 20
27.709114
 10
-49.130966
 20
27.810714
 42
-1.000028
  0
LWPOLYLINE
  5
30A1
330
2F74
100
AcDbEntity
  8
PIN_BOTTOM
100
AcDbPolyline
 90
        6
 70
     1
 43
0.0
 10
-49.130966
 20
28.36087800000001
 10
-49.130966
 20
28.462478
 42
-0.375524
 10
-49.082452
 20
28.504896
 10
-48.866552
 20
28.504896
 42
-0.3654199999999999
 10
-48.830738
 20
28.462478
 10
-48.830738
 20
28.36087800000001
 42
-1.000028
  0
LWPOLYLINE
  5
30A2
330
2F74
100
AcDbEntity
  8
PIN_BOTTOM
100
AcDbPolyline
 90
        6
 70
     1
 43
0.0
 10
-48.90693800000001
 20
25.042114
 10
-48.90693800000001
 20
24.940514
 42
-0.375524
 10
-48.955452
 20
24.898096
 10
-49.171352
 20
24.898096
 42
-0.3654199999999999
 10
-49.207166
 20
24.940514
 10
-49.207166
 20
25.042114
 42
-1.000028
  0
LWPOLYLINE
  5
30A3
330
2F74
100
AcDbEntity
  8
PIN_BOTTOM
100
AcDbPolyline
 90
        6
 70
     1
 43
0.0
 10
-49.207166
 20
25.592278
 10
-49.207166
 20
25.693878
 42
-0.375524
 10
-49.158652
 20
25.736296
 10
-48.942752
 20
25.736296
 42
-0.3654199999999999
 10
-48.90693800000001
 20
25.693878
 10
-48.90693800000001
 20
25.592278
 42
-1.000028
  0
LWPOLYLINE
  5
30A4
330
2F74
100
AcDbEntity
  8
PIN_BOTTOM
100
AcDbPolyline
 90
        6
 70
     1
 43
0.0
 10
-33.53993800000001
 20
22.324568
 10
-33.53993800000001
 20
22.222968
 42
-0.375524
 10
-33.58845200000001
 20
22.18055
 10
-33.80435200000001
 20
22.18055
 42
-0.3654199999999999
 10
-33.84016600000001
 20
22.222968
 10
-33.84016600000001
 20
22.324568
 42
-1.000028
  0
LWPOLYLINE
  5
30A5
330
2F74
100
AcDbEntity
  8
PIN_BOTTOM
100
AcDbPolyline
 90
        6
 70
     1
 43
0.0
 10
-33.84016600000001
 20
22.874732
 10
-33.84016600000001
 20
22.976332
 42
-0.375524
 10
-33.791652
 20
23.01875
 10
-33.57575200000001
 20
23.01875
 42
-0.3654199999999999
 10
-33.53993800000001
 20
22.976332
 10
-33.53993800000001
 20
22.874732
 42
-1.000028
  0
LWPOLYLINE
  5
30A6
330
2F74
100
AcDbEntity
  8
PIN_BOTTOM
100
AcDbPolyline
 90
        6
 70
     1
 43
0.0
 10
-32.904938
 20
22.324568
 10
-32.904938
 20
22.222968
 42
-0.375524
 10
-32.95345200000001
 20
22.18055
 10
-33.169352
 20
22.18055
 42
-0.3654199999999999
 10
-33.20516600000001
 20
22.222968
 10
-33.20516600000001
 20
22.324568
 42
-1.000028
  0
LWPOLYLINE
  5
30A7
330
2F74
100
AcDbEntity
  8
PIN_BOTTOM
100
AcDbPolyline
 90
        6
 70
     1
 43
0.0
 10
-33.20516600000001
 20
22.874732
 10
-33.20516600000001
 20
22.976332
 42
-0.375524
 10
-33.15665200000001
 20
23.01875
 10
-32.940752
 20
23.01875
 42
-0.3654199999999999
 10
-32.904938
 20
22.976332
 10
-32.904938
 20
22.874732
 42
-1.000028
  0
LWPOLYLINE
  5
30A8
330
2F74
100
AcDbEntity
  8
PIN_BOTTOM
100
AcDbPolyline
 90
        6
 70
     1
 43
0.0
 10
-34.17493800000001
 20
22.324568
 10
-34.17493800000001
 20
22.222968
 42
-0.375524
 10
-34.22345200000001
 20
22.18055
 10
-34.439352
 20
22.18055
 42
-0.3654199999999999
 10
-34.475166
 20
22.222968
 10
-34.475166
 20
22.324568
 42
-1.000028
  0
LWPOLYLINE
  5
30A9
330
2F74
100
AcDbEntity
  8
PIN_BOTTOM
100
AcDbPolyline
 90
        6
 70
     1
 43
0.0
 10
-34.475166
 20
22.874732
 10
-34.475166
 20
22.976332
 42
-0.375524
 10
-34.426652
 20
23.01875
 10
-34.210752
 20
23.01875
 42
-0.3654199999999999
 10
-34.17493800000001
 20
22.976332
 10
-34.17493800000001
 20
22.874732
 42
-1.000028
  0
LWPOLYLINE
  5
30AA
330
2F74
100
AcDbEntity
  8
PIN_BOTTOM
100
AcDbPolyline
 90
        6
 70
     1
 43
0.0
 10
-45.9359
 20
22.597364
 10
-45.8343
 20
22.597364
 42
-0.375524
 10
-45.79188199999999
 20
22.54885
 10
-45.79188199999999
 20
22.33295
 42
-0.3654199999999999
 10
-45.8343
 20
22.297136
 10
-45.9359
 20
22.297136
 42
-1.000028
  0
LWPOLYLINE
  5
30AB
330
2F74
100
AcDbEntity
  8
PIN_BOTTOM
100
AcDbPolyline
 90
        6
 70
     1
 43
0.0
 10
-46.48606400000001
 20
22.297136
 10
-46.587664
 20
22.297136
 42
-0.375524
 10
-46.630082
 20
22.34565
 10
-46.630082
 20
22.56155
 42
-0.3654199999999999
 10
-46.587664
 20
22.597364
 10
-46.48606400000001
 20
22.597364
 42
-1.000028
  0
LWPOLYLINE
  5
30AC
330
2F74
100
AcDbEntity
  8
PIN_BOTTOM
100
AcDbPolyline
 90
        6
 70
     1
 43
0.0
 10
-45.020738
 20
23.263098
 10
-45.020738
 20
23.161498
 42
-0.375524
 10
-45.069252
 20
23.11908
 10
-45.285152
 20
23.11908
 42
-0.3654199999999999
 10
-45.320966
 20
23.161498
 10
-45.320966
 20
23.263098
 42
-1.000028
  0
LWPOLYLINE
  5
30AD
330
2F74
100
AcDbEntity
  8
PIN_BOTTOM
100
AcDbPolyline
 90
        6
 70
     1
 43
0.0
 10
-45.320966
 20
23.813262
 10
-45.320966
 20
23.914862
 42
-0.375524
 10
-45.272452
 20
23.95728
 10
-45.056552
 20
23.95728
 42
-0.3654199999999999
 10
-45.020738
 20
23.914862
 10
-45.020738
 20
23.813262
 42
-1.000028
  0
LWPOLYLINE
  5
30AE
330
2F74
100
AcDbEntity
  8
PIN_BOTTOM
100
AcDbPolyline
 90
        6
 70
     1
 43
0.0
 10
-44.411138
 20
23.263098
 10
-44.411138
 20
23.161498
 42
-0.375524
 10
-44.459652
 20
23.11908
 10
-44.675552
 20
23.11908
 42
-0.3654199999999999
 10
-44.711366
 20
23.161498
 10
-44.711366
 20
23.263098
 42
-1.000028
  0
LWPOLYLINE
  5
30AF
330
2F74
100
AcDbEntity
  8
PIN_BOTTOM
100
AcDbPolyline
 90
        6
 70
     1
 43
0.0
 10
-44.711366
 20
23.813262
 10
-44.711366
 20
23.914862
 42
-0.375524
 10
-44.662852
 20
23.95728
 10
-44.446952
 20
23.95728
 42
-0.3654199999999999
 10
-44.411138
 20
23.914862
 10
-44.411138
 20
23.813262
 42
-1.000028
  0
LWPOLYLINE
  5
30B0
330
2F74
100
AcDbEntity
  8
PIN_BOTTOM
100
AcDbPolyline
 90
        6
 70
     1
 43
0.0
 10
-41.972738
 20
22.577298
 10
-41.972738
 20
22.475698
 42
-0.375524
 10
-42.021252
 20
22.43328
 10
-42.237152
 20
22.43328
 42
-0.3654199999999999
 10
-42.272966
 20
22.475698
 10
-42.272966
 20
22.577298
 42
-1.000028
  0
LWPOLYLINE
  5
30B1
330
2F74
100
AcDbEntity
  8
PIN_BOTTOM
100
AcDbPolyline
 90
        6
 70
     1
 43
0.0
 10
-42.272966
 20
23.127462
 10
-42.272966
 20
23.229062
 42
-0.375524
 10
-42.22445200000001
 20
23.27148
 10
-42.00855200000001
 20
23.27148
 42
-0.3654199999999999
 10
-41.972738
 20
23.229062
 10
-41.972738
 20
23.127462
 42
-1.000028
  0
LWPOLYLINE
  5
30B2
330
2F74
100
AcDbEntity
  8
PIN_BOTTOM
100
AcDbPolyline
 90
        6
 70
     1
 43
0.0
 10
-42.58233800000001
 20
22.577298
 10
-42.58233800000001
 20
22.475698
 42
-0.375524
 10
-42.630852
 20
22.43328
 10
-42.846752
 20
22.43328
 42
-0.3654199999999999
 10
-42.882566
 20
22.475698
 10
-42.882566
 20
22.577298
 42
-1.000028
  0
LWPOLYLINE
  5
30B3
330
2F74
100
AcDbEntity
  8
PIN_BOTTOM
100
AcDbPolyline
 90
        6
 70
     1
 43
0.0
 10
-42.882566
 20
23.127462
 10
-42.882566
 20
23.229062
 42
-0.375524
 10
-42.834052
 20
23.27148
 10
-42.618152
 20
23.27148
 42
-0.3654199999999999
 10
-42.58233800000001
 20
23.229062
 10
-42.58233800000001
 20
23.127462
 42
-1.000028
  0
LWPOLYLINE
  5
30B4
330
2F74
100
AcDbEntity
  8
PIN_BOTTOM
100
AcDbPolyline
 90
        6
 70
     1
 43
0.0
 10
-41.363138
 20
22.577298
 10
-41.363138
 20
22.475698
 42
-0.375524
 10
-41.411652
 20
22.43328
 10
-41.62755200000001
 20
22.43328
 42
-0.3654199999999999
 10
-41.663366
 20
22.475698
 10
-41.663366
 20
22.577298
 42
-1.000028
  0
LWPOLYLINE
  5
30B5
330
2F74
100
AcDbEntity
  8
PIN_BOTTOM
100
AcDbPolyline
 90
        6
 70
     1
 43
0.0
 10
-41.663366
 20
23.127462
 10
-41.663366
 20
23.229062
 42
-0.375524
 10
-41.614852
 20
23.27148
 10
-41.398952
 20
23.27148
 42
-0.3654199999999999
 10
-41.363138
 20
23.229062
 10
-41.363138
 20
23.127462
 42
-1.000028
  0
LWPOLYLINE
  5
30B6
330
2F74
100
AcDbEntity
  8
PIN_BOTTOM
100
AcDbPolyline
 90
        6
 70
     1
 43
0.0
 10
-3.205734000000006
 20
4.288536
 10
-3.307334000000004
 20
4.288536
 42
-0.375524
 10
-3.349752000000002
 20
4.337049999999999
 10
-3.349752000000002
 20
4.55295
 42
-0.3654199999999999
 10
-3.307334000000004
 20
4.588763999999999
 10
-3.205734000000006
 20
4.588763999999999
 42
-1.000028
  0
LWPOLYLINE
  5
30B7
330
2F74
100
AcDbEntity
  8
PIN_BOTTOM
100
AcDbPolyline
 90
        6
 70
     1
 43
0.0
 10
-2.655570000000004
 20
4.588763999999999
 10
-2.553970000000006
 20
4.588763999999999
 42
-0.375524
 10
-2.511552000000001
 20
4.54025
 10
-2.511552000000001
 20
4.32435
 42
-0.3654199999999999
 10
-2.553970000000006
 20
4.288536
 10
-2.655570000000004
 20
4.288536
 42
-1.000028
  0
LWPOLYLINE
  5
30B8
330
2F74
100
AcDbEntity
  8
PIN_BOTTOM
100
AcDbPolyline
 90
        6
 70
     1
 43
0.0
 10
-4.958334000000007
 20
7.234935999999999
 10
-5.059934000000005
 20
7.234935999999999
 42
-0.375524
 10
-5.102352000000003
 20
7.28345
 10
-5.102352000000003
 20
7.499349999999999
 42
-0.3654199999999999
 10
-5.059934000000005
 20
7.535163999999999
 10
-4.958334000000007
 20
7.535163999999999
 42
-1.000028
  0
LWPOLYLINE
  5
30B9
330
2F74
100
AcDbEntity
  8
PIN_BOTTOM
100
AcDbPolyline
 90
        6
 70
     1
 43
0.0
 10
-4.408170000000005
 20
7.535163999999999
 10
-4.30657
 20
7.535163999999999
 42
-0.375524
 10
-4.264152000000002
 20
7.486649999999999
 10
-4.264152000000002
 20
7.270749999999999
 42
-0.3654199999999999
 10
-4.30657
 20
7.234935999999999
 10
-4.408170000000005
 20
7.234935999999999
 42
-1.000028
  0
LWPOLYLINE
  5
30BA
330
2F74
100
AcDbEntity
  8
PIN_BOTTOM
100
AcDbPolyline
 90
        6
 70
     1
 43
0.0
 10
-12.53617
 20
20.590764
 10
-12.43457
 20
20.590764
 42
-0.375524
 10
-12.392152
 20
20.54225
 10
-12.392152
 20
20.32635
 42
-0.3654199999999999
 10
-12.43457
 20
20.290536
 10
-12.53617
 20
20.290536
 42
-1.000028
  0
LWPOLYLINE
  5
30BB
330
2F74
100
AcDbEntity
  8
PIN_BOTTOM
100
AcDbPolyline
 90
        6
 70
     1
 43
0.0
 10
-13.08633400000001
 20
20.290536
 10
-13.187934
 20
20.290536
 42
-0.375524
 10
-13.230352
 20
20.33905
 10
-13.230352
 20
20.55495
 42
-0.3654199999999999
 10
-13.187934
 20
20.590764
 10
-13.08633400000001
 20
20.590764
 42
-1.000028
  0
LWPOLYLINE
  5
30BC
330
2F74
100
AcDbEntity
  8
PIN_BOTTOM
100
AcDbPolyline
 90
        6
 70
     1
 43
0.0
 10
-12.76477
 20
14.088364
 10
-12.66317
 20
14.088364
 42
-0.375524
 10
-12.620752
 20
14.03985
 10
-12.620752
 20
13.82395
 42
-0.3654199999999999
 10
-12.66317
 20
13.788136
 10
-12.76477
 20
13.788136
 42
-1.000028
  0
LWPOLYLINE
  5
30BD
330
2F74
100
AcDbEntity
  8
PIN_BOTTOM
100
AcDbPolyline
 90
        6
 70
     1
 43
0.0
 10
-13.31493400000001
 20
13.788136
 10
-13.416534
 20
13.788136
 42
-0.375524
 10
-13.458952
 20
13.83665
 10
-13.458952
 20
14.05255
 42
-0.3654199999999999
 10
-13.416534
 20
14.088364
 10
-13.31493400000001
 20
14.088364
 42
-1.000028
  0
LWPOLYLINE
  5
30BE
330
2F74
100
AcDbEntity
  8
PIN_BOTTOM
100
AcDbPolyline
 90
        6
 70
     1
 43
0.0
 10
-5.974334000000006
 20
8.631935999999999
 10
-6.075934000000003
 20
8.631935999999999
 42
-0.375524
 10
-6.118352000000001
 20
8.68045
 10
-6.118352000000001
 20
8.896349999999999
 42
-0.3654199999999999
 10
-6.075934000000003
 20
8.932164
 10
-5.974334000000006
 20
8.932164
 42
-1.000028
  0
LWPOLYLINE
  5
30BF
330
2F74
100
AcDbEntity
  8
PIN_BOTTOM
100
AcDbPolyline
 90
        6
 70
     1
 43
0.0
 10
-5.424170000000003
 20
8.932164
 10
-5.322570000000006
 20
8.932164
 42
-0.375524
 10
-5.280152000000001
 20
8.883649999999999
 10
-5.280152000000001
 20
8.667749999999999
 42
-0.3654199999999999
 10
-5.322570000000006
 20
8.631935999999999
 10
-5.424170000000003
 20
8.631935999999999
 42
-1.000028
  0
LWPOLYLINE
  5
30C0
330
2F74
100
AcDbEntity
  8
PIN_BOTTOM
100
AcDbPolyline
 90
        6
 70
     1
 43
0.0
 10
-7.606538
 20
7.287767999999999
 10
-7.606538
 20
7.186167999999998
 42
-0.375524
 10
-7.655052000000004
 20
7.143749999999998
 10
-7.870952000000002
 20
7.143749999999998
 42
-0.3654199999999999
 10
-7.906766000000004
 20
7.186167999999998
 10
-7.906766000000004
 20
7.287767999999999
 42
-1.000028
  0
LWPOLYLINE
  5
30C1
330
2F74
100
AcDbEntity
  8
PIN_BOTTOM
100
AcDbPolyline
 90
        6
 70
     1
 43
0.0
 10
-7.906766000000004
 20
7.837932
 10
-7.906766000000004
 20
7.939531999999999
 42
-0.375524
 10
-7.858252000000007
 20
7.981949999999999
 10
-7.642352000000002
 20
7.981949999999999
 42
-0.3654199999999999
 10
-7.606538
 20
7.939531999999999
 10
-7.606538
 20
7.837932
 42
-1.000028
  0
LWPOLYLINE
  5
30C2
330
2F74
100
AcDbEntity
  8
PIN_BOTTOM
100
AcDbPolyline
 90
        6
 70
     1
 43
0.0
 10
-8.673338000000001
 20
6.805167999999998
 10
-8.673338000000001
 20
6.703567999999998
 42
-0.375524
 10
-8.721852000000005
 20
6.661149999999999
 10
-8.937752000000003
 20
6.661149999999999
 42
-0.3654199999999999
 10
-8.973566000000005
 20
6.703567999999998
 10
-8.973566000000005
 20
6.805167999999998
 42
-1.000028
  0
LWPOLYLINE
  5
30C3
330
2F74
100
AcDbEntity
  8
PIN_BOTTOM
100
AcDbPolyline
 90
        6
 70
     1
 43
0.0
 10
-8.973566000000005
 20
7.355332
 10
-8.973566000000005
 20
7.456932
 42
-0.375524
 10
-8.925052000000007
 20
7.499349999999999
 10
-8.709152000000003
 20
7.499349999999999
 42
-0.3654199999999999
 10
-8.673338000000001
 20
7.456932
 10
-8.673338000000001
 20
7.355332
 42
-1.000028
  0
LWPOLYLINE
  5
30C4
330
2F74
100
AcDbEntity
  8
PIN_BOTTOM
100
AcDbPolyline
 90
        6
 70
     1
 43
0.0
 10
-4.958334000000007
 20
5.736335999999999
 10
-5.059934000000005
 20
5.736335999999999
 42
-0.375524
 10
-5.102352000000003
 20
5.78485
 10
-5.102352000000003
 20
6.00075
 42
-0.3654199999999999
 10
-5.059934000000005
 20
6.036564
 10
-4.958334000000007
 20
6.036564
 42
-1.000028
  0
LWPOLYLINE
  5
30C5
330
2F74
100
AcDbEntity
  8
PIN_BOTTOM
100
AcDbPolyline
 90
        6
 70
     1
 43
0.0
 10
-4.408170000000005
 20
6.036564
 10
-4.30657
 20
6.036564
 42
-0.375524
 10
-4.264152000000002
 20
5.988049999999999
 10
-4.264152000000002
 20
5.772149999999999
 42
-0.3654199999999999
 10
-4.30657
 20
5.736335999999999
 10
-4.408170000000005
 20
5.736335999999999
 42
-1.000028
  0
LWPOLYLINE
  5
30C6
330
2F74
100
AcDbEntity
  8
PIN_BOTTOM
100
AcDbPolyline
 90
        6
 70
     1
 43
0.0
 10
-2.545334000000003
 20
5.355335999999999
 10
-2.646934000000001
 20
5.355335999999999
 42
-0.375524
 10
-2.689352000000006
 20
5.40385
 10
-2.689352000000006
 20
5.619749999999999
 42
-0.3654199999999999
 10
-2.646934000000001
 20
5.655564
 10
-2.545334000000003
 20
5.655564
 42
-1.000028
  0
LWPOLYLINE
  5
30C7
330
2F74
100
AcDbEntity
  8
PIN_BOTTOM
100
AcDbPolyline
 90
        6
 70
     1
 43
0.0
 10
-1.995170000000008
 20
5.655564
 10
-1.893570000000011
 20
5.655564
 42
-0.375524
 10
-1.851152000000006
 20
5.607049999999999
 10
-1.851152000000006
 20
5.391149999999999
 42
-0.3654199999999999
 10
-1.893570000000011
 20
5.355335999999999
 10
-1.995170000000008
 20
5.355335999999999
 42
-1.000028
  0
LWPOLYLINE
  5
30C8
330
2F74
100
AcDbEntity
  8
PIN_BOTTOM
100
AcDbPolyline
 90
        6
 70
     1
 43
0.0
 10
-2.570734000000001
 20
6.168136
 10
-2.672334000000006
 20
6.168136
 42
-0.375524
 10
-2.714752000000004
 20
6.216649999999999
 10
-2.714752000000004
 20
6.432549999999999
 42
-0.3654199999999999
 10
-2.672334000000006
 20
6.468363999999999
 10
-2.570734000000001
 20
6.468363999999999
 42
-1.000028
  0
LWPOLYLINE
  5
30C9
330
2F74
100
AcDbEntity
  8
PIN_BOTTOM
100
AcDbPolyline
 90
        6
 70
     1
 43
0.0
 10
-2.020570000000006
 20
6.468363999999999
 10
-1.918970000000008
 20
6.468363999999999
 42
-0.375524
 10
-1.876552000000003
 20
6.41985
 10
-1.876552000000003
 20
6.203949999999998
 42
-0.3654199999999999
 10
-1.918970000000008
 20
6.168136
 10
-2.020570000000006
 20
6.168136
 42
-1.000028
  0
LWPOLYLINE
  5
30CA
330
2F74
100
AcDbEntity
  8
PIN_BOTTOM
100
AcDbPolyline
 90
        6
 70
     1
 43
0.0
 10
-47.20717
 20
20.184364
 10
-47.10557
 20
20.184364
 42
-0.375524
 10
-47.063152
 20
20.13585
 10
-47.063152
 20
19.91995
 42
-0.3654199999999999
 10
-47.10557
 20
19.884136
 10
-47.20717
 20
19.884136
 42
-1.000028
  0
LWPOLYLINE
  5
30CB
330
2F74
100
AcDbEntity
  8
PIN_BOTTOM
100
AcDbPolyline
 90
        6
 70
     1
 43
0.0
 10
-47.757334
 20
19.884136
 10
-47.858934
 20
19.884136
 42
-0.375524
 10
-47.901352
 20
19.93265
 10
-47.901352
 20
20.14855
 42
-0.3654199999999999
 10
-47.858934
 20
20.184364
 10
-47.757334
 20
20.184364
 42
-1.000028
  0
LWPOLYLINE
  5
30CC
330
2F74
100
AcDbEntity
  8
PIN_BOTTOM
100
AcDbPolyline
 90
        6
 70
     1
 43
0.0
 10
-43.263566
 20
8.142732
 10
-43.263566
 20
8.244331999999999
 42
-0.375524
 10
-43.21505199999999
 20
8.286749999999999
 10
-42.999152
 20
8.286749999999999
 42
-0.3654199999999999
 10
-42.96333800000001
 20
8.244331999999999
 10
-42.96333800000001
 20
8.142732
 42
-1.000028
  0
LWPOLYLINE
  5
30CD
330
2F74
100
AcDbEntity
  8
PIN_BOTTOM
100
AcDbPolyline
 90
        6
 70
     1
 43
0.0
 10
-42.96333800000001
 20
7.592567999999998
 10
-42.96333800000001
 20
7.490967999999998
 42
-0.375524
 10
-43.011852
 20
7.448549999999999
 10
-43.227752
 20
7.448549999999999
 42
-0.3654199999999999
 10
-43.263566
 20
7.490967999999998
 10
-43.263566
 20
7.592567999999998
 42
-1.000028
  0
LWPOLYLINE
  5
30CE
330
2F74
100
AcDbEntity
  8
PIN_BOTTOM
100
AcDbPolyline
 90
        6
 70
     1
 43
0.0
 10
-49.332134
 20
14.981936
 10
-49.433734
 20
14.981936
 42
-0.375524
 10
-49.47615200000001
 20
15.03045
 10
-49.47615200000001
 20
15.24635
 42
-0.3654199999999999
 10
-49.433734
 20
15.282164
 10
-49.332134
 20
15.282164
 42
-1.000028
  0
LWPOLYLINE
  5
30CF
330
2F74
100
AcDbEntity
  8
PIN_BOTTOM
100
AcDbPolyline
 90
        6
 70
     1
 43
0.0
 10
-48.78197
 20
15.282164
 10
-48.68037000000001
 20
15.282164
 42
-0.375524
 10
-48.63795200000001
 20
15.23365
 10
-48.63795200000001
 20
15.01775
 42
-0.3654199999999999
 10
-48.68037000000001
 20
14.981936
 10
-48.78197
 20
14.981936
 42
-1.000028
  0
LWPOLYLINE
  5
30D0
330
2F74
100
AcDbEntity
  8
PIN_BOTTOM
100
AcDbPolyline
 90
        6
 70
     1
 43
0.0
 10
-49.332134
 20
15.743936
 10
-49.433734
 20
15.743936
 42
-0.375524
 10
-49.47615200000001
 20
15.79245
 10
-49.47615200000001
 20
16.00835
 42
-0.3654199999999999
 10
-49.433734
 20
16.044164
 10
-49.332134
 20
16.044164
 42
-1.000028
  0
LWPOLYLINE
  5
30D1
330
2F74
100
AcDbEntity
  8
PIN_BOTTOM
100
AcDbPolyline
 90
        6
 70
     1
 43
0.0
 10
-48.78197
 20
16.044164
 10
-48.68037000000001
 20
16.044164
 42
-0.375524
 10
-48.63795200000001
 20
15.99565
 10
-48.63795200000001
 20
15.77975
 42
-0.3654199999999999
 10
-48.68037000000001
 20
15.743936
 10
-48.78197
 20
15.743936
 42
-1.000028
  0
LWPOLYLINE
  5
30D2
330
2F74
100
AcDbEntity
  8
PIN_BOTTOM
100
AcDbPolyline
 90
        6
 70
     1
 43
0.0
 10
-7.805166000000006
 20
23.942802
 10
-7.805166000000006
 20
24.044402
 42
-0.375524
 10
-7.756652000000002
 20
24.08682
 10
-7.540752000000004
 20
24.08682
 42
-0.3654199999999999
 10
-7.504938000000002
 20
24.044402
 10
-7.504938000000002
 20
23.942802
 42
-1.000028
  0
LWPOLYLINE
  5
30D3
330
2F74
100
AcDbEntity
  8
PIN_BOTTOM
100
AcDbPolyline
 90
        6
 70
     1
 43
0.0
 10
-7.504938000000002
 20
23.392638
 10
-7.504938000000002
 20
23.291038
 42
-0.375524
 10
-7.553452000000007
 20
23.24862
 10
-7.769352000000004
 20
23.24862
 42
-0.3654199999999999
 10
-7.805166000000006
 20
23.291038
 10
-7.805166000000006
 20
23.392638
 42
-1.000028
  0
LWPOLYLINE
  5
30D4
330
2F74
100
AcDbEntity
  8
PIN_BOTTOM
100
AcDbPolyline
 90
        6
 70
     1
 43
0.0
 10
-10.571734
 20
23.770336
 10
-10.673334
 20
23.770336
 42
-0.375524
 10
-10.715752
 20
23.81885
 10
-10.715752
 20
24.03475
 42
-0.3654199999999999
 10
-10.673334
 20
24.070564
 10
-10.571734
 20
24.070564
 42
-1.000028
  0
LWPOLYLINE
  5
30D5
330
2F74
100
AcDbEntity
  8
PIN_BOTTOM
100
AcDbPolyline
 90
        6
 70
     1
 43
0.0
 10
-10.02157
 20
24.070564
 10
-9.919970000000006
 20
24.070564
 42
-0.375524
 10
-9.877552000000001
 20
24.02205
 10
-9.877552000000001
 20
23.80615
 42
-0.3654199999999999
 10
-9.919970000000006
 20
23.770336
 10
-10.02157
 20
23.770336
 42
-1.000028
  0
LWPOLYLINE
  5
30D6
330
2F74
100
AcDbEntity
  8
PIN_BOTTOM
100
AcDbPolyline
 90
        6
 70
     1
 43
0.0
 10
-3.62077
 20
23.181564
 10
-3.519170000000002
 20
23.181564
 42
-0.375524
 10
-3.476752000000004
 20
23.13305
 10
-3.476752000000004
 20
22.91715
 42
-0.3654199999999999
 10
-3.519170000000002
 20
22.881336
 10
-3.62077
 20
22.881336
 42
-1.000028
  0
LWPOLYLINE
  5
30D7
330
2F74
100
AcDbEntity
  8
PIN_BOTTOM
100
AcDbPolyline
 90
        6
 70
     1
 43
0.0
 10
-4.170934000000002
 20
22.881336
 10
-4.272534000000007
 20
22.881336
 42
-0.375524
 10
-4.314952000000005
 20
22.92985
 10
-4.314952000000005
 20
23.14575
 42
-0.3654199999999999
 10
-4.272534000000007
 20
23.181564
 10
-4.170934000000002
 20
23.181564
 42
-1.000028
  0
LWPOLYLINE
  5
30D8
330
2F74
100
AcDbEntity
  8
PIN_BOTTOM
100
AcDbPolyline
 90
        6
 70
     1
 43
0.0
 10
-3.62077
 20
21.530564
 10
-3.519170000000002
 20
21.530564
 42
-0.375524
 10
-3.476752000000004
 20
21.48205
 10
-3.476752000000004
 20
21.26615
 42
-0.3654199999999999
 10
-3.519170000000002
 20
21.230336
 10
-3.62077
 20
21.230336
 42
-1.000028
  0
LWPOLYLINE
  5
30D9
330
2F74
100
AcDbEntity
  8
PIN_BOTTOM
100
AcDbPolyline
 90
        6
 70
     1
 43
0.0
 10
-4.170934000000002
 20
21.230336
 10
-4.272534000000007
 20
21.230336
 42
-0.375524
 10
-4.314952000000005
 20
21.27885
 10
-4.314952000000005
 20
21.49475
 42
-0.3654199999999999
 10
-4.272534000000007
 20
21.530564
 10
-4.170934000000002
 20
21.530564
 42
-1.000028
  0
LWPOLYLINE
  5
30DA
330
2F74
100
AcDbEntity
  8
PIN_BOTTOM
100
AcDbPolyline
 90
        6
 70
     1
 43
0.0
 10
-12.96797
 20
23.283164
 10
-12.86637
 20
23.283164
 42
-0.375524
 10
-12.823952
 20
23.23465
 10
-12.823952
 20
23.01875
 42
-0.3654199999999999
 10
-12.86637
 20
22.982936
 10
-12.96797
 20
22.982936
 42
-1.000028
  0
LWPOLYLINE
  5
30DB
330
2F74
100
AcDbEntity
  8
PIN_BOTTOM
100
AcDbPolyline
 90
        6
 70
     1
 43
0.0
 10
-13.518134
 20
22.982936
 10
-13.61973400000001
 20
22.982936
 42
-0.375524
 10
-13.662152
 20
23.03145
 10
-13.662152
 20
23.24735
 42
-0.3654199999999999
 10
-13.61973400000001
 20
23.283164
 10
-13.518134
 20
23.283164
 42
-1.000028
  0
LWPOLYLINE
  5
30DC
330
2F74
100
AcDbEntity
  8
PIN_BOTTOM
100
AcDbPolyline
 90
        6
 70
     1
 43
0.0
 10
-9.022334000000007
 20
15.489936
 10
-9.123934000000005
 20
15.489936
 42
-0.375524
 10
-9.166352000000003
 20
15.53845
 10
-9.166352000000003
 20
15.75435
 42
-0.3654199999999999
 10
-9.123934000000005
 20
15.790164
 10
-9.022334000000007
 20
15.790164
 42
-1.000028
  0
LWPOLYLINE
  5
30DD
330
2F74
100
AcDbEntity
  8
PIN_BOTTOM
100
AcDbPolyline
 90
        6
 70
     1
 43
0.0
 10
-8.472170000000005
 20
15.790164
 10
-8.37057
 20
15.790164
 42
-0.375524
 10
-8.328152000000002
 20
15.74165
 10
-8.328152000000002
 20
15.52575
 42
-0.3654199999999999
 10
-8.37057
 20
15.489936
 10
-8.472170000000005
 20
15.489936
 42
-1.000028
  0
LWPOLYLINE
  5
30DE
330
2F74
100
AcDbEntity
  8
PIN_BOTTOM
100
AcDbPolyline
 90
        6
 70
     1
 43
0.0
 10
-13.518134
 20
21.662136
 10
-13.61973400000001
 20
21.662136
 42
-0.375524
 10
-13.662152
 20
21.71065
 10
-13.662152
 20
21.92655
 42
-0.3654199999999999
 10
-13.61973400000001
 20
21.962364
 10
-13.518134
 20
21.962364
 42
-1.000028
  0
LWPOLYLINE
  5
30DF
330
2F74
100
AcDbEntity
  8
PIN_BOTTOM
100
AcDbPolyline
 90
        6
 70
     1
 43
0.0
 10
-12.96797
 20
21.962364
 10
-12.86637
 20
21.962364
 42
-0.375524
 10
-12.823952
 20
21.91385
 10
-12.823952
 20
21.69795
 42
-0.3654199999999999
 10
-12.86637
 20
21.662136
 10
-12.96797
 20
21.662136
 42
-1.000028
  0
LWPOLYLINE
  5
30E0
330
2F74
100
AcDbEntity
  8
PIN_BOTTOM
100
AcDbPolyline
 90
        6
 70
     1
 43
0.0
 10
-1.791970000000006
 20
18.990564
 10
-1.690370000000008
 20
18.990564
 42
-0.375524
 10
-1.647952000000003
 20
18.94205
 10
-1.647952000000003
 20
18.72615
 42
-0.3654199999999999
 10
-1.690370000000008
 20
18.690336
 10
-1.791970000000006
 20
18.690336
 42
-1.000028
  0
LWPOLYLINE
  5
30E1
330
2F74
100
AcDbEntity
  8
PIN_BOTTOM
100
AcDbPolyline
 90
        6
 70
     1
 43
0.0
 10
-2.342134000000008
 20
18.690336
 10
-2.443734000000006
 20
18.690336
 42
-0.375524
 10
-2.486152000000004
 20
18.73885
 10
-2.486152000000004
 20
18.95475
 42
-0.3654199999999999
 10
-2.443734000000006
 20
18.990564
 10
-2.342134000000008
 20
18.990564
 42
-1.000028
  0
LWPOLYLINE
  5
30E2
330
2F74
100
AcDbEntity
  8
PIN_BOTTOM
100
AcDbPolyline
 90
        6
 70
     1
 43
0.0
 10
-31.025338
 20
20.292568
 10
-31.025338
 20
20.190968
 42
-0.375524
 10
-31.07385200000001
 20
20.14855
 10
-31.28975200000001
 20
20.14855
 42
-0.3654199999999999
 10
-31.32556600000001
 20
20.190968
 10
-31.32556600000001
 20
20.292568
 42
-1.000028
  0
LWPOLYLINE
  5
30E3
330
2F74
100
AcDbEntity
  8
PIN_BOTTOM
100
AcDbPolyline
 90
        6
 70
     1
 43
0.0
 10
-31.32556600000001
 20
20.842732
 10
-31.32556600000001
 20
20.944332
 42
-0.375524
 10
-31.27705200000001
 20
20.98675
 10
-31.061152
 20
20.98675
 42
-0.3654199999999999
 10
-31.025338
 20
20.944332
 10
-31.025338
 20
20.842732
 42
-1.000028
  0
LWPOLYLINE
  5
30E4
330
2F74
100
AcDbEntity
  8
PIN_BOTTOM
100
AcDbPolyline
 90
        6
 70
     1
 43
0.0
 10
-45.630338
 20
23.263098
 10
-45.630338
 20
23.161498
 42
-0.375524
 10
-45.678852
 20
23.11908
 10
-45.894752
 20
23.11908
 42
-0.3654199999999999
 10
-45.930566
 20
23.161498
 10
-45.930566
 20
23.263098
 42
-1.000028
  0
LWPOLYLINE
  5
30E5
330
2F74
100
AcDbEntity
  8
PIN_BOTTOM
100
AcDbPolyline
 90
        6
 70
     1
 43
0.0
 10
-45.930566
 20
23.813262
 10
-45.930566
 20
23.914862
 42
-0.375524
 10
-45.88205199999999
 20
23.95728
 10
-45.666152
 20
23.95728
 42
-0.3654199999999999
 10
-45.630338
 20
23.914862
 10
-45.630338
 20
23.813262
 42
-1.000028
  0
LWPOLYLINE
  5
30E6
330
2F74
100
AcDbEntity
  8
PIN_BOTTOM
100
AcDbPolyline
 90
        6
 70
     1
 43
0.0
 10
-1.944370000000006
 20
16.628364
 10
-1.842770000000008
 20
16.628364
 42
-0.375524
 10
-1.800352000000003
 20
16.57985
 10
-1.800352000000003
 20
16.36395
 42
-0.3654199999999999
 10
-1.842770000000008
 20
16.32813599999999
 10
-1.944370000000006
 20
16.32813599999999
 42
-1.000028
  0
LWPOLYLINE
  5
30E7
330
2F74
100
AcDbEntity
  8
PIN_BOTTOM
100
AcDbPolyline
 90
        6
 70
     1
 43
0.0
 10
-2.494534000000008
 20
16.32813599999999
 10
-2.596134000000006
 20
16.32813599999999
 42
-0.375524
 10
-2.638552000000004
 20
16.37665
 10
-2.638552000000004
 20
16.59255
 42
-0.3654199999999999
 10
-2.596134000000006
 20
16.628364
 10
-2.494534000000008
 20
16.628364
 42
-1.000028
  0
LWPOLYLINE
  5
30E8
330
2F74
100
AcDbEntity
  8
PIN_BOTTOM
100
AcDbPolyline
 90
        6
 70
     1
 43
0.0
 10
-29.57957
 20
19.701764
 10
-29.47797
 20
19.701764
 42
-0.375524
 10
-29.435552
 20
19.65325
 10
-29.435552
 20
19.43735
 42
-0.3654199999999999
 10
-29.47797
 20
19.401536
 10
-29.57957
 20
19.401536
 42
-1.000028
  0
LWPOLYLINE
  5
30E9
330
2F74
100
AcDbEntity
  8
PIN_BOTTOM
100
AcDbPolyline
 90
        6
 70
     1
 43
0.0
 10
-30.12973400000001
 20
19.401536
 10
-30.23133400000001
 20
19.401536
 42
-0.375524
 10
-30.27375200000001
 20
19.45005
 10
-30.27375200000001
 20
19.66595
 42
-0.3654199999999999
 10
-30.23133400000001
 20
19.701764
 10
-30.12973400000001
 20
19.701764
 42
-1.000028
  0
LWPOLYLINE
  5
30EA
330
2F74
100
AcDbEntity
  8
PIN_BOTTOM
100
AcDbPolyline
 90
        6
 70
     1
 43
0.0
 10
-23.075138
 20
22.476968
 10
-23.075138
 20
22.375368
 42
-0.375524
 10
-23.123652
 20
22.33295
 10
-23.33955200000001
 20
22.33295
 42
-0.3654199999999999
 10
-23.37536600000001
 20
22.375368
 10
-23.37536600000001
 20
22.476968
 42
-1.000028
  0
LWPOLYLINE
  5
30EB
330
2F74
100
AcDbEntity
  8
PIN_BOTTOM
100
AcDbPolyline
 90
        6
 70
     1
 43
0.0
 10
-23.37536600000001
 20
23.027132
 10
-23.37536600000001
 20
23.128732
 42
-0.375524
 10
-23.32685200000001
 20
23.17115
 10
-23.110952
 20
23.17115
 42
-0.3654199999999999
 10
-23.075138
 20
23.128732
 10
-23.075138
 20
23.027132
 42
-1.000028
  0
LWPOLYLINE
  5
30EC
330
2F74
100
AcDbEntity
  8
PIN_BOTTOM
100
AcDbPolyline
 90
        6
 70
     1
 43
0.0
 10
-6.285738000000002
 20
6.398767999999998
 10
-6.285738000000002
 20
6.297167999999999
 42
-0.375524
 10
-6.334252000000006
 20
6.254749999999999
 10
-6.550152000000004
 20
6.254749999999999
 42
-0.3654199999999999
 10
-6.585966000000006
 20
6.297167999999999
 10
-6.585966000000006
 20
6.398767999999998
 42
-1.000028
  0
LWPOLYLINE
  5
30ED
330
2F74
100
AcDbEntity
  8
PIN_BOTTOM
100
AcDbPolyline
 90
        6
 70
     1
 43
0.0
 10
-6.585966000000006
 20
6.948932
 10
-6.585966000000006
 20
7.050532
 42
-0.375524
 10
-6.537452000000001
 20
7.09295
 10
-6.321552000000004
 20
7.09295
 42
-0.3654199999999999
 10
-6.285738000000002
 20
7.050532
 10
-6.285738000000002
 20
6.948932
 42
-1.000028
  0
LWPOLYLINE
  5
30EE
330
2F74
100
AcDbEntity
  8
PIN_BOTTOM
100
AcDbPolyline
 90
       64
 70
     1
 43
0.0
 10
-22.51405200000001
 20
17.951704
 10
-22.53818200000001
 20
17.950434
 10
-22.56205800000001
 20
17.951704
 10
-22.585934
 20
17.954752
 10
-22.609556
 20
17.96008599999999
 10
-22.63241600000001
 20
17.967706
 10
-22.654514
 20
17.977104
 10
-22.67559600000001
 20
17.988534
 10
-22.695662
 20
18.001742
 10
-22.714458
 20
18.016982
 10
-22.731984
 20
18.033492
 10
-22.747732
 20
18.05177999999999
 10
-22.76170200000001
 20
18.071338
 10
-22.773132
 20
18.094198
 10
-22.78227600000001
 20
18.118074
 10
-22.789134
 20
18.142712
 10
-22.79396000000001
 20
18.167858
 10
-22.796246
 20
18.193258
 10
-22.796246
 20
18.218658
 10
-22.79396000000001
 20
18.244058
 10
-22.789134
 20
18.269204
 10
-22.78227600000001
 20
18.293842
 10
-22.773132
 20
18.317718
 10
-22.76170200000001
 20
18.340578
 10
-22.74824000000001
 20
18.36039
 10
-22.733
 20
18.378932
 10
-22.71598200000001
 20
18.39595
 10
-22.697186
 20
18.41119
 10
-22.677374
 20
18.424652
 10
-22.656038
 20
18.436082
 10
-22.63394000000001
 20
18.44548
 10
-22.61108000000001
 20
18.452592
 10
-22.58745800000001
 20
18.457418
 10
-22.56358200000001
 20
18.459958
 10
-22.539452
 20
18.460212
 10
-22.517608
 20
18.460466
 10
-22.496018
 20
18.45818
 10
-22.474682
 20
18.453862
 10
-22.45410800000001
 20
18.447258
 10
-22.434042
 20
18.438368
 10
-22.415246
 20
18.4277
 10
-22.39772000000001
 20
18.415
 10
-22.381464
 20
18.400522
 10
-22.36673200000001
 20
18.384266
 10
-22.354032
 20
18.36674
 10
-22.34311
 20
18.347944
 10
-22.33422
 20
18.328132
 10
-22.327362
 20
18.307304
 10
-22.323044
 20
18.285968
 10
-22.320758
 20
18.264378
 10
-22.320758
 20
18.147792
 10
-22.32279000000001
 20
18.126456
 10
-22.327362
 20
18.105374
 10
-22.333966
 20
18.0848
 10
-22.34260200000001
 20
18.065242
 10
-22.35327
 20
18.046446
 10
-22.36571600000001
 20
18.02892
 10
-22.37994
 20
18.012918
 10
-22.395942
 20
17.99844
 10
-22.413214
 20
17.98574
 10
-22.431756
 20
17.974818
 10
-22.451314
 20
17.965674
 10
-22.471634
 20
17.958816
 10
-22.49271600000001
 20
17.954244
  0
LWPOLYLINE
  5
30EF
330
2F74
100
AcDbEntity
  8
PIN_BOTTOM
100
AcDbPolyline
 90
       64
 70
     1
 43
0.0
 10
-23.47925200000001
 20
18.459196
 10
-23.45512200000001
 20
18.460466
 10
-23.43124600000001
 20
18.459196
 10
-23.40737
 20
18.456148
 10
-23.38374800000001
 20
18.450814
 10
-23.360888
 20
18.443194
 10
-23.33879000000001
 20
18.433796
 10
-23.31770800000001
 20
18.422366
 10
-23.29764200000001
 20
18.409158
 10
-23.278846
 20
18.393918
 10
-23.26132000000001
 20
18.377408
 10
-23.245572
 20
18.35912
 10
-23.23160200000001
 20
18.339562
 10
-23.22017200000001
 20
18.316702
 10
-23.21102800000001
 20
18.292826
 10
-23.20417
 20
18.268188
 10
-23.19934400000001
 20
18.243042
 10
-23.19705800000001
 20
18.217642
 10
-23.19705800000001
 20
18.192242
 10
-23.19934400000001
 20
18.166842
 10
-23.20417
 20
18.141696
 10
-23.21102800000001
 20
18.117058
 10
-23.22017200000001
 20
18.093182
 10
-23.23160200000001
 20
18.070322
 10
-23.245064
 20
18.05051
 10
-23.260304
 20
18.031968
 10
-23.27732200000001
 20
18.01495
 10
-23.296118
 20
17.99971
 10
-23.31593000000001
 20
17.986248
 10
-23.33726600000001
 20
17.974818
 10
-23.359364
 20
17.96542
 10
-23.382224
 20
17.958308
 10
-23.40584600000001
 20
17.953482
 10
-23.42972200000001
 20
17.950942
 10
-23.453852
 20
17.950688
 10
-23.47569600000001
 20
17.950434
 10
-23.49728600000001
 20
17.95272
 10
-23.51862200000001
 20
17.957038
 10
-23.53919600000001
 20
17.963642
 10
-23.559262
 20
17.972532
 10
-23.57805800000001
 20
17.9832
 10
-23.595584
 20
17.9959
 10
-23.61184000000001
 20
18.010378
 10
-23.62657200000001
 20
18.026634
 10
-23.639272
 20
18.04416
 10
-23.650194
 20
18.062956
 10
-23.659084
 20
18.08276799999999
 10
-23.66594200000001
 20
18.103596
 10
-23.67026
 20
18.124932
 10
-23.672546
 20
18.146522
 10
-23.672546
 20
18.263108
 10
-23.67051400000001
 20
18.284444
 10
-23.66594200000001
 20
18.305526
 10
-23.659338
 20
18.3261
 10
-23.65070200000001
 20
18.345658
 10
-23.640034
 20
18.364454
 10
-23.627588
 20
18.38198
 10
-23.613364
 20
18.397982
 10
-23.597362
 20
18.41246
 10
-23.58009
 20
18.42516
 10
-23.561548
 20
18.436082
 10
-23.54199000000001
 20
18.445226
 10
-23.52167000000001
 20
18.452084
 10
-23.50058800000001
 20
18.456656
  0
LWPOLYLINE
  5
30F0
330
2F74
100
AcDbEntity
  8
PIN_BOTTOM
100
AcDbPolyline
 90
       64
 70
     1
 43
0.0
 10
-52.384198
 20
11.60145
 10
-52.385468
 20
11.62558
 10
-52.384198
 20
11.649456
 10
-52.38115
 20
11.673332
 10
-52.37581600000001
 20
11.696954
 10
-52.368196
 20
11.719814
 10
-52.35879800000001
 20
11.741912
 10
-52.347368
 20
11.762994
 10
-52.33416
 20
11.78306
 10
-52.31892000000001
 20
11.801856
 10
-52.30241
 20
11.819382
 10
-52.28412200000001
 20
11.83513
 10
-52.264564
 20
11.8491
 10
-52.24170400000001
 20
11.86053
 10
-52.217828
 20
11.869674
 10
-52.19319
 20
11.876532
 10
-52.168044
 20
11.881358
 10
-52.14264400000001
 20
11.883644
 10
-52.11724400000001
 20
11.883644
 10
-52.091844
 20
11.881358
 10
-52.066698
 20
11.876532
 10
-52.04206
 20
11.869674
 10
-52.018184
 20
11.86053
 10
-51.995324
 20
11.8491
 10
-51.975512
 20
11.835638
 10
-51.95697
 20
11.820398
 10
-51.939952
 20
11.80338
 10
-51.924712
 20
11.784584
 10
-51.91125
 20
11.764772
 10
-51.89982
 20
11.743436
 10
-51.890422
 20
11.721338
 10
-51.88331
 20
11.698478
 10
-51.878484
 20
11.674856
 10
-51.875944
 20
11.65098
 10
-51.87569
 20
11.62685
 10
-51.87543600000001
 20
11.605006
 10
-51.87772200000001
 20
11.583416
 10
-51.88204
 20
11.56208
 10
-51.888644
 20
11.541506
 10
-51.897534
 20
11.52144
 10
-51.908202
 20
11.502644
 10
-51.920902
 20
11.485118
 10
-51.93538
 20
11.468862
 10
-51.951636
 20
11.45413
 10
-51.969162
 20
11.44143
 10
-51.987958
 20
11.430508
 10
-52.00777000000001
 20
11.421618
 10
-52.028598
 20
11.41476
 10
-52.04993400000001
 20
11.410442
 10
-52.071524
 20
11.408156
 10
-52.18811
 20
11.408156
 10
-52.20944600000001
 20
11.410188
 10
-52.23052800000001
 20
11.41476
 10
-52.251102
 20
11.421364
 10
-52.27066
 20
11.43
 10
-52.289456
 20
11.440668
 10
-52.306982
 20
11.453114
 10
-52.32298400000001
 20
11.467338
 10
-52.337462
 20
11.48334
 10
-52.350162
 20
11.500612
 10
-52.361084
 20
11.519154
 10
-52.370228
 20
11.538712
 10
-52.37708600000001
 20
11.559032
 10
-52.381658
 20
11.580114
  0
LWPOLYLINE
  5
30F1
330
2F74
100
AcDbEntity
  8
PIN_BOTTOM
100
AcDbPolyline
 90
       64
 70
     1
 43
0.0
 10
-51.876706
 20
12.56665
 10
-51.87543600000001
 20
12.54252
 10
-51.876706
 20
12.518644
 10
-51.879754
 20
12.494768
 10
-51.88508800000001
 20
12.471146
 10
-51.892708
 20
12.448286
 10
-51.902106
 20
12.426188
 10
-51.91353600000001
 20
12.405106
 10
-51.92674400000001
 20
12.38504
 10
-51.94198400000001
 20
12.366244
 10
-51.958494
 20
12.348718
 10
-51.97678200000001
 20
12.33297
 10
-51.99634
 20
12.319
 10
-52.01920000000001
 20
12.30757
 10
-52.043076
 20
12.298426
 10
-52.067714
 20
12.291568
 10
-52.09286
 20
12.286742
 10
-52.11826000000001
 20
12.284456
 10
-52.14366
 20
12.284456
 10
-52.16906
 20
12.286742
 10
-52.194206
 20
12.291568
 10
-52.218844
 20
12.298426
 10
-52.24272
 20
12.30757
 10
-52.26558
 20
12.319
 10
-52.285392
 20
12.332462
 10
-52.303934
 20
12.347702
 10
-52.320952
 20
12.36472
 10
-52.336192
 20
12.383516
 10
-52.349654
 20
12.403328
 10
-52.361084
 20
12.424664
 10
-52.370482
 20
12.446762
 10
-52.377594
 20
12.469622
 10
-52.38242
 20
12.493244
 10
-52.38496000000001
 20
12.51712
 10
-52.385214
 20
12.54125
 10
-52.385468
 20
12.563094
 10
-52.38318200000001
 20
12.584684
 10
-52.378864
 20
12.60602
 10
-52.37226
 20
12.626594
 10
-52.36337
 20
12.64666
 10
-52.35270200000001
 20
12.665456
 10
-52.340002
 20
12.682982
 10
-52.325524
 20
12.699238
 10
-52.309268
 20
12.71397
 10
-52.291742
 20
12.72667
 10
-52.272946
 20
12.737592
 10
-52.253134
 20
12.746482
 10
-52.232306
 20
12.75334
 10
-52.21097
 20
12.757658
 10
-52.18938000000001
 20
12.759944
 10
-52.072794
 20
12.759944
 10
-52.051458
 20
12.757912
 10
-52.030376
 20
12.75334
 10
-52.009802
 20
12.746736
 10
-51.990244
 20
12.7381
 10
-51.971448
 20
12.727432
 10
-51.953922
 20
12.714986
 10
-51.93792000000001
 20
12.700762
 10
-51.923442
 20
12.68476
 10
-51.910742
 20
12.667488
 10
-51.89982
 20
12.648946
 10
-51.89067600000001
 20
12.629388
 10
-51.88381800000001
 20
12.609068
 10
-51.879246
 20
12.587986
  0
LWPOLYLINE
  5
30F2
330
2F74
100
AcDbEntity
  8
PIN_BOTTOM
100
AcDbPolyline
 90
       64
 70
     1
 43
0.0
 10
-52.180998
 20
19.39925
 10
-52.182268
 20
19.42338
 10
-52.180998
 20
19.447256
 10
-52.17795
 20
19.471132
 10
-52.172616
 20
19.494754
 10
-52.164996
 20
19.517614
 10
-52.15559800000001
 20
19.53971199999999
 10
-52.14416800000001
 20
19.560794
 10
-52.13096
 20
19.58086
 10
-52.11572
 20
19.599656
 10
-52.09921000000001
 20
19.617182
 10
-52.080922
 20
19.63293
 10
-52.061364
 20
19.6469
 10
-52.038504
 20
19.65833
 10
-52.014628
 20
19.667474
 10
-51.98999
 20
19.674332
 10
-51.96484400000001
 20
19.679158
 10
-51.939444
 20
19.681444
 10
-51.914044
 20
19.681444
 10
-51.888644
 20
19.679158
 10
-51.86349800000001
 20
19.674332
 10
-51.83886000000001
 20
19.667474
 10
-51.814984
 20
19.65833
 10
-51.792124
 20
19.6469
 10
-51.77231200000001
 20
19.633438
 10
-51.75377000000001
 20
19.618198
 10
-51.736752
 20
19.60118
 10
-51.721512
 20
19.582384
 10
-51.70805000000001
 20
19.562572
 10
-51.69662
 20
19.541236
 10
-51.68722200000001
 20
19.519138
 10
-51.68011
 20
19.496278
 10
-51.67528400000001
 20
19.472656
 10
-51.672744
 20
19.44878
 10
-51.67249
 20
19.42465
 10
-51.672236
 20
19.402806
 10
-51.674522
 20
19.381216
 10
-51.67884
 20
19.35988
 10
-51.685444
 20
19.339306
 10
-51.694334
 20
19.31924
 10
-51.70500200000001
 20
19.300444
 10
-51.717702
 20
19.282918
 10
-51.73218000000001
 20
19.266662
 10
-51.748436
 20
19.25193
 10
-51.765962
 20
19.23923
 10
-51.78475800000001
 20
19.228308
 10
-51.80457
 20
19.219418
 10
-51.825398
 20
19.21256
 10
-51.84673400000001
 20
19.208242
 10
-51.868324
 20
19.205956
 10
-51.98491
 20
19.205956
 10
-52.00624600000001
 20
19.207988
 10
-52.027328
 20
19.21256
 10
-52.04790200000001
 20
19.219164
 10
-52.06746
 20
19.2278
 10
-52.08625600000001
 20
19.23846799999999
 10
-52.103782
 20
19.250914
 10
-52.119784
 20
19.265138
 10
-52.134262
 20
19.28114
 10
-52.146962
 20
19.298412
 10
-52.157884
 20
19.316954
 10
-52.167028
 20
19.336512
 10
-52.173886
 20
19.356832
 10
-52.178458
 20
19.377914
  0
LWPOLYLINE
  5
30F3
330
2F74
100
AcDbEntity
  8
PIN_BOTTOM
100
AcDbPolyline
 90
       64
 70
     1
 43
0.0
 10
-51.673506
 20
20.36445
 10
-51.672236
 20
20.34032
 10
-51.673506
 20
20.316444
 10
-51.67655400000001
 20
20.292568
 10
-51.68188800000001
 20
20.268946
 10
-51.68950800000001
 20
20.246086
 10
-51.69890600000001
 20
20.223988
 10
-51.71033600000001
 20
20.202906
 10
-51.723544
 20
20.18284
 10
-51.738784
 20
20.164044
 10
-51.75529400000001
 20
20.146518
 10
-51.773582
 20
20.13077
 10
-51.79314000000001
 20
20.1168
 10
-51.816
 20
20.10537
 10
-51.839876
 20
20.096226
 10
-51.86451400000001
 20
20.089368
 10
-51.88966
 20
20.084542
 10
-51.91506
 20
20.082256
 10
-51.94046
 20
20.082256
 10
-51.96586
 20
20.084542
 10
-51.99100600000001
 20
20.089368
 10
-52.015644
 20
20.096226
 10
-52.03952000000001
 20
20.10537
 10
-52.06238
 20
20.1168
 10
-52.08219200000001
 20
20.130262
 10
-52.100734
 20
20.145502
 10
-52.117752
 20
20.16252
 10
-52.132992
 20
20.181316
 10
-52.14645400000001
 20
20.201128
 10
-52.157884
 20
20.222464
 10
-52.16728200000001
 20
20.244562
 10
-52.174394
 20
20.267422
 10
-52.17922
 20
20.291044
 10
-52.18176
 20
20.31492
 10
-52.182014
 20
20.33905
 10
-52.182268
 20
20.360894
 10
-52.179982
 20
20.382484
 10
-52.175664
 20
20.40382
 10
-52.16906
 20
20.424394
 10
-52.16017
 20
20.44446
 10
-52.149502
 20
20.463256
 10
-52.136802
 20
20.480782
 10
-52.12232400000001
 20
20.497038
 10
-52.106068
 20
20.51177
 10
-52.08854200000001
 20
20.52447
 10
-52.069746
 20
20.535392
 10
-52.04993400000001
 20
20.544282
 10
-52.029106
 20
20.55114
 10
-52.00777000000001
 20
20.555458
 10
-51.98618
 20
20.557744
 10
-51.869594
 20
20.557744
 10
-51.848258
 20
20.555712
 10
-51.827176
 20
20.55114
 10
-51.80660200000001
 20
20.544536
 10
-51.787044
 20
20.5359
 10
-51.76824800000001
 20
20.525232
 10
-51.750722
 20
20.512786
 10
-51.73472
 20
20.498562
 10
-51.720242
 20
20.48256
 10
-51.70754200000001
 20
20.465288
 10
-51.69662
 20
20.446746
 10
-51.687476
 20
20.427188
 10
-51.680618
 20
20.406868
 10
-51.676046
 20
20.385786
  0
LWPOLYLINE
  5
30F4
330
2F74
100
AcDbEntity
  8
PIN_BOTTOM
100
AcDbPolyline
 90
       64
 70
     1
 43
0.0
 10
-50.63159800000001
 20
13.32865
 10
-50.632868
 20
13.35278
 10
-50.63159800000001
 20
13.376656
 10
-50.62855
 20
13.400532
 10
-50.623216
 20
13.424154
 10
-50.615596
 20
13.447014
 10
-50.60619800000001
 20
13.469112
 10
-50.594768
 20
13.490194
 10
-50.58156
 20
13.51026
 10
-50.56632
 20
13.529056
 10
-50.54981000000001
 20
13.546582
 10
-50.531522
 20
13.56233
 10
-50.51196400000001
 20
13.5763
 10
-50.489104
 20
13.58773
 10
-50.465228
 20
13.596874
 10
-50.44059
 20
13.603732
 10
-50.41544400000001
 20
13.608558
 10
-50.390044
 20
13.610844
 10
-50.364644
 20
13.610844
 10
-50.339244
 20
13.608558
 10
-50.314098
 20
13.603732
 10
-50.28946000000001
 20
13.596874
 10
-50.265584
 20
13.58773
 10
-50.242724
 20
13.5763
 10
-50.22291200000001
 20
13.562838
 10
-50.20437000000001
 20
13.547598
 10
-50.187352
 20
13.53058
 10
-50.17211200000001
 20
13.511784
 10
-50.15865000000001
 20
13.491972
 10
-50.14722
 20
13.470636
 10
-50.13782200000001
 20
13.448538
 10
-50.13071
 20
13.425678
 10
-50.12588400000001
 20
13.402056
 10
-50.123344
 20
13.37818
 10
-50.12309000000001
 20
13.35405
 10
-50.122836
 20
13.332206
 10
-50.125122
 20
13.310616
 10
-50.12944
 20
13.28928
 10
-50.13604400000001
 20
13.268706
 10
-50.144934
 20
13.24864
 10
-50.155602
 20
13.229844
 10
-50.16830200000001
 20
13.212318
 10
-50.18278000000001
 20
13.196062
 10
-50.19903600000001
 20
13.18133
 10
-50.216562
 20
13.16863
 10
-50.23535800000001
 20
13.157708
 10
-50.25517
 20
13.148818
 10
-50.275998
 20
13.14196
 10
-50.29733400000001
 20
13.137642
 10
-50.318924
 20
13.135356
 10
-50.43551
 20
13.135356
 10
-50.45684600000001
 20
13.137388
 10
-50.477928
 20
13.14196
 10
-50.498502
 20
13.148564
 10
-50.51806
 20
13.1572
 10
-50.53685600000001
 20
13.167868
 10
-50.55438200000001
 20
13.180314
 10
-50.570384
 20
13.194538
 10
-50.584862
 20
13.21054
 10
-50.597562
 20
13.227812
 10
-50.60848400000001
 20
13.246354
 10
-50.617628
 20
13.265912
 10
-50.624486
 20
13.286232
 10
-50.629058
 20
13.307314
  0
LWPOLYLINE
  5
30F5
330
2F74
100
AcDbEntity
  8
PIN_BOTTOM
100
AcDbPolyline
 90
       64
 70
     1
 43
0.0
 10
-50.124106
 20
14.29385
 10
-50.122836
 20
14.26972
 10
-50.124106
 20
14.245844
 10
-50.12715400000001
 20
14.221968
 10
-50.132488
 20
14.19834599999999
 10
-50.14010800000001
 20
14.175486
 10
-50.149506
 20
14.153388
 10
-50.16093600000001
 20
14.132306
 10
-50.174144
 20
14.11224
 10
-50.189384
 20
14.093444
 10
-50.205894
 20
14.075918
 10
-50.224182
 20
14.06017
 10
-50.24374
 20
14.0462
 10
-50.2666
 20
14.03477
 10
-50.29047600000001
 20
14.025626
 10
-50.31511400000001
 20
14.018768
 10
-50.34026
 20
14.013942
 10
-50.36566
 20
14.011656
 10
-50.39106
 20
14.011656
 10
-50.41646
 20
14.013942
 10
-50.44160600000001
 20
14.018768
 10
-50.466244
 20
14.025626
 10
-50.49012000000001
 20
14.03477
 10
-50.51298
 20
14.0462
 10
-50.532792
 20
14.059662
 10
-50.551334
 20
14.07490199999999
 10
-50.568352
 20
14.09192
 10
-50.583592
 20
14.110716
 10
-50.59705400000001
 20
14.130528
 10
-50.60848400000001
 20
14.151864
 10
-50.617882
 20
14.173962
 10
-50.624994
 20
14.196822
 10
-50.62982
 20
14.220444
 10
-50.63236
 20
14.24432
 10
-50.632614
 20
14.26845
 10
-50.632868
 20
14.290294
 10
-50.630582
 20
14.311884
 10
-50.626264
 20
14.33322
 10
-50.61966
 20
14.353794
 10
-50.61077
 20
14.37386
 10
-50.600102
 20
14.392656
 10
-50.587402
 20
14.410182
 10
-50.57292400000001
 20
14.426438
 10
-50.556668
 20
14.44117
 10
-50.53914200000001
 20
14.45387
 10
-50.520346
 20
14.464792
 10
-50.500534
 20
14.473682
 10
-50.47970600000001
 20
14.48054
 10
-50.45837
 20
14.484858
 10
-50.43678
 20
14.487144
 10
-50.320194
 20
14.487144
 10
-50.298858
 20
14.485112
 10
-50.277776
 20
14.48054
 10
-50.25720200000001
 20
14.473936
 10
-50.23764400000001
 20
14.4653
 10
-50.218848
 20
14.454632
 10
-50.201322
 20
14.442186
 10
-50.18532
 20
14.427962
 10
-50.17084200000001
 20
14.41196
 10
-50.15814200000001
 20
14.394688
 10
-50.14722
 20
14.376146
 10
-50.138076
 20
14.356588
 10
-50.131218
 20
14.336268
 10
-50.126646
 20
14.31518599999999
  0
LWPOLYLINE
  5
30F6
330
2F74
100
AcDbEntity
  8
PIN_BOTTOM
100
AcDbPolyline
 90
       64
 70
     1
 43
0.0
 10
-49.132998
 20
20.97405
 10
-49.134268
 20
20.99818
 10
-49.132998
 20
21.022056
 10
-49.12995000000001
 20
21.045932
 10
-49.124616
 20
21.069554
 10
-49.11699600000001
 20
21.092414
 10
-49.10759800000001
 20
21.114512
 10
-49.09616800000001
 20
21.135594
 10
-49.08296
 20
21.15566
 10
-49.06772000000001
 20
21.174456
 10
-49.05121000000001
 20
21.191982
 10
-49.032922
 20
21.20773
 10
-49.013364
 20
21.2217
 10
-48.990504
 20
21.23313
 10
-48.96662800000001
 20
21.242274
 10
-48.94199
 20
21.249132
 10
-48.916844
 20
21.253958
 10
-48.89144400000001
 20
21.256244
 10
-48.866044
 20
21.256244
 10
-48.840644
 20
21.253958
 10
-48.81549800000001
 20
21.249132
 10
-48.79086
 20
21.242274
 10
-48.76698400000001
 20
21.23313
 10
-48.744124
 20
21.2217
 10
-48.72431200000001
 20
21.208238
 10
-48.70577
 20
21.192998
 10
-48.68875200000001
 20
21.17598
 10
-48.673512
 20
21.157184
 10
-48.66005000000001
 20
21.137372
 10
-48.64862000000001
 20
21.116036
 10
-48.63922200000001
 20
21.093938
 10
-48.63211
 20
21.071078
 10
-48.627284
 20
21.047456
 10
-48.624744
 20
21.02358
 10
-48.62449
 20
20.99945
 10
-48.624236
 20
20.977606
 10
-48.626522
 20
20.956016
 10
-48.63084
 20
20.93468
 10
-48.637444
 20
20.914106
 10
-48.646334
 20
20.89404
 10
-48.657002
 20
20.875244
 10
-48.669702
 20
20.857718
 10
-48.68418000000001
 20
20.841462
 10
-48.700436
 20
20.82673
 10
-48.71796200000001
 20
20.81403
 10
-48.736758
 20
20.803108
 10
-48.75657
 20
20.794218
 10
-48.777398
 20
20.78736
 10
-48.79873400000001
 20
20.783042
 10
-48.820324
 20
20.780756
 10
-48.93691
 20
20.780756
 10
-48.958246
 20
20.782788
 10
-48.979328
 20
20.78736
 10
-48.99990200000001
 20
20.793964
 10
-49.01946
 20
20.8026
 10
-49.03825600000001
 20
20.813268
 10
-49.055782
 20
20.825714
 10
-49.07178400000001
 20
20.839938
 10
-49.086262
 20
20.85594
 10
-49.09896200000001
 20
20.873212
 10
-49.109884
 20
20.891754
 10
-49.119028
 20
20.911312
 10
-49.125886
 20
20.931632
 10
-49.130458
 20
20.952714
  0
LWPOLYLINE
  5
30F7
330
2F74
100
AcDbEntity
  8
PIN_BOTTOM
100
AcDbPolyline
 90
       64
 70
     1
 43
0.0
 10
-48.625506
 20
21.93925
 10
-48.624236
 20
21.91512
 10
-48.625506
 20
21.891244
 10
-48.628554
 20
21.867368
 10
-48.633888
 20
21.843746
 10
-48.641508
 20
21.820886
 10
-48.65090600000001
 20
21.798788
 10
-48.66233600000001
 20
21.777706
 10
-48.675544
 20
21.75764
 10
-48.69078400000001
 20
21.738844
 10
-48.707294
 20
21.721318
 10
-48.725582
 20
21.70557
 10
-48.74514000000001
 20
21.6916
 10
-48.76800000000001
 20
21.68017
 10
-48.791876
 20
21.671026
 10
-48.816514
 20
21.664168
 10
-48.84166
 20
21.659342
 10
-48.86706
 20
21.657056
 10
-48.89246
 20
21.657056
 10
-48.91786
 20
21.659342
 10
-48.94300600000001
 20
21.664168
 10
-48.96764400000001
 20
21.671026
 10
-48.99152
 20
21.68017
 10
-49.01438
 20
21.6916
 10
-49.034192
 20
21.705062
 10
-49.052734
 20
21.720302
 10
-49.06975200000001
 20
21.73732
 10
-49.08499200000001
 20
21.756116
 10
-49.098454
 20
21.775928
 10
-49.109884
 20
21.797264
 10
-49.11928200000001
 20
21.819362
 10
-49.126394
 20
21.842222
 10
-49.13122000000001
 20
21.865844
 10
-49.13376
 20
21.88972
 10
-49.13401400000001
 20
21.91385
 10
-49.134268
 20
21.935694
 10
-49.131982
 20
21.957284
 10
-49.127664
 20
21.97862
 10
-49.12106000000001
 20
21.999194
 10
-49.11217
 20
22.01926
 10
-49.101502
 20
22.038056
 10
-49.088802
 20
22.055582
 10
-49.07432400000001
 20
22.071838
 10
-49.058068
 20
22.08657
 10
-49.040542
 20
22.09927
 10
-49.02174600000001
 20
22.110192
 10
-49.001934
 20
22.119082
 10
-48.981106
 20
22.12594
 10
-48.95977000000001
 20
22.130258
 10
-48.93818
 20
22.132544
 10
-48.821594
 20
22.132544
 10
-48.80025800000001
 20
22.130512
 10
-48.779176
 20
22.12594
 10
-48.758602
 20
22.119336
 10
-48.739044
 20
22.1107
 10
-48.72024800000001
 20
22.100032
 10
-48.702722
 20
22.087586
 10
-48.68672
 20
22.073362
 10
-48.672242
 20
22.05736
 10
-48.659542
 20
22.040088
 10
-48.64862000000001
 20
22.021546
 10
-48.639476
 20
22.001988
 10
-48.632618
 20
21.981668
 10
-48.628046
 20
21.960586
  0
LWPOLYLINE
  5
30F8
330
2F74
100
AcDbEntity
  8
PIN_BOTTOM
100
AcDbPolyline
 90
       64
 70
     1
 43
0.0
 10
-51.876706
 20
10.99185
 10
-51.87543600000001
 20
10.96772
 10
-51.876706
 20
10.943844
 10
-51.879754
 20
10.919968
 10
-51.88508800000001
 20
10.896346
 10
-51.892708
 20
10.873486
 10
-51.902106
 20
10.851388
 10
-51.91353600000001
 20
10.830306
 10
-51.92674400000001
 20
10.81024
 10
-51.94198400000001
 20
10.791444
 10
-51.958494
 20
10.773918
 10
-51.97678200000001
 20
10.75817
 10
-51.99634
 20
10.7442
 10
-52.01920000000001
 20
10.73277
 10
-52.043076
 20
10.723626
 10
-52.067714
 20
10.716768
 10
-52.09286
 20
10.711942
 10
-52.11826000000001
 20
10.709656
 10
-52.14366
 20
10.709656
 10
-52.16906
 20
10.711942
 10
-52.194206
 20
10.716768
 10
-52.218844
 20
10.723626
 10
-52.24272
 20
10.73277
 10
-52.26558
 20
10.7442
 10
-52.285392
 20
10.757662
 10
-52.303934
 20
10.772902
 10
-52.320952
 20
10.78992
 10
-52.336192
 20
10.808716
 10
-52.349654
 20
10.828528
 10
-52.361084
 20
10.849864
 10
-52.370482
 20
10.871962
 10
-52.377594
 20
10.894822
 10
-52.38242
 20
10.918444
 10
-52.38496000000001
 20
10.94232
 10
-52.385214
 20
10.96645
 10
-52.385468
 20
10.988294
 10
-52.38318200000001
 20
11.009884
 10
-52.378864
 20
11.03122
 10
-52.37226
 20
11.051794
 10
-52.36337
 20
11.07186
 10
-52.35270200000001
 20
11.090656
 10
-52.340002
 20
11.108182
 10
-52.325524
 20
11.124438
 10
-52.309268
 20
11.13917
 10
-52.291742
 20
11.15187
 10
-52.272946
 20
11.162792
 10
-52.253134
 20
11.171682
 10
-52.232306
 20
11.17854
 10
-52.21097
 20
11.18285799999999
 10
-52.18938000000001
 20
11.185144
 10
-52.072794
 20
11.185144
 10
-52.051458
 20
11.183112
 10
-52.030376
 20
11.17854
 10
-52.009802
 20
11.171936
 10
-51.990244
 20
11.1633
 10
-51.971448
 20
11.152632
 10
-51.953922
 20
11.140186
 10
-51.93792000000001
 20
11.125962
 10
-51.923442
 20
11.10996
 10
-51.910742
 20
11.092688
 10
-51.89982
 20
11.074146
 10
-51.89067600000001
 20
11.054588
 10
-51.88381800000001
 20
11.034268
 10
-51.879246
 20
11.01318599999999
  0
LWPOLYLINE
  5
30F9
330
2F74
100
AcDbEntity
  8
PIN_BOTTOM
100
AcDbPolyline
 90
       64
 70
     1
 43
0.0
 10
-52.384198
 20
10.02665
 10
-52.385468
 20
10.05078
 10
-52.384198
 20
10.074656
 10
-52.38115
 20
10.098532
 10
-52.37581600000001
 20
10.122154
 10
-52.368196
 20
10.145014
 10
-52.35879800000001
 20
10.167112
 10
-52.347368
 20
10.188194
 10
-52.33416
 20
10.20826
 10
-52.31892000000001
 20
10.227056
 10
-52.30241
 20
10.244582
 10
-52.28412200000001
 20
10.26033
 10
-52.264564
 20
10.2743
 10
-52.24170400000001
 20
10.28573
 10
-52.217828
 20
10.294874
 10
-52.19319
 20
10.301732
 10
-52.168044
 20
10.306558
 10
-52.14264400000001
 20
10.308844
 10
-52.11724400000001
 20
10.308844
 10
-52.091844
 20
10.306558
 10
-52.066698
 20
10.301732
 10
-52.04206
 20
10.294874
 10
-52.018184
 20
10.28573
 10
-51.995324
 20
10.2743
 10
-51.975512
 20
10.260838
 10
-51.95697
 20
10.245598
 10
-51.939952
 20
10.22858
 10
-51.924712
 20
10.209784
 10
-51.91125
 20
10.189972
 10
-51.89982
 20
10.168636
 10
-51.890422
 20
10.146538
 10
-51.88331
 20
10.123678
 10
-51.878484
 20
10.100056
 10
-51.875944
 20
10.07618
 10
-51.87569
 20
10.05205
 10
-51.87543600000001
 20
10.030206
 10
-51.87772200000001
 20
10.008616
 10
-51.88204
 20
9.98728
 10
-51.888644
 20
9.966706
 10
-51.897534
 20
9.946639999999998
 10
-51.908202
 20
9.927844
 10
-51.920902
 20
9.910317999999998
 10
-51.93538
 20
9.894061999999999
 10
-51.951636
 20
9.879329999999999
 10
-51.969162
 20
9.86663
 10
-51.987958
 20
9.855707999999999
 10
-52.00777000000001
 20
9.846817999999998
 10
-52.028598
 20
9.839959999999999
 10
-52.04993400000001
 20
9.835641999999999
 10
-52.071524
 20
9.833356
 10
-52.18811
 20
9.833356
 10
-52.20944600000001
 20
9.835388
 10
-52.23052800000001
 20
9.839959999999999
 10
-52.251102
 20
9.846563999999998
 10
-52.27066
 20
9.855199999999999
 10
-52.289456
 20
9.865867999999998
 10
-52.306982
 20
9.878313999999999
 10
-52.32298400000001
 20
9.892538
 10
-52.337462
 20
9.908539999999998
 10
-52.350162
 20
9.925811999999998
 10
-52.361084
 20
9.944353999999998
 10
-52.370228
 20
9.963911999999998
 10
-52.37708600000001
 20
9.984232
 10
-52.381658
 20
10.005314
  0
LWPOLYLINE
  5
30FA
330
2F74
100
AcDbEntity
  8
PIN_BOTTOM
100
AcDbPolyline
 90
       64
 70
     1
 43
0.0
 10
-50.174398
 20
20.97405
 10
-50.175668
 20
20.99818
 10
-50.174398
 20
21.022056
 10
-50.17135
 20
21.045932
 10
-50.16601600000001
 20
21.069554
 10
-50.158396
 20
21.092414
 10
-50.14899800000001
 20
21.114512
 10
-50.137568
 20
21.135594
 10
-50.12436000000001
 20
21.15566
 10
-50.10912000000001
 20
21.174456
 10
-50.09261000000001
 20
21.191982
 10
-50.074322
 20
21.20773
 10
-50.054764
 20
21.2217
 10
-50.03190400000001
 20
21.23313
 10
-50.008028
 20
21.242274
 10
-49.98339000000001
 20
21.249132
 10
-49.958244
 20
21.253958
 10
-49.932844
 20
21.256244
 10
-49.907444
 20
21.256244
 10
-49.882044
 20
21.253958
 10
-49.856898
 20
21.249132
 10
-49.83226000000001
 20
21.242274
 10
-49.808384
 20
21.23313
 10
-49.785524
 20
21.2217
 10
-49.76571200000001
 20
21.208238
 10
-49.74717
 20
21.192998
 10
-49.730152
 20
21.17598
 10
-49.714912
 20
21.157184
 10
-49.70145000000001
 20
21.137372
 10
-49.69002
 20
21.116036
 10
-49.68062200000001
 20
21.093938
 10
-49.67351
 20
21.071078
 10
-49.668684
 20
21.047456
 10
-49.666144
 20
21.02358
 10
-49.66589
 20
20.99945
 10
-49.665636
 20
20.977606
 10
-49.667922
 20
20.956016
 10
-49.67224
 20
20.93468
 10
-49.678844
 20
20.914106
 10
-49.687734
 20
20.89404
 10
-49.698402
 20
20.875244
 10
-49.711102
 20
20.857718
 10
-49.72558000000001
 20
20.841462
 10
-49.741836
 20
20.82673
 10
-49.759362
 20
20.81403
 10
-49.77815800000001
 20
20.803108
 10
-49.79797000000001
 20
20.794218
 10
-49.818798
 20
20.78736
 10
-49.84013400000001
 20
20.783042
 10
-49.861724
 20
20.780756
 10
-49.97831000000001
 20
20.780756
 10
-49.99964600000001
 20
20.782788
 10
-50.020728
 20
20.78736
 10
-50.041302
 20
20.793964
 10
-50.06086
 20
20.8026
 10
-50.07965600000001
 20
20.813268
 10
-50.097182
 20
20.825714
 10
-50.113184
 20
20.839938
 10
-50.127662
 20
20.85594
 10
-50.140362
 20
20.873212
 10
-50.151284
 20
20.891754
 10
-50.16042800000001
 20
20.911312
 10
-50.167286
 20
20.931632
 10
-50.171858
 20
20.952714
  0
LWPOLYLINE
  5
30FB
330
2F74
100
AcDbEntity
  8
PIN_BOTTOM
100
AcDbPolyline
 90
       64
 70
     1
 43
0.0
 10
-49.666906
 20
21.93925
 10
-49.665636
 20
21.91512
 10
-49.666906
 20
21.891244
 10
-49.669954
 20
21.867368
 10
-49.675288
 20
21.843746
 10
-49.68290800000001
 20
21.820886
 10
-49.692306
 20
21.798788
 10
-49.70373600000001
 20
21.777706
 10
-49.716944
 20
21.75764
 10
-49.732184
 20
21.738844
 10
-49.748694
 20
21.721318
 10
-49.76698200000001
 20
21.70557
 10
-49.78654
 20
21.6916
 10
-49.8094
 20
21.68017
 10
-49.833276
 20
21.671026
 10
-49.857914
 20
21.664168
 10
-49.88306000000001
 20
21.659342
 10
-49.90846000000001
 20
21.657056
 10
-49.93386
 20
21.657056
 10
-49.95926
 20
21.659342
 10
-49.98440600000001
 20
21.664168
 10
-50.009044
 20
21.671026
 10
-50.03292
 20
21.68017
 10
-50.05578
 20
21.6916
 10
-50.07559200000001
 20
21.705062
 10
-50.094134
 20
21.720302
 10
-50.111152
 20
21.73732
 10
-50.126392
 20
21.756116
 10
-50.13985400000001
 20
21.775928
 10
-50.151284
 20
21.797264
 10
-50.16068200000001
 20
21.819362
 10
-50.167794
 20
21.842222
 10
-50.17262
 20
21.865844
 10
-50.17516
 20
21.88972
 10
-50.175414
 20
21.91385
 10
-50.175668
 20
21.935694
 10
-50.17338200000001
 20
21.957284
 10
-50.169064
 20
21.97862
 10
-50.16246
 20
21.999194
 10
-50.15357
 20
22.01926
 10
-50.14290200000001
 20
22.038056
 10
-50.130202
 20
22.055582
 10
-50.11572400000001
 20
22.071838
 10
-50.099468
 20
22.08657
 10
-50.08194200000001
 20
22.09927
 10
-50.063146
 20
22.110192
 10
-50.043334
 20
22.119082
 10
-50.022506
 20
22.12594
 10
-50.00117
 20
22.130258
 10
-49.97958
 20
22.132544
 10
-49.862994
 20
22.132544
 10
-49.841658
 20
22.130512
 10
-49.820576
 20
22.12594
 10
-49.800002
 20
22.119336
 10
-49.780444
 20
22.1107
 10
-49.76164800000001
 20
22.100032
 10
-49.744122
 20
22.087586
 10
-49.72812000000001
 20
22.073362
 10
-49.713642
 20
22.05736
 10
-49.70094200000001
 20
22.040088
 10
-49.69002
 20
22.021546
 10
-49.680876
 20
22.001988
 10
-49.67401800000001
 20
21.981668
 10
-49.66944600000001
 20
21.960586
  0
LWPOLYLINE
  5
30FC
330
2F74
100
AcDbEntity
  8
PIN_BOTTOM
100
AcDbPolyline
 90
       64
 70
     1
 43
0.0
 10
-1.813052000000006
 20
6.953503999999998
 10
-1.837182000000005
 20
6.952233999999998
 10
-1.861058000000006
 20
6.953503999999998
 10
-1.884934000000001
 20
6.956552
 10
-1.908556000000011
 20
6.961885999999999
 10
-1.931416000000005
 20
6.969505999999999
 10
-1.953514000000005
 20
6.978903999999999
 10
-1.974595999999998
 20
6.990333999999998
 10
-1.994662000000005
 20
7.003541999999999
 10
-2.013458000000007
 20
7.018781999999999
 10
-2.030983999999996
 20
7.035292
 10
-2.046732000000005
 20
7.05358
 10
-2.060702000000006
 20
7.073138
 10
-2.07213200000001
 20
7.095997999999999
 10
-2.081276000000002
 20
7.119874000000001
 10
-2.088133999999996
 20
7.144511999999998
 10
-2.092959999999997
 20
7.169658
 10
-2.095245999999995
 20
7.195057999999999
 10
-2.095245999999995
 20
7.220458
 10
-2.092959999999997
 20
7.245858
 10
-2.088133999999996
 20
7.271003999999999
 10
-2.081276000000002
 20
7.295641999999999
 10
-2.07213200000001
 20
7.319517999999998
 10
-2.060702000000006
 20
7.342378
 10
-2.047240000000002
 20
7.36219
 10
-2.032000000000003
 20
7.380732
 10
-2.01498200000001
 20
7.39775
 10
-1.996186000000001
 20
7.412989999999998
 10
-1.976373999999999
 20
7.426451999999999
 10
-1.955038000000001
 20
7.437882
 10
-1.932940000000002
 20
7.447279999999999
 10
-1.910080000000007
 20
7.454392
 10
-1.886458000000011
 20
7.459217999999999
 10
-1.86258200000001
 20
7.461757999999999
 10
-1.838452000000003
 20
7.462011999999999
 10
-1.816608000000009
 20
7.462265999999999
 10
-1.795018000000005
 20
7.459979999999999
 10
-1.773682000000007
 20
7.455661999999998
 10
-1.753108000000011
 20
7.449057999999999
 10
-1.733042000000004
 20
7.440167999999999
 10
-1.714245999999995
 20
7.429499999999999
 10
-1.696720000000006
 20
7.4168
 10
-1.680464
 20
7.402321999999999
 10
-1.665732000000012
 20
7.386065999999999
 10
-1.65303200000001
 20
7.368539999999999
 10
-1.642110000000002
 20
7.349743999999999
 10
-1.633220000000008
 20
7.329932000000001
 10
-1.626362
 20
7.309103999999999
 10
-1.622044000000009
 20
7.287767999999999
 10
-1.619758000000011
 20
7.266178
 10
-1.619758000000011
 20
7.149592
 10
-1.621790000000004
 20
7.128256
 10
-1.626362
 20
7.107174
 10
-1.632966000000003
 20
7.086599999999998
 10
-1.641602000000006
 20
7.067041999999998
 10
-1.652270000000008
 20
7.048246
 10
-1.664716000000005
 20
7.030719999999998
 10
-1.678940000000004
 20
7.014717999999998
 10
-1.694942000000004
 20
7.000239999999999
 10
-1.712214000000003
 20
6.987539999999999
 10
-1.730756000000006
 20
6.976617999999998
 10
-1.750314000000003
 20
6.967474000000001
 10
-1.770634000000001
 20
6.960615999999999
 10
-1.791716000000008
 20
6.956044
  0
LWPOLYLINE
  5
30FD
330
2F74
100
AcDbEntity
  8
PIN_BOTTOM
100
AcDbPolyline
 90
       64
 70
     1
 43
0.0
 10
-2.778252000000001
 20
7.460995999999999
 10
-2.754122000000002
 20
7.462265999999999
 10
-2.730246000000008
 20
7.460995999999999
 10
-2.706370000000006
 20
7.457948
 10
-2.682748000000003
 20
7.452614
 10
-2.659888000000002
 20
7.444993999999999
 10
-2.637790000000002
 20
7.435596
 10
-2.616708000000002
 20
7.424165999999999
 10
-2.596642000000009
 20
7.410957999999999
 10
-2.577846000000008
 20
7.395717999999998
 10
-2.560320000000004
 20
7.379208
 10
-2.544572000000002
 20
7.36092
 10
-2.530602000000001
 20
7.341362
 10
-2.519172000000004
 20
7.318502
 10
-2.510028000000005
 20
7.294625999999999
 10
-2.503170000000004
 20
7.269987999999999
 10
-2.498344000000003
 20
7.244842
 10
-2.496058000000004
 20
7.219441999999999
 10
-2.496058000000004
 20
7.194041999999999
 10
-2.498344000000003
 20
7.168642
 10
-2.503170000000004
 20
7.143496
 10
-2.510028000000005
 20
7.118857999999999
 10
-2.519172000000004
 20
7.094981999999999
 10
-2.530602000000001
 20
7.072122
 10
-2.544064000000005
 20
7.05231
 10
-2.559304000000004
 20
7.033767999999998
 10
-2.576322000000004
 20
7.01675
 10
-2.595117999999999
 20
7.001509999999999
 10
-2.614930000000008
 20
6.988047999999999
 10
-2.636266000000006
 20
6.976617999999998
 10
-2.658364000000005
 20
6.967219999999999
 10
-2.681224
 20
6.960107999999999
 10
-2.704846000000003
 20
6.955282
 10
-2.728722000000004
 20
6.952741999999998
 10
-2.752852000000004
 20
6.952488
 10
-2.774696000000005
 20
6.952233999999998
 10
-2.796286000000009
 20
6.954519999999998
 10
-2.817622000000007
 20
6.958838
 10
-2.838196000000003
 20
6.965441999999999
 10
-2.858262000000003
 20
6.974332
 10
-2.877058000000005
 20
6.984999999999999
 10
-2.894584000000001
 20
6.9977
 10
-2.910840000000007
 20
7.012178
 10
-2.925572000000002
 20
7.028433999999998
 10
-2.938272000000004
 20
7.04596
 10
-2.949194000000005
 20
7.064755999999999
 10
-2.958084000000006
 20
7.084567999999999
 10
-2.964942000000007
 20
7.105396
 10
-2.969260000000005
 20
7.126732
 10
-2.971546000000003
 20
7.148322
 10
-2.971546000000003
 20
7.264908
 10
-2.969514000000003
 20
7.286243999999999
 10
-2.964942000000007
 20
7.307325999999999
 10
-2.958338000000004
 20
7.327899999999999
 10
-2.949702000000002
 20
7.347457999999999
 10
-2.939034000000006
 20
7.366253999999999
 10
-2.926588000000002
 20
7.383779999999999
 10
-2.912364000000003
 20
7.399782
 10
-2.896362000000003
 20
7.41426
 10
-2.879090000000005
 20
7.426960000000001
 10
-2.860548000000008
 20
7.437882
 10
-2.840990000000005
 20
7.447025999999999
 10
-2.820670000000006
 20
7.453883999999998
 10
-2.799587999999999
 20
7.458455999999999
  0
LWPOLYLINE
  5
30FE
330
2F74
100
AcDbEntity
  8
PIN_BOTTOM
100
AcDbPolyline
 90
       64
 70
     1
 43
0.0
 10
-7.832852000000002
 20
9.035796000000001
 10
-7.808722000000003
 20
9.037065999999999
 10
-7.784846000000001
 20
9.035796000000001
 10
-7.76097
 20
9.032747999999999
 10
-7.737348000000004
 20
9.027414
 10
-7.714488000000002
 20
9.019793999999999
 10
-7.692390000000003
 20
9.010396
 10
-7.671308000000003
 20
8.998965999999999
 10
-7.651242000000003
 20
8.985758
 10
-7.632446000000001
 20
8.970517999999998
 10
-7.614920000000005
 20
8.954007999999999
 10
-7.599172000000002
 20
8.935719999999999
 10
-7.585202000000002
 20
8.916161999999999
 10
-7.573772000000005
 20
8.893302
 10
-7.564628000000006
 20
8.869425999999998
 10
-7.557770000000004
 20
8.844787999999999
 10
-7.552944000000003
 20
8.819641999999999
 10
-7.550658000000005
 20
8.794241999999998
 10
-7.550658000000005
 20
8.768841999999999
 10
-7.552944000000003
 20
8.743441999999999
 10
-7.557770000000004
 20
8.718296
 10
-7.564628000000006
 20
8.693657999999999
 10
-7.573772000000005
 20
8.669781999999999
 10
-7.585202000000002
 20
8.646921999999999
 10
-7.598664000000006
 20
8.62711
 10
-7.613904000000005
 20
8.608567999999998
 10
-7.630922000000005
 20
8.591549999999999
 10
-7.649718
 20
8.576310000000001
 10
-7.669530000000008
 20
8.562847999999998
 10
-7.690866000000006
 20
8.551417999999998
 10
-7.712964000000006
 20
8.542019999999999
 10
-7.735824
 20
8.534907999999999
 10
-7.759446000000004
 20
8.530082
 10
-7.783322000000005
 20
8.527542
 10
-7.807452000000004
 20
8.527288
 10
-7.829296000000006
 20
8.527033999999998
 10
-7.850886000000009
 20
8.52932
 10
-7.872222000000007
 20
8.533637999999999
 10
-7.892796000000004
 20
8.540241999999999
 10
-7.912862000000004
 20
8.549132
 10
-7.931658000000005
 20
8.559799999999999
 10
-7.949184000000002
 20
8.572499999999999
 10
-7.965440000000008
 20
8.586978
 10
-7.980172000000003
 20
8.603233999999998
 10
-7.992872000000005
 20
8.62076
 10
-8.003794000000006
 20
8.639555999999998
 10
-8.012684000000007
 20
8.659367999999998
 10
-8.019542000000008
 20
8.680196
 10
-8.023860000000006
 20
8.701532
 10
-8.026146000000004
 20
8.723122
 10
-8.026146000000004
 20
8.839707999999999
 10
-8.024114000000004
 20
8.861043999999999
 10
-8.019542000000008
 20
8.882125999999999
 10
-8.012938000000005
 20
8.902699999999999
 10
-8.004302000000002
 20
8.922257999999999
 10
-7.993634000000007
 20
8.941053999999999
 10
-7.981188000000003
 20
8.958579999999999
 10
-7.966964000000004
 20
8.974581999999999
 10
-7.950962000000004
 20
8.98906
 10
-7.933690000000005
 20
9.00176
 10
-7.915148000000009
 20
9.012681999999999
 10
-7.895590000000005
 20
9.021825999999999
 10
-7.87527
 20
9.028684
 10
-7.854188
 20
9.033255999999999
  0
LWPOLYLINE
  5
30FF
330
2F74
100
AcDbEntity
  8
PIN_BOTTOM
100
AcDbPolyline
 90
       64
 70
     1
 43
0.0
 10
-6.867652000000006
 20
8.528303999999998
 10
-6.891782000000006
 20
8.527033999999998
 10
-6.915658000000007
 20
8.528303999999998
 10
-6.939534000000001
 20
8.531352
 10
-6.963156000000005
 20
8.536685999999999
 10
-6.986016000000006
 20
8.544305999999998
 10
-7.008114000000006
 20
8.553703999999999
 10
-7.029196000000005
 20
8.565133999999998
 10
-7.049261999999998
 20
8.578341999999999
 10
-7.068058000000007
 20
8.593581999999999
 10
-7.085584000000004
 20
8.610091999999999
 10
-7.101332000000006
 20
8.628379999999999
 10
-7.115302000000006
 20
8.647937999999999
 10
-7.126732000000004
 20
8.670797999999999
 10
-7.135876000000003
 20
8.694674
 10
-7.142734000000004
 20
8.719311999999998
 10
-7.147560000000005
 20
8.744457999999999
 10
-7.149846000000003
 20
8.769857999999999
 10
-7.149846000000003
 20
8.795258
 10
-7.147560000000005
 20
8.820657999999999
 10
-7.142734000000004
 20
8.845803999999999
 10
-7.135876000000003
 20
8.870441999999998
 10
-7.126732000000004
 20
8.894317999999998
 10
-7.115302000000006
 20
8.917177999999999
 10
-7.101840000000002
 20
8.936989999999999
 10
-7.086600000000004
 20
8.955531999999999
 10
-7.069582000000004
 20
8.97255
 10
-7.050786000000009
 20
8.987789999999998
 10
-7.030974
 20
9.001252
 10
-7.009638000000002
 20
9.012681999999999
 10
-6.987540000000002
 20
9.02208
 10
-6.964680000000008
 20
9.029192
 10
-6.941058000000005
 20
9.034017999999999
 10
-6.917182000000003
 20
9.036557999999999
 10
-6.893052000000004
 20
9.036811999999999
 10
-6.871208000000002
 20
9.037065999999999
 10
-6.849617999999999
 20
9.034779999999999
 10
-6.828282000000001
 20
9.030461999999999
 10
-6.807708000000005
 20
9.023858
 10
-6.787642000000005
 20
9.014967999999999
 10
-6.768846000000003
 20
9.0043
 10
-6.751320000000006
 20
8.9916
 10
-6.735064000000001
 20
8.977121999999999
 10
-6.720332000000006
 20
8.960865999999999
 10
-6.707632000000003
 20
8.943339999999999
 10
-6.696710000000003
 20
8.924543999999999
 10
-6.687820000000002
 20
8.904732
 10
-6.680962
 20
8.883903999999999
 10
-6.676644000000003
 20
8.862567999999999
 10
-6.674358000000005
 20
8.840977999999999
 10
-6.674358000000005
 20
8.724391999999999
 10
-6.676390000000004
 20
8.703056
 10
-6.680962
 20
8.681974
 10
-6.687566000000003
 20
8.6614
 10
-6.696202000000006
 20
8.641842
 10
-6.706870000000002
 20
8.623046
 10
-6.719316000000006
 20
8.60552
 10
-6.733540000000004
 20
8.589517999999998
 10
-6.749542000000005
 20
8.575039999999999
 10
-6.766814000000003
 20
8.562339999999998
 10
-6.785356
 20
8.551417999999998
 10
-6.804914000000003
 20
8.542274
 10
-6.825234000000001
 20
8.535415999999999
 10
-6.846316000000008
 20
8.530844
  0
LWPOLYLINE
  5
3100
330
2F74
100
AcDbEntity
  8
PIN_BOTTOM
100
AcDbPolyline
 90
       64
 70
     1
 43
0.0
 10
-43.316906
 20
23.76805
 10
-43.315636
 20
23.74392
 10
-43.316906
 20
23.720044
 10
-43.319954
 20
23.696168
 10
-43.325288
 20
23.672546
 10
-43.332908
 20
23.649686
 10
-43.342306
 20
23.627588
 10
-43.353736
 20
23.606506
 10
-43.366944
 20
23.58644
 10
-43.38218400000001
 20
23.567644
 10
-43.398694
 20
23.550118
 10
-43.416982
 20
23.53437
 10
-43.43654
 20
23.5204
 10
-43.4594
 20
23.50897
 10
-43.483276
 20
23.499826
 10
-43.50791400000001
 20
23.492968
 10
-43.53306
 20
23.488142
 10
-43.55846
 20
23.485856
 10
-43.58386
 20
23.485856
 10
-43.60926
 20
23.488142
 10
-43.634406
 20
23.492968
 10
-43.659044
 20
23.499826
 10
-43.68292
 20
23.50897
 10
-43.70578
 20
23.5204
 10
-43.725592
 20
23.533862
 10
-43.744134
 20
23.549102
 10
-43.761152
 20
23.56612
 10
-43.77639199999999
 20
23.584916
 10
-43.789854
 20
23.604728
 10
-43.801284
 20
23.626064
 10
-43.810682
 20
23.648162
 10
-43.817794
 20
23.671022
 10
-43.82261999999999
 20
23.694644
 10
-43.82516
 20
23.71852
 10
-43.825414
 20
23.74265
 10
-43.82566800000001
 20
23.764494
 10
-43.823382
 20
23.786084
 10
-43.819064
 20
23.80742
 10
-43.81245999999999
 20
23.827994
 10
-43.80357
 20
23.84806
 10
-43.792902
 20
23.866856
 10
-43.780202
 20
23.884382
 10
-43.765724
 20
23.900638
 10
-43.749468
 20
23.91537
 10
-43.731942
 20
23.92807
 10
-43.713146
 20
23.938992
 10
-43.69333400000001
 20
23.947882
 10
-43.67250600000001
 20
23.95474
 10
-43.65117
 20
23.959058
 10
-43.62958
 20
23.961344
 10
-43.51299400000001
 20
23.961344
 10
-43.491658
 20
23.959312
 10
-43.47057600000001
 20
23.95474
 10
-43.450002
 20
23.948136
 10
-43.43044400000001
 20
23.9395
 10
-43.411648
 20
23.928832
 10
-43.394122
 20
23.916386
 10
-43.37812
 20
23.902162
 10
-43.36364200000001
 20
23.88616
 10
-43.350942
 20
23.868888
 10
-43.34002
 20
23.850346
 10
-43.330876
 20
23.830788
 10
-43.324018
 20
23.810468
 10
-43.319446
 20
23.789386
  0
LWPOLYLINE
  5
3101
330
2F74
100
AcDbEntity
  8
PIN_BOTTOM
100
AcDbPolyline
 90
       64
 70
     1
 43
0.0
 10
-43.824398
 20
22.80285
 10
-43.82566800000001
 20
22.82698
 10
-43.824398
 20
22.850856
 10
-43.82135
 20
22.874732
 10
-43.816016
 20
22.898354
 10
-43.808396
 20
22.921214
 10
-43.798998
 20
22.943312
 10
-43.787568
 20
22.964394
 10
-43.77436
 20
22.98446
 10
-43.75912
 20
23.003256
 10
-43.74261
 20
23.020782
 10
-43.724322
 20
23.03653
 10
-43.704764
 20
23.0505
 10
-43.681904
 20
23.06193
 10
-43.65802799999999
 20
23.071074
 10
-43.63339
 20
23.077932
 10
-43.60824400000001
 20
23.082758
 10
-43.58284400000001
 20
23.085044
 10
-43.557444
 20
23.085044
 10
-43.532044
 20
23.082758
 10
-43.506898
 20
23.077932
 10
-43.48226
 20
23.071074
 10
-43.458384
 20
23.06193
 10
-43.435524
 20
23.0505
 10
-43.415712
 20
23.037038
 10
-43.39717
 20
23.021798
 10
-43.380152
 20
23.00478
 10
-43.364912
 20
22.985984
 10
-43.35144999999999
 20
22.966172
 10
-43.34002
 20
22.944836
 10
-43.330622
 20
22.922738
 10
-43.32351
 20
22.899878
 10
-43.318684
 20
22.876256
 10
-43.31614400000001
 20
22.85238
 10
-43.31589
 20
22.82825
 10
-43.315636
 20
22.806406
 10
-43.317922
 20
22.784816
 10
-43.32224
 20
22.76348
 10
-43.328844
 20
22.742906
 10
-43.337734
 20
22.72284
 10
-43.34840200000001
 20
22.704044
 10
-43.361102
 20
22.686518
 10
-43.37558
 20
22.670262
 10
-43.39183600000001
 20
22.65553
 10
-43.409362
 20
22.64283
 10
-43.428158
 20
22.631908
 10
-43.44797
 20
22.623018
 10
-43.468798
 20
22.61616
 10
-43.490134
 20
22.611842
 10
-43.511724
 20
22.609556
 10
-43.62831
 20
22.609556
 10
-43.649646
 20
22.611588
 10
-43.670728
 20
22.61616
 10
-43.691302
 20
22.622764
 10
-43.71086
 20
22.6314
 10
-43.729656
 20
22.642068
 10
-43.747182
 20
22.654514
 10
-43.763184
 20
22.668738
 10
-43.777662
 20
22.68474
 10
-43.790362
 20
22.702012
 10
-43.801284
 20
22.720554
 10
-43.810428
 20
22.740112
 10
-43.817286
 20
22.760432
 10
-43.82185800000001
 20
22.781514
  0
LWPOLYLINE
  5
3102
330
2F74
100
AcDbEntity
  8
PIN_BOTTOM
100
AcDbPolyline
 90
       64
 70
     1
 43
0.0
 10
-47.990252
 20
23.361396
 10
-47.96612200000001
 20
23.362666
 10
-47.942246
 20
23.361396
 10
-47.91837
 20
23.358348
 10
-47.894748
 20
23.353014
 10
-47.871888
 20
23.345394
 10
-47.84979
 20
23.335996
 10
-47.828708
 20
23.324566
 10
-47.808642
 20
23.311358
 10
-47.789846
 20
23.296118
 10
-47.77232
 20
23.279608
 10
-47.756572
 20
23.26132
 10
-47.742602
 20
23.241762
 10
-47.731172
 20
23.218902
 10
-47.722028
 20
23.195026
 10
-47.71517
 20
23.170388
 10
-47.710344
 20
23.145242
 10
-47.708058
 20
23.119842
 10
-47.708058
 20
23.094442
 10
-47.710344
 20
23.069042
 10
-47.71517
 20
23.043896
 10
-47.722028
 20
23.019258
 10
-47.731172
 20
22.995382
 10
-47.742602
 20
22.972522
 10
-47.756064
 20
22.95271
 10
-47.771304
 20
22.934168
 10
-47.788322
 20
22.91715
 10
-47.807118
 20
22.90191
 10
-47.82693
 20
22.888448
 10
-47.848266
 20
22.877018
 10
-47.870364
 20
22.86762
 10
-47.893224
 20
22.860508
 10
-47.916846
 20
22.855682
 10
-47.94072200000001
 20
22.853142
 10
-47.96485200000001
 20
22.852888
 10
-47.986696
 20
22.852634
 10
-48.008286
 20
22.85492
 10
-48.029622
 20
22.859238
 10
-48.05019600000001
 20
22.865842
 10
-48.07026200000001
 20
22.874732
 10
-48.089058
 20
22.8854
 10
-48.10658400000001
 20
22.8981
 10
-48.12284
 20
22.912578
 10
-48.13757200000001
 20
22.928834
 10
-48.150272
 20
22.94636
 10
-48.161194
 20
22.965156
 10
-48.170084
 20
22.984968
 10
-48.176942
 20
23.005796
 10
-48.18126
 20
23.027132
 10
-48.18354600000001
 20
23.048722
 10
-48.18354600000001
 20
23.165308
 10
-48.18151400000001
 20
23.186644
 10
-48.176942
 20
23.207726
 10
-48.170338
 20
23.2283
 10
-48.16170200000001
 20
23.247858
 10
-48.151034
 20
23.266654
 10
-48.13858800000001
 20
23.28418
 10
-48.12436400000001
 20
23.300182
 10
-48.108362
 20
23.31466
 10
-48.09109
 20
23.32736
 10
-48.072548
 20
23.338282
 10
-48.05299
 20
23.347426
 10
-48.03267
 20
23.354284
 10
-48.011588
 20
23.358856
  0
LWPOLYLINE
  5
3103
330
2F74
100
AcDbEntity
  8
PIN_BOTTOM
100
AcDbPolyline
 90
       64
 70
     1
 43
0.0
 10
-47.025052
 20
22.853904
 10
-47.049182
 20
22.852634
 10
-47.073058
 20
22.853904
 10
-47.096934
 20
22.856952
 10
-47.12055600000001
 20
22.862286
 10
-47.143416
 20
22.869906
 10
-47.165514
 20
22.879304
 10
-47.18659600000001
 20
22.890734
 10
-47.20666200000001
 20
22.903942
 10
-47.225458
 20
22.919182
 10
-47.24298400000001
 20
22.935692
 10
-47.258732
 20
22.95398
 10
-47.272702
 20
22.973538
 10
-47.28413200000001
 20
22.996398
 10
-47.293276
 20
23.020274
 10
-47.300134
 20
23.044912
 10
-47.30496000000001
 20
23.070058
 10
-47.30724600000001
 20
23.095458
 10
-47.30724600000001
 20
23.120858
 10
-47.30496000000001
 20
23.146258
 10
-47.300134
 20
23.171404
 10
-47.293276
 20
23.196042
 10
-47.28413200000001
 20
23.219918
 10
-47.272702
 20
23.242778
 10
-47.25924
 20
23.26259
 10
-47.24400000000001
 20
23.281132
 10
-47.226982
 20
23.29815
 10
-47.208186
 20
23.31339
 10
-47.188374
 20
23.326852
 10
-47.167038
 20
23.338282
 10
-47.14494000000001
 20
23.34768
 10
-47.12208
 20
23.354792
 10
-47.098458
 20
23.359618
 10
-47.074582
 20
23.362158
 10
-47.050452
 20
23.362412
 10
-47.028608
 20
23.362666
 10
-47.007018
 20
23.36038
 10
-46.985682
 20
23.356062
 10
-46.965108
 20
23.349458
 10
-46.94504199999999
 20
23.340568
 10
-46.92624600000001
 20
23.3299
 10
-46.90872
 20
23.3172
 10
-46.892464
 20
23.302722
 10
-46.877732
 20
23.286466
 10
-46.865032
 20
23.26894
 10
-46.85411000000001
 20
23.250144
 10
-46.84522
 20
23.230332
 10
-46.838362
 20
23.209504
 10
-46.834044
 20
23.188168
 10
-46.831758
 20
23.166578
 10
-46.831758
 20
23.049992
 10
-46.83379000000001
 20
23.028656
 10
-46.838362
 20
23.007574
 10
-46.84496600000001
 20
22.987
 10
-46.853602
 20
22.967442
 10
-46.86427000000001
 20
22.948646
 10
-46.876716
 20
22.93112
 10
-46.89094
 20
22.915118
 10
-46.906942
 20
22.90064
 10
-46.924214
 20
22.88794
 10
-46.942756
 20
22.877018
 10
-46.96231400000001
 20
22.867874
 10
-46.982634
 20
22.861016
 10
-47.003716
 20
22.856444
  0
LWPOLYLINE
  5
3104
330
2F74
100
AcDbEntity
  8
PIN_BOTTOM
100
AcDbPolyline
 90
       64
 70
     1
 43
0.0
 10
-34.90950600000001
 20
23.33625
 10
-34.90823600000001
 20
23.31212
 10
-34.90950600000001
 20
23.288244
 10
-34.912554
 20
23.264368
 10
-34.91788800000001
 20
23.240746
 10
-34.92550800000001
 20
23.217886
 10
-34.93490600000001
 20
23.195788
 10
-34.946336
 20
23.174706
 10
-34.95954400000001
 20
23.15464
 10
-34.97478400000001
 20
23.135844
 10
-34.99129400000001
 20
23.118318
 10
-35.009582
 20
23.10257
 10
-35.02914
 20
23.0886
 10
-35.05200000000001
 20
23.07717
 10
-35.07587600000001
 20
23.068026
 10
-35.100514
 20
23.061168
 10
-35.12566
 20
23.056342
 10
-35.15106
 20
23.054056
 10
-35.17646000000001
 20
23.054056
 10
-35.20186000000001
 20
23.056342
 10
-35.227006
 20
23.061168
 10
-35.25164400000001
 20
23.068026
 10
-35.27552
 20
23.07717
 10
-35.29838000000001
 20
23.0886
 10
-35.31819200000001
 20
23.102062
 10
-35.33673400000001
 20
23.117302
 10
-35.353752
 20
23.13432
 10
-35.36899200000001
 20
23.153116
 10
-35.382454
 20
23.172928
 10
-35.393884
 20
23.194264
 10
-35.40328200000001
 20
23.216362
 10
-35.41039400000001
 20
23.239222
 10
-35.41522
 20
23.262844
 10
-35.41776
 20
23.28672
 10
-35.418014
 20
23.31085
 10
-35.41826800000001
 20
23.332694
 10
-35.415982
 20
23.354284
 10
-35.411664
 20
23.37562
 10
-35.40506000000001
 20
23.396194
 10
-35.39617000000001
 20
23.41626
 10
-35.385502
 20
23.435056
 10
-35.37280200000001
 20
23.452582
 10
-35.358324
 20
23.468838
 10
-35.34206800000001
 20
23.48357
 10
-35.32454200000001
 20
23.49627
 10
-35.30574600000001
 20
23.507192
 10
-35.285934
 20
23.516082
 10
-35.265106
 20
23.52294
 10
-35.24377000000001
 20
23.527258
 10
-35.22218000000001
 20
23.529544
 10
-35.10559400000001
 20
23.529544
 10
-35.08425800000001
 20
23.527512
 10
-35.063176
 20
23.52294
 10
-35.042602
 20
23.516336
 10
-35.02304400000001
 20
23.5077
 10
-35.00424800000001
 20
23.497032
 10
-34.986722
 20
23.484586
 10
-34.97072
 20
23.470362
 10
-34.956242
 20
23.45436
 10
-34.94354200000001
 20
23.437088
 10
-34.93262
 20
23.418546
 10
-34.92347600000001
 20
23.398988
 10
-34.916618
 20
23.378668
 10
-34.912046
 20
23.357586
  0
LWPOLYLINE
  5
3105
330
2F74
100
AcDbEntity
  8
PIN_BOTTOM
100
AcDbPolyline
 90
       64
 70
     1
 43
0.0
 10
-35.41699800000001
 20
22.37105
 10
-35.41826800000001
 20
22.39518
 10
-35.41699800000001
 20
22.419056
 10
-35.41395000000001
 20
22.442932
 10
-35.40861600000001
 20
22.466554
 10
-35.40099600000001
 20
22.489414
 10
-35.391598
 20
22.511512
 10
-35.38016800000001
 20
22.532594
 10
-35.36696000000001
 20
22.55266
 10
-35.35172
 20
22.571456
 10
-35.33521
 20
22.588982
 10
-35.31692200000001
 20
22.60473
 10
-35.297364
 20
22.6187
 10
-35.27450400000001
 20
22.63013
 10
-35.25062800000001
 20
22.639274
 10
-35.22599000000001
 20
22.646132
 10
-35.200844
 20
22.650958
 10
-35.17544400000001
 20
22.653244
 10
-35.15004400000001
 20
22.653244
 10
-35.12464400000001
 20
22.650958
 10
-35.09949800000001
 20
22.646132
 10
-35.07486
 20
22.639274
 10
-35.05098400000001
 20
22.63013
 10
-35.02812400000001
 20
22.6187
 10
-35.008312
 20
22.605238
 10
-34.98977000000001
 20
22.589998
 10
-34.972752
 20
22.57298
 10
-34.95751200000001
 20
22.554184
 10
-34.94405
 20
22.534372
 10
-34.93262
 20
22.513036
 10
-34.92322200000001
 20
22.490938
 10
-34.91611000000001
 20
22.468078
 10
-34.91128400000001
 20
22.444456
 10
-34.90874400000001
 20
22.42058
 10
-34.90849
 20
22.39645
 10
-34.90823600000001
 20
22.374606
 10
-34.91052200000001
 20
22.353016
 10
-34.91484000000001
 20
22.33168
 10
-34.92144400000001
 20
22.311106
 10
-34.930334
 20
22.29104
 10
-34.941002
 20
22.272244
 10
-34.95370200000001
 20
22.254718
 10
-34.96818000000001
 20
22.238462
 10
-34.984436
 20
22.22373
 10
-35.00196200000001
 20
22.21103
 10
-35.020758
 20
22.200108
 10
-35.04057
 20
22.191218
 10
-35.06139800000001
 20
22.18436
 10
-35.082734
 20
22.180042
 10
-35.10432400000001
 20
22.177756
 10
-35.22091
 20
22.177756
 10
-35.24224600000001
 20
22.179788
 10
-35.263328
 20
22.18436
 10
-35.283902
 20
22.190964
 10
-35.30346
 20
22.1996
 10
-35.32225600000001
 20
22.210268
 10
-35.339782
 20
22.222714
 10
-35.355784
 20
22.236938
 10
-35.37026200000001
 20
22.25294
 10
-35.38296200000001
 20
22.270212
 10
-35.393884
 20
22.288754
 10
-35.40302800000001
 20
22.308312
 10
-35.409886
 20
22.328632
 10
-35.414458
 20
22.349714
  0
LWPOLYLINE
  5
3106
330
2F74
100
AcDbEntity
  8
PIN_BOTTOM
100
AcDbPolyline
 90
       64
 70
     1
 43
0.0
 10
-51.19065200000001
 20
23.641304
 10
-51.21478200000001
 20
23.640034
 10
-51.238658
 20
23.641304
 10
-51.262534
 20
23.644352
 10
-51.286156
 20
23.649686
 10
-51.30901600000001
 20
23.657306
 10
-51.331114
 20
23.666704
 10
-51.352196
 20
23.678134
 10
-51.372262
 20
23.691342
 10
-51.391058
 20
23.706582
 10
-51.408584
 20
23.723092
 10
-51.42433200000001
 20
23.74138
 10
-51.438302
 20
23.760938
 10
-51.449732
 20
23.783798
 10
-51.458876
 20
23.807674
 10
-51.46573400000001
 20
23.832312
 10
-51.47056
 20
23.857458
 10
-51.472846
 20
23.882858
 10
-51.472846
 20
23.908258
 10
-51.47056
 20
23.933658
 10
-51.46573400000001
 20
23.958804
 10
-51.458876
 20
23.983442
 10
-51.449732
 20
24.007318
 10
-51.438302
 20
24.03017800000001
 10
-51.42484
 20
24.04999
 10
-51.4096
 20
24.068532
 10
-51.392582
 20
24.08555
 10
-51.373786
 20
24.10079
 10
-51.35397400000001
 20
24.114252
 10
-51.332638
 20
24.125682
 10
-51.31054
 20
24.13508
 10
-51.28768
 20
24.142192
 10
-51.264058
 20
24.147018
 10
-51.240182
 20
24.149558
 10
-51.21605200000001
 20
24.149812
 10
-51.194208
 20
24.150066
 10
-51.17261800000001
 20
24.14778
 10
-51.151282
 20
24.143462
 10
-51.130708
 20
24.136858
 10
-51.11064200000001
 20
24.127968
 10
-51.091846
 20
24.1173
 10
-51.07432000000001
 20
24.1046
 10
-51.058064
 20
24.090122
 10
-51.04333200000001
 20
24.073866
 10
-51.03063200000001
 20
24.05634
 10
-51.01971
 20
24.037544
 10
-51.01082
 20
24.017732
 10
-51.003962
 20
23.996904
 10
-50.99964400000001
 20
23.975568
 10
-50.99735800000001
 20
23.953978
 10
-50.99735800000001
 20
23.837392
 10
-50.99939
 20
23.816056
 10
-51.003962
 20
23.794974
 10
-51.010566
 20
23.7744
 10
-51.01920200000001
 20
23.754842
 10
-51.02987
 20
23.736046
 10
-51.04231600000001
 20
23.71852
 10
-51.05654000000001
 20
23.702518
 10
-51.072542
 20
23.68804
 10
-51.08981400000001
 20
23.67534
 10
-51.10835600000001
 20
23.664418
 10
-51.127914
 20
23.655274
 10
-51.148234
 20
23.648416
 10
-51.169316
 20
23.643844
  0
LWPOLYLINE
  5
3107
330
2F74
100
AcDbEntity
  8
PIN_BOTTOM
100
AcDbPolyline
 90
       64
 70
     1
 43
0.0
 10
-52.155852
 20
24.148796
 10
-52.131722
 20
24.150066
 10
-52.107846
 20
24.148796
 10
-52.08397000000001
 20
24.145748
 10
-52.06034800000001
 20
24.140414
 10
-52.037488
 20
24.132794
 10
-52.01539
 20
24.12339600000001
 10
-51.994308
 20
24.111966
 10
-51.974242
 20
24.098758
 10
-51.955446
 20
24.083518
 10
-51.93792000000001
 20
24.067008
 10
-51.922172
 20
24.04872
 10
-51.908202
 20
24.029162
 10
-51.89677200000001
 20
24.006302
 10
-51.88762800000001
 20
23.982426
 10
-51.88077
 20
23.957788
 10
-51.875944
 20
23.932642
 10
-51.87365800000001
 20
23.907242
 10
-51.87365800000001
 20
23.881842
 10
-51.875944
 20
23.856442
 10
-51.88077
 20
23.831296
 10
-51.88762800000001
 20
23.806658
 10
-51.89677200000001
 20
23.782782
 10
-51.908202
 20
23.759922
 10
-51.92166400000001
 20
23.74011
 10
-51.93690400000001
 20
23.721568
 10
-51.953922
 20
23.70455
 10
-51.97271800000001
 20
23.68931
 10
-51.99253
 20
23.675848
 10
-52.01386600000001
 20
23.664418
 10
-52.03596400000001
 20
23.65502
 10
-52.058824
 20
23.647908
 10
-52.082446
 20
23.643082
 10
-52.106322
 20
23.640542
 10
-52.130452
 20
23.640288
 10
-52.152296
 20
23.640034
 10
-52.173886
 20
23.64232
 10
-52.195222
 20
23.646638
 10
-52.215796
 20
23.653242
 10
-52.235862
 20
23.662132
 10
-52.25465800000001
 20
23.6728
 10
-52.272184
 20
23.6855
 10
-52.28844
 20
23.699978
 10
-52.303172
 20
23.716234
 10
-52.315872
 20
23.73376
 10
-52.32679400000001
 20
23.752556
 10
-52.33568400000001
 20
23.772368
 10
-52.342542
 20
23.793196
 10
-52.34686
 20
23.814532
 10
-52.349146
 20
23.83612199999999
 10
-52.349146
 20
23.952708
 10
-52.34711400000001
 20
23.974044
 10
-52.342542
 20
23.995126
 10
-52.33593800000001
 20
24.0157
 10
-52.327302
 20
24.03525800000001
 10
-52.31663400000001
 20
24.054054
 10
-52.304188
 20
24.07158
 10
-52.289964
 20
24.087582
 10
-52.27396200000001
 20
24.10206
 10
-52.25669
 20
24.11476
 10
-52.238148
 20
24.125682
 10
-52.21859000000001
 20
24.134826
 10
-52.19827000000001
 20
24.141684
 10
-52.177188
 20
24.146256
  0
LWPOLYLINE
  5
3108
330
2F74
100
AcDbEntity
  8
PIN_BOTTOM
100
AcDbPolyline
 90
       64
 70
     1
 43
0.0
 10
-49.234598
 20
26.23185
 10
-49.235868
 20
26.25598
 10
-49.234598
 20
26.279856
 10
-49.23155000000001
 20
26.303732
 10
-49.22621600000001
 20
26.327354
 10
-49.21859600000001
 20
26.350214
 10
-49.209198
 20
26.372312
 10
-49.19776800000001
 20
26.393394
 10
-49.18456
 20
26.41346
 10
-49.16932
 20
26.432256
 10
-49.15281
 20
26.449782
 10
-49.134522
 20
26.46553
 10
-49.114964
 20
26.4795
 10
-49.092104
 20
26.49093
 10
-49.068228
 20
26.500074
 10
-49.04359
 20
26.506932
 10
-49.018444
 20
26.511758
 10
-48.99304400000001
 20
26.514044
 10
-48.96764400000001
 20
26.514044
 10
-48.942244
 20
26.511758
 10
-48.917098
 20
26.506932
 10
-48.89246
 20
26.500074
 10
-48.86858400000001
 20
26.49093
 10
-48.845724
 20
26.4795
 10
-48.825912
 20
26.466038
 10
-48.80737
 20
26.450798
 10
-48.790352
 20
26.43378
 10
-48.775112
 20
26.41498400000001
 10
-48.76165
 20
26.395172
 10
-48.75022000000001
 20
26.373836
 10
-48.740822
 20
26.351738
 10
-48.73371
 20
26.32887800000001
 10
-48.728884
 20
26.305256
 10
-48.726344
 20
26.28138
 10
-48.72609
 20
26.25725
 10
-48.725836
 20
26.235406
 10
-48.72812200000001
 20
26.213816
 10
-48.73244
 20
26.19248
 10
-48.739044
 20
26.171906
 10
-48.747934
 20
26.15184000000001
 10
-48.758602
 20
26.133044
 10
-48.771302
 20
26.115518
 10
-48.78578
 20
26.099262
 10
-48.802036
 20
26.08453
 10
-48.81956200000001
 20
26.07183
 10
-48.838358
 20
26.060908
 10
-48.85817
 20
26.052018
 10
-48.878998
 20
26.04516
 10
-48.900334
 20
26.040842
 10
-48.921924
 20
26.038556
 10
-49.03851
 20
26.038556
 10
-49.059846
 20
26.040588
 10
-49.08092800000001
 20
26.04516
 10
-49.101502
 20
26.051764
 10
-49.12106000000001
 20
26.0604
 10
-49.139856
 20
26.071068
 10
-49.157382
 20
26.083514
 10
-49.17338400000001
 20
26.097738
 10
-49.187862
 20
26.11374
 10
-49.20056200000001
 20
26.131012
 10
-49.211484
 20
26.149554
 10
-49.220628
 20
26.169112
 10
-49.22748600000001
 20
26.189432
 10
-49.232058
 20
26.210514
  0
LWPOLYLINE
  5
3109
330
2F74
100
AcDbEntity
  8
PIN_BOTTOM
100
AcDbPolyline
 90
       64
 70
     1
 43
0.0
 10
-48.72710600000001
 20
27.19705
 10
-48.725836
 20
27.17292
 10
-48.72710600000001
 20
27.149044
 10
-48.730154
 20
27.125168
 10
-48.735488
 20
27.101546
 10
-48.743108
 20
27.078686
 10
-48.75250600000001
 20
27.056588
 10
-48.763936
 20
27.035506
 10
-48.77714400000001
 20
27.01544
 10
-48.79238400000001
 20
26.996644
 10
-48.808894
 20
26.979118
 10
-48.82718200000001
 20
26.96337
 10
-48.84674
 20
26.9494
 10
-48.86960000000001
 20
26.93797
 10
-48.893476
 20
26.928826
 10
-48.918114
 20
26.921968
 10
-48.94326
 20
26.917142
 10
-48.96866000000001
 20
26.914856
 10
-48.99406
 20
26.914856
 10
-49.01946
 20
26.917142
 10
-49.044606
 20
26.921968
 10
-49.06924400000001
 20
26.928826
 10
-49.09312
 20
26.93797
 10
-49.11598000000001
 20
26.9494
 10
-49.135792
 20
26.962862
 10
-49.15433400000001
 20
26.97810200000001
 10
-49.171352
 20
26.99512
 10
-49.186592
 20
27.013916
 10
-49.200054
 20
27.033728
 10
-49.211484
 20
27.055064
 10
-49.22088200000001
 20
27.077162
 10
-49.227994
 20
27.100022
 10
-49.23282
 20
27.123644
 10
-49.23536000000001
 20
27.14752
 10
-49.235614
 20
27.17165
 10
-49.235868
 20
27.193494
 10
-49.233582
 20
27.215084
 10
-49.22926400000001
 20
27.23642
 10
-49.22266
 20
27.256994
 10
-49.21377
 20
27.27706
 10
-49.203102
 20
27.295856
 10
-49.19040200000001
 20
27.313382
 10
-49.175924
 20
27.329638
 10
-49.159668
 20
27.34437
 10
-49.142142
 20
27.35707
 10
-49.12334600000001
 20
27.367992
 10
-49.103534
 20
27.376882
 10
-49.082706
 20
27.38374
 10
-49.06137000000001
 20
27.388058
 10
-49.03978000000001
 20
27.390344
 10
-48.923194
 20
27.390344
 10
-48.90185800000001
 20
27.388312
 10
-48.880776
 20
27.38374
 10
-48.860202
 20
27.377136
 10
-48.840644
 20
27.3685
 10
-48.821848
 20
27.357832
 10
-48.80432200000001
 20
27.345386
 10
-48.78832
 20
27.331162
 10
-48.773842
 20
27.31516
 10
-48.761142
 20
27.297888
 10
-48.75022000000001
 20
27.279346
 10
-48.74107600000001
 20
27.259788
 10
-48.734218
 20
27.239468
 10
-48.729646
 20
27.218386
  0
LWPOLYLINE
  5
310A
330
2F74
100
AcDbEntity
  8
PIN_BOTTOM
100
AcDbPolyline
 90
       64
 70
     1
 43
0.0
 10
-30.133798
 20
11.29665
 10
-30.135068
 20
11.32078
 10
-30.133798
 20
11.344656
 10
-30.13075000000001
 20
11.368532
 10
-30.125416
 20
11.392154
 10
-30.11779600000001
 20
11.415014
 10
-30.10839800000001
 20
11.437112
 10
-30.096968
 20
11.458194
 10
-30.08376
 20
11.47826
 10
-30.06852
 20
11.497056
 10
-30.05201
 20
11.514582
 10
-30.03372200000001
 20
11.53033
 10
-30.014164
 20
11.5443
 10
-29.991304
 20
11.55573
 10
-29.96742800000001
 20
11.564874
 10
-29.94279
 20
11.571732
 10
-29.91764400000001
 20
11.576558
 10
-29.89224400000001
 20
11.578844
 10
-29.86684400000001
 20
11.578844
 10
-29.84144400000001
 20
11.576558
 10
-29.816298
 20
11.571732
 10
-29.79166000000001
 20
11.564874
 10
-29.767784
 20
11.55573
 10
-29.74492400000001
 20
11.5443
 10
-29.72511200000001
 20
11.530838
 10
-29.70657
 20
11.515598
 10
-29.68955200000001
 20
11.49858
 10
-29.674312
 20
11.479784
 10
-29.66085000000001
 20
11.459972
 10
-29.64942
 20
11.438636
 10
-29.64002200000001
 20
11.416538
 10
-29.63291
 20
11.393678
 10
-29.62808400000001
 20
11.370056
 10
-29.62554400000001
 20
11.34618
 10
-29.62529
 20
11.32205
 10
-29.62503600000001
 20
11.300206
 10
-29.62732200000001
 20
11.278616
 10
-29.63164000000001
 20
11.25728
 10
-29.63824400000001
 20
11.236706
 10
-29.64713400000001
 20
11.21664
 10
-29.65780200000001
 20
11.197844
 10
-29.67050200000001
 20
11.180318
 10
-29.68498
 20
11.164062
 10
-29.70123600000001
 20
11.14933
 10
-29.718762
 20
11.13663
 10
-29.73755800000001
 20
11.125708
 10
-29.75737
 20
11.116818
 10
-29.77819800000001
 20
11.10996
 10
-29.79953400000001
 20
11.105642
 10
-29.821124
 20
11.103356
 10
-29.93771
 20
11.103356
 10
-29.95904600000001
 20
11.105388
 10
-29.98012800000001
 20
11.10996
 10
-30.00070200000001
 20
11.116564
 10
-30.02026000000001
 20
11.1252
 10
-30.03905600000001
 20
11.135868
 10
-30.056582
 20
11.148314
 10
-30.07258400000001
 20
11.162538
 10
-30.08706200000001
 20
11.17854
 10
-30.099762
 20
11.195812
 10
-30.11068400000001
 20
11.214354
 10
-30.11982800000001
 20
11.233912
 10
-30.126686
 20
11.254232
 10
-30.131258
 20
11.275314
  0
LWPOLYLINE
  5
310B
330
2F74
100
AcDbEntity
  8
PIN_BOTTOM
100
AcDbPolyline
 90
       64
 70
     1
 43
0.0
 10
-29.62630600000001
 20
12.26185
 10
-29.62503600000001
 20
12.23772
 10
-29.62630600000001
 20
12.213844
 10
-29.629354
 20
12.189968
 10
-29.63468800000001
 20
12.166346
 10
-29.64230800000001
 20
12.143486
 10
-29.651706
 20
12.121388
 10
-29.66313600000001
 20
12.100306
 10
-29.67634400000001
 20
12.08024
 10
-29.69158400000001
 20
12.061444
 10
-29.70809400000001
 20
12.043918
 10
-29.726382
 20
12.02817
 10
-29.74594000000001
 20
12.0142
 10
-29.76880000000001
 20
12.00277
 10
-29.792676
 20
11.993626
 10
-29.81731400000001
 20
11.986768
 10
-29.84246
 20
11.981942
 10
-29.86786
 20
11.979656
 10
-29.89326
 20
11.979656
 10
-29.91866
 20
11.981942
 10
-29.94380600000001
 20
11.986768
 10
-29.968444
 20
11.993626
 10
-29.99232000000001
 20
12.00277
 10
-30.01518000000001
 20
12.0142
 10
-30.034992
 20
12.027662
 10
-30.05353400000001
 20
12.042902
 10
-30.070552
 20
12.05992
 10
-30.08579200000001
 20
12.078716
 10
-30.099254
 20
12.098528
 10
-30.11068400000001
 20
12.119864
 10
-30.120082
 20
12.141962
 10
-30.12719400000001
 20
12.164822
 10
-30.13202000000001
 20
12.188444
 10
-30.13456000000001
 20
12.21232
 10
-30.134814
 20
12.23645
 10
-30.135068
 20
12.258294
 10
-30.132782
 20
12.279884
 10
-30.12846400000001
 20
12.30122
 10
-30.12186
 20
12.321794
 10
-30.11297000000001
 20
12.34186
 10
-30.102302
 20
12.360656
 10
-30.08960200000001
 20
12.378182
 10
-30.07512400000001
 20
12.394438
 10
-30.05886800000001
 20
12.40917
 10
-30.04134200000001
 20
12.42187
 10
-30.022546
 20
12.432792
 10
-30.00273400000001
 20
12.441682
 10
-29.98190600000001
 20
12.44854
 10
-29.96057
 20
12.452858
 10
-29.93898000000001
 20
12.455144
 10
-29.82239400000001
 20
12.455144
 10
-29.801058
 20
12.453112
 10
-29.77997600000001
 20
12.44854
 10
-29.75940200000001
 20
12.441936
 10
-29.73984400000001
 20
12.4333
 10
-29.721048
 20
12.422632
 10
-29.70352200000001
 20
12.410186
 10
-29.68752
 20
12.395962
 10
-29.673042
 20
12.37996
 10
-29.66034200000001
 20
12.362688
 10
-29.64942
 20
12.344146
 10
-29.64027600000001
 20
12.324588
 10
-29.63341800000001
 20
12.304268
 10
-29.62884600000001
 20
12.283186
  0
LWPOLYLINE
  5
310C
330
2F74
100
AcDbEntity
  8
PIN_BOTTOM
100
AcDbPolyline
 90
       64
 70
     1
 43
0.0
 10
-25.13025200000001
 20
14.294104
 10
-25.154382
 20
14.292834
 10
-25.17825800000001
 20
14.294104
 10
-25.20213400000001
 20
14.29715199999999
 10
-25.22575600000001
 20
14.302486
 10
-25.24861600000001
 20
14.310106
 10
-25.270714
 20
14.319504
 10
-25.29179600000001
 20
14.330934
 10
-25.311862
 20
14.344142
 10
-25.33065800000001
 20
14.359382
 10
-25.34818400000001
 20
14.375892
 10
-25.363932
 20
14.39418
 10
-25.37790200000001
 20
14.413738
 10
-25.38933200000001
 20
14.436598
 10
-25.398476
 20
14.460474
 10
-25.40533400000001
 20
14.485112
 10
-25.41016000000001
 20
14.510258
 10
-25.41244600000001
 20
14.53565799999999
 10
-25.41244600000001
 20
14.561058
 10
-25.41016000000001
 20
14.586458
 10
-25.40533400000001
 20
14.611604
 10
-25.398476
 20
14.636242
 10
-25.38933200000001
 20
14.660118
 10
-25.37790200000001
 20
14.682978
 10
-25.36444000000001
 20
14.70279
 10
-25.3492
 20
14.721332
 10
-25.332182
 20
14.73835
 10
-25.31338600000001
 20
14.75359
 10
-25.293574
 20
14.767052
 10
-25.272238
 20
14.778482
 10
-25.25014
 20
14.78787999999999
 10
-25.22728000000001
 20
14.794992
 10
-25.203658
 20
14.799818
 10
-25.179782
 20
14.802358
 10
-25.15565200000001
 20
14.802612
 10
-25.13380800000001
 20
14.802866
 10
-25.112218
 20
14.80058
 10
-25.09088200000001
 20
14.796262
 10
-25.07030800000001
 20
14.789658
 10
-25.05024200000001
 20
14.780768
 10
-25.03144600000001
 20
14.7701
 10
-25.01392
 20
14.7574
 10
-24.997664
 20
14.742922
 10
-24.982932
 20
14.726666
 10
-24.970232
 20
14.70914
 10
-24.95931000000001
 20
14.690344
 10
-24.95042000000001
 20
14.670532
 10
-24.943562
 20
14.649704
 10
-24.939244
 20
14.628368
 10
-24.93695800000001
 20
14.606778
 10
-24.93695800000001
 20
14.490192
 10
-24.93899000000001
 20
14.468856
 10
-24.943562
 20
14.447774
 10
-24.95016600000001
 20
14.4272
 10
-24.95880200000001
 20
14.407642
 10
-24.96947
 20
14.38884599999999
 10
-24.98191600000001
 20
14.37132
 10
-24.99614000000001
 20
14.355318
 10
-25.01214200000001
 20
14.34084
 10
-25.029414
 20
14.32814
 10
-25.047956
 20
14.317218
 10
-25.06751400000001
 20
14.308074
 10
-25.087834
 20
14.301216
 10
-25.10891600000001
 20
14.296644
  0
LWPOLYLINE
  5
310D
330
2F74
100
AcDbEntity
  8
PIN_BOTTOM
100
AcDbPolyline
 90
       64
 70
     1
 43
0.0
 10
-26.09545200000001
 20
14.801596
 10
-26.07132200000001
 20
14.802866
 10
-26.047446
 20
14.801596
 10
-26.02357
 20
14.798548
 10
-25.99994800000001
 20
14.793214
 10
-25.977088
 20
14.785594
 10
-25.95499000000001
 20
14.776196
 10
-25.93390800000001
 20
14.764766
 10
-25.91384200000001
 20
14.751558
 10
-25.89504600000001
 20
14.736318
 10
-25.87752
 20
14.719808
 10
-25.86177200000001
 20
14.70152
 10
-25.84780200000001
 20
14.681962
 10
-25.836372
 20
14.65910199999999
 10
-25.82722800000001
 20
14.635226
 10
-25.82037000000001
 20
14.610588
 10
-25.815544
 20
14.585442
 10
-25.81325800000001
 20
14.560042
 10
-25.81325800000001
 20
14.534642
 10
-25.815544
 20
14.509242
 10
-25.82037000000001
 20
14.48409599999999
 10
-25.82722800000001
 20
14.459458
 10
-25.836372
 20
14.435582
 10
-25.84780200000001
 20
14.412722
 10
-25.86126400000001
 20
14.39291
 10
-25.87650400000001
 20
14.374368
 10
-25.893522
 20
14.35735
 10
-25.912318
 20
14.34211
 10
-25.93213000000001
 20
14.328648
 10
-25.95346600000001
 20
14.317218
 10
-25.97556400000001
 20
14.30782
 10
-25.998424
 20
14.300708
 10
-26.022046
 20
14.295882
 10
-26.04592200000001
 20
14.293342
 10
-26.07005200000001
 20
14.293088
 10
-26.091896
 20
14.292834
 10
-26.11348600000001
 20
14.29512
 10
-26.13482200000001
 20
14.299438
 10
-26.155396
 20
14.306042
 10
-26.175462
 20
14.314932
 10
-26.19425800000001
 20
14.3256
 10
-26.21178400000001
 20
14.3383
 10
-26.22804
 20
14.352778
 10
-26.24277200000001
 20
14.369034
 10
-26.25547200000001
 20
14.38656
 10
-26.266394
 20
14.405356
 10
-26.27528400000001
 20
14.425168
 10
-26.28214200000001
 20
14.445996
 10
-26.28646000000001
 20
14.467332
 10
-26.288746
 20
14.488922
 10
-26.288746
 20
14.605508
 10
-26.286714
 20
14.626844
 10
-26.28214200000001
 20
14.647926
 10
-26.27553800000001
 20
14.6685
 10
-26.266902
 20
14.688058
 10
-26.25623400000001
 20
14.706854
 10
-26.24378800000001
 20
14.72438
 10
-26.229564
 20
14.740382
 10
-26.21356200000001
 20
14.75486
 10
-26.19629000000001
 20
14.76756
 10
-26.17774800000001
 20
14.778482
 10
-26.15819000000001
 20
14.787626
 10
-26.13787
 20
14.794484
 10
-26.116788
 20
14.799056
  0
LWPOLYLINE
  5
310E
330
2F74
100
AcDbEntity
  8
PIN_BOTTOM
100
AcDbPolyline
 90
       64
 70
     1
 43
0.0
 10
-29.16885200000001
 20
17.900396
 10
-29.144722
 20
17.901666
 10
-29.120846
 20
17.900396
 10
-29.09697
 20
17.897348
 10
-29.073348
 20
17.892014
 10
-29.050488
 20
17.884394
 10
-29.02839000000001
 20
17.874996
 10
-29.00730800000001
 20
17.863566
 10
-28.98724200000001
 20
17.850358
 10
-28.96844600000001
 20
17.835118
 10
-28.95092
 20
17.818608
 10
-28.93517200000001
 20
17.80032
 10
-28.92120200000001
 20
17.780762
 10
-28.90977200000001
 20
17.757902
 10
-28.90062800000001
 20
17.734026
 10
-28.89377000000001
 20
17.709388
 10
-28.88894400000001
 20
17.684242
 10
-28.886658
 20
17.658842
 10
-28.886658
 20
17.633442
 10
-28.88894400000001
 20
17.608042
 10
-28.89377000000001
 20
17.582896
 10
-28.90062800000001
 20
17.558258
 10
-28.90977200000001
 20
17.534382
 10
-28.92120200000001
 20
17.511522
 10
-28.93466400000001
 20
17.49171
 10
-28.94990400000001
 20
17.473168
 10
-28.966922
 20
17.45615
 10
-28.98571800000001
 20
17.44091
 10
-29.00553
 20
17.427448
 10
-29.02686600000001
 20
17.41601799999999
 10
-29.04896400000001
 20
17.40662
 10
-29.071824
 20
17.399508
 10
-29.09544600000001
 20
17.394682
 10
-29.11932200000001
 20
17.392142
 10
-29.14345200000001
 20
17.391888
 10
-29.165296
 20
17.391634
 10
-29.18688600000001
 20
17.39392
 10
-29.20822200000001
 20
17.398238
 10
-29.22879600000001
 20
17.404842
 10
-29.24886200000001
 20
17.413732
 10
-29.267658
 20
17.4244
 10
-29.28518400000001
 20
17.4371
 10
-29.30144000000001
 20
17.451578
 10
-29.31617200000001
 20
17.467834
 10
-29.32887200000001
 20
17.48536
 10
-29.33979400000001
 20
17.504156
 10
-29.34868400000001
 20
17.523968
 10
-29.355542
 20
17.54479599999999
 10
-29.35986000000001
 20
17.566132
 10
-29.36214600000001
 20
17.587722
 10
-29.36214600000001
 20
17.70430799999999
 10
-29.360114
 20
17.725644
 10
-29.355542
 20
17.746726
 10
-29.34893800000001
 20
17.7673
 10
-29.340302
 20
17.786858
 10
-29.32963400000001
 20
17.805654
 10
-29.317188
 20
17.82318
 10
-29.30296400000001
 20
17.839182
 10
-29.28696200000001
 20
17.85366
 10
-29.26969000000001
 20
17.86636
 10
-29.25114800000001
 20
17.877282
 10
-29.23159
 20
17.886426
 10
-29.21127
 20
17.893284
 10
-29.190188
 20
17.897856
  0
LWPOLYLINE
  5
310F
330
2F74
100
AcDbEntity
  8
PIN_BOTTOM
100
AcDbPolyline
 90
       64
 70
     1
 43
0.0
 10
-28.20365200000001
 20
17.392904
 10
-28.22778200000001
 20
17.391634
 10
-28.251658
 20
17.392904
 10
-28.27553400000001
 20
17.395952
 10
-28.29915600000001
 20
17.401286
 10
-28.32201600000001
 20
17.408906
 10
-28.344114
 20
17.418304
 10
-28.36519600000001
 20
17.429734
 10
-28.385262
 20
17.442942
 10
-28.404058
 20
17.458182
 10
-28.421584
 20
17.474692
 10
-28.43733200000001
 20
17.49298
 10
-28.45130200000001
 20
17.512538
 10
-28.462732
 20
17.535398
 10
-28.471876
 20
17.559274
 10
-28.47873400000001
 20
17.583912
 10
-28.48356000000001
 20
17.60905799999999
 10
-28.485846
 20
17.634458
 10
-28.485846
 20
17.659858
 10
-28.48356000000001
 20
17.685258
 10
-28.47873400000001
 20
17.710404
 10
-28.471876
 20
17.735042
 10
-28.462732
 20
17.758918
 10
-28.45130200000001
 20
17.781778
 10
-28.43784000000001
 20
17.80159
 10
-28.42260000000001
 20
17.820132
 10
-28.405582
 20
17.83715
 10
-28.38678600000001
 20
17.85239
 10
-28.366974
 20
17.865852
 10
-28.34563800000001
 20
17.877282
 10
-28.32354
 20
17.88668
 10
-28.30068000000001
 20
17.893792
 10
-28.277058
 20
17.898618
 10
-28.253182
 20
17.901158
 10
-28.22905200000001
 20
17.901412
 10
-28.20720800000001
 20
17.901666
 10
-28.185618
 20
17.89938
 10
-28.16428200000001
 20
17.895062
 10
-28.14370800000001
 20
17.888458
 10
-28.12364200000001
 20
17.879568
 10
-28.104846
 20
17.8689
 10
-28.08732000000001
 20
17.8562
 10
-28.071064
 20
17.841722
 10
-28.05633200000001
 20
17.825466
 10
-28.043632
 20
17.80794
 10
-28.03271
 20
17.789144
 10
-28.02382000000001
 20
17.769332
 10
-28.016962
 20
17.748504
 10
-28.012644
 20
17.727168
 10
-28.01035800000001
 20
17.705578
 10
-28.01035800000001
 20
17.588992
 10
-28.01239000000001
 20
17.567656
 10
-28.016962
 20
17.546574
 10
-28.02356600000001
 20
17.526
 10
-28.03220200000001
 20
17.506442
 10
-28.04287
 20
17.487646
 10
-28.05531600000001
 20
17.47012
 10
-28.06954000000001
 20
17.454118
 10
-28.08554200000001
 20
17.43964
 10
-28.10281400000001
 20
17.42694
 10
-28.121356
 20
17.41601799999999
 10
-28.140914
 20
17.406874
 10
-28.161234
 20
17.400016
 10
-28.18231600000001
 20
17.395444
  0
LWPOLYLINE
  5
3110
330
2F74
100
AcDbEntity
  8
PIN_BOTTOM
100
AcDbPolyline
 90
       64
 70
     1
 43
0.0
 10
-25.81605200000001
 20
18.256504
 10
-25.840182
 20
18.25523399999999
 10
-25.864058
 20
18.256504
 10
-25.88793400000001
 20
18.259552
 10
-25.911556
 20
18.264886
 10
-25.93441600000001
 20
18.272506
 10
-25.95651400000001
 20
18.281904
 10
-25.97759600000001
 20
18.293334
 10
-25.997662
 20
18.306542
 10
-26.016458
 20
18.321782
 10
-26.03398400000001
 20
18.338292
 10
-26.049732
 20
18.35658
 10
-26.06370200000001
 20
18.376138
 10
-26.075132
 20
18.398998
 10
-26.08427600000001
 20
18.422874
 10
-26.091134
 20
18.447512
 10
-26.09596000000001
 20
18.472658
 10
-26.098246
 20
18.498058
 10
-26.098246
 20
18.523458
 10
-26.09596000000001
 20
18.548858
 10
-26.091134
 20
18.574004
 10
-26.08427600000001
 20
18.598642
 10
-26.075132
 20
18.622518
 10
-26.06370200000001
 20
18.645378
 10
-26.05024000000001
 20
18.66519
 10
-26.035
 20
18.683732
 10
-26.01798200000001
 20
18.70075
 10
-25.999186
 20
18.71598999999999
 10
-25.979374
 20
18.729452
 10
-25.958038
 20
18.740882
 10
-25.93594000000001
 20
18.75028
 10
-25.91308000000001
 20
18.757392
 10
-25.88945800000001
 20
18.762218
 10
-25.86558200000001
 20
18.76475799999999
 10
-25.841452
 20
18.765012
 10
-25.81960800000001
 20
18.765266
 10
-25.798018
 20
18.76298
 10
-25.77668200000001
 20
18.758662
 10
-25.75610800000001
 20
18.75205799999999
 10
-25.73604200000001
 20
18.743168
 10
-25.717246
 20
18.7325
 10
-25.69972
 20
18.7198
 10
-25.68346400000001
 20
18.705322
 10
-25.668732
 20
18.689066
 10
-25.656032
 20
18.67154
 10
-25.64511000000001
 20
18.652744
 10
-25.63622
 20
18.632932
 10
-25.629362
 20
18.612104
 10
-25.625044
 20
18.590768
 10
-25.622758
 20
18.569178
 10
-25.622758
 20
18.452592
 10
-25.62479000000001
 20
18.431256
 10
-25.629362
 20
18.410174
 10
-25.63596600000001
 20
18.3896
 10
-25.64460200000001
 20
18.370042
 10
-25.65527000000001
 20
18.351246
 10
-25.66771600000001
 20
18.33372
 10
-25.68194
 20
18.317718
 10
-25.69794200000001
 20
18.30324
 10
-25.715214
 20
18.29054
 10
-25.733756
 20
18.279618
 10
-25.753314
 20
18.270474
 10
-25.77363400000001
 20
18.263616
 10
-25.79471600000001
 20
18.259044
  0
LWPOLYLINE
  5
3111
330
2F74
100
AcDbEntity
  8
PIN_BOTTOM
100
AcDbPolyline
 90
       64
 70
     1
 43
0.0
 10
-26.78125200000001
 20
18.763996
 10
-26.75712200000001
 20
18.765266
 10
-26.73324600000001
 20
18.763996
 10
-26.70937
 20
18.760948
 10
-26.68574800000001
 20
18.755614
 10
-26.662888
 20
18.747994
 10
-26.64079000000001
 20
18.738596
 10
-26.61970800000001
 20
18.727166
 10
-26.59964200000001
 20
18.713958
 10
-26.580846
 20
18.698718
 10
-26.56332000000001
 20
18.682208
 10
-26.54757200000001
 20
18.66392
 10
-26.53360200000001
 20
18.644362
 10
-26.52217200000001
 20
18.621502
 10
-26.51302800000001
 20
18.597626
 10
-26.50617
 20
18.572988
 10
-26.50134400000001
 20
18.547842
 10
-26.49905800000001
 20
18.522442
 10
-26.49905800000001
 20
18.497042
 10
-26.50134400000001
 20
18.471642
 10
-26.50617
 20
18.446496
 10
-26.51302800000001
 20
18.421858
 10
-26.52217200000001
 20
18.397982
 10
-26.53360200000001
 20
18.375122
 10
-26.547064
 20
18.35531
 10
-26.562304
 20
18.336768
 10
-26.57932200000001
 20
18.31975
 10
-26.598118
 20
18.30451
 10
-26.61793000000001
 20
18.291048
 10
-26.63926600000001
 20
18.279618
 10
-26.661364
 20
18.27022
 10
-26.684224
 20
18.263108
 10
-26.70784600000001
 20
18.258282
 10
-26.73172200000001
 20
18.255742
 10
-26.755852
 20
18.255488
 10
-26.77769600000001
 20
18.25523399999999
 10
-26.79928600000001
 20
18.25752
 10
-26.82062200000001
 20
18.261838
 10
-26.84119600000001
 20
18.268442
 10
-26.861262
 20
18.277332
 10
-26.88005800000001
 20
18.288
 10
-26.897584
 20
18.3007
 10
-26.91384000000001
 20
18.315178
 10
-26.92857200000001
 20
18.331434
 10
-26.941272
 20
18.34896
 10
-26.952194
 20
18.367756
 10
-26.96108400000001
 20
18.387568
 10
-26.96794200000001
 20
18.408396
 10
-26.97226000000001
 20
18.429732
 10
-26.974546
 20
18.451322
 10
-26.974546
 20
18.567908
 10
-26.97251400000001
 20
18.589244
 10
-26.96794200000001
 20
18.610326
 10
-26.961338
 20
18.6309
 10
-26.95270200000001
 20
18.650458
 10
-26.94203400000001
 20
18.669254
 10
-26.929588
 20
18.68678
 10
-26.915364
 20
18.702782
 10
-26.899362
 20
18.71726
 10
-26.88209
 20
18.72996
 10
-26.86354800000001
 20
18.740882
 10
-26.84399000000001
 20
18.750026
 10
-26.82367000000001
 20
18.756884
 10
-26.80258800000001
 20
18.761456
  0
LWPOLYLINE
  5
3112
330
2F74
100
AcDbEntity
  8
PIN_BOTTOM
100
AcDbPolyline
 90
       64
 70
     1
 43
0.0
 10
-29.62630600000001
 20
17.26565
 10
-29.62503600000001
 20
17.24152
 10
-29.62630600000001
 20
17.217644
 10
-29.629354
 20
17.193768
 10
-29.63468800000001
 20
17.170146
 10
-29.64230800000001
 20
17.147286
 10
-29.651706
 20
17.125188
 10
-29.66313600000001
 20
17.104106
 10
-29.67634400000001
 20
17.08403999999999
 10
-29.69158400000001
 20
17.065244
 10
-29.70809400000001
 20
17.047718
 10
-29.726382
 20
17.03197
 10
-29.74594000000001
 20
17.018
 10
-29.76880000000001
 20
17.00657
 10
-29.792676
 20
16.997426
 10
-29.81731400000001
 20
16.990568
 10
-29.84246
 20
16.985742
 10
-29.86786
 20
16.983456
 10
-29.89326
 20
16.983456
 10
-29.91866
 20
16.985742
 10
-29.94380600000001
 20
16.990568
 10
-29.968444
 20
16.997426
 10
-29.99232000000001
 20
17.00657
 10
-30.01518000000001
 20
17.018
 10
-30.034992
 20
17.031462
 10
-30.05353400000001
 20
17.046702
 10
-30.070552
 20
17.06372
 10
-30.08579200000001
 20
17.082516
 10
-30.099254
 20
17.102328
 10
-30.11068400000001
 20
17.123664
 10
-30.120082
 20
17.14576199999999
 10
-30.12719400000001
 20
17.168622
 10
-30.13202000000001
 20
17.192244
 10
-30.13456000000001
 20
17.21612
 10
-30.134814
 20
17.24025
 10
-30.135068
 20
17.262094
 10
-30.132782
 20
17.283684
 10
-30.12846400000001
 20
17.30502
 10
-30.12186
 20
17.325594
 10
-30.11297000000001
 20
17.34566
 10
-30.102302
 20
17.364456
 10
-30.08960200000001
 20
17.381982
 10
-30.07512400000001
 20
17.398238
 10
-30.05886800000001
 20
17.41297
 10
-30.04134200000001
 20
17.42567
 10
-30.022546
 20
17.436592
 10
-30.00273400000001
 20
17.445482
 10
-29.98190600000001
 20
17.45234
 10
-29.96057
 20
17.456658
 10
-29.93898000000001
 20
17.458944
 10
-29.82239400000001
 20
17.458944
 10
-29.801058
 20
17.456912
 10
-29.77997600000001
 20
17.45234
 10
-29.75940200000001
 20
17.445736
 10
-29.73984400000001
 20
17.4371
 10
-29.721048
 20
17.426432
 10
-29.70352200000001
 20
17.413986
 10
-29.68752
 20
17.399762
 10
-29.673042
 20
17.38376
 10
-29.66034200000001
 20
17.366488
 10
-29.64942
 20
17.347946
 10
-29.64027600000001
 20
17.328388
 10
-29.63341800000001
 20
17.308068
 10
-29.62884600000001
 20
17.286986
  0
LWPOLYLINE
  5
3113
330
2F74
100
AcDbEntity
  8
PIN_BOTTOM
100
AcDbPolyline
 90
       64
 70
     1
 43
0.0
 10
-30.133798
 20
16.30045
 10
-30.135068
 20
16.32457999999999
 10
-30.133798
 20
16.348456
 10
-30.13075000000001
 20
16.372332
 10
-30.125416
 20
16.395954
 10
-30.11779600000001
 20
16.418814
 10
-30.10839800000001
 20
16.440912
 10
-30.096968
 20
16.461994
 10
-30.08376
 20
16.48206
 10
-30.06852
 20
16.500856
 10
-30.05201
 20
16.518382
 10
-30.03372200000001
 20
16.53413
 10
-30.014164
 20
16.5481
 10
-29.991304
 20
16.55953
 10
-29.96742800000001
 20
16.568674
 10
-29.94279
 20
16.575532
 10
-29.91764400000001
 20
16.58035799999999
 10
-29.89224400000001
 20
16.582644
 10
-29.86684400000001
 20
16.582644
 10
-29.84144400000001
 20
16.58035799999999
 10
-29.816298
 20
16.575532
 10
-29.79166000000001
 20
16.568674
 10
-29.767784
 20
16.55953
 10
-29.74492400000001
 20
16.5481
 10
-29.72511200000001
 20
16.534638
 10
-29.70657
 20
16.519398
 10
-29.68955200000001
 20
16.50238
 10
-29.674312
 20
16.483584
 10
-29.66085000000001
 20
16.463772
 10
-29.64942
 20
16.442436
 10
-29.64002200000001
 20
16.420338
 10
-29.63291
 20
16.397478
 10
-29.62808400000001
 20
16.373856
 10
-29.62554400000001
 20
16.34998
 10
-29.62529
 20
16.32585
 10
-29.62503600000001
 20
16.304006
 10
-29.62732200000001
 20
16.282416
 10
-29.63164000000001
 20
16.26108
 10
-29.63824400000001
 20
16.240506
 10
-29.64713400000001
 20
16.22044
 10
-29.65780200000001
 20
16.201644
 10
-29.67050200000001
 20
16.184118
 10
-29.68498
 20
16.167862
 10
-29.70123600000001
 20
16.15312999999999
 10
-29.718762
 20
16.14043
 10
-29.73755800000001
 20
16.129508
 10
-29.75737
 20
16.120618
 10
-29.77819800000001
 20
16.11376
 10
-29.79953400000001
 20
16.109442
 10
-29.821124
 20
16.107156
 10
-29.93771
 20
16.107156
 10
-29.95904600000001
 20
16.109188
 10
-29.98012800000001
 20
16.11376
 10
-30.00070200000001
 20
16.120364
 10
-30.02026000000001
 20
16.129
 10
-30.03905600000001
 20
16.139668
 10
-30.056582
 20
16.152114
 10
-30.07258400000001
 20
16.166338
 10
-30.08706200000001
 20
16.18234
 10
-30.099762
 20
16.199612
 10
-30.11068400000001
 20
16.218154
 10
-30.11982800000001
 20
16.237712
 10
-30.126686
 20
16.258032
 10
-30.131258
 20
16.279114
  0
LWPOLYLINE
  5
3114
330
2F74
100
AcDbEntity
  8
PIN_BOTTOM
100
AcDbPolyline
 90
       64
 70
     1
 43
0.0
 10
-50.936652
 20
6.445503999999999
 10
-50.960782
 20
6.444233999999999
 10
-50.984658
 20
6.445503999999999
 10
-51.008534
 20
6.448551999999999
 10
-51.03215600000001
 20
6.453886
 10
-51.055016
 20
6.461505999999999
 10
-51.077114
 20
6.470903999999999
 10
-51.098196
 20
6.482333999999999
 10
-51.118262
 20
6.495542
 10
-51.137058
 20
6.510782
 10
-51.15458400000001
 20
6.527291999999999
 10
-51.170332
 20
6.545579999999999
 10
-51.184302
 20
6.565138000000001
 10
-51.19573200000001
 20
6.587997999999998
 10
-51.204876
 20
6.611874
 10
-51.211734
 20
6.636511999999999
 10
-51.21656
 20
6.661657999999999
 10
-51.21884600000001
 20
6.687058
 10
-51.21884600000001
 20
6.712457999999999
 10
-51.21656
 20
6.737857999999999
 10
-51.211734
 20
6.763003999999998
 10
-51.204876
 20
6.787641999999999
 10
-51.19573200000001
 20
6.811517999999999
 10
-51.184302
 20
6.834377999999999
 10
-51.17084000000001
 20
6.854189999999999
 10
-51.15560000000001
 20
6.872732
 10
-51.13858200000001
 20
6.889749999999999
 10
-51.119786
 20
6.904989999999999
 10
-51.09997400000001
 20
6.918452
 10
-51.078638
 20
6.929882
 10
-51.05654000000001
 20
6.93928
 10
-51.03368
 20
6.946391999999999
 10
-51.010058
 20
6.951217999999999
 10
-50.986182
 20
6.953758
 10
-50.962052
 20
6.954011999999998
 10
-50.940208
 20
6.954266
 10
-50.918618
 20
6.95198
 10
-50.897282
 20
6.947661999999999
 10
-50.87670800000001
 20
6.941057999999999
 10
-50.856642
 20
6.932167999999998
 10
-50.83784600000001
 20
6.921499999999999
 10
-50.82032
 20
6.908799999999999
 10
-50.80406400000001
 20
6.894322
 10
-50.789332
 20
6.878066
 10
-50.776632
 20
6.860539999999998
 10
-50.76571000000001
 20
6.841744
 10
-50.75682
 20
6.821932
 10
-50.74996200000001
 20
6.801103999999998
 10
-50.745644
 20
6.779767999999998
 10
-50.743358
 20
6.758177999999999
 10
-50.743358
 20
6.641591999999999
 10
-50.74539
 20
6.620255999999999
 10
-50.74996200000001
 20
6.599173999999999
 10
-50.75656600000001
 20
6.578599999999999
 10
-50.765202
 20
6.559041999999999
 10
-50.77587000000001
 20
6.540245999999999
 10
-50.788316
 20
6.522719999999999
 10
-50.80254
 20
6.506717999999999
 10
-50.81854200000001
 20
6.492239999999998
 10
-50.835814
 20
6.479539999999998
 10
-50.854356
 20
6.468617999999999
 10
-50.87391400000001
 20
6.459474
 10
-50.89423400000001
 20
6.452616
 10
-50.915316
 20
6.448043999999999
  0
LWPOLYLINE
  5
3115
330
2F74
100
AcDbEntity
  8
PIN_BOTTOM
100
AcDbPolyline
 90
       64
 70
     1
 43
0.0
 10
-51.90185200000001
 20
6.952996
 10
-51.87772200000001
 20
6.954266
 10
-51.853846
 20
6.952996
 10
-51.82997
 20
6.949947999999999
 10
-51.806348
 20
6.944613999999999
 10
-51.78348800000001
 20
6.936994
 10
-51.76139
 20
6.927596000000001
 10
-51.740308
 20
6.916166
 10
-51.720242
 20
6.902957999999999
 10
-51.701446
 20
6.887717999999999
 10
-51.68392
 20
6.871207999999999
 10
-51.668172
 20
6.852919999999999
 10
-51.654202
 20
6.833361999999999
 10
-51.642772
 20
6.810501999999999
 10
-51.633628
 20
6.786626
 10
-51.62677000000001
 20
6.761988
 10
-51.621944
 20
6.736841999999999
 10
-51.619658
 20
6.711441999999999
 10
-51.619658
 20
6.686041999999998
 10
-51.621944
 20
6.660641999999999
 10
-51.62677000000001
 20
6.635495999999999
 10
-51.633628
 20
6.610858
 10
-51.642772
 20
6.586982
 10
-51.654202
 20
6.564121999999999
 10
-51.667664
 20
6.544310000000001
 10
-51.682904
 20
6.525767999999999
 10
-51.699922
 20
6.508749999999999
 10
-51.718718
 20
6.49351
 10
-51.73853000000001
 20
6.480048
 10
-51.759866
 20
6.468617999999999
 10
-51.781964
 20
6.45922
 10
-51.804824
 20
6.452107999999999
 10
-51.82844600000001
 20
6.447282000000001
 10
-51.852322
 20
6.444741999999999
 10
-51.87645200000001
 20
6.444487999999999
 10
-51.898296
 20
6.444233999999999
 10
-51.91988600000001
 20
6.446519999999999
 10
-51.941222
 20
6.450838
 10
-51.961796
 20
6.457442
 10
-51.98186200000001
 20
6.466332000000001
 10
-52.000658
 20
6.477
 10
-52.018184
 20
6.489699999999999
 10
-52.03444000000001
 20
6.504177999999999
 10
-52.049172
 20
6.520433999999999
 10
-52.06187200000001
 20
6.537959999999999
 10
-52.072794
 20
6.556756
 10
-52.081684
 20
6.576567999999998
 10
-52.08854200000001
 20
6.597395999999999
 10
-52.09286
 20
6.618731999999999
 10
-52.09514600000001
 20
6.640321999999999
 10
-52.09514600000001
 20
6.756907999999999
 10
-52.093114
 20
6.778244
 10
-52.08854200000001
 20
6.799325999999998
 10
-52.081938
 20
6.8199
 10
-52.07330200000001
 20
6.839458
 10
-52.062634
 20
6.858253999999998
 10
-52.05018800000001
 20
6.87578
 10
-52.03596400000001
 20
6.891782
 10
-52.019962
 20
6.906259999999999
 10
-52.00269
 20
6.91896
 10
-51.98414800000001
 20
6.929882
 10
-51.96459
 20
6.939025999999998
 10
-51.94427000000001
 20
6.945883999999999
 10
-51.923188
 20
6.950455999999999
  0
LWPOLYLINE
  5
3116
330
2F74
100
AcDbEntity
  8
PIN_BOTTOM
100
AcDbPolyline
 90
       64
 70
     1
 43
0.0
 10
-24.927306
 20
12.82065
 10
-24.92603600000001
 20
12.79652
 10
-24.927306
 20
12.772644
 10
-24.93035400000001
 20
12.748768
 10
-24.935688
 20
12.725146
 10
-24.94330800000001
 20
12.702286
 10
-24.952706
 20
12.680188
 10
-24.96413600000001
 20
12.659106
 10
-24.97734400000001
 20
12.63904
 10
-24.992584
 20
12.620244
 10
-25.009094
 20
12.602718
 10
-25.027382
 20
12.58697
 10
-25.04694000000001
 20
12.573
 10
-25.0698
 20
12.56157
 10
-25.093676
 20
12.552426
 10
-25.11831400000001
 20
12.545568
 10
-25.14346000000001
 20
12.540742
 10
-25.16886000000001
 20
12.538456
 10
-25.19426000000001
 20
12.538456
 10
-25.21966000000001
 20
12.540742
 10
-25.244806
 20
12.545568
 10
-25.269444
 20
12.552426
 10
-25.29332000000001
 20
12.56157
 10
-25.31618000000001
 20
12.573
 10
-25.33599200000001
 20
12.586462
 10
-25.35453400000001
 20
12.601702
 10
-25.37155200000001
 20
12.61872
 10
-25.38679200000001
 20
12.637516
 10
-25.40025400000001
 20
12.657328
 10
-25.411684
 20
12.678664
 10
-25.421082
 20
12.700762
 10
-25.428194
 20
12.723622
 10
-25.43302000000001
 20
12.747244
 10
-25.43556000000001
 20
12.77112
 10
-25.43581400000001
 20
12.79525
 10
-25.436068
 20
12.817094
 10
-25.43378200000001
 20
12.838684
 10
-25.429464
 20
12.86002
 10
-25.42286000000001
 20
12.880594
 10
-25.41397
 20
12.90066
 10
-25.403302
 20
12.919456
 10
-25.39060200000001
 20
12.936982
 10
-25.376124
 20
12.953238
 10
-25.359868
 20
12.96797
 10
-25.34234200000001
 20
12.98067
 10
-25.32354600000001
 20
12.991592
 10
-25.30373400000001
 20
13.000482
 10
-25.282906
 20
13.00734
 10
-25.26157
 20
13.011658
 10
-25.23998000000001
 20
13.013944
 10
-25.123394
 20
13.013944
 10
-25.102058
 20
13.011912
 10
-25.08097600000001
 20
13.00734
 10
-25.06040200000001
 20
13.000736
 10
-25.040844
 20
12.9921
 10
-25.02204800000001
 20
12.981432
 10
-25.00452200000001
 20
12.968986
 10
-24.98852000000001
 20
12.954762
 10
-24.97404200000001
 20
12.93876
 10
-24.96134200000001
 20
12.921488
 10
-24.95042000000001
 20
12.902946
 10
-24.941276
 20
12.883388
 10
-24.934418
 20
12.863068
 10
-24.92984600000001
 20
12.841986
  0
LWPOLYLINE
  5
3117
330
2F74
100
AcDbEntity
  8
PIN_BOTTOM
100
AcDbPolyline
 90
       64
 70
     1
 43
0.0
 10
-25.43479800000001
 20
11.85545
 10
-25.436068
 20
11.87958
 10
-25.43479800000001
 20
11.903456
 10
-25.43175
 20
11.927332
 10
-25.42641600000001
 20
11.950954
 10
-25.41879600000001
 20
11.973814
 10
-25.40939800000001
 20
11.995912
 10
-25.397968
 20
12.016994
 10
-25.38476000000001
 20
12.03706
 10
-25.36952000000001
 20
12.055856
 10
-25.35301
 20
12.073382
 10
-25.33472200000001
 20
12.08913
 10
-25.315164
 20
12.1031
 10
-25.29230400000001
 20
12.11453
 10
-25.26842800000001
 20
12.123674
 10
-25.24379000000001
 20
12.130532
 10
-25.218644
 20
12.135358
 10
-25.193244
 20
12.137644
 10
-25.16784400000001
 20
12.137644
 10
-25.142444
 20
12.135358
 10
-25.11729800000001
 20
12.130532
 10
-25.09266000000001
 20
12.123674
 10
-25.06878400000001
 20
12.11453
 10
-25.045924
 20
12.1031
 10
-25.026112
 20
12.089638
 10
-25.00757000000001
 20
12.074398
 10
-24.99055200000001
 20
12.05738
 10
-24.975312
 20
12.038584
 10
-24.96185
 20
12.018772
 10
-24.95042000000001
 20
11.997436
 10
-24.94102200000001
 20
11.975338
 10
-24.93391000000001
 20
11.952478
 10
-24.92908400000001
 20
11.928856
 10
-24.92654400000001
 20
11.90498
 10
-24.92629000000001
 20
11.88085
 10
-24.92603600000001
 20
11.859006
 10
-24.928322
 20
11.837416
 10
-24.93264000000001
 20
11.81608
 10
-24.939244
 20
11.795506
 10
-24.94813400000001
 20
11.77544
 10
-24.95880200000001
 20
11.756644
 10
-24.971502
 20
11.739118
 10
-24.98598000000001
 20
11.722862
 10
-25.00223600000001
 20
11.70813
 10
-25.019762
 20
11.69542999999999
 10
-25.03855800000001
 20
11.684508
 10
-25.05837
 20
11.675618
 10
-25.07919800000001
 20
11.66876
 10
-25.10053400000001
 20
11.664442
 10
-25.12212400000001
 20
11.662156
 10
-25.23871000000001
 20
11.662156
 10
-25.26004600000001
 20
11.664188
 10
-25.28112800000001
 20
11.66876
 10
-25.30170200000001
 20
11.675364
 10
-25.32126000000001
 20
11.684
 10
-25.340056
 20
11.694668
 10
-25.357582
 20
11.707114
 10
-25.373584
 20
11.721338
 10
-25.388062
 20
11.73734
 10
-25.40076200000001
 20
11.754612
 10
-25.411684
 20
11.773154
 10
-25.42082800000001
 20
11.792712
 10
-25.42768600000001
 20
11.813032
 10
-25.432258
 20
11.834114
  0
LWPOLYLINE
  5
3118
330
2F74
100
AcDbEntity
  8
PIN_BOTTOM
100
AcDbPolyline
 90
        4
 70
     1
 43
0.0
 10
-49.713134
 20
24.746966
 10
-49.713134
 20
25.84704
 10
-50.51323400000001
 20
25.84704
 10
-50.51323400000001
 20
24.746966
  0
LWPOLYLINE
  5
3119
330
2F74
100
AcDbEntity
  8
PIN_BOTTOM
100
AcDbPolyline
 90
        4
 70
     1
 43
0.0
 10
-51.613054
 20
24.746966
 10
-51.613054
 20
25.84704
 10
-52.41315400000001
 20
25.84704
 10
-52.41315400000001
 20
24.746966
  0
LWPOLYLINE
  5
311A
330
2F74
100
AcDbEntity
  8
PIN_BOTTOM
100
AcDbPolyline
 90
        4
 70
     1
 43
0.0
 10
-50.663094
 20
26.947114
 10
-50.663094
 20
28.047188
 10
-51.463194
 20
28.047188
 10
-51.463194
 20
26.947114
  0
LWPOLYLINE
  5
311B
330
2F74
100
AcDbEntity
  8
PIN_BOTTOM
100
AcDbPolyline
 90
        4
 70
     1
 43
0.0
 10
-14.281912
 20
14.82852
 10
-14.281912
 20
15.58798
 10
-15.302992
 20
15.58798
 10
-15.302992
 20
14.82852
  0
LWPOLYLINE
  5
311C
330
2F74
100
AcDbEntity
  8
PIN_BOTTOM
100
AcDbPolyline
 90
        4
 70
     1
 43
0.0
 10
-15.805912
 20
14.82852
 10
-15.805912
 20
15.58798
 10
-16.826992
 20
15.58798
 10
-16.826992
 20
14.82852
  0
LWPOLYLINE
  5
311D
330
2F74
100
AcDbEntity
  8
PIN_BOTTOM
100
AcDbPolyline
 90
        4
 70
     1
 43
0.0
 10
-14.281912
 20
13.50772
 10
-14.281912
 20
14.26718
 10
-15.302992
 20
14.26718
 10
-15.302992
 20
13.50772
  0
LWPOLYLINE
  5
311E
330
2F74
100
AcDbEntity
  8
PIN_BOTTOM
100
AcDbPolyline
 90
        4
 70
     1
 43
0.0
 10
-15.805912
 20
13.50772
 10
-15.805912
 20
14.26718
 10
-16.826992
 20
14.26718
 10
-16.826992
 20
13.50772
  0
LWPOLYLINE
  5
311F
330
2F74
100
AcDbEntity
  8
PIN_BOTTOM
100
AcDbPolyline
 90
        4
 70
     1
 43
0.0
 10
-51.67198200000001
 20
21.62175
 10
-52.18252200000001
 20
21.62175
 10
-52.18252200000001
 20
20.98167
 10
-51.67198200000001
 20
20.98167
  0
LWPOLYLINE
  5
3120
330
2F74
100
AcDbEntity
  8
PIN_BOTTOM
100
AcDbPolyline
 90
        4
 70
     1
 43
0.0
 10
-51.67198200000001
 20
22.64283
 10
-52.18252200000001
 20
22.64283
 10
-52.18252200000001
 20
22.00275
 10
-51.67198200000001
 20
22.00275
  0
LWPOLYLINE
  5
3121
330
2F74
100
AcDbEntity
  8
PIN_BOTTOM
100
AcDbPolyline
 90
        4
 70
     1
 43
0.0
 10
-30.945582
 20
13.11275
 10
-31.456122
 20
13.11275
 10
-31.456122
 20
12.47267
 10
-30.945582
 20
12.47267
  0
LWPOLYLINE
  5
3122
330
2F74
100
AcDbEntity
  8
PIN_BOTTOM
100
AcDbPolyline
 90
        4
 70
     1
 43
0.0
 10
-30.945582
 20
14.13383
 10
-31.456122
 20
14.13383
 10
-31.456122
 20
13.49375
 10
-30.945582
 20
13.49375
  0
LWPOLYLINE
  5
3123
330
2F74
100
AcDbEntity
  8
PIN_BOTTOM
100
AcDbPolyline
 90
        4
 70
     1
 43
0.0
 10
-13.009626
 20
15.360904
 10
-12.40967800000001
 20
15.360904
 10
-12.40967800000001
 20
16.161004
 10
-13.009626
 20
16.161004
  0
LWPOLYLINE
  5
3124
330
2F74
100
AcDbEntity
  8
PIN_BOTTOM
100
AcDbPolyline
 90
        4
 70
     1
 43
0.0
 10
-13.009626
 20
17.760696
 10
-12.40967800000001
 20
17.760696
 10
-12.40967800000001
 20
18.560796
 10
-13.009626
 20
18.560796
  0
LWPOLYLINE
  5
3125
330
2F74
100
AcDbEntity
  8
PIN_BOTTOM
100
AcDbPolyline
 90
        4
 70
     1
 43
0.0
 10
-10.854182
 20
18.47723
 10
-11.364722
 20
18.47723
 10
-11.364722
 20
17.83715
 10
-10.854182
 20
17.83715
  0
LWPOLYLINE
  5
3126
330
2F74
100
AcDbEntity
  8
PIN_BOTTOM
100
AcDbPolyline
 90
        4
 70
     1
 43
0.0
 10
-10.854182
 20
17.45615
 10
-11.364722
 20
17.45615
 10
-11.364722
 20
16.81607
 10
-10.854182
 20
16.81607
  0
LWPOLYLINE
  5
3127
330
2F74
100
AcDbEntity
  8
PIN_BOTTOM
100
AcDbPolyline
 90
        4
 70
     1
 43
0.0
 10
-7.072122000000007
 20
18.13687
 10
-6.561582000000001
 20
18.13687
 10
-6.561582000000001
 20
18.77695
 10
-7.072122000000007
 20
18.77695
  0
LWPOLYLINE
  5
3128
330
2F74
100
AcDbEntity
  8
PIN_BOTTOM
100
AcDbPolyline
 90
        4
 70
     1
 43
0.0
 10
-7.072122000000007
 20
19.15795
 10
-6.561582000000001
 20
19.15795
 10
-6.561582000000001
 20
19.79803
 10
-7.072122000000007
 20
19.79803
  0
LWPOLYLINE
  5
3129
330
2F74
100
AcDbEntity
  8
PIN_BOTTOM
100
AcDbPolyline
 90
        4
 70
     1
 43
0.0
 10
-11.330432
 20
21.96592
 10
-11.330432
 20
21.45538
 10
-10.690352
 20
21.45538
 10
-10.690352
 20
21.96592
  0
LWPOLYLINE
  5
312A
330
2F74
100
AcDbEntity
  8
PIN_BOTTOM
100
AcDbPolyline
 90
        4
 70
     1
 43
0.0
 10
-10.309352
 20
21.96592
 10
-10.309352
 20
21.45538
 10
-9.669272000000006
 20
21.45538
 10
-9.669272000000006
 20
21.96592
  0
LWPOLYLINE
  5
312B
330
2F74
100
AcDbEntity
  8
PIN_BOTTOM
100
AcDbPolyline
 90
        4
 70
     1
 43
0.0
 10
-3.227832000000006
 20
26.36012
 10
-3.227832000000006
 20
25.84958
 10
-2.587752000000001
 20
25.84958
 10
-2.587752000000001
 20
26.36012
  0
LWPOLYLINE
  5
312C
330
2F74
100
AcDbEntity
  8
PIN_BOTTOM
100
AcDbPolyline
 90
        4
 70
     1
 43
0.0
 10
-2.206752000000001
 20
26.36012
 10
-2.206752000000001
 20
25.84958
 10
-1.566671999999996
 20
25.84958
 10
-1.566671999999996
 20
26.36012
  0
LWPOLYLINE
  5
312D
330
2F74
100
AcDbEntity
  8
PIN_BOTTOM
100
AcDbPolyline
 90
        4
 70
     1
 43
0.0
 10
-3.227832000000006
 20
25.21712
 10
-3.227832000000006
 20
24.70658
 10
-2.587752000000001
 20
24.70658
 10
-2.587752000000001
 20
25.21712
  0
LWPOLYLINE
  5
312E
330
2F74
100
AcDbEntity
  8
PIN_BOTTOM
100
AcDbPolyline
 90
        4
 70
     1
 43
0.0
 10
-2.206752000000001
 20
25.21712
 10
-2.206752000000001
 20
24.70658
 10
-1.566671999999996
 20
24.70658
 10
-1.566671999999996
 20
25.21712
  0
LWPOLYLINE
  5
312F
330
2F74
100
AcDbEntity
  8
PIN_BOTTOM
100
AcDbPolyline
 90
        4
 70
     1
 43
0.0
 10
-11.330432
 20
20.87372
 10
-11.330432
 20
20.36318
 10
-10.690352
 20
20.36318
 10
-10.690352
 20
20.87372
  0
LWPOLYLINE
  5
3130
330
2F74
100
AcDbEntity
  8
PIN_BOTTOM
100
AcDbPolyline
 90
        4
 70
     1
 43
0.0
 10
-10.309352
 20
20.87372
 10
-10.309352
 20
20.36318
 10
-9.669272000000006
 20
20.36318
 10
-9.669272000000006
 20
20.87372
  0
LWPOLYLINE
  5
3131
330
2F74
100
AcDbEntity
  8
PIN_BOTTOM
100
AcDbPolyline
 90
        4
 70
     1
 43
0.0
 10
-1.039622000000001
 20
14.70152
 10
-1.039622000000001
 20
15.46098
 10
-2.060702000000006
 20
15.46098
 10
-2.060702000000006
 20
14.70152
  0
LWPOLYLINE
  5
3132
330
2F74
100
AcDbEntity
  8
PIN_BOTTOM
100
AcDbPolyline
 90
        4
 70
     1
 43
0.0
 10
-2.563622000000002
 20
14.70152
 10
-2.563622000000002
 20
15.46098
 10
-3.584702000000007
 20
15.46098
 10
-3.584702000000007
 20
14.70152
  0
LWPOLYLINE
  5
3133
330
2F74
100
AcDbEntity
  8
PIN_BOTTOM
100
AcDbPolyline
 90
        4
 70
     1
 43
0.0
 10
0.1160780000000017
 20
13.68679
 10
-0.6433820000000097
 20
13.68679
 10
-0.6433820000000097
 20
12.66571
 10
0.1160780000000017
 20
12.66571
  0
LWPOLYLINE
  5
3134
330
2F74
100
AcDbEntity
  8
PIN_BOTTOM
100
AcDbPolyline
 90
        4
 70
     1
 43
0.0
 10
0.1160780000000017
 20
12.16279
 10
-0.6433820000000097
 20
12.16279
 10
-0.6433820000000097
 20
11.14171
 10
0.1160780000000017
 20
11.14171
  0
LWPOLYLINE
  5
3135
330
2F74
100
AcDbEntity
  8
PIN_BOTTOM
100
AcDbPolyline
 90
        4
 70
     1
 43
0.0
 10
-13.853922
 20
19.08048
 10
-14.613382
 20
19.08048
 10
-14.613382
 20
18.0594
 10
-13.853922
 20
18.0594
  0
LWPOLYLINE
  5
3136
330
2F74
100
AcDbEntity
  8
PIN_BOTTOM
100
AcDbPolyline
 90
        4
 70
     1
 43
0.0
 10
-13.853922
 20
17.55648
 10
-14.613382
 20
17.55648
 10
-14.613382
 20
16.5354
 10
-13.853922
 20
16.5354
  0
LWPOLYLINE
  5
3137
330
2F74
100
AcDbEntity
  8
PIN_BOTTOM
100
AcDbPolyline
 90
        4
 70
     1
 43
0.0
 10
0.1160780000000017
 20
26.26868
 10
-0.6433820000000097
 20
26.26868
 10
-0.6433820000000097
 20
25.2476
 10
0.1160780000000017
 20
25.2476
  0
LWPOLYLINE
  5
3138
330
2F74
100
AcDbEntity
  8
PIN_BOTTOM
100
AcDbPolyline
 90
        4
 70
     1
 43
0.0
 10
0.1160780000000017
 20
24.74468
 10
-0.6433820000000097
 20
24.74468
 10
-0.6433820000000097
 20
23.7236
 10
0.1160780000000017
 20
23.7236
  0
LWPOLYLINE
  5
3139
330
2F74
100
AcDbEntity
  8
PIN_BOTTOM
100
AcDbPolyline
 90
        4
 70
     1
 43
0.0
 10
-1.913382000000005
 20
20.65782
 10
-1.153922000000001
 20
20.65782
 10
-1.153922000000001
 20
21.6789
 10
-1.913382000000005
 20
21.6789
  0
LWPOLYLINE
  5
313A
330
2F74
100
AcDbEntity
  8
PIN_BOTTOM
100
AcDbPolyline
 90
        4
 70
     1
 43
0.0
 10
-1.913382000000005
 20
22.18182
 10
-1.153922000000001
 20
22.18182
 10
-1.153922000000001
 20
23.2029
 10
-1.913382000000005
 20
23.2029
  0
LWPOLYLINE
  5
313B
330
2F74
100
AcDbEntity
  8
PIN_BOTTOM
100
AcDbPolyline
 90
        4
 70
     1
 43
0.0
 10
-2.423922000000004
 20
29.61259
 10
-3.183382000000001
 20
29.61259
 10
-3.183382000000001
 20
28.59151
 10
-2.423922000000004
 20
28.59151
  0
LWPOLYLINE
  5
313C
330
2F74
100
AcDbEntity
  8
PIN_BOTTOM
100
AcDbPolyline
 90
        4
 70
     1
 43
0.0
 10
-2.423922000000004
 20
28.08859
 10
-3.183382000000001
 20
28.08859
 10
-3.183382000000001
 20
27.06751
 10
-2.423922000000004
 20
27.06751
  0
LWPOLYLINE
  5
313D
330
2F74
100
AcDbEntity
  8
PIN_BOTTOM
100
AcDbPolyline
 90
        4
 70
     1
 43
0.0
 10
-14.361922
 20
22.38248
 10
-15.121382
 20
22.38248
 10
-15.121382
 20
21.3614
 10
-14.361922
 20
21.3614
  0
LWPOLYLINE
  5
313E
330
2F74
100
AcDbEntity
  8
PIN_BOTTOM
100
AcDbPolyline
 90
        4
 70
     1
 43
0.0
 10
-14.361922
 20
20.85848
 10
-15.121382
 20
20.85848
 10
-15.121382
 20
19.8374
 10
-14.361922
 20
19.8374
  0
LWPOLYLINE
  5
313F
330
2F74
100
AcDbEntity
  8
PIN_BOTTOM
100
AcDbPolyline
 90
        4
 70
     1
 43
0.0
 10
-7.224522000000007
 20
13.02639
 10
-7.983982000000004
 20
13.02639
 10
-7.983982000000004
 20
12.00531
 10
-7.224522000000007
 20
12.00531
  0
LWPOLYLINE
  5
3140
330
2F74
100
AcDbEntity
  8
PIN_BOTTOM
100
AcDbPolyline
 90
        4
 70
     1
 43
0.0
 10
-7.224522000000007
 20
11.50239
 10
-7.983982000000004
 20
11.50239
 10
-7.983982000000004
 20
10.48131
 10
-7.224522000000007
 20
10.48131
  0
LWPOLYLINE
  5
3141
330
2F74
100
AcDbEntity
  8
PIN_BOTTOM
100
AcDbPolyline
 90
        4
 70
     1
 43
0.0
 10
-15.720822
 20
17.87652
 10
-15.720822
 20
18.63598
 10
-16.741902
 20
18.63598
 10
-16.741902
 20
17.87652
  0
LWPOLYLINE
  5
3142
330
2F74
100
AcDbEntity
  8
PIN_BOTTOM
100
AcDbPolyline
 90
        4
 70
     1
 43
0.0
 10
-17.244822
 20
17.87652
 10
-17.244822
 20
18.63598
 10
-18.265902
 20
18.63598
 10
-18.265902
 20
17.87652
  0
LWPOLYLINE
  5
3143
330
2F74
100
AcDbEntity
  8
PIN_BOTTOM
100
AcDbPolyline
 90
        4
 70
     1
 43
0.0
 10
-52.361592
 20
5.93598
 10
-52.361592
 20
5.17652
 10
-51.340512
 20
5.17652
 10
-51.340512
 20
5.93598
  0
LWPOLYLINE
  5
3144
330
2F74
100
AcDbEntity
  8
PIN_BOTTOM
100
AcDbPolyline
 90
        4
 70
     1
 43
0.0
 10
-50.83759200000001
 20
5.93598
 10
-50.83759200000001
 20
5.17652
 10
-49.816512
 20
5.17652
 10
-49.816512
 20
5.93598
  0
LWPOLYLINE
  5
3145
330
2F74
100
AcDbEntity
  8
PIN_BOTTOM
100
AcDbPolyline
 90
        4
 70
     1
 43
0.0
 10
-6.929882000000006
 20
21.47951
 10
-6.170422000000002
 20
21.47951
 10
-6.170422000000002
 20
22.50059
 10
-6.929882000000006
 20
22.50059
  0
LWPOLYLINE
  5
3146
330
2F74
100
AcDbEntity
  8
PIN_BOTTOM
100
AcDbPolyline
 90
        4
 70
     1
 43
0.0
 10
-6.929882000000006
 20
23.00351
 10
-6.170422000000002
 20
23.00351
 10
-6.170422000000002
 20
24.02459
 10
-6.929882000000006
 20
24.02459
  0
LWPOLYLINE
  5
3147
330
2F74
100
AcDbEntity
  8
PIN_BOTTOM
100
AcDbPolyline
 90
        4
 70
     1
 43
0.0
 10
-3.512312000000001
 20
19.87042
 10
-3.512312000000001
 20
20.62988
 10
-4.533392000000006
 20
20.62988
 10
-4.533392000000006
 20
19.87042
  0
LWPOLYLINE
  5
3148
330
2F74
100
AcDbEntity
  8
PIN_BOTTOM
100
AcDbPolyline
 90
        4
 70
     1
 43
0.0
 10
-5.036312000000002
 20
19.87042
 10
-5.036312000000002
 20
20.62988
 10
-6.057392000000007
 20
20.62988
 10
-6.057392000000007
 20
19.87042
  0
LWPOLYLINE
  5
3149
330
2F74
100
AcDbEntity
  8
PIN_BOTTOM
100
AcDbPolyline
 90
        4
 70
     1
 43
0.0
 10
-8.326882000000004
 20
18.07591
 10
-7.567422000000007
 20
18.07591
 10
-7.567422000000007
 20
19.09698999999999
 10
-8.326882000000004
 20
19.09698999999999
  0
LWPOLYLINE
  5
314A
330
2F74
100
AcDbEntity
  8
PIN_BOTTOM
100
AcDbPolyline
 90
        4
 70
     1
 43
0.0
 10
-8.326882000000004
 20
19.59991
 10
-7.567422000000007
 20
19.59991
 10
-7.567422000000007
 20
20.62099
 10
-8.326882000000004
 20
20.62099
  0
LWPOLYLINE
  5
314B
330
2F74
100
AcDbEntity
  8
PIN_BOTTOM
100
AcDbPolyline
 90
        4
 70
     1
 43
0.0
 10
-11.391392
 20
23.27148
 10
-11.391392
 20
22.51202
 10
-10.370312
 20
22.51202
 10
-10.370312
 20
23.27148
  0
LWPOLYLINE
  5
314C
330
2F74
100
AcDbEntity
  8
PIN_BOTTOM
100
AcDbPolyline
 90
        4
 70
     1
 43
0.0
 10
-9.867392000000009
 20
23.27148
 10
-9.867392000000009
 20
22.51202
 10
-8.846312000000004
 20
22.51202
 10
-8.846312000000004
 20
23.27148
  0
LWPOLYLINE
  5
314D
330
2F74
100
AcDbEntity
  8
PIN_BOTTOM
100
AcDbPolyline
 90
        4
 70
     1
 43
0.0
 10
-0.6306820000000073
 20
20.64131
 10
0.1287779999999969
 20
20.64131
 10
0.1287779999999969
 20
21.66239
 10
-0.6306820000000073
 20
21.66239
  0
LWPOLYLINE
  5
314E
330
2F74
100
AcDbEntity
  8
PIN_BOTTOM
100
AcDbPolyline
 90
        4
 70
     1
 43
0.0
 10
-0.6306820000000073
 20
22.16531
 10
0.1287779999999969
 20
22.16531
 10
0.1287779999999969
 20
23.18639
 10
-0.6306820000000073
 20
23.18639
  0
LWPOLYLINE
  5
314F
330
2F74
100
AcDbEntity
  8
PIN_BOTTOM
100
AcDbPolyline
 90
        4
 70
     1
 43
0.0
 10
-11.391392
 20
19.84248
 10
-11.391392
 20
19.08302
 10
-10.370312
 20
19.08302
 10
-10.370312
 20
19.84248
  0
LWPOLYLINE
  5
3150
330
2F74
100
AcDbEntity
  8
PIN_BOTTOM
100
AcDbPolyline
 90
        4
 70
     1
 43
0.0
 10
-9.867392000000009
 20
19.84248
 10
-9.867392000000009
 20
19.08302
 10
-8.846312000000004
 20
19.08302
 10
-8.846312000000004
 20
19.84248
  0
LWPOLYLINE
  5
3151
330
2F74
100
AcDbEntity
  8
PIN_BOTTOM
100
AcDbPolyline
 90
        4
 70
     1
 43
0.0
 10
-3.512312000000001
 20
18.47342
 10
-3.512312000000001
 20
19.23288
 10
-4.533392000000006
 20
19.23288
 10
-4.533392000000006
 20
18.47342
  0
LWPOLYLINE
  5
3152
330
2F74
100
AcDbEntity
  8
PIN_BOTTOM
100
AcDbPolyline
 90
        4
 70
     1
 43
0.0
 10
-5.036312000000002
 20
18.47342
 10
-5.036312000000002
 20
19.23288
 10
-6.057392000000007
 20
19.23288
 10
-6.057392000000007
 20
18.47342
  0
LWPOLYLINE
  5
3153
330
2F74
100
AcDbEntity
  8
PIN_BOTTOM
100
AcDbPolyline
 90
        4
 70
     1
 43
0.0
 10
-11.720322
 20
12.97559
 10
-12.479782
 20
12.97559
 10
-12.479782
 20
11.95451
 10
-11.720322
 20
11.95451
  0
LWPOLYLINE
  5
3154
330
2F74
100
AcDbEntity
  8
PIN_BOTTOM
100
AcDbPolyline
 90
        4
 70
     1
 43
0.0
 10
-11.720322
 20
11.45159
 10
-12.479782
 20
11.45159
 10
-12.479782
 20
10.43051
 10
-11.720322
 20
10.43051
  0
LWPOLYLINE
  5
3155
330
2F74
100
AcDbEntity
  8
PIN_BOTTOM
100
AcDbPolyline
 90
        4
 70
     1
 43
0.0
 10
-10.196322
 20
13.00099
 10
-10.955782
 20
13.00099
 10
-10.955782
 20
11.97991
 10
-10.196322
 20
11.97991
  0
LWPOLYLINE
  5
3156
330
2F74
100
AcDbEntity
  8
PIN_BOTTOM
100
AcDbPolyline
 90
        4
 70
     1
 43
0.0
 10
-10.196322
 20
11.47699
 10
-10.955782
 20
11.47699
 10
-10.955782
 20
10.45591
 10
-10.196322
 20
10.45591
  0
LWPOLYLINE
  5
3157
330
2F74
100
AcDbEntity
  8
PIN_BOTTOM
100
AcDbPolyline
 90
        4
 70
     1
 43
0.0
 10
-5.422392000000009
 20
12.66698
 10
-5.422392000000009
 20
11.90752
 10
-4.401312000000004
 20
11.90752
 10
-4.401312000000004
 20
12.66698
  0
LWPOLYLINE
  5
3158
330
2F74
100
AcDbEntity
  8
PIN_BOTTOM
100
AcDbPolyline
 90
        4
 70
     1
 43
0.0
 10
-3.898392000000008
 20
12.66698
 10
-3.898392000000008
 20
11.90752
 10
-2.877312000000003
 20
11.90752
 10
-2.877312000000003
 20
12.66698
  0
LWPOLYLINE
  5
3159
330
2F74
100
AcDbEntity
  8
PIN_BOTTOM
100
AcDbPolyline
 90
        4
 70
     1
 43
0.0
 10
-8.672322000000008
 20
13.05179
 10
-9.431782000000005
 20
13.05179
 10
-9.431782000000005
 20
12.03071
 10
-8.672322000000008
 20
12.03071
  0
LWPOLYLINE
  5
315A
330
2F74
100
AcDbEntity
  8
PIN_BOTTOM
100
AcDbPolyline
 90
        4
 70
     1
 43
0.0
 10
-8.672322000000008
 20
11.52779
 10
-9.431782000000005
 20
11.52779
 10
-9.431782000000005
 20
10.50671
 10
-8.672322000000008
 20
10.50671
  0
LWPOLYLINE
  5
315B
330
2F74
100
AcDbEntity
  8
PIN_BOTTOM
100
AcDbPolyline
 90
        4
 70
     1
 43
0.0
 10
0.1287779999999969
 20
19.42719
 10
-0.6306820000000073
 20
19.42719
 10
-0.6306820000000073
 20
18.40611
 10
0.1287779999999969
 20
18.40611
  0
LWPOLYLINE
  5
315C
330
2F74
100
AcDbEntity
  8
PIN_BOTTOM
100
AcDbPolyline
 90
        4
 70
     1
 43
0.0
 10
0.1287779999999969
 20
17.90319
 10
-0.6306820000000073
 20
17.90319
 10
-0.6306820000000073
 20
16.88211
 10
0.1287779999999969
 20
16.88211
  0
LWPOLYLINE
  5
315D
330
2F74
100
AcDbEntity
  8
PIN_BOTTOM
100
AcDbPolyline
 90
        4
 70
     1
 43
0.0
 10
-1.433321999999996
 20
13.68679
 10
-2.192782000000001
 20
13.68679
 10
-2.192782000000001
 20
12.66571
 10
-1.433321999999996
 20
12.66571
  0
LWPOLYLINE
  5
315E
330
2F74
100
AcDbEntity
  8
PIN_BOTTOM
100
AcDbPolyline
 90
        4
 70
     1
 43
0.0
 10
-1.433321999999996
 20
12.16279
 10
-2.192782000000001
 20
12.16279
 10
-2.192782000000001
 20
11.14171
 10
-1.433321999999996
 20
11.14171
  0
CIRCLE
  5
315F
330
2F74
100
AcDbEntity
  8
PIN_BOTTOM
100
AcDbCircle
 10
-46.41672200000001
 20
0.5471160000000004
 30
0.0
 40
0.29972
  0
CIRCLE
  5
3160
330
2F74
100
AcDbEntity
  8
PIN_BOTTOM
100
AcDbCircle
 10
-27.516582
 20
0.5471160000000004
 30
0.0
 40
0.29972
  0
LWPOLYLINE
  5
3161
330
2F74
100
AcDbEntity
  8
PIN_BOTTOM
100
AcDbPolyline
 90
        4
 70
     1
 43
0.0
 10
-28.31414200000001
 20
-1.104645999999999
 10
-28.31414200000001
 20
0.6987540000000001
 10
-28.618942
 20
0.6987540000000001
 10
-28.618942
 20
-1.104645999999999
  0
LWPOLYLINE
  5
3162
330
2F74
100
AcDbEntity
  8
PIN_BOTTOM
100
AcDbPolyline
 90
        4
 70
     1
 43
0.0
 10
-28.81426800000001
 20
-1.104645999999999
 10
-28.81426800000001
 20
0.6987540000000001
 10
-29.119068
 20
0.6987540000000001
 10
-29.119068
 20
-1.104645999999999
  0
LWPOLYLINE
  5
3163
330
2F74
100
AcDbEntity
  8
PIN_BOTTOM
100
AcDbPolyline
 90
        4
 70
     1
 43
0.0
 10
-29.31414000000001
 20
-1.104645999999999
 10
-29.31414000000001
 20
0.6987540000000001
 10
-29.61894000000001
 20
0.6987540000000001
 10
-29.61894000000001
 20
-1.104645999999999
  0
LWPOLYLINE
  5
3164
330
2F74
100
AcDbEntity
  8
PIN_BOTTOM
100
AcDbPolyline
 90
        4
 70
     1
 43
0.0
 10
-29.81426600000001
 20
-1.104645999999999
 10
-29.81426600000001
 20
0.6987540000000001
 10
-30.11906600000001
 20
0.6987540000000001
 10
-30.11906600000001
 20
-1.104645999999999
  0
LWPOLYLINE
  5
3165
330
2F74
100
AcDbEntity
  8
PIN_BOTTOM
100
AcDbPolyline
 90
        4
 70
     1
 43
0.0
 10
-30.31413800000001
 20
-1.104645999999999
 10
-30.31413800000001
 20
0.6987540000000001
 10
-30.618938
 20
0.6987540000000001
 10
-30.618938
 20
-1.104645999999999
  0
LWPOLYLINE
  5
3166
330
2F74
100
AcDbEntity
  8
PIN_BOTTOM
100
AcDbPolyline
 90
        4
 70
     1
 43
0.0
 10
-30.81426400000001
 20
-1.104645999999999
 10
-30.81426400000001
 20
0.6987540000000001
 10
-31.119064
 20
0.6987540000000001
 10
-31.119064
 20
-1.104645999999999
  0
LWPOLYLINE
  5
3167
330
2F74
100
AcDbEntity
  8
PIN_BOTTOM
100
AcDbPolyline
 90
        4
 70
     1
 43
0.0
 10
-31.31413600000001
 20
-1.104645999999999
 10
-31.31413600000001
 20
0.6987540000000001
 10
-31.61893600000001
 20
0.6987540000000001
 10
-31.61893600000001
 20
-1.104645999999999
  0
LWPOLYLINE
  5
3168
330
2F74
100
AcDbEntity
  8
PIN_BOTTOM
100
AcDbPolyline
 90
        4
 70
     1
 43
0.0
 10
-31.81426200000001
 20
-1.104645999999999
 10
-31.81426200000001
 20
0.6987540000000001
 10
-32.11906200000001
 20
0.6987540000000001
 10
-32.11906200000001
 20
-1.104645999999999
  0
LWPOLYLINE
  5
3169
330
2F74
100
AcDbEntity
  8
PIN_BOTTOM
100
AcDbPolyline
 90
        4
 70
     1
 43
0.0
 10
-32.31438800000001
 20
-1.104645999999999
 10
-32.31438800000001
 20
0.6987540000000001
 10
-32.61918800000001
 20
0.6987540000000001
 10
-32.61918800000001
 20
-1.104645999999999
  0
LWPOLYLINE
  5
316A
330
2F74
100
AcDbEntity
  8
PIN_BOTTOM
100
AcDbPolyline
 90
        4
 70
     1
 43
0.0
 10
-32.81426000000001
 20
-1.104645999999999
 10
-32.81426000000001
 20
0.6987540000000001
 10
-33.11906
 20
0.6987540000000001
 10
-33.11906
 20
-1.104645999999999
  0
LWPOLYLINE
  5
316B
330
2F74
100
AcDbEntity
  8
PIN_BOTTOM
100
AcDbPolyline
 90
        4
 70
     1
 43
0.0
 10
-33.314132
 20
-1.104645999999999
 10
-33.314132
 20
0.6987540000000001
 10
-33.618932
 20
0.6987540000000001
 10
-33.618932
 20
-1.104645999999999
  0
LWPOLYLINE
  5
316C
330
2F74
100
AcDbEntity
  8
PIN_BOTTOM
100
AcDbPolyline
 90
        4
 70
     1
 43
0.0
 10
-33.81425800000001
 20
-1.104645999999999
 10
-33.81425800000001
 20
0.6987540000000001
 10
-34.119058
 20
0.6987540000000001
 10
-34.119058
 20
-1.104645999999999
  0
LWPOLYLINE
  5
316D
330
2F74
100
AcDbEntity
  8
PIN_BOTTOM
100
AcDbPolyline
 90
        4
 70
     1
 43
0.0
 10
-34.31438400000001
 20
-1.104645999999999
 10
-34.31438400000001
 20
0.6987540000000001
 10
-34.619184
 20
0.6987540000000001
 10
-34.619184
 20
-1.104645999999999
  0
LWPOLYLINE
  5
316E
330
2F74
100
AcDbEntity
  8
PIN_BOTTOM
100
AcDbPolyline
 90
        4
 70
     1
 43
0.0
 10
-34.814256
 20
-1.104645999999999
 10
-34.814256
 20
0.6987540000000001
 10
-35.119056
 20
0.6987540000000001
 10
-35.119056
 20
-1.104645999999999
  0
LWPOLYLINE
  5
316F
330
2F74
100
AcDbEntity
  8
PIN_BOTTOM
100
AcDbPolyline
 90
        4
 70
     1
 43
0.0
 10
-35.314128
 20
-1.104645999999999
 10
-35.314128
 20
0.6987540000000001
 10
-35.61892800000001
 20
0.6987540000000001
 10
-35.61892800000001
 20
-1.104645999999999
  0
LWPOLYLINE
  5
3170
330
2F74
100
AcDbEntity
  8
PIN_BOTTOM
100
AcDbPolyline
 90
        4
 70
     1
 43
0.0
 10
-35.814254
 20
-1.104645999999999
 10
-35.814254
 20
0.6987540000000001
 10
-36.11905400000001
 20
0.6987540000000001
 10
-36.11905400000001
 20
-1.104645999999999
  0
LWPOLYLINE
  5
3171
330
2F74
100
AcDbEntity
  8
PIN_BOTTOM
100
AcDbPolyline
 90
        4
 70
     1
 43
0.0
 10
-36.31438
 20
-1.104645999999999
 10
-36.31438
 20
0.6987540000000001
 10
-36.61918
 20
0.6987540000000001
 10
-36.61918
 20
-1.104645999999999
  0
LWPOLYLINE
  5
3172
330
2F74
100
AcDbEntity
  8
PIN_BOTTOM
100
AcDbPolyline
 90
        4
 70
     1
 43
0.0
 10
-36.814252
 20
-1.104645999999999
 10
-36.814252
 20
0.6987540000000001
 10
-37.119052
 20
0.6987540000000001
 10
-37.119052
 20
-1.104645999999999
  0
LWPOLYLINE
  5
3173
330
2F74
100
AcDbEntity
  8
PIN_BOTTOM
100
AcDbPolyline
 90
        4
 70
     1
 43
0.0
 10
-37.31412400000001
 20
-1.104645999999999
 10
-37.31412400000001
 20
0.6987540000000001
 10
-37.61892400000001
 20
0.6987540000000001
 10
-37.61892400000001
 20
-1.104645999999999
  0
LWPOLYLINE
  5
3174
330
2F74
100
AcDbEntity
  8
PIN_BOTTOM
100
AcDbPolyline
 90
        4
 70
     1
 43
0.0
 10
-37.81425
 20
-1.104645999999999
 10
-37.81425
 20
0.6987540000000001
 10
-38.11905
 20
0.6987540000000001
 10
-38.11905
 20
-1.104645999999999
  0
LWPOLYLINE
  5
3175
330
2F74
100
AcDbEntity
  8
PIN_BOTTOM
100
AcDbPolyline
 90
        4
 70
     1
 43
0.0
 10
-38.314376
 20
-1.104645999999999
 10
-38.314376
 20
0.6987540000000001
 10
-38.619176
 20
0.6987540000000001
 10
-38.619176
 20
-1.104645999999999
  0
LWPOLYLINE
  5
3176
330
2F74
100
AcDbEntity
  8
PIN_BOTTOM
100
AcDbPolyline
 90
        4
 70
     1
 43
0.0
 10
-38.81424800000001
 20
-1.104645999999999
 10
-38.81424800000001
 20
0.6987540000000001
 10
-39.11904800000001
 20
0.6987540000000001
 10
-39.11904800000001
 20
-1.104645999999999
  0
LWPOLYLINE
  5
3177
330
2F74
100
AcDbEntity
  8
PIN_BOTTOM
100
AcDbPolyline
 90
        4
 70
     1
 43
0.0
 10
-39.31412
 20
-1.104645999999999
 10
-39.31412
 20
0.6987540000000001
 10
-39.61892
 20
0.6987540000000001
 10
-39.61892
 20
-1.104645999999999
  0
LWPOLYLINE
  5
3178
330
2F74
100
AcDbEntity
  8
PIN_BOTTOM
100
AcDbPolyline
 90
        4
 70
     1
 43
0.0
 10
-39.814246
 20
-1.104645999999999
 10
-39.814246
 20
0.6987540000000001
 10
-40.119046
 20
0.6987540000000001
 10
-40.119046
 20
-1.104645999999999
  0
LWPOLYLINE
  5
3179
330
2F74
100
AcDbEntity
  8
PIN_BOTTOM
100
AcDbPolyline
 90
        4
 70
     1
 43
0.0
 10
-40.314372
 20
-1.104645999999999
 10
-40.314372
 20
0.6987540000000001
 10
-40.619172
 20
0.6987540000000001
 10
-40.619172
 20
-1.104645999999999
  0
LWPOLYLINE
  5
317A
330
2F74
100
AcDbEntity
  8
PIN_BOTTOM
100
AcDbPolyline
 90
        4
 70
     1
 43
0.0
 10
-40.814244
 20
-1.104645999999999
 10
-40.814244
 20
0.6987540000000001
 10
-41.119044
 20
0.6987540000000001
 10
-41.119044
 20
-1.104645999999999
  0
LWPOLYLINE
  5
317B
330
2F74
100
AcDbEntity
  8
PIN_BOTTOM
100
AcDbPolyline
 90
        4
 70
     1
 43
0.0
 10
-41.314116
 20
-1.104645999999999
 10
-41.314116
 20
0.6987540000000001
 10
-41.618916
 20
0.6987540000000001
 10
-41.618916
 20
-1.104645999999999
  0
LWPOLYLINE
  5
317C
330
2F74
100
AcDbEntity
  8
PIN_BOTTOM
100
AcDbPolyline
 90
        4
 70
     1
 43
0.0
 10
-41.81424200000001
 20
-1.104645999999999
 10
-41.81424200000001
 20
0.6987540000000001
 10
-42.11904200000001
 20
0.6987540000000001
 10
-42.11904200000001
 20
-1.104645999999999
  0
LWPOLYLINE
  5
317D
330
2F74
100
AcDbEntity
  8
PIN_BOTTOM
100
AcDbPolyline
 90
        4
 70
     1
 43
0.0
 10
-42.31436799999999
 20
-1.104645999999999
 10
-42.31436799999999
 20
0.6987540000000001
 10
-42.619168
 20
0.6987540000000001
 10
-42.619168
 20
-1.104645999999999
  0
LWPOLYLINE
  5
317E
330
2F74
100
AcDbEntity
  8
PIN_BOTTOM
100
AcDbPolyline
 90
        4
 70
     1
 43
0.0
 10
-42.81424
 20
-1.104645999999999
 10
-42.81424
 20
0.6987540000000001
 10
-43.11904000000001
 20
0.6987540000000001
 10
-43.11904000000001
 20
-1.104645999999999
  0
LWPOLYLINE
  5
317F
330
2F74
100
AcDbEntity
  8
PIN_BOTTOM
100
AcDbPolyline
 90
        4
 70
     1
 43
0.0
 10
-43.314366
 20
-1.104645999999999
 10
-43.314366
 20
0.6987540000000001
 10
-43.619166
 20
0.6987540000000001
 10
-43.619166
 20
-1.104645999999999
  0
LWPOLYLINE
  5
3180
330
2F74
100
AcDbEntity
  8
PIN_BOTTOM
100
AcDbPolyline
 90
        4
 70
     1
 43
0.0
 10
-43.814238
 20
-1.104645999999999
 10
-43.814238
 20
0.6987540000000001
 10
-44.119038
 20
0.6987540000000001
 10
-44.119038
 20
-1.104645999999999
  0
LWPOLYLINE
  5
3181
330
2F74
100
AcDbEntity
  8
PIN_BOTTOM
100
AcDbPolyline
 90
        4
 70
     1
 43
0.0
 10
-44.314364
 20
-1.104645999999999
 10
-44.314364
 20
0.6987540000000001
 10
-44.619164
 20
0.6987540000000001
 10
-44.619164
 20
-1.104645999999999
  0
LWPOLYLINE
  5
3182
330
2F74
100
AcDbEntity
  8
PIN_BOTTOM
100
AcDbPolyline
 90
        4
 70
     1
 43
0.0
 10
-44.81423600000001
 20
-1.104645999999999
 10
-44.81423600000001
 20
0.6987540000000001
 10
-45.11903600000001
 20
0.6987540000000001
 10
-45.11903600000001
 20
-1.104645999999999
  0
LWPOLYLINE
  5
3183
330
2F74
100
AcDbEntity
  8
PIN_BOTTOM
100
AcDbPolyline
 90
        4
 70
     1
 43
0.0
 10
-45.314362
 20
-1.104645999999999
 10
-45.314362
 20
0.6987540000000001
 10
-45.619162
 20
0.6987540000000001
 10
-45.619162
 20
-1.104645999999999
  0
LWPOLYLINE
  5
3184
330
2F74
100
AcDbEntity
  8
PIN_BOTTOM
100
AcDbPolyline
 90
        4
 70
     1
 43
0.0
 10
-28.31414200000001
 20
2.895346
 10
-28.31414200000001
 20
4.698746000000001
 10
-28.618942
 20
4.698746000000001
 10
-28.618942
 20
2.895346
  0
LWPOLYLINE
  5
3185
330
2F74
100
AcDbEntity
  8
PIN_BOTTOM
100
AcDbPolyline
 90
        4
 70
     1
 43
0.0
 10
-28.81426800000001
 20
2.895346
 10
-28.81426800000001
 20
4.698746000000001
 10
-29.119068
 20
4.698746000000001
 10
-29.119068
 20
2.895346
  0
LWPOLYLINE
  5
3186
330
2F74
100
AcDbEntity
  8
PIN_BOTTOM
100
AcDbPolyline
 90
        4
 70
     1
 43
0.0
 10
-29.31414000000001
 20
2.895346
 10
-29.31414000000001
 20
4.698746000000001
 10
-29.61894000000001
 20
4.698746000000001
 10
-29.61894000000001
 20
2.895346
  0
LWPOLYLINE
  5
3187
330
2F74
100
AcDbEntity
  8
PIN_BOTTOM
100
AcDbPolyline
 90
        4
 70
     1
 43
0.0
 10
-29.81426600000001
 20
2.895346
 10
-29.81426600000001
 20
4.698746000000001
 10
-30.11906600000001
 20
4.698746000000001
 10
-30.11906600000001
 20
2.895346
  0
LWPOLYLINE
  5
3188
330
2F74
100
AcDbEntity
  8
PIN_BOTTOM
100
AcDbPolyline
 90
        4
 70
     1
 43
0.0
 10
-30.31413800000001
 20
2.895346
 10
-30.31413800000001
 20
4.698746000000001
 10
-30.618938
 20
4.698746000000001
 10
-30.618938
 20
2.895346
  0
LWPOLYLINE
  5
3189
330
2F74
100
AcDbEntity
  8
PIN_BOTTOM
100
AcDbPolyline
 90
        4
 70
     1
 43
0.0
 10
-30.81426400000001
 20
2.895346
 10
-30.81426400000001
 20
4.698746000000001
 10
-31.119064
 20
4.698746000000001
 10
-31.119064
 20
2.895346
  0
LWPOLYLINE
  5
318A
330
2F74
100
AcDbEntity
  8
PIN_BOTTOM
100
AcDbPolyline
 90
        4
 70
     1
 43
0.0
 10
-31.31413600000001
 20
2.895346
 10
-31.31413600000001
 20
4.698746000000001
 10
-31.61893600000001
 20
4.698746000000001
 10
-31.61893600000001
 20
2.895346
  0
LWPOLYLINE
  5
318B
330
2F74
100
AcDbEntity
  8
PIN_BOTTOM
100
AcDbPolyline
 90
        4
 70
     1
 43
0.0
 10
-31.81426200000001
 20
2.895346
 10
-31.81426200000001
 20
4.698746000000001
 10
-32.11906200000001
 20
4.698746000000001
 10
-32.11906200000001
 20
2.895346
  0
LWPOLYLINE
  5
318C
330
2F74
100
AcDbEntity
  8
PIN_BOTTOM
100
AcDbPolyline
 90
        4
 70
     1
 43
0.0
 10
-32.31438800000001
 20
2.895346
 10
-32.31438800000001
 20
4.698746000000001
 10
-32.61918800000001
 20
4.698746000000001
 10
-32.61918800000001
 20
2.895346
  0
LWPOLYLINE
  5
318D
330
2F74
100
AcDbEntity
  8
PIN_BOTTOM
100
AcDbPolyline
 90
        4
 70
     1
 43
0.0
 10
-32.81426000000001
 20
2.895346
 10
-32.81426000000001
 20
4.698746000000001
 10
-33.11906
 20
4.698746000000001
 10
-33.11906
 20
2.895346
  0
LWPOLYLINE
  5
318E
330
2F74
100
AcDbEntity
  8
PIN_BOTTOM
100
AcDbPolyline
 90
        4
 70
     1
 43
0.0
 10
-33.314132
 20
2.895346
 10
-33.314132
 20
4.698746000000001
 10
-33.618932
 20
4.698746000000001
 10
-33.618932
 20
2.895346
  0
LWPOLYLINE
  5
318F
330
2F74
100
AcDbEntity
  8
PIN_BOTTOM
100
AcDbPolyline
 90
        4
 70
     1
 43
0.0
 10
-33.81425800000001
 20
2.895346
 10
-33.81425800000001
 20
4.698746000000001
 10
-34.119058
 20
4.698746000000001
 10
-34.119058
 20
2.895346
  0
LWPOLYLINE
  5
3190
330
2F74
100
AcDbEntity
  8
PIN_BOTTOM
100
AcDbPolyline
 90
        4
 70
     1
 43
0.0
 10
-34.31438400000001
 20
2.895346
 10
-34.31438400000001
 20
4.698746000000001
 10
-34.619184
 20
4.698746000000001
 10
-34.619184
 20
2.895346
  0
LWPOLYLINE
  5
3191
330
2F74
100
AcDbEntity
  8
PIN_BOTTOM
100
AcDbPolyline
 90
        4
 70
     1
 43
0.0
 10
-34.814256
 20
2.895346
 10
-34.814256
 20
4.698746000000001
 10
-35.119056
 20
4.698746000000001
 10
-35.119056
 20
2.895346
  0
LWPOLYLINE
  5
3192
330
2F74
100
AcDbEntity
  8
PIN_BOTTOM
100
AcDbPolyline
 90
        4
 70
     1
 43
0.0
 10
-35.314128
 20
2.895346
 10
-35.314128
 20
4.698746000000001
 10
-35.61892800000001
 20
4.698746000000001
 10
-35.61892800000001
 20
2.895346
  0
LWPOLYLINE
  5
3193
330
2F74
100
AcDbEntity
  8
PIN_BOTTOM
100
AcDbPolyline
 90
        4
 70
     1
 43
0.0
 10
-35.814254
 20
2.895346
 10
-35.814254
 20
4.698746000000001
 10
-36.11905400000001
 20
4.698746000000001
 10
-36.11905400000001
 20
2.895346
  0
LWPOLYLINE
  5
3194
330
2F74
100
AcDbEntity
  8
PIN_BOTTOM
100
AcDbPolyline
 90
        4
 70
     1
 43
0.0
 10
-36.31438
 20
2.895346
 10
-36.31438
 20
4.698746000000001
 10
-36.61918
 20
4.698746000000001
 10
-36.61918
 20
2.895346
  0
LWPOLYLINE
  5
3195
330
2F74
100
AcDbEntity
  8
PIN_BOTTOM
100
AcDbPolyline
 90
        4
 70
     1
 43
0.0
 10
-36.814252
 20
2.895346
 10
-36.814252
 20
4.698746000000001
 10
-37.119052
 20
4.698746000000001
 10
-37.119052
 20
2.895346
  0
LWPOLYLINE
  5
3196
330
2F74
100
AcDbEntity
  8
PIN_BOTTOM
100
AcDbPolyline
 90
        4
 70
     1
 43
0.0
 10
-37.31412400000001
 20
2.895346
 10
-37.31412400000001
 20
4.698746000000001
 10
-37.61892400000001
 20
4.698746000000001
 10
-37.61892400000001
 20
2.895346
  0
LWPOLYLINE
  5
3197
330
2F74
100
AcDbEntity
  8
PIN_BOTTOM
100
AcDbPolyline
 90
        4
 70
     1
 43
0.0
 10
-37.81425
 20
2.895346
 10
-37.81425
 20
4.698746000000001
 10
-38.11905
 20
4.698746000000001
 10
-38.11905
 20
2.895346
  0
LWPOLYLINE
  5
3198
330
2F74
100
AcDbEntity
  8
PIN_BOTTOM
100
AcDbPolyline
 90
        4
 70
     1
 43
0.0
 10
-38.314376
 20
2.895346
 10
-38.314376
 20
4.698746000000001
 10
-38.619176
 20
4.698746000000001
 10
-38.619176
 20
2.895346
  0
LWPOLYLINE
  5
3199
330
2F74
100
AcDbEntity
  8
PIN_BOTTOM
100
AcDbPolyline
 90
        4
 70
     1
 43
0.0
 10
-38.81424800000001
 20
2.895346
 10
-38.81424800000001
 20
4.698746000000001
 10
-39.11904800000001
 20
4.698746000000001
 10
-39.11904800000001
 20
2.895346
  0
LWPOLYLINE
  5
319A
330
2F74
100
AcDbEntity
  8
PIN_BOTTOM
100
AcDbPolyline
 90
        4
 70
     1
 43
0.0
 10
-39.31412
 20
2.895346
 10
-39.31412
 20
4.698746000000001
 10
-39.61892
 20
4.698746000000001
 10
-39.61892
 20
2.895346
  0
LWPOLYLINE
  5
319B
330
2F74
100
AcDbEntity
  8
PIN_BOTTOM
100
AcDbPolyline
 90
        4
 70
     1
 43
0.0
 10
-39.814246
 20
2.895346
 10
-39.814246
 20
4.698746000000001
 10
-40.119046
 20
4.698746000000001
 10
-40.119046
 20
2.895346
  0
LWPOLYLINE
  5
319C
330
2F74
100
AcDbEntity
  8
PIN_BOTTOM
100
AcDbPolyline
 90
        4
 70
     1
 43
0.0
 10
-40.314372
 20
2.895346
 10
-40.314372
 20
4.698746000000001
 10
-40.619172
 20
4.698746000000001
 10
-40.619172
 20
2.895346
  0
LWPOLYLINE
  5
319D
330
2F74
100
AcDbEntity
  8
PIN_BOTTOM
100
AcDbPolyline
 90
        4
 70
     1
 43
0.0
 10
-40.814244
 20
2.895346
 10
-40.814244
 20
4.698746000000001
 10
-41.119044
 20
4.698746000000001
 10
-41.119044
 20
2.895346
  0
LWPOLYLINE
  5
319E
330
2F74
100
AcDbEntity
  8
PIN_BOTTOM
100
AcDbPolyline
 90
        4
 70
     1
 43
0.0
 10
-41.314116
 20
2.895346
 10
-41.314116
 20
4.698746000000001
 10
-41.618916
 20
4.698746000000001
 10
-41.618916
 20
2.895346
  0
LWPOLYLINE
  5
319F
330
2F74
100
AcDbEntity
  8
PIN_BOTTOM
100
AcDbPolyline
 90
        4
 70
     1
 43
0.0
 10
-41.81424200000001
 20
2.895346
 10
-41.81424200000001
 20
4.698746000000001
 10
-42.11904200000001
 20
4.698746000000001
 10
-42.11904200000001
 20
2.895346
  0
LWPOLYLINE
  5
31A0
330
2F74
100
AcDbEntity
  8
PIN_BOTTOM
100
AcDbPolyline
 90
        4
 70
     1
 43
0.0
 10
-42.31436799999999
 20
2.895346
 10
-42.31436799999999
 20
4.698746000000001
 10
-42.619168
 20
4.698746000000001
 10
-42.619168
 20
2.895346
  0
LWPOLYLINE
  5
31A1
330
2F74
100
AcDbEntity
  8
PIN_BOTTOM
100
AcDbPolyline
 90
        4
 70
     1
 43
0.0
 10
-42.81424
 20
2.895346
 10
-42.81424
 20
4.698746000000001
 10
-43.11904000000001
 20
4.698746000000001
 10
-43.11904000000001
 20
2.895346
  0
LWPOLYLINE
  5
31A2
330
2F74
100
AcDbEntity
  8
PIN_BOTTOM
100
AcDbPolyline
 90
        4
 70
     1
 43
0.0
 10
-43.314366
 20
2.895346
 10
-43.314366
 20
4.698746000000001
 10
-43.619166
 20
4.698746000000001
 10
-43.619166
 20
2.895346
  0
LWPOLYLINE
  5
31A3
330
2F74
100
AcDbEntity
  8
PIN_BOTTOM
100
AcDbPolyline
 90
        4
 70
     1
 43
0.0
 10
-43.814238
 20
2.895346
 10
-43.814238
 20
4.698746000000001
 10
-44.119038
 20
4.698746000000001
 10
-44.119038
 20
2.895346
  0
LWPOLYLINE
  5
31A4
330
2F74
100
AcDbEntity
  8
PIN_BOTTOM
100
AcDbPolyline
 90
        4
 70
     1
 43
0.0
 10
-44.314364
 20
2.895346
 10
-44.314364
 20
4.698746000000001
 10
-44.619164
 20
4.698746000000001
 10
-44.619164
 20
2.895346
  0
LWPOLYLINE
  5
31A5
330
2F74
100
AcDbEntity
  8
PIN_BOTTOM
100
AcDbPolyline
 90
        4
 70
     1
 43
0.0
 10
-44.81423600000001
 20
2.895346
 10
-44.81423600000001
 20
4.698746000000001
 10
-45.11903600000001
 20
4.698746000000001
 10
-45.11903600000001
 20
2.895346
  0
LWPOLYLINE
  5
31A6
330
2F74
100
AcDbEntity
  8
PIN_BOTTOM
100
AcDbPolyline
 90
        4
 70
     1
 43
0.0
 10
-45.314362
 20
2.895346
 10
-45.314362
 20
4.698746000000001
 10
-45.619162
 20
4.698746000000001
 10
-45.619162
 20
2.895346
  0
CIRCLE
  5
31A7
330
2F74
100
AcDbEntity
  8
PIN_BOTTOM
100
AcDbCircle
 10
-46.41672200000001
 20
27.191716
 30
0.0
 40
0.29972
  0
CIRCLE
  5
31A8
330
2F74
100
AcDbEntity
  8
PIN_BOTTOM
100
AcDbCircle
 10
-27.516582
 20
27.191716
 30
0.0
 40
0.29972
  0
LWPOLYLINE
  5
31A9
330
2F74
100
AcDbEntity
  8
PIN_BOTTOM
100
AcDbPolyline
 90
        4
 70
     1
 43
0.0
 10
-28.31414200000001
 20
25.539954
 10
-28.31414200000001
 20
27.343354
 10
-28.618942
 20
27.343354
 10
-28.618942
 20
25.539954
  0
LWPOLYLINE
  5
31AA
330
2F74
100
AcDbEntity
  8
PIN_BOTTOM
100
AcDbPolyline
 90
        4
 70
     1
 43
0.0
 10
-28.81426800000001
 20
25.539954
 10
-28.81426800000001
 20
27.343354
 10
-29.119068
 20
27.343354
 10
-29.119068
 20
25.539954
  0
LWPOLYLINE
  5
31AB
330
2F74
100
AcDbEntity
  8
PIN_BOTTOM
100
AcDbPolyline
 90
        4
 70
     1
 43
0.0
 10
-29.31414000000001
 20
25.539954
 10
-29.31414000000001
 20
27.343354
 10
-29.61894000000001
 20
27.343354
 10
-29.61894000000001
 20
25.539954
  0
LWPOLYLINE
  5
31AC
330
2F74
100
AcDbEntity
  8
PIN_BOTTOM
100
AcDbPolyline
 90
        4
 70
     1
 43
0.0
 10
-29.81426600000001
 20
25.539954
 10
-29.81426600000001
 20
27.343354
 10
-30.11906600000001
 20
27.343354
 10
-30.11906600000001
 20
25.539954
  0
LWPOLYLINE
  5
31AD
330
2F74
100
AcDbEntity
  8
PIN_BOTTOM
100
AcDbPolyline
 90
        4
 70
     1
 43
0.0
 10
-30.31413800000001
 20
25.539954
 10
-30.31413800000001
 20
27.343354
 10
-30.618938
 20
27.343354
 10
-30.618938
 20
25.539954
  0
LWPOLYLINE
  5
31AE
330
2F74
100
AcDbEntity
  8
PIN_BOTTOM
100
AcDbPolyline
 90
        4
 70
     1
 43
0.0
 10
-30.81426400000001
 20
25.539954
 10
-30.81426400000001
 20
27.343354
 10
-31.119064
 20
27.343354
 10
-31.119064
 20
25.539954
  0
LWPOLYLINE
  5
31AF
330
2F74
100
AcDbEntity
  8
PIN_BOTTOM
100
AcDbPolyline
 90
        4
 70
     1
 43
0.0
 10
-31.31413600000001
 20
25.539954
 10
-31.31413600000001
 20
27.343354
 10
-31.61893600000001
 20
27.343354
 10
-31.61893600000001
 20
25.539954
  0
LWPOLYLINE
  5
31B0
330
2F74
100
AcDbEntity
  8
PIN_BOTTOM
100
AcDbPolyline
 90
        4
 70
     1
 43
0.0
 10
-31.81426200000001
 20
25.539954
 10
-31.81426200000001
 20
27.343354
 10
-32.11906200000001
 20
27.343354
 10
-32.11906200000001
 20
25.539954
  0
LWPOLYLINE
  5
31B1
330
2F74
100
AcDbEntity
  8
PIN_BOTTOM
100
AcDbPolyline
 90
        4
 70
     1
 43
0.0
 10
-32.31438800000001
 20
25.539954
 10
-32.31438800000001
 20
27.343354
 10
-32.61918800000001
 20
27.343354
 10
-32.61918800000001
 20
25.539954
  0
LWPOLYLINE
  5
31B2
330
2F74
100
AcDbEntity
  8
PIN_BOTTOM
100
AcDbPolyline
 90
        4
 70
     1
 43
0.0
 10
-32.81426000000001
 20
25.539954
 10
-32.81426000000001
 20
27.343354
 10
-33.11906
 20
27.343354
 10
-33.11906
 20
25.539954
  0
LWPOLYLINE
  5
31B3
330
2F74
100
AcDbEntity
  8
PIN_BOTTOM
100
AcDbPolyline
 90
        4
 70
     1
 43
0.0
 10
-33.314132
 20
25.539954
 10
-33.314132
 20
27.343354
 10
-33.618932
 20
27.343354
 10
-33.618932
 20
25.539954
  0
LWPOLYLINE
  5
31B4
330
2F74
100
AcDbEntity
  8
PIN_BOTTOM
100
AcDbPolyline
 90
        4
 70
     1
 43
0.0
 10
-33.81425800000001
 20
25.539954
 10
-33.81425800000001
 20
27.343354
 10
-34.119058
 20
27.343354
 10
-34.119058
 20
25.539954
  0
LWPOLYLINE
  5
31B5
330
2F74
100
AcDbEntity
  8
PIN_BOTTOM
100
AcDbPolyline
 90
        4
 70
     1
 43
0.0
 10
-34.31438400000001
 20
25.539954
 10
-34.31438400000001
 20
27.343354
 10
-34.619184
 20
27.343354
 10
-34.619184
 20
25.539954
  0
LWPOLYLINE
  5
31B6
330
2F74
100
AcDbEntity
  8
PIN_BOTTOM
100
AcDbPolyline
 90
        4
 70
     1
 43
0.0
 10
-34.814256
 20
25.539954
 10
-34.814256
 20
27.343354
 10
-35.119056
 20
27.343354
 10
-35.119056
 20
25.539954
  0
LWPOLYLINE
  5
31B7
330
2F74
100
AcDbEntity
  8
PIN_BOTTOM
100
AcDbPolyline
 90
        4
 70
     1
 43
0.0
 10
-35.314128
 20
25.539954
 10
-35.314128
 20
27.343354
 10
-35.61892800000001
 20
27.343354
 10
-35.61892800000001
 20
25.539954
  0
LWPOLYLINE
  5
31B8
330
2F74
100
AcDbEntity
  8
PIN_BOTTOM
100
AcDbPolyline
 90
        4
 70
     1
 43
0.0
 10
-35.814254
 20
25.539954
 10
-35.814254
 20
27.343354
 10
-36.11905400000001
 20
27.343354
 10
-36.11905400000001
 20
25.539954
  0
LWPOLYLINE
  5
31B9
330
2F74
100
AcDbEntity
  8
PIN_BOTTOM
100
AcDbPolyline
 90
        4
 70
     1
 43
0.0
 10
-36.31438
 20
25.539954
 10
-36.31438
 20
27.343354
 10
-36.61918
 20
27.343354
 10
-36.61918
 20
25.539954
  0
LWPOLYLINE
  5
31BA
330
2F74
100
AcDbEntity
  8
PIN_BOTTOM
100
AcDbPolyline
 90
        4
 70
     1
 43
0.0
 10
-36.814252
 20
25.539954
 10
-36.814252
 20
27.343354
 10
-37.119052
 20
27.343354
 10
-37.119052
 20
25.539954
  0
LWPOLYLINE
  5
31BB
330
2F74
100
AcDbEntity
  8
PIN_BOTTOM
100
AcDbPolyline
 90
        4
 70
     1
 43
0.0
 10
-37.31412400000001
 20
25.539954
 10
-37.31412400000001
 20
27.343354
 10
-37.61892400000001
 20
27.343354
 10
-37.61892400000001
 20
25.539954
  0
LWPOLYLINE
  5
31BC
330
2F74
100
AcDbEntity
  8
PIN_BOTTOM
100
AcDbPolyline
 90
        4
 70
     1
 43
0.0
 10
-37.81425
 20
25.539954
 10
-37.81425
 20
27.343354
 10
-38.11905
 20
27.343354
 10
-38.11905
 20
25.539954
  0
LWPOLYLINE
  5
31BD
330
2F74
100
AcDbEntity
  8
PIN_BOTTOM
100
AcDbPolyline
 90
        4
 70
     1
 43
0.0
 10
-38.314376
 20
25.539954
 10
-38.314376
 20
27.343354
 10
-38.619176
 20
27.343354
 10
-38.619176
 20
25.539954
  0
LWPOLYLINE
  5
31BE
330
2F74
100
AcDbEntity
  8
PIN_BOTTOM
100
AcDbPolyline
 90
        4
 70
     1
 43
0.0
 10
-38.81424800000001
 20
25.539954
 10
-38.81424800000001
 20
27.343354
 10
-39.11904800000001
 20
27.343354
 10
-39.11904800000001
 20
25.539954
  0
LWPOLYLINE
  5
31BF
330
2F74
100
AcDbEntity
  8
PIN_BOTTOM
100
AcDbPolyline
 90
        4
 70
     1
 43
0.0
 10
-39.31412
 20
25.539954
 10
-39.31412
 20
27.343354
 10
-39.61892
 20
27.343354
 10
-39.61892
 20
25.539954
  0
LWPOLYLINE
  5
31C0
330
2F74
100
AcDbEntity
  8
PIN_BOTTOM
100
AcDbPolyline
 90
        4
 70
     1
 43
0.0
 10
-39.814246
 20
25.539954
 10
-39.814246
 20
27.343354
 10
-40.119046
 20
27.343354
 10
-40.119046
 20
25.539954
  0
LWPOLYLINE
  5
31C1
330
2F74
100
AcDbEntity
  8
PIN_BOTTOM
100
AcDbPolyline
 90
        4
 70
     1
 43
0.0
 10
-40.314372
 20
25.539954
 10
-40.314372
 20
27.343354
 10
-40.619172
 20
27.343354
 10
-40.619172
 20
25.539954
  0
LWPOLYLINE
  5
31C2
330
2F74
100
AcDbEntity
  8
PIN_BOTTOM
100
AcDbPolyline
 90
        4
 70
     1
 43
0.0
 10
-40.814244
 20
25.539954
 10
-40.814244
 20
27.343354
 10
-41.119044
 20
27.343354
 10
-41.119044
 20
25.539954
  0
LWPOLYLINE
  5
31C3
330
2F74
100
AcDbEntity
  8
PIN_BOTTOM
100
AcDbPolyline
 90
        4
 70
     1
 43
0.0
 10
-41.314116
 20
25.539954
 10
-41.314116
 20
27.343354
 10
-41.618916
 20
27.343354
 10
-41.618916
 20
25.539954
  0
LWPOLYLINE
  5
31C4
330
2F74
100
AcDbEntity
  8
PIN_BOTTOM
100
AcDbPolyline
 90
        4
 70
     1
 43
0.0
 10
-41.81424200000001
 20
25.539954
 10
-41.81424200000001
 20
27.343354
 10
-42.11904200000001
 20
27.343354
 10
-42.11904200000001
 20
25.539954
  0
LWPOLYLINE
  5
31C5
330
2F74
100
AcDbEntity
  8
PIN_BOTTOM
100
AcDbPolyline
 90
        4
 70
     1
 43
0.0
 10
-42.31436799999999
 20
25.539954
 10
-42.31436799999999
 20
27.343354
 10
-42.619168
 20
27.343354
 10
-42.619168
 20
25.539954
  0
LWPOLYLINE
  5
31C6
330
2F74
100
AcDbEntity
  8
PIN_BOTTOM
100
AcDbPolyline
 90
        4
 70
     1
 43
0.0
 10
-42.81424
 20
25.539954
 10
-42.81424
 20
27.343354
 10
-43.11904000000001
 20
27.343354
 10
-43.11904000000001
 20
25.539954
  0
LWPOLYLINE
  5
31C7
330
2F74
100
AcDbEntity
  8
PIN_BOTTOM
100
AcDbPolyline
 90
        4
 70
     1
 43
0.0
 10
-43.314366
 20
25.539954
 10
-43.314366
 20
27.343354
 10
-43.619166
 20
27.343354
 10
-43.619166
 20
25.539954
  0
LWPOLYLINE
  5
31C8
330
2F74
100
AcDbEntity
  8
PIN_BOTTOM
100
AcDbPolyline
 90
        4
 70
     1
 43
0.0
 10
-43.814238
 20
25.539954
 10
-43.814238
 20
27.343354
 10
-44.119038
 20
27.343354
 10
-44.119038
 20
25.539954
  0
LWPOLYLINE
  5
31C9
330
2F74
100
AcDbEntity
  8
PIN_BOTTOM
100
AcDbPolyline
 90
        4
 70
     1
 43
0.0
 10
-44.314364
 20
25.539954
 10
-44.314364
 20
27.343354
 10
-44.619164
 20
27.343354
 10
-44.619164
 20
25.539954
  0
LWPOLYLINE
  5
31CA
330
2F74
100
AcDbEntity
  8
PIN_BOTTOM
100
AcDbPolyline
 90
        4
 70
     1
 43
0.0
 10
-44.81423600000001
 20
25.539954
 10
-44.81423600000001
 20
27.343354
 10
-45.11903600000001
 20
27.343354
 10
-45.11903600000001
 20
25.539954
  0
LWPOLYLINE
  5
31CB
330
2F74
100
AcDbEntity
  8
PIN_BOTTOM
100
AcDbPolyline
 90
        4
 70
     1
 43
0.0
 10
-45.314362
 20
25.539954
 10
-45.314362
 20
27.343354
 10
-45.619162
 20
27.343354
 10
-45.619162
 20
25.539954
  0
LWPOLYLINE
  5
31CC
330
2F74
100
AcDbEntity
  8
PIN_BOTTOM
100
AcDbPolyline
 90
        4
 70
     1
 43
0.0
 10
-28.31414200000001
 20
29.539946
 10
-28.31414200000001
 20
31.343346
 10
-28.618942
 20
31.343346
 10
-28.618942
 20
29.539946
  0
LWPOLYLINE
  5
31CD
330
2F74
100
AcDbEntity
  8
PIN_BOTTOM
100
AcDbPolyline
 90
        4
 70
     1
 43
0.0
 10
-28.81426800000001
 20
29.539946
 10
-28.81426800000001
 20
31.343346
 10
-29.119068
 20
31.343346
 10
-29.119068
 20
29.539946
  0
LWPOLYLINE
  5
31CE
330
2F74
100
AcDbEntity
  8
PIN_BOTTOM
100
AcDbPolyline
 90
        4
 70
     1
 43
0.0
 10
-29.31414000000001
 20
29.539946
 10
-29.31414000000001
 20
31.343346
 10
-29.61894000000001
 20
31.343346
 10
-29.61894000000001
 20
29.539946
  0
LWPOLYLINE
  5
31CF
330
2F74
100
AcDbEntity
  8
PIN_BOTTOM
100
AcDbPolyline
 90
        4
 70
     1
 43
0.0
 10
-29.81426600000001
 20
29.539946
 10
-29.81426600000001
 20
31.343346
 10
-30.11906600000001
 20
31.343346
 10
-30.11906600000001
 20
29.539946
  0
LWPOLYLINE
  5
31D0
330
2F74
100
AcDbEntity
  8
PIN_BOTTOM
100
AcDbPolyline
 90
        4
 70
     1
 43
0.0
 10
-30.31413800000001
 20
29.539946
 10
-30.31413800000001
 20
31.343346
 10
-30.618938
 20
31.343346
 10
-30.618938
 20
29.539946
  0
LWPOLYLINE
  5
31D1
330
2F74
100
AcDbEntity
  8
PIN_BOTTOM
100
AcDbPolyline
 90
        4
 70
     1
 43
0.0
 10
-30.81426400000001
 20
29.539946
 10
-30.81426400000001
 20
31.343346
 10
-31.119064
 20
31.343346
 10
-31.119064
 20
29.539946
  0
LWPOLYLINE
  5
31D2
330
2F74
100
AcDbEntity
  8
PIN_BOTTOM
100
AcDbPolyline
 90
        4
 70
     1
 43
0.0
 10
-31.31413600000001
 20
29.539946
 10
-31.31413600000001
 20
31.343346
 10
-31.61893600000001
 20
31.343346
 10
-31.61893600000001
 20
29.539946
  0
LWPOLYLINE
  5
31D3
330
2F74
100
AcDbEntity
  8
PIN_BOTTOM
100
AcDbPolyline
 90
        4
 70
     1
 43
0.0
 10
-31.81426200000001
 20
29.539946
 10
-31.81426200000001
 20
31.343346
 10
-32.11906200000001
 20
31.343346
 10
-32.11906200000001
 20
29.539946
  0
LWPOLYLINE
  5
31D4
330
2F74
100
AcDbEntity
  8
PIN_BOTTOM
100
AcDbPolyline
 90
        4
 70
     1
 43
0.0
 10
-32.31438800000001
 20
29.539946
 10
-32.31438800000001
 20
31.343346
 10
-32.61918800000001
 20
31.343346
 10
-32.61918800000001
 20
29.539946
  0
LWPOLYLINE
  5
31D5
330
2F74
100
AcDbEntity
  8
PIN_BOTTOM
100
AcDbPolyline
 90
        4
 70
     1
 43
0.0
 10
-32.81426000000001
 20
29.539946
 10
-32.81426000000001
 20
31.343346
 10
-33.11906
 20
31.343346
 10
-33.11906
 20
29.539946
  0
LWPOLYLINE
  5
31D6
330
2F74
100
AcDbEntity
  8
PIN_BOTTOM
100
AcDbPolyline
 90
        4
 70
     1
 43
0.0
 10
-33.314132
 20
29.539946
 10
-33.314132
 20
31.343346
 10
-33.618932
 20
31.343346
 10
-33.618932
 20
29.539946
  0
LWPOLYLINE
  5
31D7
330
2F74
100
AcDbEntity
  8
PIN_BOTTOM
100
AcDbPolyline
 90
        4
 70
     1
 43
0.0
 10
-33.81425800000001
 20
29.539946
 10
-33.81425800000001
 20
31.343346
 10
-34.119058
 20
31.343346
 10
-34.119058
 20
29.539946
  0
LWPOLYLINE
  5
31D8
330
2F74
100
AcDbEntity
  8
PIN_BOTTOM
100
AcDbPolyline
 90
        4
 70
     1
 43
0.0
 10
-34.31438400000001
 20
29.539946
 10
-34.31438400000001
 20
31.343346
 10
-34.619184
 20
31.343346
 10
-34.619184
 20
29.539946
  0
LWPOLYLINE
  5
31D9
330
2F74
100
AcDbEntity
  8
PIN_BOTTOM
100
AcDbPolyline
 90
        4
 70
     1
 43
0.0
 10
-34.814256
 20
29.539946
 10
-34.814256
 20
31.343346
 10
-35.119056
 20
31.343346
 10
-35.119056
 20
29.539946
  0
LWPOLYLINE
  5
31DA
330
2F74
100
AcDbEntity
  8
PIN_BOTTOM
100
AcDbPolyline
 90
        4
 70
     1
 43
0.0
 10
-35.314128
 20
29.539946
 10
-35.314128
 20
31.343346
 10
-35.61892800000001
 20
31.343346
 10
-35.61892800000001
 20
29.539946
  0
LWPOLYLINE
  5
31DB
330
2F74
100
AcDbEntity
  8
PIN_BOTTOM
100
AcDbPolyline
 90
        4
 70
     1
 43
0.0
 10
-35.814254
 20
29.539946
 10
-35.814254
 20
31.343346
 10
-36.11905400000001
 20
31.343346
 10
-36.11905400000001
 20
29.539946
  0
LWPOLYLINE
  5
31DC
330
2F74
100
AcDbEntity
  8
PIN_BOTTOM
100
AcDbPolyline
 90
        4
 70
     1
 43
0.0
 10
-36.31438
 20
29.539946
 10
-36.31438
 20
31.343346
 10
-36.61918
 20
31.343346
 10
-36.61918
 20
29.539946
  0
LWPOLYLINE
  5
31DD
330
2F74
100
AcDbEntity
  8
PIN_BOTTOM
100
AcDbPolyline
 90
        4
 70
     1
 43
0.0
 10
-36.814252
 20
29.539946
 10
-36.814252
 20
31.343346
 10
-37.119052
 20
31.343346
 10
-37.119052
 20
29.539946
  0
LWPOLYLINE
  5
31DE
330
2F74
100
AcDbEntity
  8
PIN_BOTTOM
100
AcDbPolyline
 90
        4
 70
     1
 43
0.0
 10
-37.31412400000001
 20
29.539946
 10
-37.31412400000001
 20
31.343346
 10
-37.61892400000001
 20
31.343346
 10
-37.61892400000001
 20
29.539946
  0
LWPOLYLINE
  5
31DF
330
2F74
100
AcDbEntity
  8
PIN_BOTTOM
100
AcDbPolyline
 90
        4
 70
     1
 43
0.0
 10
-37.81425
 20
29.539946
 10
-37.81425
 20
31.343346
 10
-38.11905
 20
31.343346
 10
-38.11905
 20
29.539946
  0
LWPOLYLINE
  5
31E0
330
2F74
100
AcDbEntity
  8
PIN_BOTTOM
100
AcDbPolyline
 90
        4
 70
     1
 43
0.0
 10
-38.314376
 20
29.539946
 10
-38.314376
 20
31.343346
 10
-38.619176
 20
31.343346
 10
-38.619176
 20
29.539946
  0
LWPOLYLINE
  5
31E1
330
2F74
100
AcDbEntity
  8
PIN_BOTTOM
100
AcDbPolyline
 90
        4
 70
     1
 43
0.0
 10
-38.81424800000001
 20
29.539946
 10
-38.81424800000001
 20
31.343346
 10
-39.11904800000001
 20
31.343346
 10
-39.11904800000001
 20
29.539946
  0
LWPOLYLINE
  5
31E2
330
2F74
100
AcDbEntity
  8
PIN_BOTTOM
100
AcDbPolyline
 90
        4
 70
     1
 43
0.0
 10
-39.31412
 20
29.539946
 10
-39.31412
 20
31.343346
 10
-39.61892
 20
31.343346
 10
-39.61892
 20
29.539946
  0
LWPOLYLINE
  5
31E3
330
2F74
100
AcDbEntity
  8
PIN_BOTTOM
100
AcDbPolyline
 90
        4
 70
     1
 43
0.0
 10
-39.814246
 20
29.539946
 10
-39.814246
 20
31.343346
 10
-40.119046
 20
31.343346
 10
-40.119046
 20
29.539946
  0
LWPOLYLINE
  5
31E4
330
2F74
100
AcDbEntity
  8
PIN_BOTTOM
100
AcDbPolyline
 90
        4
 70
     1
 43
0.0
 10
-40.314372
 20
29.539946
 10
-40.314372
 20
31.343346
 10
-40.619172
 20
31.343346
 10
-40.619172
 20
29.539946
  0
LWPOLYLINE
  5
31E5
330
2F74
100
AcDbEntity
  8
PIN_BOTTOM
100
AcDbPolyline
 90
        4
 70
     1
 43
0.0
 10
-40.814244
 20
29.539946
 10
-40.814244
 20
31.343346
 10
-41.119044
 20
31.343346
 10
-41.119044
 20
29.539946
  0
LWPOLYLINE
  5
31E6
330
2F74
100
AcDbEntity
  8
PIN_BOTTOM
100
AcDbPolyline
 90
        4
 70
     1
 43
0.0
 10
-41.314116
 20
29.539946
 10
-41.314116
 20
31.343346
 10
-41.618916
 20
31.343346
 10
-41.618916
 20
29.539946
  0
LWPOLYLINE
  5
31E7
330
2F74
100
AcDbEntity
  8
PIN_BOTTOM
100
AcDbPolyline
 90
        4
 70
     1
 43
0.0
 10
-41.81424200000001
 20
29.539946
 10
-41.81424200000001
 20
31.343346
 10
-42.11904200000001
 20
31.343346
 10
-42.11904200000001
 20
29.539946
  0
LWPOLYLINE
  5
31E8
330
2F74
100
AcDbEntity
  8
PIN_BOTTOM
100
AcDbPolyline
 90
        4
 70
     1
 43
0.0
 10
-42.31436799999999
 20
29.539946
 10
-42.31436799999999
 20
31.343346
 10
-42.619168
 20
31.343346
 10
-42.619168
 20
29.539946
  0
LWPOLYLINE
  5
31E9
330
2F74
100
AcDbEntity
  8
PIN_BOTTOM
100
AcDbPolyline
 90
        4
 70
     1
 43
0.0
 10
-42.81424
 20
29.539946
 10
-42.81424
 20
31.343346
 10
-43.11904000000001
 20
31.343346
 10
-43.11904000000001
 20
29.539946
  0
LWPOLYLINE
  5
31EA
330
2F74
100
AcDbEntity
  8
PIN_BOTTOM
100
AcDbPolyline
 90
        4
 70
     1
 43
0.0
 10
-43.314366
 20
29.539946
 10
-43.314366
 20
31.343346
 10
-43.619166
 20
31.343346
 10
-43.619166
 20
29.539946
  0
LWPOLYLINE
  5
31EB
330
2F74
100
AcDbEntity
  8
PIN_BOTTOM
100
AcDbPolyline
 90
        4
 70
     1
 43
0.0
 10
-43.814238
 20
29.539946
 10
-43.814238
 20
31.343346
 10
-44.119038
 20
31.343346
 10
-44.119038
 20
29.539946
  0
LWPOLYLINE
  5
31EC
330
2F74
100
AcDbEntity
  8
PIN_BOTTOM
100
AcDbPolyline
 90
        4
 70
     1
 43
0.0
 10
-44.314364
 20
29.539946
 10
-44.314364
 20
31.343346
 10
-44.619164
 20
31.343346
 10
-44.619164
 20
29.539946
  0
LWPOLYLINE
  5
31ED
330
2F74
100
AcDbEntity
  8
PIN_BOTTOM
100
AcDbPolyline
 90
        4
 70
     1
 43
0.0
 10
-44.81423600000001
 20
29.539946
 10
-44.81423600000001
 20
31.343346
 10
-45.11903600000001
 20
31.343346
 10
-45.11903600000001
 20
29.539946
  0
LWPOLYLINE
  5
31EE
330
2F74
100
AcDbEntity
  8
PIN_BOTTOM
100
AcDbPolyline
 90
        4
 70
     1
 43
0.0
 10
-45.314362
 20
29.539946
 10
-45.314362
 20
31.343346
 10
-45.619162
 20
31.343346
 10
-45.619162
 20
29.539946
  0
CIRCLE
  5
31EF
330
2F74
100
AcDbEntity
  8
PIN_BOTTOM
100
AcDbCircle
 10
-5.799582
 20
0.5471160000000004
 30
0.0
 40
0.29972
  0
CIRCLE
  5
31F0
330
2F74
100
AcDbEntity
  8
PIN_BOTTOM
100
AcDbCircle
 10
-24.69972200000001
 20
0.5471160000000004
 30
0.0
 40
0.29972
  0
LWPOLYLINE
  5
31F1
330
2F74
100
AcDbEntity
  8
PIN_BOTTOM
100
AcDbPolyline
 90
        4
 70
     1
 43
0.0
 10
-6.597142000000005
 20
-1.104645999999999
 10
-6.597142000000005
 20
0.6987540000000001
 10
-6.901942000000005
 20
0.6987540000000001
 10
-6.901942000000005
 20
-1.104645999999999
  0
LWPOLYLINE
  5
31F2
330
2F74
100
AcDbEntity
  8
PIN_BOTTOM
100
AcDbPolyline
 90
        4
 70
     1
 43
0.0
 10
-7.097267999999999
 20
-1.104645999999999
 10
-7.097267999999999
 20
0.6987540000000001
 10
-7.402067999999999
 20
0.6987540000000001
 10
-7.402067999999999
 20
-1.104645999999999
  0
LWPOLYLINE
  5
31F3
330
2F74
100
AcDbEntity
  8
PIN_BOTTOM
100
AcDbPolyline
 90
        4
 70
     1
 43
0.0
 10
-7.597140000000003
 20
-1.104645999999999
 10
-7.597140000000003
 20
0.6987540000000001
 10
-7.901940000000003
 20
0.6987540000000001
 10
-7.901940000000003
 20
-1.104645999999999
  0
LWPOLYLINE
  5
31F4
330
2F74
100
AcDbEntity
  8
PIN_BOTTOM
100
AcDbPolyline
 90
        4
 70
     1
 43
0.0
 10
-8.097266000000004
 20
-1.104645999999999
 10
-8.097266000000004
 20
0.6987540000000001
 10
-8.402066000000004
 20
0.6987540000000001
 10
-8.402066000000004
 20
-1.104645999999999
  0
LWPOLYLINE
  5
31F5
330
2F74
100
AcDbEntity
  8
PIN_BOTTOM
100
AcDbPolyline
 90
        4
 70
     1
 43
0.0
 10
-8.597138000000001
 20
-1.104645999999999
 10
-8.597138000000001
 20
0.6987540000000001
 10
-8.901938000000001
 20
0.6987540000000001
 10
-8.901938000000001
 20
-1.104645999999999
  0
LWPOLYLINE
  5
31F6
330
2F74
100
AcDbEntity
  8
PIN_BOTTOM
100
AcDbPolyline
 90
        4
 70
     1
 43
0.0
 10
-9.097264000000002
 20
-1.104645999999999
 10
-9.097264000000002
 20
0.6987540000000001
 10
-9.402064000000002
 20
0.6987540000000001
 10
-9.402064000000002
 20
-1.104645999999999
  0
LWPOLYLINE
  5
31F7
330
2F74
100
AcDbEntity
  8
PIN_BOTTOM
100
AcDbPolyline
 90
        4
 70
     1
 43
0.0
 10
-9.597136000000006
 20
-1.104645999999999
 10
-9.597136000000006
 20
0.6987540000000001
 10
-9.901936000000006
 20
0.6987540000000001
 10
-9.901936000000006
 20
-1.104645999999999
  0
LWPOLYLINE
  5
31F8
330
2F74
100
AcDbEntity
  8
PIN_BOTTOM
100
AcDbPolyline
 90
        4
 70
     1
 43
0.0
 10
-10.097262
 20
-1.104645999999999
 10
-10.097262
 20
0.6987540000000001
 10
-10.402062
 20
0.6987540000000001
 10
-10.402062
 20
-1.104645999999999
  0
LWPOLYLINE
  5
31F9
330
2F74
100
AcDbEntity
  8
PIN_BOTTOM
100
AcDbPolyline
 90
        4
 70
     1
 43
0.0
 10
-10.597388
 20
-1.104645999999999
 10
-10.597388
 20
0.6987540000000001
 10
-10.902188
 20
0.6987540000000001
 10
-10.902188
 20
-1.104645999999999
  0
LWPOLYLINE
  5
31FA
330
2F74
100
AcDbEntity
  8
PIN_BOTTOM
100
AcDbPolyline
 90
        4
 70
     1
 43
0.0
 10
-11.09726
 20
-1.104645999999999
 10
-11.09726
 20
0.6987540000000001
 10
-11.40206
 20
0.6987540000000001
 10
-11.40206
 20
-1.104645999999999
  0
LWPOLYLINE
  5
31FB
330
2F74
100
AcDbEntity
  8
PIN_BOTTOM
100
AcDbPolyline
 90
        4
 70
     1
 43
0.0
 10
-11.597132
 20
-1.104645999999999
 10
-11.597132
 20
0.6987540000000001
 10
-11.901932
 20
0.6987540000000001
 10
-11.901932
 20
-1.104645999999999
  0
LWPOLYLINE
  5
31FC
330
2F74
100
AcDbEntity
  8
PIN_BOTTOM
100
AcDbPolyline
 90
        4
 70
     1
 43
0.0
 10
-12.097258
 20
-1.104645999999999
 10
-12.097258
 20
0.6987540000000001
 10
-12.402058
 20
0.6987540000000001
 10
-12.402058
 20
-1.104645999999999
  0
LWPOLYLINE
  5
31FD
330
2F74
100
AcDbEntity
  8
PIN_BOTTOM
100
AcDbPolyline
 90
        4
 70
     1
 43
0.0
 10
-12.597384
 20
-1.104645999999999
 10
-12.597384
 20
0.6987540000000001
 10
-12.902184
 20
0.6987540000000001
 10
-12.902184
 20
-1.104645999999999
  0
LWPOLYLINE
  5
31FE
330
2F74
100
AcDbEntity
  8
PIN_BOTTOM
100
AcDbPolyline
 90
        4
 70
     1
 43
0.0
 10
-13.097256
 20
-1.104645999999999
 10
-13.097256
 20
0.6987540000000001
 10
-13.402056
 20
0.6987540000000001
 10
-13.402056
 20
-1.104645999999999
  0
LWPOLYLINE
  5
31FF
330
2F74
100
AcDbEntity
  8
PIN_BOTTOM
100
AcDbPolyline
 90
        4
 70
     1
 43
0.0
 10
-13.597128
 20
-1.104645999999999
 10
-13.597128
 20
0.6987540000000001
 10
-13.901928
 20
0.6987540000000001
 10
-13.901928
 20
-1.104645999999999
  0
LWPOLYLINE
  5
3200
330
2F74
100
AcDbEntity
  8
PIN_BOTTOM
100
AcDbPolyline
 90
        4
 70
     1
 43
0.0
 10
-14.09725400000001
 20
-1.104645999999999
 10
-14.09725400000001
 20
0.6987540000000001
 10
-14.40205400000001
 20
0.6987540000000001
 10
-14.40205400000001
 20
-1.104645999999999
  0
LWPOLYLINE
  5
3201
330
2F74
100
AcDbEntity
  8
PIN_BOTTOM
100
AcDbPolyline
 90
        4
 70
     1
 43
0.0
 10
-14.59738000000001
 20
-1.104645999999999
 10
-14.59738000000001
 20
0.6987540000000001
 10
-14.90218000000001
 20
0.6987540000000001
 10
-14.90218000000001
 20
-1.104645999999999
  0
LWPOLYLINE
  5
3202
330
2F74
100
AcDbEntity
  8
PIN_BOTTOM
100
AcDbPolyline
 90
        4
 70
     1
 43
0.0
 10
-15.097252
 20
-1.104645999999999
 10
-15.097252
 20
0.6987540000000001
 10
-15.402052
 20
0.6987540000000001
 10
-15.402052
 20
-1.104645999999999
  0
LWPOLYLINE
  5
3203
330
2F74
100
AcDbEntity
  8
PIN_BOTTOM
100
AcDbPolyline
 90
        4
 70
     1
 43
0.0
 10
-15.597124
 20
-1.104645999999999
 10
-15.597124
 20
0.6987540000000001
 10
-15.901924
 20
0.6987540000000001
 10
-15.901924
 20
-1.104645999999999
  0
LWPOLYLINE
  5
3204
330
2F74
100
AcDbEntity
  8
PIN_BOTTOM
100
AcDbPolyline
 90
        4
 70
     1
 43
0.0
 10
-16.09725
 20
-1.104645999999999
 10
-16.09725
 20
0.6987540000000001
 10
-16.40205
 20
0.6987540000000001
 10
-16.40205
 20
-1.104645999999999
  0
LWPOLYLINE
  5
3205
330
2F74
100
AcDbEntity
  8
PIN_BOTTOM
100
AcDbPolyline
 90
        4
 70
     1
 43
0.0
 10
-16.597376
 20
-1.104645999999999
 10
-16.597376
 20
0.6987540000000001
 10
-16.902176
 20
0.6987540000000001
 10
-16.902176
 20
-1.104645999999999
  0
LWPOLYLINE
  5
3206
330
2F74
100
AcDbEntity
  8
PIN_BOTTOM
100
AcDbPolyline
 90
        4
 70
     1
 43
0.0
 10
-17.09724800000001
 20
-1.104645999999999
 10
-17.09724800000001
 20
0.6987540000000001
 10
-17.402048
 20
0.6987540000000001
 10
-17.402048
 20
-1.104645999999999
  0
LWPOLYLINE
  5
3207
330
2F74
100
AcDbEntity
  8
PIN_BOTTOM
100
AcDbPolyline
 90
        4
 70
     1
 43
0.0
 10
-17.59712
 20
-1.104645999999999
 10
-17.59712
 20
0.6987540000000001
 10
-17.90192
 20
0.6987540000000001
 10
-17.90192
 20
-1.104645999999999
  0
LWPOLYLINE
  5
3208
330
2F74
100
AcDbEntity
  8
PIN_BOTTOM
100
AcDbPolyline
 90
        4
 70
     1
 43
0.0
 10
-18.097246
 20
-1.104645999999999
 10
-18.097246
 20
0.6987540000000001
 10
-18.402046
 20
0.6987540000000001
 10
-18.402046
 20
-1.104645999999999
  0
LWPOLYLINE
  5
3209
330
2F74
100
AcDbEntity
  8
PIN_BOTTOM
100
AcDbPolyline
 90
        4
 70
     1
 43
0.0
 10
-18.59737200000001
 20
-1.104645999999999
 10
-18.59737200000001
 20
0.6987540000000001
 10
-18.90217200000001
 20
0.6987540000000001
 10
-18.90217200000001
 20
-1.104645999999999
  0
LWPOLYLINE
  5
320A
330
2F74
100
AcDbEntity
  8
PIN_BOTTOM
100
AcDbPolyline
 90
        4
 70
     1
 43
0.0
 10
-19.097244
 20
-1.104645999999999
 10
-19.097244
 20
0.6987540000000001
 10
-19.402044
 20
0.6987540000000001
 10
-19.402044
 20
-1.104645999999999
  0
LWPOLYLINE
  5
320B
330
2F74
100
AcDbEntity
  8
PIN_BOTTOM
100
AcDbPolyline
 90
        4
 70
     1
 43
0.0
 10
-19.59711600000001
 20
-1.104645999999999
 10
-19.59711600000001
 20
0.6987540000000001
 10
-19.90191600000001
 20
0.6987540000000001
 10
-19.90191600000001
 20
-1.104645999999999
  0
LWPOLYLINE
  5
320C
330
2F74
100
AcDbEntity
  8
PIN_BOTTOM
100
AcDbPolyline
 90
        4
 70
     1
 43
0.0
 10
-20.09724200000001
 20
-1.104645999999999
 10
-20.09724200000001
 20
0.6987540000000001
 10
-20.40204200000001
 20
0.6987540000000001
 10
-20.40204200000001
 20
-1.104645999999999
  0
LWPOLYLINE
  5
320D
330
2F74
100
AcDbEntity
  8
PIN_BOTTOM
100
AcDbPolyline
 90
        4
 70
     1
 43
0.0
 10
-20.597368
 20
-1.104645999999999
 10
-20.597368
 20
0.6987540000000001
 10
-20.902168
 20
0.6987540000000001
 10
-20.902168
 20
-1.104645999999999
  0
LWPOLYLINE
  5
320E
330
2F74
100
AcDbEntity
  8
PIN_BOTTOM
100
AcDbPolyline
 90
        4
 70
     1
 43
0.0
 10
-21.09724000000001
 20
-1.104645999999999
 10
-21.09724000000001
 20
0.6987540000000001
 10
-21.40204000000001
 20
0.6987540000000001
 10
-21.40204000000001
 20
-1.104645999999999
  0
LWPOLYLINE
  5
320F
330
2F74
100
AcDbEntity
  8
PIN_BOTTOM
100
AcDbPolyline
 90
        4
 70
     1
 43
0.0
 10
-21.59736600000001
 20
-1.104645999999999
 10
-21.59736600000001
 20
0.6987540000000001
 10
-21.90216600000001
 20
0.6987540000000001
 10
-21.90216600000001
 20
-1.104645999999999
  0
LWPOLYLINE
  5
3210
330
2F74
100
AcDbEntity
  8
PIN_BOTTOM
100
AcDbPolyline
 90
        4
 70
     1
 43
0.0
 10
-22.097238
 20
-1.104645999999999
 10
-22.097238
 20
0.6987540000000001
 10
-22.40203800000001
 20
0.6987540000000001
 10
-22.40203800000001
 20
-1.104645999999999
  0
LWPOLYLINE
  5
3211
330
2F74
100
AcDbEntity
  8
PIN_BOTTOM
100
AcDbPolyline
 90
        4
 70
     1
 43
0.0
 10
-22.597364
 20
-1.104645999999999
 10
-22.597364
 20
0.6987540000000001
 10
-22.902164
 20
0.6987540000000001
 10
-22.902164
 20
-1.104645999999999
  0
LWPOLYLINE
  5
3212
330
2F74
100
AcDbEntity
  8
PIN_BOTTOM
100
AcDbPolyline
 90
        4
 70
     1
 43
0.0
 10
-23.09723600000001
 20
-1.104645999999999
 10
-23.09723600000001
 20
0.6987540000000001
 10
-23.40203600000001
 20
0.6987540000000001
 10
-23.40203600000001
 20
-1.104645999999999
  0
LWPOLYLINE
  5
3213
330
2F74
100
AcDbEntity
  8
PIN_BOTTOM
100
AcDbPolyline
 90
        4
 70
     1
 43
0.0
 10
-23.597362
 20
-1.104645999999999
 10
-23.597362
 20
0.6987540000000001
 10
-23.902162
 20
0.6987540000000001
 10
-23.902162
 20
-1.104645999999999
  0
LWPOLYLINE
  5
3214
330
2F74
100
AcDbEntity
  8
PIN_BOTTOM
100
AcDbPolyline
 90
        4
 70
     1
 43
0.0
 10
-6.597142000000005
 20
2.895346
 10
-6.597142000000005
 20
4.698746000000001
 10
-6.901942000000005
 20
4.698746000000001
 10
-6.901942000000005
 20
2.895346
  0
LWPOLYLINE
  5
3215
330
2F74
100
AcDbEntity
  8
PIN_BOTTOM
100
AcDbPolyline
 90
        4
 70
     1
 43
0.0
 10
-7.097267999999999
 20
2.895346
 10
-7.097267999999999
 20
4.698746000000001
 10
-7.402067999999999
 20
4.698746000000001
 10
-7.402067999999999
 20
2.895346
  0
LWPOLYLINE
  5
3216
330
2F74
100
AcDbEntity
  8
PIN_BOTTOM
100
AcDbPolyline
 90
        4
 70
     1
 43
0.0
 10
-7.597140000000003
 20
2.895346
 10
-7.597140000000003
 20
4.698746000000001
 10
-7.901940000000003
 20
4.698746000000001
 10
-7.901940000000003
 20
2.895346
  0
LWPOLYLINE
  5
3217
330
2F74
100
AcDbEntity
  8
PIN_BOTTOM
100
AcDbPolyline
 90
        4
 70
     1
 43
0.0
 10
-8.097266000000004
 20
2.895346
 10
-8.097266000000004
 20
4.698746000000001
 10
-8.402066000000004
 20
4.698746000000001
 10
-8.402066000000004
 20
2.895346
  0
LWPOLYLINE
  5
3218
330
2F74
100
AcDbEntity
  8
PIN_BOTTOM
100
AcDbPolyline
 90
        4
 70
     1
 43
0.0
 10
-8.597138000000001
 20
2.895346
 10
-8.597138000000001
 20
4.698746000000001
 10
-8.901938000000001
 20
4.698746000000001
 10
-8.901938000000001
 20
2.895346
  0
LWPOLYLINE
  5
3219
330
2F74
100
AcDbEntity
  8
PIN_BOTTOM
100
AcDbPolyline
 90
        4
 70
     1
 43
0.0
 10
-9.097264000000002
 20
2.895346
 10
-9.097264000000002
 20
4.698746000000001
 10
-9.402064000000002
 20
4.698746000000001
 10
-9.402064000000002
 20
2.895346
  0
LWPOLYLINE
  5
321A
330
2F74
100
AcDbEntity
  8
PIN_BOTTOM
100
AcDbPolyline
 90
        4
 70
     1
 43
0.0
 10
-9.597136000000006
 20
2.895346
 10
-9.597136000000006
 20
4.698746000000001
 10
-9.901936000000006
 20
4.698746000000001
 10
-9.901936000000006
 20
2.895346
  0
LWPOLYLINE
  5
321B
330
2F74
100
AcDbEntity
  8
PIN_BOTTOM
100
AcDbPolyline
 90
        4
 70
     1
 43
0.0
 10
-10.097262
 20
2.895346
 10
-10.097262
 20
4.698746000000001
 10
-10.402062
 20
4.698746000000001
 10
-10.402062
 20
2.895346
  0
LWPOLYLINE
  5
321C
330
2F74
100
AcDbEntity
  8
PIN_BOTTOM
100
AcDbPolyline
 90
        4
 70
     1
 43
0.0
 10
-10.597388
 20
2.895346
 10
-10.597388
 20
4.698746000000001
 10
-10.902188
 20
4.698746000000001
 10
-10.902188
 20
2.895346
  0
LWPOLYLINE
  5
321D
330
2F74
100
AcDbEntity
  8
PIN_BOTTOM
100
AcDbPolyline
 90
        4
 70
     1
 43
0.0
 10
-11.09726
 20
2.895346
 10
-11.09726
 20
4.698746000000001
 10
-11.40206
 20
4.698746000000001
 10
-11.40206
 20
2.895346
  0
LWPOLYLINE
  5
321E
330
2F74
100
AcDbEntity
  8
PIN_BOTTOM
100
AcDbPolyline
 90
        4
 70
     1
 43
0.0
 10
-11.597132
 20
2.895346
 10
-11.597132
 20
4.698746000000001
 10
-11.901932
 20
4.698746000000001
 10
-11.901932
 20
2.895346
  0
LWPOLYLINE
  5
321F
330
2F74
100
AcDbEntity
  8
PIN_BOTTOM
100
AcDbPolyline
 90
        4
 70
     1
 43
0.0
 10
-12.097258
 20
2.895346
 10
-12.097258
 20
4.698746000000001
 10
-12.402058
 20
4.698746000000001
 10
-12.402058
 20
2.895346
  0
LWPOLYLINE
  5
3220
330
2F74
100
AcDbEntity
  8
PIN_BOTTOM
100
AcDbPolyline
 90
        4
 70
     1
 43
0.0
 10
-12.597384
 20
2.895346
 10
-12.597384
 20
4.698746000000001
 10
-12.902184
 20
4.698746000000001
 10
-12.902184
 20
2.895346
  0
LWPOLYLINE
  5
3221
330
2F74
100
AcDbEntity
  8
PIN_BOTTOM
100
AcDbPolyline
 90
        4
 70
     1
 43
0.0
 10
-13.097256
 20
2.895346
 10
-13.097256
 20
4.698746000000001
 10
-13.402056
 20
4.698746000000001
 10
-13.402056
 20
2.895346
  0
LWPOLYLINE
  5
3222
330
2F74
100
AcDbEntity
  8
PIN_BOTTOM
100
AcDbPolyline
 90
        4
 70
     1
 43
0.0
 10
-13.597128
 20
2.895346
 10
-13.597128
 20
4.698746000000001
 10
-13.901928
 20
4.698746000000001
 10
-13.901928
 20
2.895346
  0
LWPOLYLINE
  5
3223
330
2F74
100
AcDbEntity
  8
PIN_BOTTOM
100
AcDbPolyline
 90
        4
 70
     1
 43
0.0
 10
-14.09725400000001
 20
2.895346
 10
-14.09725400000001
 20
4.698746000000001
 10
-14.40205400000001
 20
4.698746000000001
 10
-14.40205400000001
 20
2.895346
  0
LWPOLYLINE
  5
3224
330
2F74
100
AcDbEntity
  8
PIN_BOTTOM
100
AcDbPolyline
 90
        4
 70
     1
 43
0.0
 10
-14.59738000000001
 20
2.895346
 10
-14.59738000000001
 20
4.698746000000001
 10
-14.90218000000001
 20
4.698746000000001
 10
-14.90218000000001
 20
2.895346
  0
LWPOLYLINE
  5
3225
330
2F74
100
AcDbEntity
  8
PIN_BOTTOM
100
AcDbPolyline
 90
        4
 70
     1
 43
0.0
 10
-15.097252
 20
2.895346
 10
-15.097252
 20
4.698746000000001
 10
-15.402052
 20
4.698746000000001
 10
-15.402052
 20
2.895346
  0
LWPOLYLINE
  5
3226
330
2F74
100
AcDbEntity
  8
PIN_BOTTOM
100
AcDbPolyline
 90
        4
 70
     1
 43
0.0
 10
-15.597124
 20
2.895346
 10
-15.597124
 20
4.698746000000001
 10
-15.901924
 20
4.698746000000001
 10
-15.901924
 20
2.895346
  0
LWPOLYLINE
  5
3227
330
2F74
100
AcDbEntity
  8
PIN_BOTTOM
100
AcDbPolyline
 90
        4
 70
     1
 43
0.0
 10
-16.09725
 20
2.895346
 10
-16.09725
 20
4.698746000000001
 10
-16.40205
 20
4.698746000000001
 10
-16.40205
 20
2.895346
  0
LWPOLYLINE
  5
3228
330
2F74
100
AcDbEntity
  8
PIN_BOTTOM
100
AcDbPolyline
 90
        4
 70
     1
 43
0.0
 10
-16.597376
 20
2.895346
 10
-16.597376
 20
4.698746000000001
 10
-16.902176
 20
4.698746000000001
 10
-16.902176
 20
2.895346
  0
LWPOLYLINE
  5
3229
330
2F74
100
AcDbEntity
  8
PIN_BOTTOM
100
AcDbPolyline
 90
        4
 70
     1
 43
0.0
 10
-17.09724800000001
 20
2.895346
 10
-17.09724800000001
 20
4.698746000000001
 10
-17.402048
 20
4.698746000000001
 10
-17.402048
 20
2.895346
  0
LWPOLYLINE
  5
322A
330
2F74
100
AcDbEntity
  8
PIN_BOTTOM
100
AcDbPolyline
 90
        4
 70
     1
 43
0.0
 10
-17.59712
 20
2.895346
 10
-17.59712
 20
4.698746000000001
 10
-17.90192
 20
4.698746000000001
 10
-17.90192
 20
2.895346
  0
LWPOLYLINE
  5
322B
330
2F74
100
AcDbEntity
  8
PIN_BOTTOM
100
AcDbPolyline
 90
        4
 70
     1
 43
0.0
 10
-18.097246
 20
2.895346
 10
-18.097246
 20
4.698746000000001
 10
-18.402046
 20
4.698746000000001
 10
-18.402046
 20
2.895346
  0
LWPOLYLINE
  5
322C
330
2F74
100
AcDbEntity
  8
PIN_BOTTOM
100
AcDbPolyline
 90
        4
 70
     1
 43
0.0
 10
-18.59737200000001
 20
2.895346
 10
-18.59737200000001
 20
4.698746000000001
 10
-18.90217200000001
 20
4.698746000000001
 10
-18.90217200000001
 20
2.895346
  0
LWPOLYLINE
  5
322D
330
2F74
100
AcDbEntity
  8
PIN_BOTTOM
100
AcDbPolyline
 90
        4
 70
     1
 43
0.0
 10
-19.097244
 20
2.895346
 10
-19.097244
 20
4.698746000000001
 10
-19.402044
 20
4.698746000000001
 10
-19.402044
 20
2.895346
  0
LWPOLYLINE
  5
322E
330
2F74
100
AcDbEntity
  8
PIN_BOTTOM
100
AcDbPolyline
 90
        4
 70
     1
 43
0.0
 10
-19.59711600000001
 20
2.895346
 10
-19.59711600000001
 20
4.698746000000001
 10
-19.90191600000001
 20
4.698746000000001
 10
-19.90191600000001
 20
2.895346
  0
LWPOLYLINE
  5
322F
330
2F74
100
AcDbEntity
  8
PIN_BOTTOM
100
AcDbPolyline
 90
        4
 70
     1
 43
0.0
 10
-20.09724200000001
 20
2.895346
 10
-20.09724200000001
 20
4.698746000000001
 10
-20.40204200000001
 20
4.698746000000001
 10
-20.40204200000001
 20
2.895346
  0
LWPOLYLINE
  5
3230
330
2F74
100
AcDbEntity
  8
PIN_BOTTOM
100
AcDbPolyline
 90
        4
 70
     1
 43
0.0
 10
-20.597368
 20
2.895346
 10
-20.597368
 20
4.698746000000001
 10
-20.902168
 20
4.698746000000001
 10
-20.902168
 20
2.895346
  0
LWPOLYLINE
  5
3231
330
2F74
100
AcDbEntity
  8
PIN_BOTTOM
100
AcDbPolyline
 90
        4
 70
     1
 43
0.0
 10
-21.09724000000001
 20
2.895346
 10
-21.09724000000001
 20
4.698746000000001
 10
-21.40204000000001
 20
4.698746000000001
 10
-21.40204000000001
 20
2.895346
  0
LWPOLYLINE
  5
3232
330
2F74
100
AcDbEntity
  8
PIN_BOTTOM
100
AcDbPolyline
 90
        4
 70
     1
 43
0.0
 10
-21.59736600000001
 20
2.895346
 10
-21.59736600000001
 20
4.698746000000001
 10
-21.90216600000001
 20
4.698746000000001
 10
-21.90216600000001
 20
2.895346
  0
LWPOLYLINE
  5
3233
330
2F74
100
AcDbEntity
  8
PIN_BOTTOM
100
AcDbPolyline
 90
        4
 70
     1
 43
0.0
 10
-22.097238
 20
2.895346
 10
-22.097238
 20
4.698746000000001
 10
-22.40203800000001
 20
4.698746000000001
 10
-22.40203800000001
 20
2.895346
  0
LWPOLYLINE
  5
3234
330
2F74
100
AcDbEntity
  8
PIN_BOTTOM
100
AcDbPolyline
 90
        4
 70
     1
 43
0.0
 10
-22.597364
 20
2.895346
 10
-22.597364
 20
4.698746000000001
 10
-22.902164
 20
4.698746000000001
 10
-22.902164
 20
2.895346
  0
LWPOLYLINE
  5
3235
330
2F74
100
AcDbEntity
  8
PIN_BOTTOM
100
AcDbPolyline
 90
        4
 70
     1
 43
0.0
 10
-23.09723600000001
 20
2.895346
 10
-23.09723600000001
 20
4.698746000000001
 10
-23.40203600000001
 20
4.698746000000001
 10
-23.40203600000001
 20
2.895346
  0
LWPOLYLINE
  5
3236
330
2F74
100
AcDbEntity
  8
PIN_BOTTOM
100
AcDbPolyline
 90
        4
 70
     1
 43
0.0
 10
-23.597362
 20
2.895346
 10
-23.597362
 20
4.698746000000001
 10
-23.902162
 20
4.698746000000001
 10
-23.902162
 20
2.895346
  0
CIRCLE
  5
3237
330
2F74
100
AcDbEntity
  8
PIN_BOTTOM
100
AcDbCircle
 10
-5.774182000000003
 20
27.191716
 30
0.0
 40
0.29972
  0
CIRCLE
  5
3238
330
2F74
100
AcDbEntity
  8
PIN_BOTTOM
100
AcDbCircle
 10
-24.67432200000001
 20
27.191716
 30
0.0
 40
0.29972
  0
LWPOLYLINE
  5
3239
330
2F74
100
AcDbEntity
  8
PIN_BOTTOM
100
AcDbPolyline
 90
        4
 70
     1
 43
0.0
 10
-6.571742000000007
 20
25.539954
 10
-6.571742000000007
 20
27.343354
 10
-6.876542000000007
 20
27.343354
 10
-6.876542000000007
 20
25.539954
  0
LWPOLYLINE
  5
323A
330
2F74
100
AcDbEntity
  8
PIN_BOTTOM
100
AcDbPolyline
 90
        4
 70
     1
 43
0.0
 10
-7.071868000000002
 20
25.539954
 10
-7.071868000000002
 20
27.343354
 10
-7.376668000000002
 20
27.343354
 10
-7.376668000000002
 20
25.539954
  0
LWPOLYLINE
  5
323B
330
2F74
100
AcDbEntity
  8
PIN_BOTTOM
100
AcDbPolyline
 90
        4
 70
     1
 43
0.0
 10
-7.571740000000005
 20
25.539954
 10
-7.571740000000005
 20
27.343354
 10
-7.876540000000005
 20
27.343354
 10
-7.876540000000005
 20
25.539954
  0
LWPOLYLINE
  5
323C
330
2F74
100
AcDbEntity
  8
PIN_BOTTOM
100
AcDbPolyline
 90
        4
 70
     1
 43
0.0
 10
-8.071866000000007
 20
25.539954
 10
-8.071866000000007
 20
27.343354
 10
-8.376666000000007
 20
27.343354
 10
-8.376666000000007
 20
25.539954
  0
LWPOLYLINE
  5
323D
330
2F74
100
AcDbEntity
  8
PIN_BOTTOM
100
AcDbPolyline
 90
        4
 70
     1
 43
0.0
 10
-8.571738000000003
 20
25.539954
 10
-8.571738000000003
 20
27.343354
 10
-8.876538000000003
 20
27.343354
 10
-8.876538000000003
 20
25.539954
  0
LWPOLYLINE
  5
323E
330
2F74
100
AcDbEntity
  8
PIN_BOTTOM
100
AcDbPolyline
 90
        4
 70
     1
 43
0.0
 10
-9.071864000000005
 20
25.539954
 10
-9.071864000000005
 20
27.343354
 10
-9.376664000000005
 20
27.343354
 10
-9.376664000000005
 20
25.539954
  0
LWPOLYLINE
  5
323F
330
2F74
100
AcDbEntity
  8
PIN_BOTTOM
100
AcDbPolyline
 90
        4
 70
     1
 43
0.0
 10
-9.571736000000008
 20
25.539954
 10
-9.571736000000008
 20
27.343354
 10
-9.876536000000008
 20
27.343354
 10
-9.876536000000008
 20
25.539954
  0
LWPOLYLINE
  5
3240
330
2F74
100
AcDbEntity
  8
PIN_BOTTOM
100
AcDbPolyline
 90
        4
 70
     1
 43
0.0
 10
-10.071862
 20
25.539954
 10
-10.071862
 20
27.343354
 10
-10.376662
 20
27.343354
 10
-10.376662
 20
25.539954
  0
LWPOLYLINE
  5
3241
330
2F74
100
AcDbEntity
  8
PIN_BOTTOM
100
AcDbPolyline
 90
        4
 70
     1
 43
0.0
 10
-10.571988
 20
25.539954
 10
-10.571988
 20
27.343354
 10
-10.876788
 20
27.343354
 10
-10.876788
 20
25.539954
  0
LWPOLYLINE
  5
3242
330
2F74
100
AcDbEntity
  8
PIN_BOTTOM
100
AcDbPolyline
 90
        4
 70
     1
 43
0.0
 10
-11.07186000000001
 20
25.539954
 10
-11.07186000000001
 20
27.343354
 10
-11.37666000000001
 20
27.343354
 10
-11.37666000000001
 20
25.539954
  0
LWPOLYLINE
  5
3243
330
2F74
100
AcDbEntity
  8
PIN_BOTTOM
100
AcDbPolyline
 90
        4
 70
     1
 43
0.0
 10
-11.571732
 20
25.539954
 10
-11.571732
 20
27.343354
 10
-11.876532
 20
27.343354
 10
-11.876532
 20
25.539954
  0
LWPOLYLINE
  5
3244
330
2F74
100
AcDbEntity
  8
PIN_BOTTOM
100
AcDbPolyline
 90
        4
 70
     1
 43
0.0
 10
-12.071858
 20
25.539954
 10
-12.071858
 20
27.343354
 10
-12.376658
 20
27.343354
 10
-12.376658
 20
25.539954
  0
LWPOLYLINE
  5
3245
330
2F74
100
AcDbEntity
  8
PIN_BOTTOM
100
AcDbPolyline
 90
        4
 70
     1
 43
0.0
 10
-12.57198400000001
 20
25.539954
 10
-12.57198400000001
 20
27.343354
 10
-12.876784
 20
27.343354
 10
-12.876784
 20
25.539954
  0
LWPOLYLINE
  5
3246
330
2F74
100
AcDbEntity
  8
PIN_BOTTOM
100
AcDbPolyline
 90
        4
 70
     1
 43
0.0
 10
-13.071856
 20
25.539954
 10
-13.071856
 20
27.343354
 10
-13.376656
 20
27.343354
 10
-13.376656
 20
25.539954
  0
LWPOLYLINE
  5
3247
330
2F74
100
AcDbEntity
  8
PIN_BOTTOM
100
AcDbPolyline
 90
        4
 70
     1
 43
0.0
 10
-13.571728
 20
25.539954
 10
-13.571728
 20
27.343354
 10
-13.87652800000001
 20
27.343354
 10
-13.87652800000001
 20
25.539954
  0
LWPOLYLINE
  5
3248
330
2F74
100
AcDbEntity
  8
PIN_BOTTOM
100
AcDbPolyline
 90
        4
 70
     1
 43
0.0
 10
-14.07185400000001
 20
25.539954
 10
-14.07185400000001
 20
27.343354
 10
-14.37665400000001
 20
27.343354
 10
-14.37665400000001
 20
25.539954
  0
LWPOLYLINE
  5
3249
330
2F74
100
AcDbEntity
  8
PIN_BOTTOM
100
AcDbPolyline
 90
        4
 70
     1
 43
0.0
 10
-14.57198000000001
 20
25.539954
 10
-14.57198000000001
 20
27.343354
 10
-14.87678000000001
 20
27.343354
 10
-14.87678000000001
 20
25.539954
  0
LWPOLYLINE
  5
324A
330
2F74
100
AcDbEntity
  8
PIN_BOTTOM
100
AcDbPolyline
 90
        4
 70
     1
 43
0.0
 10
-15.07185200000001
 20
25.539954
 10
-15.07185200000001
 20
27.343354
 10
-15.37665200000001
 20
27.343354
 10
-15.37665200000001
 20
25.539954
  0
LWPOLYLINE
  5
324B
330
2F74
100
AcDbEntity
  8
PIN_BOTTOM
100
AcDbPolyline
 90
        4
 70
     1
 43
0.0
 10
-15.571724
 20
25.539954
 10
-15.571724
 20
27.343354
 10
-15.876524
 20
27.343354
 10
-15.876524
 20
25.539954
  0
LWPOLYLINE
  5
324C
330
2F74
100
AcDbEntity
  8
PIN_BOTTOM
100
AcDbPolyline
 90
        4
 70
     1
 43
0.0
 10
-16.07185
 20
25.539954
 10
-16.07185
 20
27.343354
 10
-16.37665
 20
27.343354
 10
-16.37665
 20
25.539954
  0
LWPOLYLINE
  5
324D
330
2F74
100
AcDbEntity
  8
PIN_BOTTOM
100
AcDbPolyline
 90
        4
 70
     1
 43
0.0
 10
-16.57197600000001
 20
25.539954
 10
-16.57197600000001
 20
27.343354
 10
-16.876776
 20
27.343354
 10
-16.876776
 20
25.539954
  0
LWPOLYLINE
  5
324E
330
2F74
100
AcDbEntity
  8
PIN_BOTTOM
100
AcDbPolyline
 90
        4
 70
     1
 43
0.0
 10
-17.07184800000001
 20
25.539954
 10
-17.07184800000001
 20
27.343354
 10
-17.37664800000001
 20
27.343354
 10
-17.37664800000001
 20
25.539954
  0
LWPOLYLINE
  5
324F
330
2F74
100
AcDbEntity
  8
PIN_BOTTOM
100
AcDbPolyline
 90
        4
 70
     1
 43
0.0
 10
-17.57172
 20
25.539954
 10
-17.57172
 20
27.343354
 10
-17.87652
 20
27.343354
 10
-17.87652
 20
25.539954
  0
LWPOLYLINE
  5
3250
330
2F74
100
AcDbEntity
  8
PIN_BOTTOM
100
AcDbPolyline
 90
        4
 70
     1
 43
0.0
 10
-18.07184600000001
 20
25.539954
 10
-18.07184600000001
 20
27.343354
 10
-18.37664600000001
 20
27.343354
 10
-18.37664600000001
 20
25.539954
  0
LWPOLYLINE
  5
3251
330
2F74
100
AcDbEntity
  8
PIN_BOTTOM
100
AcDbPolyline
 90
        4
 70
     1
 43
0.0
 10
-18.571972
 20
25.539954
 10
-18.571972
 20
27.343354
 10
-18.876772
 20
27.343354
 10
-18.876772
 20
25.539954
  0
LWPOLYLINE
  5
3252
330
2F74
100
AcDbEntity
  8
PIN_BOTTOM
100
AcDbPolyline
 90
        4
 70
     1
 43
0.0
 10
-19.071844
 20
25.539954
 10
-19.071844
 20
27.343354
 10
-19.376644
 20
27.343354
 10
-19.376644
 20
25.539954
  0
LWPOLYLINE
  5
3253
330
2F74
100
AcDbEntity
  8
PIN_BOTTOM
100
AcDbPolyline
 90
        4
 70
     1
 43
0.0
 10
-19.57171600000001
 20
25.539954
 10
-19.57171600000001
 20
27.343354
 10
-19.876516
 20
27.343354
 10
-19.876516
 20
25.539954
  0
LWPOLYLINE
  5
3254
330
2F74
100
AcDbEntity
  8
PIN_BOTTOM
100
AcDbPolyline
 90
        4
 70
     1
 43
0.0
 10
-20.07184200000001
 20
25.539954
 10
-20.07184200000001
 20
27.343354
 10
-20.376642
 20
27.343354
 10
-20.376642
 20
25.539954
  0
LWPOLYLINE
  5
3255
330
2F74
100
AcDbEntity
  8
PIN_BOTTOM
100
AcDbPolyline
 90
        4
 70
     1
 43
0.0
 10
-20.57196800000001
 20
25.539954
 10
-20.57196800000001
 20
27.343354
 10
-20.876768
 20
27.343354
 10
-20.876768
 20
25.539954
  0
LWPOLYLINE
  5
3256
330
2F74
100
AcDbEntity
  8
PIN_BOTTOM
100
AcDbPolyline
 90
        4
 70
     1
 43
0.0
 10
-21.07184
 20
25.539954
 10
-21.07184
 20
27.343354
 10
-21.37664
 20
27.343354
 10
-21.37664
 20
25.539954
  0
LWPOLYLINE
  5
3257
330
2F74
100
AcDbEntity
  8
PIN_BOTTOM
100
AcDbPolyline
 90
        4
 70
     1
 43
0.0
 10
-21.571966
 20
25.539954
 10
-21.571966
 20
27.343354
 10
-21.876766
 20
27.343354
 10
-21.876766
 20
25.539954
  0
LWPOLYLINE
  5
3258
330
2F74
100
AcDbEntity
  8
PIN_BOTTOM
100
AcDbPolyline
 90
        4
 70
     1
 43
0.0
 10
-22.071838
 20
25.539954
 10
-22.071838
 20
27.343354
 10
-22.376638
 20
27.343354
 10
-22.376638
 20
25.539954
  0
LWPOLYLINE
  5
3259
330
2F74
100
AcDbEntity
  8
PIN_BOTTOM
100
AcDbPolyline
 90
        4
 70
     1
 43
0.0
 10
-22.571964
 20
25.539954
 10
-22.571964
 20
27.343354
 10
-22.876764
 20
27.343354
 10
-22.876764
 20
25.539954
  0
LWPOLYLINE
  5
325A
330
2F74
100
AcDbEntity
  8
PIN_BOTTOM
100
AcDbPolyline
 90
        4
 70
     1
 43
0.0
 10
-23.07183600000001
 20
25.539954
 10
-23.07183600000001
 20
27.343354
 10
-23.37663600000001
 20
27.343354
 10
-23.37663600000001
 20
25.539954
  0
LWPOLYLINE
  5
325B
330
2F74
100
AcDbEntity
  8
PIN_BOTTOM
100
AcDbPolyline
 90
        4
 70
     1
 43
0.0
 10
-23.571962
 20
25.539954
 10
-23.571962
 20
27.343354
 10
-23.876762
 20
27.343354
 10
-23.876762
 20
25.539954
  0
LWPOLYLINE
  5
325C
330
2F74
100
AcDbEntity
  8
PIN_BOTTOM
100
AcDbPolyline
 90
        4
 70
     1
 43
0.0
 10
-6.571742000000007
 20
29.539946
 10
-6.571742000000007
 20
31.343346
 10
-6.876542000000007
 20
31.343346
 10
-6.876542000000007
 20
29.539946
  0
LWPOLYLINE
  5
325D
330
2F74
100
AcDbEntity
  8
PIN_BOTTOM
100
AcDbPolyline
 90
        4
 70
     1
 43
0.0
 10
-7.071868000000002
 20
29.539946
 10
-7.071868000000002
 20
31.343346
 10
-7.376668000000002
 20
31.343346
 10
-7.376668000000002
 20
29.539946
  0
LWPOLYLINE
  5
325E
330
2F74
100
AcDbEntity
  8
PIN_BOTTOM
100
AcDbPolyline
 90
        4
 70
     1
 43
0.0
 10
-7.571740000000005
 20
29.539946
 10
-7.571740000000005
 20
31.343346
 10
-7.876540000000005
 20
31.343346
 10
-7.876540000000005
 20
29.539946
  0
LWPOLYLINE
  5
325F
330
2F74
100
AcDbEntity
  8
PIN_BOTTOM
100
AcDbPolyline
 90
        4
 70
     1
 43
0.0
 10
-8.071866000000007
 20
29.539946
 10
-8.071866000000007
 20
31.343346
 10
-8.376666000000007
 20
31.343346
 10
-8.376666000000007
 20
29.539946
  0
LWPOLYLINE
  5
3260
330
2F74
100
AcDbEntity
  8
PIN_BOTTOM
100
AcDbPolyline
 90
        4
 70
     1
 43
0.0
 10
-8.571738000000003
 20
29.539946
 10
-8.571738000000003
 20
31.343346
 10
-8.876538000000003
 20
31.343346
 10
-8.876538000000003
 20
29.539946
  0
LWPOLYLINE
  5
3261
330
2F74
100
AcDbEntity
  8
PIN_BOTTOM
100
AcDbPolyline
 90
        4
 70
     1
 43
0.0
 10
-9.071864000000005
 20
29.539946
 10
-9.071864000000005
 20
31.343346
 10
-9.376664000000005
 20
31.343346
 10
-9.376664000000005
 20
29.539946
  0
LWPOLYLINE
  5
3262
330
2F74
100
AcDbEntity
  8
PIN_BOTTOM
100
AcDbPolyline
 90
        4
 70
     1
 43
0.0
 10
-9.571736000000008
 20
29.539946
 10
-9.571736000000008
 20
31.343346
 10
-9.876536000000008
 20
31.343346
 10
-9.876536000000008
 20
29.539946
  0
LWPOLYLINE
  5
3263
330
2F74
100
AcDbEntity
  8
PIN_BOTTOM
100
AcDbPolyline
 90
        4
 70
     1
 43
0.0
 10
-10.071862
 20
29.539946
 10
-10.071862
 20
31.343346
 10
-10.376662
 20
31.343346
 10
-10.376662
 20
29.539946
  0
LWPOLYLINE
  5
3264
330
2F74
100
AcDbEntity
  8
PIN_BOTTOM
100
AcDbPolyline
 90
        4
 70
     1
 43
0.0
 10
-10.571988
 20
29.539946
 10
-10.571988
 20
31.343346
 10
-10.876788
 20
31.343346
 10
-10.876788
 20
29.539946
  0
LWPOLYLINE
  5
3265
330
2F74
100
AcDbEntity
  8
PIN_BOTTOM
100
AcDbPolyline
 90
        4
 70
     1
 43
0.0
 10
-11.07186000000001
 20
29.539946
 10
-11.07186000000001
 20
31.343346
 10
-11.37666000000001
 20
31.343346
 10
-11.37666000000001
 20
29.539946
  0
LWPOLYLINE
  5
3266
330
2F74
100
AcDbEntity
  8
PIN_BOTTOM
100
AcDbPolyline
 90
        4
 70
     1
 43
0.0
 10
-11.571732
 20
29.539946
 10
-11.571732
 20
31.343346
 10
-11.876532
 20
31.343346
 10
-11.876532
 20
29.539946
  0
LWPOLYLINE
  5
3267
330
2F74
100
AcDbEntity
  8
PIN_BOTTOM
100
AcDbPolyline
 90
        4
 70
     1
 43
0.0
 10
-12.071858
 20
29.539946
 10
-12.071858
 20
31.343346
 10
-12.376658
 20
31.343346
 10
-12.376658
 20
29.539946
  0
LWPOLYLINE
  5
3268
330
2F74
100
AcDbEntity
  8
PIN_BOTTOM
100
AcDbPolyline
 90
        4
 70
     1
 43
0.0
 10
-12.57198400000001
 20
29.539946
 10
-12.57198400000001
 20
31.343346
 10
-12.876784
 20
31.343346
 10
-12.876784
 20
29.539946
  0
LWPOLYLINE
  5
3269
330
2F74
100
AcDbEntity
  8
PIN_BOTTOM
100
AcDbPolyline
 90
        4
 70
     1
 43
0.0
 10
-13.071856
 20
29.539946
 10
-13.071856
 20
31.343346
 10
-13.376656
 20
31.343346
 10
-13.376656
 20
29.539946
  0
LWPOLYLINE
  5
326A
330
2F74
100
AcDbEntity
  8
PIN_BOTTOM
100
AcDbPolyline
 90
        4
 70
     1
 43
0.0
 10
-13.571728
 20
29.539946
 10
-13.571728
 20
31.343346
 10
-13.87652800000001
 20
31.343346
 10
-13.87652800000001
 20
29.539946
  0
LWPOLYLINE
  5
326B
330
2F74
100
AcDbEntity
  8
PIN_BOTTOM
100
AcDbPolyline
 90
        4
 70
     1
 43
0.0
 10
-14.07185400000001
 20
29.539946
 10
-14.07185400000001
 20
31.343346
 10
-14.37665400000001
 20
31.343346
 10
-14.37665400000001
 20
29.539946
  0
LWPOLYLINE
  5
326C
330
2F74
100
AcDbEntity
  8
PIN_BOTTOM
100
AcDbPolyline
 90
        4
 70
     1
 43
0.0
 10
-14.57198000000001
 20
29.539946
 10
-14.57198000000001
 20
31.343346
 10
-14.87678000000001
 20
31.343346
 10
-14.87678000000001
 20
29.539946
  0
LWPOLYLINE
  5
326D
330
2F74
100
AcDbEntity
  8
PIN_BOTTOM
100
AcDbPolyline
 90
        4
 70
     1
 43
0.0
 10
-15.07185200000001
 20
29.539946
 10
-15.07185200000001
 20
31.343346
 10
-15.37665200000001
 20
31.343346
 10
-15.37665200000001
 20
29.539946
  0
LWPOLYLINE
  5
326E
330
2F74
100
AcDbEntity
  8
PIN_BOTTOM
100
AcDbPolyline
 90
        4
 70
     1
 43
0.0
 10
-15.571724
 20
29.539946
 10
-15.571724
 20
31.343346
 10
-15.876524
 20
31.343346
 10
-15.876524
 20
29.539946
  0
LWPOLYLINE
  5
326F
330
2F74
100
AcDbEntity
  8
PIN_BOTTOM
100
AcDbPolyline
 90
        4
 70
     1
 43
0.0
 10
-16.07185
 20
29.539946
 10
-16.07185
 20
31.343346
 10
-16.37665
 20
31.343346
 10
-16.37665
 20
29.539946
  0
LWPOLYLINE
  5
3270
330
2F74
100
AcDbEntity
  8
PIN_BOTTOM
100
AcDbPolyline
 90
        4
 70
     1
 43
0.0
 10
-16.57197600000001
 20
29.539946
 10
-16.57197600000001
 20
31.343346
 10
-16.876776
 20
31.343346
 10
-16.876776
 20
29.539946
  0
LWPOLYLINE
  5
3271
330
2F74
100
AcDbEntity
  8
PIN_BOTTOM
100
AcDbPolyline
 90
        4
 70
     1
 43
0.0
 10
-17.07184800000001
 20
29.539946
 10
-17.07184800000001
 20
31.343346
 10
-17.37664800000001
 20
31.343346
 10
-17.37664800000001
 20
29.539946
  0
LWPOLYLINE
  5
3272
330
2F74
100
AcDbEntity
  8
PIN_BOTTOM
100
AcDbPolyline
 90
        4
 70
     1
 43
0.0
 10
-17.57172
 20
29.539946
 10
-17.57172
 20
31.343346
 10
-17.87652
 20
31.343346
 10
-17.87652
 20
29.539946
  0
LWPOLYLINE
  5
3273
330
2F74
100
AcDbEntity
  8
PIN_BOTTOM
100
AcDbPolyline
 90
        4
 70
     1
 43
0.0
 10
-18.07184600000001
 20
29.539946
 10
-18.07184600000001
 20
31.343346
 10
-18.37664600000001
 20
31.343346
 10
-18.37664600000001
 20
29.539946
  0
LWPOLYLINE
  5
3274
330
2F74
100
AcDbEntity
  8
PIN_BOTTOM
100
AcDbPolyline
 90
        4
 70
     1
 43
0.0
 10
-18.571972
 20
29.539946
 10
-18.571972
 20
31.343346
 10
-18.876772
 20
31.343346
 10
-18.876772
 20
29.539946
  0
LWPOLYLINE
  5
3275
330
2F74
100
AcDbEntity
  8
PIN_BOTTOM
100
AcDbPolyline
 90
        4
 70
     1
 43
0.0
 10
-19.071844
 20
29.539946
 10
-19.071844
 20
31.343346
 10
-19.376644
 20
31.343346
 10
-19.376644
 20
29.539946
  0
LWPOLYLINE
  5
3276
330
2F74
100
AcDbEntity
  8
PIN_BOTTOM
100
AcDbPolyline
 90
        4
 70
     1
 43
0.0
 10
-19.57171600000001
 20
29.539946
 10
-19.57171600000001
 20
31.343346
 10
-19.876516
 20
31.343346
 10
-19.876516
 20
29.539946
  0
LWPOLYLINE
  5
3277
330
2F74
100
AcDbEntity
  8
PIN_BOTTOM
100
AcDbPolyline
 90
        4
 70
     1
 43
0.0
 10
-20.07184200000001
 20
29.539946
 10
-20.07184200000001
 20
31.343346
 10
-20.376642
 20
31.343346
 10
-20.376642
 20
29.539946
  0
LWPOLYLINE
  5
3278
330
2F74
100
AcDbEntity
  8
PIN_BOTTOM
100
AcDbPolyline
 90
        4
 70
     1
 43
0.0
 10
-20.57196800000001
 20
29.539946
 10
-20.57196800000001
 20
31.343346
 10
-20.876768
 20
31.343346
 10
-20.876768
 20
29.539946
  0
LWPOLYLINE
  5
3279
330
2F74
100
AcDbEntity
  8
PIN_BOTTOM
100
AcDbPolyline
 90
        4
 70
     1
 43
0.0
 10
-21.07184
 20
29.539946
 10
-21.07184
 20
31.343346
 10
-21.37664
 20
31.343346
 10
-21.37664
 20
29.539946
  0
LWPOLYLINE
  5
327A
330
2F74
100
AcDbEntity
  8
PIN_BOTTOM
100
AcDbPolyline
 90
        4
 70
     1
 43
0.0
 10
-21.571966
 20
29.539946
 10
-21.571966
 20
31.343346
 10
-21.876766
 20
31.343346
 10
-21.876766
 20
29.539946
  0
LWPOLYLINE
  5
327B
330
2F74
100
AcDbEntity
  8
PIN_BOTTOM
100
AcDbPolyline
 90
        4
 70
     1
 43
0.0
 10
-22.071838
 20
29.539946
 10
-22.071838
 20
31.343346
 10
-22.376638
 20
31.343346
 10
-22.376638
 20
29.539946
  0
LWPOLYLINE
  5
327C
330
2F74
100
AcDbEntity
  8
PIN_BOTTOM
100
AcDbPolyline
 90
        4
 70
     1
 43
0.0
 10
-22.571964
 20
29.539946
 10
-22.571964
 20
31.343346
 10
-22.876764
 20
31.343346
 10
-22.876764
 20
29.539946
  0
LWPOLYLINE
  5
327D
330
2F74
100
AcDbEntity
  8
PIN_BOTTOM
100
AcDbPolyline
 90
        4
 70
     1
 43
0.0
 10
-23.07183600000001
 20
29.539946
 10
-23.07183600000001
 20
31.343346
 10
-23.37663600000001
 20
31.343346
 10
-23.37663600000001
 20
29.539946
  0
LWPOLYLINE
  5
327E
330
2F74
100
AcDbEntity
  8
PIN_BOTTOM
100
AcDbPolyline
 90
        4
 70
     1
 43
0.0
 10
-23.571962
 20
29.539946
 10
-23.571962
 20
31.343346
 10
-23.876762
 20
31.343346
 10
-23.876762
 20
29.539946
  0
CIRCLE
  5
327F
330
2F74
100
AcDbEntity
  8
PIN_BOTTOM
100
AcDbCircle
 10
-52.190904
 20
30.213554
 30
0.0
 40
1.905
  0
CIRCLE
  5
3280
330
2F74
100
AcDbEntity
  8
PIN_BOTTOM
100
AcDbCircle
 10
0.0
 20
30.213554
 30
0.0
 40
1.905
  0
CIRCLE
  5
3281
330
2F74
100
AcDbEntity
  8
PIN_BOTTOM
100
AcDbCircle
 10
0.0
 20
0.0
 30
0.0
 40
1.905
  0
CIRCLE
  5
3282
330
2F74
100
AcDbEntity
  8
PIN_BOTTOM
100
AcDbCircle
 10
-52.190904
 20
0.0
 30
0.0
 40
1.905
  0
CIRCLE
  5
3283
330
2F74
100
AcDbEntity
  8
PIN_BOTTOM
100
AcDbCircle
 10
-36.35146400000001
 20
12.06119
 30
0.0
 40
0.14986
  0
CIRCLE
  5
3284
330
2F74
100
AcDbEntity
  8
PIN_BOTTOM
100
AcDbCircle
 10
-36.35146400000001
 20
12.561062
 30
0.0
 40
0.14986
  0
CIRCLE
  5
3285
330
2F74
100
AcDbEntity
  8
PIN_BOTTOM
100
AcDbCircle
 10
-36.35146400000001
 20
13.061188
 30
0.0
 40
0.14986
  0
CIRCLE
  5
3286
330
2F74
100
AcDbEntity
  8
PIN_BOTTOM
100
AcDbCircle
 10
-36.35146400000001
 20
13.56106
 30
0.0
 40
0.14986
  0
CIRCLE
  5
3287
330
2F74
100
AcDbEntity
  8
PIN_BOTTOM
100
AcDbCircle
 10
-36.35146400000001
 20
14.061186
 30
0.0
 40
0.14986
  0
CIRCLE
  5
3288
330
2F74
100
AcDbEntity
  8
PIN_BOTTOM
100
AcDbCircle
 10
-36.35146400000001
 20
14.561058
 30
0.0
 40
0.14986
  0
CIRCLE
  5
3289
330
2F74
100
AcDbEntity
  8
PIN_BOTTOM
100
AcDbCircle
 10
-36.35146400000001
 20
15.061184
 30
0.0
 40
0.14986
  0
CIRCLE
  5
328A
330
2F74
100
AcDbEntity
  8
PIN_BOTTOM
100
AcDbCircle
 10
-36.35146400000001
 20
15.561056
 30
0.0
 40
0.14986
  0
CIRCLE
  5
328B
330
2F74
100
AcDbEntity
  8
PIN_BOTTOM
100
AcDbCircle
 10
-36.35146400000001
 20
16.061182
 30
0.0
 40
0.14986
  0
CIRCLE
  5
328C
330
2F74
100
AcDbEntity
  8
PIN_BOTTOM
100
AcDbCircle
 10
-36.35146400000001
 20
16.561054
 30
0.0
 40
0.14986
  0
CIRCLE
  5
328D
330
2F74
100
AcDbEntity
  8
PIN_BOTTOM
100
AcDbCircle
 10
-36.35146400000001
 20
17.06118
 30
0.0
 40
0.14986
  0
CIRCLE
  5
328E
330
2F74
100
AcDbEntity
  8
PIN_BOTTOM
100
AcDbCircle
 10
-36.35146400000001
 20
17.561052
 30
0.0
 40
0.14986
  0
CIRCLE
  5
328F
330
2F74
100
AcDbEntity
  8
PIN_BOTTOM
100
AcDbCircle
 10
-36.35146400000001
 20
18.061178
 30
0.0
 40
0.14986
  0
LWPOLYLINE
  5
3290
330
2F74
100
AcDbEntity
  8
PIN_BOTTOM
100
AcDbPolyline
 90
        4
 70
     1
 43
0.0
 10
-36.25151500000001
 20
18.511012
 10
-36.25151500000001
 20
18.611088
 42
1.0
 10
-36.45141300000001
 20
18.611088
 10
-36.45141300000001
 20
18.511012
 42
1.0
  0
CIRCLE
  5
3291
330
2F74
100
AcDbEntity
  8
PIN_BOTTOM
100
AcDbCircle
 10
-36.85159
 20
12.06119
 30
0.0
 40
0.14986
  0
CIRCLE
  5
3292
330
2F74
100
AcDbEntity
  8
PIN_BOTTOM
100
AcDbCircle
 10
-36.85159
 20
12.561062
 30
0.0
 40
0.14986
  0
CIRCLE
  5
3293
330
2F74
100
AcDbEntity
  8
PIN_BOTTOM
100
AcDbCircle
 10
-36.85159
 20
13.061188
 30
0.0
 40
0.14986
  0
CIRCLE
  5
3294
330
2F74
100
AcDbEntity
  8
PIN_BOTTOM
100
AcDbCircle
 10
-36.85159
 20
13.56106
 30
0.0
 40
0.14986
  0
CIRCLE
  5
3295
330
2F74
100
AcDbEntity
  8
PIN_BOTTOM
100
AcDbCircle
 10
-36.85159
 20
14.061186
 30
0.0
 40
0.14986
  0
CIRCLE
  5
3296
330
2F74
100
AcDbEntity
  8
PIN_BOTTOM
100
AcDbCircle
 10
-36.85159
 20
14.561058
 30
0.0
 40
0.14986
  0
CIRCLE
  5
3297
330
2F74
100
AcDbEntity
  8
PIN_BOTTOM
100
AcDbCircle
 10
-36.85159
 20
15.061184
 30
0.0
 40
0.14986
  0
CIRCLE
  5
3298
330
2F74
100
AcDbEntity
  8
PIN_BOTTOM
100
AcDbCircle
 10
-36.85159
 20
15.561056
 30
0.0
 40
0.14986
  0
CIRCLE
  5
3299
330
2F74
100
AcDbEntity
  8
PIN_BOTTOM
100
AcDbCircle
 10
-36.85159
 20
16.061182
 30
0.0
 40
0.14986
  0
CIRCLE
  5
329A
330
2F74
100
AcDbEntity
  8
PIN_BOTTOM
100
AcDbCircle
 10
-36.85159
 20
16.561054
 30
0.0
 40
0.14986
  0
CIRCLE
  5
329B
330
2F74
100
AcDbEntity
  8
PIN_BOTTOM
100
AcDbCircle
 10
-36.85159
 20
17.06118
 30
0.0
 40
0.14986
  0
CIRCLE
  5
329C
330
2F74
100
AcDbEntity
  8
PIN_BOTTOM
100
AcDbCircle
 10
-36.85159
 20
17.561052
 30
0.0
 40
0.14986
  0
CIRCLE
  5
329D
330
2F74
100
AcDbEntity
  8
PIN_BOTTOM
100
AcDbCircle
 10
-36.85159
 20
18.061178
 30
0.0
 40
0.14986
  0
LWPOLYLINE
  5
329E
330
2F74
100
AcDbEntity
  8
PIN_BOTTOM
100
AcDbPolyline
 90
        4
 70
     1
 43
0.0
 10
-36.75164100000001
 20
18.511012
 10
-36.75164100000001
 20
18.611088
 42
1.0
 10
-36.95153900000001
 20
18.611088
 10
-36.95153900000001
 20
18.511012
 42
1.0
  0
CIRCLE
  5
329F
330
2F74
100
AcDbEntity
  8
PIN_BOTTOM
100
AcDbCircle
 10
-37.35146200000001
 20
12.06119
 30
0.0
 40
0.14986
  0
CIRCLE
  5
32A0
330
2F74
100
AcDbEntity
  8
PIN_BOTTOM
100
AcDbCircle
 10
-37.35146200000001
 20
12.561062
 30
0.0
 40
0.14986
  0
CIRCLE
  5
32A1
330
2F74
100
AcDbEntity
  8
PIN_BOTTOM
100
AcDbCircle
 10
-37.35146200000001
 20
13.061188
 30
0.0
 40
0.14986
  0
CIRCLE
  5
32A2
330
2F74
100
AcDbEntity
  8
PIN_BOTTOM
100
AcDbCircle
 10
-37.35146200000001
 20
17.561052
 30
0.0
 40
0.14986
  0
CIRCLE
  5
32A3
330
2F74
100
AcDbEntity
  8
PIN_BOTTOM
100
AcDbCircle
 10
-37.35146200000001
 20
18.061178
 30
0.0
 40
0.14986
  0
LWPOLYLINE
  5
32A4
330
2F74
100
AcDbEntity
  8
PIN_BOTTOM
100
AcDbPolyline
 90
        4
 70
     1
 43
0.0
 10
-37.251513
 20
18.511012
 10
-37.251513
 20
18.611088
 42
1.0
 10
-37.45141100000001
 20
18.611088
 10
-37.45141100000001
 20
18.511012
 42
1.0
  0
CIRCLE
  5
32A5
330
2F74
100
AcDbEntity
  8
PIN_BOTTOM
100
AcDbCircle
 10
-37.85158800000001
 20
12.06119
 30
0.0
 40
0.14986
  0
CIRCLE
  5
32A6
330
2F74
100
AcDbEntity
  8
PIN_BOTTOM
100
AcDbCircle
 10
-37.85158800000001
 20
12.561062
 30
0.0
 40
0.14986
  0
CIRCLE
  5
32A7
330
2F74
100
AcDbEntity
  8
PIN_BOTTOM
100
AcDbCircle
 10
-37.85158800000001
 20
13.061188
 30
0.0
 40
0.14986
  0
CIRCLE
  5
32A8
330
2F74
100
AcDbEntity
  8
PIN_BOTTOM
100
AcDbCircle
 10
-37.85158800000001
 20
14.061186
 30
0.0
 40
0.14986
  0
CIRCLE
  5
32A9
330
2F74
100
AcDbEntity
  8
PIN_BOTTOM
100
AcDbCircle
 10
-37.85158800000001
 20
14.561058
 30
0.0
 40
0.14986
  0
CIRCLE
  5
32AA
330
2F74
100
AcDbEntity
  8
PIN_BOTTOM
100
AcDbCircle
 10
-37.85158800000001
 20
15.061184
 30
0.0
 40
0.14986
  0
CIRCLE
  5
32AB
330
2F74
100
AcDbEntity
  8
PIN_BOTTOM
100
AcDbCircle
 10
-37.85158800000001
 20
15.561056
 30
0.0
 40
0.14986
  0
CIRCLE
  5
32AC
330
2F74
100
AcDbEntity
  8
PIN_BOTTOM
100
AcDbCircle
 10
-37.85158800000001
 20
16.061182
 30
0.0
 40
0.14986
  0
CIRCLE
  5
32AD
330
2F74
100
AcDbEntity
  8
PIN_BOTTOM
100
AcDbCircle
 10
-37.85158800000001
 20
16.561054
 30
0.0
 40
0.14986
  0
CIRCLE
  5
32AE
330
2F74
100
AcDbEntity
  8
PIN_BOTTOM
100
AcDbCircle
 10
-37.85158800000001
 20
17.561052
 30
0.0
 40
0.14986
  0
CIRCLE
  5
32AF
330
2F74
100
AcDbEntity
  8
PIN_BOTTOM
100
AcDbCircle
 10
-37.85158800000001
 20
18.061178
 30
0.0
 40
0.14986
  0
LWPOLYLINE
  5
32B0
330
2F74
100
AcDbEntity
  8
PIN_BOTTOM
100
AcDbPolyline
 90
        4
 70
     1
 43
0.0
 10
-37.75163900000001
 20
18.511012
 10
-37.75163900000001
 20
18.611088
 42
1.0
 10
-37.951537
 20
18.611088
 10
-37.951537
 20
18.511012
 42
1.0
  0
CIRCLE
  5
32B1
330
2F74
100
AcDbEntity
  8
PIN_BOTTOM
100
AcDbCircle
 10
-38.35146
 20
12.06119
 30
0.0
 40
0.14986
  0
CIRCLE
  5
32B2
330
2F74
100
AcDbEntity
  8
PIN_BOTTOM
100
AcDbCircle
 10
-38.35146
 20
12.561062
 30
0.0
 40
0.14986
  0
CIRCLE
  5
32B3
330
2F74
100
AcDbEntity
  8
PIN_BOTTOM
100
AcDbCircle
 10
-38.35146
 20
13.061188
 30
0.0
 40
0.14986
  0
CIRCLE
  5
32B4
330
2F74
100
AcDbEntity
  8
PIN_BOTTOM
100
AcDbCircle
 10
-38.35146
 20
14.061186
 30
0.0
 40
0.14986
  0
CIRCLE
  5
32B5
330
2F74
100
AcDbEntity
  8
PIN_BOTTOM
100
AcDbCircle
 10
-38.35146
 20
16.561054
 30
0.0
 40
0.14986
  0
CIRCLE
  5
32B6
330
2F74
100
AcDbEntity
  8
PIN_BOTTOM
100
AcDbCircle
 10
-38.35146
 20
17.561052
 30
0.0
 40
0.14986
  0
CIRCLE
  5
32B7
330
2F74
100
AcDbEntity
  8
PIN_BOTTOM
100
AcDbCircle
 10
-38.35146
 20
18.061178
 30
0.0
 40
0.14986
  0
LWPOLYLINE
  5
32B8
330
2F74
100
AcDbEntity
  8
PIN_BOTTOM
100
AcDbPolyline
 90
        4
 70
     1
 43
0.0
 10
-38.25151100000001
 20
18.511012
 10
-38.25151100000001
 20
18.611088
 42
1.0
 10
-38.451409
 20
18.611088
 10
-38.451409
 20
18.511012
 42
1.0
  0
CIRCLE
  5
32B9
330
2F74
100
AcDbEntity
  8
PIN_BOTTOM
100
AcDbCircle
 10
-38.851586
 20
12.06119
 30
0.0
 40
0.14986
  0
CIRCLE
  5
32BA
330
2F74
100
AcDbEntity
  8
PIN_BOTTOM
100
AcDbCircle
 10
-38.851586
 20
12.561062
 30
0.0
 40
0.14986
  0
CIRCLE
  5
32BB
330
2F74
100
AcDbEntity
  8
PIN_BOTTOM
100
AcDbCircle
 10
-38.851586
 20
13.061188
 30
0.0
 40
0.14986
  0
CIRCLE
  5
32BC
330
2F74
100
AcDbEntity
  8
PIN_BOTTOM
100
AcDbCircle
 10
-38.851586
 20
14.061186
 30
0.0
 40
0.14986
  0
CIRCLE
  5
32BD
330
2F74
100
AcDbEntity
  8
PIN_BOTTOM
100
AcDbCircle
 10
-38.851586
 20
16.561054
 30
0.0
 40
0.14986
  0
CIRCLE
  5
32BE
330
2F74
100
AcDbEntity
  8
PIN_BOTTOM
100
AcDbCircle
 10
-38.851586
 20
17.561052
 30
0.0
 40
0.14986
  0
CIRCLE
  5
32BF
330
2F74
100
AcDbEntity
  8
PIN_BOTTOM
100
AcDbCircle
 10
-38.851586
 20
18.061178
 30
0.0
 40
0.14986
  0
LWPOLYLINE
  5
32C0
330
2F74
100
AcDbEntity
  8
PIN_BOTTOM
100
AcDbPolyline
 90
        4
 70
     1
 43
0.0
 10
-38.751637
 20
18.511012
 10
-38.751637
 20
18.611088
 42
1.0
 10
-38.95153500000001
 20
18.611088
 10
-38.95153500000001
 20
18.511012
 42
1.0
  0
CIRCLE
  5
32C1
330
2F74
100
AcDbEntity
  8
PIN_BOTTOM
100
AcDbCircle
 10
-39.35145800000001
 20
12.06119
 30
0.0
 40
0.14986
  0
CIRCLE
  5
32C2
330
2F74
100
AcDbEntity
  8
PIN_BOTTOM
100
AcDbCircle
 10
-39.35145800000001
 20
12.561062
 30
0.0
 40
0.14986
  0
CIRCLE
  5
32C3
330
2F74
100
AcDbEntity
  8
PIN_BOTTOM
100
AcDbCircle
 10
-39.35145800000001
 20
13.061188
 30
0.0
 40
0.14986
  0
CIRCLE
  5
32C4
330
2F74
100
AcDbEntity
  8
PIN_BOTTOM
100
AcDbCircle
 10
-39.35145800000001
 20
14.061186
 30
0.0
 40
0.14986
  0
CIRCLE
  5
32C5
330
2F74
100
AcDbEntity
  8
PIN_BOTTOM
100
AcDbCircle
 10
-39.35145800000001
 20
16.561054
 30
0.0
 40
0.14986
  0
CIRCLE
  5
32C6
330
2F74
100
AcDbEntity
  8
PIN_BOTTOM
100
AcDbCircle
 10
-39.35145800000001
 20
17.561052
 30
0.0
 40
0.14986
  0
CIRCLE
  5
32C7
330
2F74
100
AcDbEntity
  8
PIN_BOTTOM
100
AcDbCircle
 10
-39.35145800000001
 20
18.061178
 30
0.0
 40
0.14986
  0
LWPOLYLINE
  5
32C8
330
2F74
100
AcDbEntity
  8
PIN_BOTTOM
100
AcDbPolyline
 90
        4
 70
     1
 43
0.0
 10
-39.25150900000001
 20
18.511012
 10
-39.25150900000001
 20
18.611088
 42
1.0
 10
-39.45140700000001
 20
18.611088
 10
-39.45140700000001
 20
18.511012
 42
1.0
  0
CIRCLE
  5
32C9
330
2F74
100
AcDbEntity
  8
PIN_BOTTOM
100
AcDbCircle
 10
-39.851584
 20
12.06119
 30
0.0
 40
0.14986
  0
CIRCLE
  5
32CA
330
2F74
100
AcDbEntity
  8
PIN_BOTTOM
100
AcDbCircle
 10
-39.851584
 20
12.561062
 30
0.0
 40
0.14986
  0
CIRCLE
  5
32CB
330
2F74
100
AcDbEntity
  8
PIN_BOTTOM
100
AcDbCircle
 10
-39.851584
 20
13.061188
 30
0.0
 40
0.14986
  0
CIRCLE
  5
32CC
330
2F74
100
AcDbEntity
  8
PIN_BOTTOM
100
AcDbCircle
 10
-39.851584
 20
14.061186
 30
0.0
 40
0.14986
  0
CIRCLE
  5
32CD
330
2F74
100
AcDbEntity
  8
PIN_BOTTOM
100
AcDbCircle
 10
-39.851584
 20
16.561054
 30
0.0
 40
0.14986
  0
CIRCLE
  5
32CE
330
2F74
100
AcDbEntity
  8
PIN_BOTTOM
100
AcDbCircle
 10
-39.851584
 20
17.561052
 30
0.0
 40
0.14986
  0
CIRCLE
  5
32CF
330
2F74
100
AcDbEntity
  8
PIN_BOTTOM
100
AcDbCircle
 10
-39.851584
 20
18.061178
 30
0.0
 40
0.14986
  0
LWPOLYLINE
  5
32D0
330
2F74
100
AcDbEntity
  8
PIN_BOTTOM
100
AcDbPolyline
 90
        4
 70
     1
 43
0.0
 10
-39.75163500000001
 20
18.511012
 10
-39.75163500000001
 20
18.611088
 42
1.0
 10
-39.95153300000001
 20
18.611088
 10
-39.95153300000001
 20
18.511012
 42
1.0
  0
CIRCLE
  5
32D1
330
2F74
100
AcDbEntity
  8
PIN_BOTTOM
100
AcDbCircle
 10
-40.351456
 20
12.06119
 30
0.0
 40
0.14986
  0
CIRCLE
  5
32D2
330
2F74
100
AcDbEntity
  8
PIN_BOTTOM
100
AcDbCircle
 10
-40.351456
 20
12.561062
 30
0.0
 40
0.14986
  0
CIRCLE
  5
32D3
330
2F74
100
AcDbEntity
  8
PIN_BOTTOM
100
AcDbCircle
 10
-40.351456
 20
13.061188
 30
0.0
 40
0.14986
  0
CIRCLE
  5
32D4
330
2F74
100
AcDbEntity
  8
PIN_BOTTOM
100
AcDbCircle
 10
-40.351456
 20
14.061186
 30
0.0
 40
0.14986
  0
CIRCLE
  5
32D5
330
2F74
100
AcDbEntity
  8
PIN_BOTTOM
100
AcDbCircle
 10
-40.351456
 20
14.561058
 30
0.0
 40
0.14986
  0
CIRCLE
  5
32D6
330
2F74
100
AcDbEntity
  8
PIN_BOTTOM
100
AcDbCircle
 10
-40.351456
 20
15.061184
 30
0.0
 40
0.14986
  0
CIRCLE
  5
32D7
330
2F74
100
AcDbEntity
  8
PIN_BOTTOM
100
AcDbCircle
 10
-40.351456
 20
15.561056
 30
0.0
 40
0.14986
  0
CIRCLE
  5
32D8
330
2F74
100
AcDbEntity
  8
PIN_BOTTOM
100
AcDbCircle
 10
-40.351456
 20
16.061182
 30
0.0
 40
0.14986
  0
CIRCLE
  5
32D9
330
2F74
100
AcDbEntity
  8
PIN_BOTTOM
100
AcDbCircle
 10
-40.351456
 20
16.561054
 30
0.0
 40
0.14986
  0
CIRCLE
  5
32DA
330
2F74
100
AcDbEntity
  8
PIN_BOTTOM
100
AcDbCircle
 10
-40.351456
 20
17.561052
 30
0.0
 40
0.14986
  0
CIRCLE
  5
32DB
330
2F74
100
AcDbEntity
  8
PIN_BOTTOM
100
AcDbCircle
 10
-40.351456
 20
18.061178
 30
0.0
 40
0.14986
  0
LWPOLYLINE
  5
32DC
330
2F74
100
AcDbEntity
  8
PIN_BOTTOM
100
AcDbPolyline
 90
        4
 70
     1
 43
0.0
 10
-40.251507
 20
18.511012
 10
-40.251507
 20
18.611088
 42
1.0
 10
-40.45140500000001
 20
18.611088
 10
-40.45140500000001
 20
18.511012
 42
1.0
  0
CIRCLE
  5
32DD
330
2F74
100
AcDbEntity
  8
PIN_BOTTOM
100
AcDbCircle
 10
-40.85158200000001
 20
12.06119
 30
0.0
 40
0.14986
  0
CIRCLE
  5
32DE
330
2F74
100
AcDbEntity
  8
PIN_BOTTOM
100
AcDbCircle
 10
-40.85158200000001
 20
12.561062
 30
0.0
 40
0.14986
  0
CIRCLE
  5
32DF
330
2F74
100
AcDbEntity
  8
PIN_BOTTOM
100
AcDbCircle
 10
-40.85158200000001
 20
13.061188
 30
0.0
 40
0.14986
  0
CIRCLE
  5
32E0
330
2F74
100
AcDbEntity
  8
PIN_BOTTOM
100
AcDbCircle
 10
-40.85158200000001
 20
17.06118
 30
0.0
 40
0.14986
  0
CIRCLE
  5
32E1
330
2F74
100
AcDbEntity
  8
PIN_BOTTOM
100
AcDbCircle
 10
-40.85158200000001
 20
17.561052
 30
0.0
 40
0.14986
  0
CIRCLE
  5
32E2
330
2F74
100
AcDbEntity
  8
PIN_BOTTOM
100
AcDbCircle
 10
-40.85158200000001
 20
18.061178
 30
0.0
 40
0.14986
  0
LWPOLYLINE
  5
32E3
330
2F74
100
AcDbEntity
  8
PIN_BOTTOM
100
AcDbPolyline
 90
        4
 70
     1
 43
0.0
 10
-40.751633
 20
18.511012
 10
-40.751633
 20
18.611088
 42
1.0
 10
-40.951531
 20
18.611088
 10
-40.951531
 20
18.511012
 42
1.0
  0
CIRCLE
  5
32E4
330
2F74
100
AcDbEntity
  8
PIN_BOTTOM
100
AcDbCircle
 10
-41.351454
 20
12.06119
 30
0.0
 40
0.14986
  0
CIRCLE
  5
32E5
330
2F74
100
AcDbEntity
  8
PIN_BOTTOM
100
AcDbCircle
 10
-41.351454
 20
12.561062
 30
0.0
 40
0.14986
  0
CIRCLE
  5
32E6
330
2F74
100
AcDbEntity
  8
PIN_BOTTOM
100
AcDbCircle
 10
-41.351454
 20
13.061188
 30
0.0
 40
0.14986
  0
CIRCLE
  5
32E7
330
2F74
100
AcDbEntity
  8
PIN_BOTTOM
100
AcDbCircle
 10
-41.351454
 20
13.56106
 30
0.0
 40
0.14986
  0
CIRCLE
  5
32E8
330
2F74
100
AcDbEntity
  8
PIN_BOTTOM
100
AcDbCircle
 10
-41.351454
 20
14.061186
 30
0.0
 40
0.14986
  0
CIRCLE
  5
32E9
330
2F74
100
AcDbEntity
  8
PIN_BOTTOM
100
AcDbCircle
 10
-41.351454
 20
14.561058
 30
0.0
 40
0.14986
  0
CIRCLE
  5
32EA
330
2F74
100
AcDbEntity
  8
PIN_BOTTOM
100
AcDbCircle
 10
-41.351454
 20
15.061184
 30
0.0
 40
0.14986
  0
CIRCLE
  5
32EB
330
2F74
100
AcDbEntity
  8
PIN_BOTTOM
100
AcDbCircle
 10
-41.351454
 20
15.561056
 30
0.0
 40
0.14986
  0
CIRCLE
  5
32EC
330
2F74
100
AcDbEntity
  8
PIN_BOTTOM
100
AcDbCircle
 10
-41.351454
 20
16.061182
 30
0.0
 40
0.14986
  0
CIRCLE
  5
32ED
330
2F74
100
AcDbEntity
  8
PIN_BOTTOM
100
AcDbCircle
 10
-41.351454
 20
17.06118
 30
0.0
 40
0.14986
  0
CIRCLE
  5
32EE
330
2F74
100
AcDbEntity
  8
PIN_BOTTOM
100
AcDbCircle
 10
-41.351454
 20
17.561052
 30
0.0
 40
0.14986
  0
CIRCLE
  5
32EF
330
2F74
100
AcDbEntity
  8
PIN_BOTTOM
100
AcDbCircle
 10
-41.351454
 20
18.061178
 30
0.0
 40
0.14986
  0
LWPOLYLINE
  5
32F0
330
2F74
100
AcDbEntity
  8
PIN_BOTTOM
100
AcDbPolyline
 90
        4
 70
     1
 43
0.0
 10
-41.25150500000001
 20
18.511012
 10
-41.25150500000001
 20
18.611088
 42
1.0
 10
-41.451403
 20
18.611088
 10
-41.451403
 20
18.511012
 42
1.0
  0
CIRCLE
  5
32F1
330
2F74
100
AcDbEntity
  8
PIN_BOTTOM
100
AcDbCircle
 10
-41.85158
 20
12.06119
 30
0.0
 40
0.14986
  0
CIRCLE
  5
32F2
330
2F74
100
AcDbEntity
  8
PIN_BOTTOM
100
AcDbCircle
 10
-41.85158
 20
12.561062
 30
0.0
 40
0.14986
  0
CIRCLE
  5
32F3
330
2F74
100
AcDbEntity
  8
PIN_BOTTOM
100
AcDbCircle
 10
-41.85158
 20
13.061188
 30
0.0
 40
0.14986
  0
CIRCLE
  5
32F4
330
2F74
100
AcDbEntity
  8
PIN_BOTTOM
100
AcDbCircle
 10
-41.85158
 20
13.56106
 30
0.0
 40
0.14986
  0
CIRCLE
  5
32F5
330
2F74
100
AcDbEntity
  8
PIN_BOTTOM
100
AcDbCircle
 10
-41.85158
 20
14.061186
 30
0.0
 40
0.14986
  0
CIRCLE
  5
32F6
330
2F74
100
AcDbEntity
  8
PIN_BOTTOM
100
AcDbCircle
 10
-41.85158
 20
14.561058
 30
0.0
 40
0.14986
  0
CIRCLE
  5
32F7
330
2F74
100
AcDbEntity
  8
PIN_BOTTOM
100
AcDbCircle
 10
-41.85158
 20
15.061184
 30
0.0
 40
0.14986
  0
CIRCLE
  5
32F8
330
2F74
100
AcDbEntity
  8
PIN_BOTTOM
100
AcDbCircle
 10
-41.85158
 20
15.561056
 30
0.0
 40
0.14986
  0
CIRCLE
  5
32F9
330
2F74
100
AcDbEntity
  8
PIN_BOTTOM
100
AcDbCircle
 10
-41.85158
 20
16.061182
 30
0.0
 40
0.14986
  0
CIRCLE
  5
32FA
330
2F74
100
AcDbEntity
  8
PIN_BOTTOM
100
AcDbCircle
 10
-41.85158
 20
16.561054
 30
0.0
 40
0.14986
  0
CIRCLE
  5
32FB
330
2F74
100
AcDbEntity
  8
PIN_BOTTOM
100
AcDbCircle
 10
-41.85158
 20
17.06118
 30
0.0
 40
0.14986
  0
CIRCLE
  5
32FC
330
2F74
100
AcDbEntity
  8
PIN_BOTTOM
100
AcDbCircle
 10
-41.85158
 20
17.561052
 30
0.0
 40
0.14986
  0
CIRCLE
  5
32FD
330
2F74
100
AcDbEntity
  8
PIN_BOTTOM
100
AcDbCircle
 10
-41.85158
 20
18.061178
 30
0.0
 40
0.14986
  0
CIRCLE
  5
32FE
330
2F74
100
AcDbEntity
  8
PIN_BOTTOM
100
AcDbCircle
 10
-41.85158
 20
18.56105
 30
0.0
 40
0.14986
  0
CIRCLE
  5
32FF
330
2F74
100
AcDbEntity
  8
PIN_BOTTOM
100
AcDbCircle
 10
-42.351452
 20
12.06119
 30
0.0
 40
0.14986
  0
CIRCLE
  5
3300
330
2F74
100
AcDbEntity
  8
PIN_BOTTOM
100
AcDbCircle
 10
-42.351452
 20
12.561062
 30
0.0
 40
0.14986
  0
CIRCLE
  5
3301
330
2F74
100
AcDbEntity
  8
PIN_BOTTOM
100
AcDbCircle
 10
-42.351452
 20
13.061188
 30
0.0
 40
0.14986
  0
CIRCLE
  5
3302
330
2F74
100
AcDbEntity
  8
PIN_BOTTOM
100
AcDbCircle
 10
-42.351452
 20
13.56106
 30
0.0
 40
0.14986
  0
CIRCLE
  5
3303
330
2F74
100
AcDbEntity
  8
PIN_BOTTOM
100
AcDbCircle
 10
-42.351452
 20
14.061186
 30
0.0
 40
0.14986
  0
CIRCLE
  5
3304
330
2F74
100
AcDbEntity
  8
PIN_BOTTOM
100
AcDbCircle
 10
-42.351452
 20
14.561058
 30
0.0
 40
0.14986
  0
CIRCLE
  5
3305
330
2F74
100
AcDbEntity
  8
PIN_BOTTOM
100
AcDbCircle
 10
-42.351452
 20
15.061184
 30
0.0
 40
0.14986
  0
CIRCLE
  5
3306
330
2F74
100
AcDbEntity
  8
PIN_BOTTOM
100
AcDbCircle
 10
-42.351452
 20
15.561056
 30
0.0
 40
0.14986
  0
CIRCLE
  5
3307
330
2F74
100
AcDbEntity
  8
PIN_BOTTOM
100
AcDbCircle
 10
-42.351452
 20
16.061182
 30
0.0
 40
0.14986
  0
CIRCLE
  5
3308
330
2F74
100
AcDbEntity
  8
PIN_BOTTOM
100
AcDbCircle
 10
-42.351452
 20
16.561054
 30
0.0
 40
0.14986
  0
CIRCLE
  5
3309
330
2F74
100
AcDbEntity
  8
PIN_BOTTOM
100
AcDbCircle
 10
-42.351452
 20
17.06118
 30
0.0
 40
0.14986
  0
CIRCLE
  5
330A
330
2F74
100
AcDbEntity
  8
PIN_BOTTOM
100
AcDbCircle
 10
-42.351452
 20
17.561052
 30
0.0
 40
0.14986
  0
CIRCLE
  5
330B
330
2F74
100
AcDbEntity
  8
PIN_BOTTOM
100
AcDbCircle
 10
-42.351452
 20
18.061178
 30
0.0
 40
0.14986
  0
CIRCLE
  5
330C
330
2F74
100
AcDbEntity
  8
PIN_BOTTOM
100
AcDbCircle
 10
-35.851592
 20
12.06119
 30
0.0
 40
0.14986
  0
CIRCLE
  5
330D
330
2F74
100
AcDbEntity
  8
PIN_BOTTOM
100
AcDbCircle
 10
-35.851592
 20
12.561062
 30
0.0
 40
0.14986
  0
CIRCLE
  5
330E
330
2F74
100
AcDbEntity
  8
PIN_BOTTOM
100
AcDbCircle
 10
-35.851592
 20
13.061188
 30
0.0
 40
0.14986
  0
CIRCLE
  5
330F
330
2F74
100
AcDbEntity
  8
PIN_BOTTOM
100
AcDbCircle
 10
-35.851592
 20
13.56106
 30
0.0
 40
0.14986
  0
CIRCLE
  5
3310
330
2F74
100
AcDbEntity
  8
PIN_BOTTOM
100
AcDbCircle
 10
-35.851592
 20
14.061186
 30
0.0
 40
0.14986
  0
CIRCLE
  5
3311
330
2F74
100
AcDbEntity
  8
PIN_BOTTOM
100
AcDbCircle
 10
-35.851592
 20
14.561058
 30
0.0
 40
0.14986
  0
CIRCLE
  5
3312
330
2F74
100
AcDbEntity
  8
PIN_BOTTOM
100
AcDbCircle
 10
-35.851592
 20
15.061184
 30
0.0
 40
0.14986
  0
CIRCLE
  5
3313
330
2F74
100
AcDbEntity
  8
PIN_BOTTOM
100
AcDbCircle
 10
-35.851592
 20
15.561056
 30
0.0
 40
0.14986
  0
CIRCLE
  5
3314
330
2F74
100
AcDbEntity
  8
PIN_BOTTOM
100
AcDbCircle
 10
-35.851592
 20
16.061182
 30
0.0
 40
0.14986
  0
CIRCLE
  5
3315
330
2F74
100
AcDbEntity
  8
PIN_BOTTOM
100
AcDbCircle
 10
-35.851592
 20
16.561054
 30
0.0
 40
0.14986
  0
CIRCLE
  5
3316
330
2F74
100
AcDbEntity
  8
PIN_BOTTOM
100
AcDbCircle
 10
-35.851592
 20
17.06118
 30
0.0
 40
0.14986
  0
CIRCLE
  5
3317
330
2F74
100
AcDbEntity
  8
PIN_BOTTOM
100
AcDbCircle
 10
-35.851592
 20
17.561052
 30
0.0
 40
0.14986
  0
CIRCLE
  5
3318
330
2F74
100
AcDbEntity
  8
PIN_BOTTOM
100
AcDbCircle
 10
-35.851592
 20
18.061178
 30
0.0
 40
0.14986
  0
CIRCLE
  5
3319
330
2F74
100
AcDbEntity
  8
PIN_BOTTOM
100
AcDbCircle
 10
-35.851592
 20
18.56105
 30
0.0
 40
0.14986
  0
CIRCLE
  5
331A
330
2F74
100
AcDbEntity
  8
PIN_BOTTOM
100
AcDbCircle
 10
-42.351452
 20
18.56105
 30
0.0
 40
0.14986
  0
CIRCLE
  5
331B
330
2F74
100
AcDbEntity
  8
PIN_BOTTOM
100
AcDbCircle
 10
-41.351454
 20
16.561054
 30
0.0
 40
0.14986
  0
LWPOLYLINE
  5
331C
330
2F74
100
AcDbEntity
  8
BG_NCROUTE_PATH
100
AcDbPolyline
 90
        8
 70
     0
 43
0.1524
 10
-4.181348000000006
 20
18.143982
 10
-4.181348000000006
 20
17.809464
 10
-4.45363600000001
 20
17.537176
 10
-4.461510000000004
 20
17.54505
 10
-4.461510000000004
 20
17.79397
 10
-4.212590000000005
 20
17.54505
 10
-4.235958000000003
 20
17.521682
 10
-4.477004000000007
 20
17.521682
  0
LWPOLYLINE
  5
331D
330
2F74
100
AcDbEntity
  8
BG_NCROUTE_PATH
100
AcDbPolyline
 90
        7
 70
     0
 43
0.1524
 10
-4.65455
 20
17.943068
 10
-4.65455
 20
13.971524
 10
-4.720590000000001
 20
13.905484
 10
-6.824726000000005
 20
13.905484
 10
-6.824726000000005
 20
17.896586
 10
-6.778244
 20
17.943068
 10
-4.65455
 20
17.943068
  0
LWPOLYLINE
  5
331E
330
2F74
100
AcDbEntity
  8
BG_NCROUTE_PATH
100
AcDbPolyline
 90
       12
 70
     0
 43
0.1524
 10
-6.258052000000006
 20
18.24355
 10
-3.311652000000002
 20
18.24355
 10
-3.222752000000006
 20
18.33245
 10
-3.222752000000006
 20
23.466298
 10
-4.541774000000003
 20
23.466298
 10
-4.572762000000004
 20
23.43531
 10
-4.572762000000004
 20
21.070316
 10
-4.588256000000001
 20
21.054822
 10
-6.346444000000005
 20
21.054822
 10
-6.346444000000005
 20
18.357342
 10
-6.258052000000006
 20
18.26895
 10
-6.258052000000006
 20
19.46275
  0
LWPOLYLINE
  5
331F
330
2F74
100
AcDbEntity
  8
BG_NCROUTE_PATH
100
AcDbPolyline
 90
        2
 70
     0
 43
0.1524
 10
-21.242782
 20
4.99999
 10
-21.242782
 20
5.634989999999998
  0
LWPOLYLINE
  5
3320
330
2F74
100
AcDbEntity
  8
BG_NCROUTE_PATH
100
AcDbPolyline
 90
        2
 70
     0
 43
0.1524
 10
-16.244062
 20
5.01523
 10
-16.244062
 20
5.65023
  0
LWPOLYLINE
  5
3321
330
2F74
100
AcDbEntity
  8
BG_NCROUTE_PATH
100
AcDbPolyline
 90
        2
 70
     0
 43
0.1524
 10
-11.242802
 20
-2.134869999999999
 10
-11.242802
 20
-1.49987
  0
LWPOLYLINE
  5
3322
330
2F74
100
AcDbEntity
  8
BG_NCROUTE_PATH
100
AcDbPolyline
 90
        2
 70
     0
 43
0.1524
 10
-16.244062
 20
-2.091689999999999
 10
-16.244062
 20
-1.456689999999999
  0
LWPOLYLINE
  5
3323
330
2F74
100
AcDbEntity
  8
BG_NCROUTE_PATH
100
AcDbPolyline
 90
        2
 70
     0
 43
0.1524
 10
-21.232622
 20
-2.086609999999999
 10
-21.232622
 20
-1.451609999999999
  0
LWPOLYLINE
  5
3324
330
2F74
100
AcDbEntity
  8
BG_NCROUTE_PATH
100
AcDbPolyline
 90
        2
 70
     0
 43
0.1524
 10
-21.255482
 20
31.74111
 10
-21.255482
 20
32.37611000000001
  0
LWPOLYLINE
  5
3325
330
2F74
100
AcDbEntity
  8
BG_NCROUTE_PATH
100
AcDbPolyline
 90
        2
 70
     0
 43
0.1524
 10
-16.256762
 20
31.75635
 10
-16.256762
 20
32.39135
  0
LWPOLYLINE
  5
3326
330
2F74
100
AcDbEntity
  8
BG_NCROUTE_PATH
100
AcDbPolyline
 90
        2
 70
     0
 43
0.1524
 10
-11.25550200000001
 20
31.76143
 10
-11.25550200000001
 20
32.39643
  0
LWPOLYLINE
  5
3327
330
2F74
100
AcDbEntity
  8
BG_NCROUTE_PATH
100
AcDbPolyline
 90
        2
 70
     0
 43
0.1524
 10
-21.27072200000001
 20
24.60371
 10
-21.27072200000001
 20
25.23871
  0
LWPOLYLINE
  5
3328
330
2F74
100
AcDbEntity
  8
BG_NCROUTE_PATH
100
AcDbPolyline
 90
        2
 70
     0
 43
0.1524
 10
-16.29105200000001
 20
24.88565
 10
-16.29105200000001
 20
25.16505
  0
LWPOLYLINE
  5
3329
330
2F74
100
AcDbEntity
  8
BG_NCROUTE_PATH
100
AcDbPolyline
 90
        2
 70
     0
 43
0.1524
 10
-11.287252
 20
24.93645
 10
-11.287252
 20
25.19045
  0
LWPOLYLINE
  5
332A
330
2F74
100
AcDbEntity
  8
BG_NCROUTE_PATH
100
AcDbPolyline
 90
        2
 70
     0
 43
0.1524
 10
-30.94812200000001
 20
25.17648
 10
-30.94685200000001
 20
24.86025
  0
LWPOLYLINE
  5
332B
330
2F74
100
AcDbEntity
  8
BG_NCROUTE_PATH
100
AcDbPolyline
 90
        2
 70
     0
 43
0.1524
 10
-35.950652
 20
25.13965
 10
-35.950652
 20
24.86025
  0
LWPOLYLINE
  5
332C
330
2F74
100
AcDbEntity
  8
BG_NCROUTE_PATH
100
AcDbPolyline
 90
        2
 70
     0
 43
0.1524
 10
-40.929052
 20
25.16505
 10
-40.929052
 20
24.93645
  0
LWPOLYLINE
  5
332D
330
2F74
100
AcDbEntity
  8
BG_NCROUTE_PATH
100
AcDbPolyline
 90
        2
 70
     0
 43
0.1524
 10
-30.932882
 20
32.31388000000001
 10
-30.932882
 20
31.67888
  0
LWPOLYLINE
  5
332E
330
2F74
100
AcDbEntity
  8
BG_NCROUTE_PATH
100
AcDbPolyline
 90
        2
 70
     0
 43
0.1524
 10
-35.946842
 20
32.31896000000001
 10
-35.946842
 20
31.68395999999999
  0
LWPOLYLINE
  5
332F
330
2F74
100
AcDbEntity
  8
BG_NCROUTE_PATH
100
AcDbPolyline
 90
        2
 70
     0
 43
0.1524
 10
-40.948102
 20
32.31134000000001
 10
-40.948102
 20
31.67634
  0
LWPOLYLINE
  5
3330
330
2F74
100
AcDbEntity
  8
BG_NCROUTE_PATH
100
AcDbPolyline
 90
        2
 70
     0
 43
0.1524
 10
-30.95320200000001
 20
-1.513839999999999
 10
-30.95320200000001
 20
-2.148839999999999
  0
LWPOLYLINE
  5
3331
330
2F74
100
AcDbEntity
  8
BG_NCROUTE_PATH
100
AcDbPolyline
 90
        2
 70
     0
 43
0.1524
 10
-35.95192200000001
 20
-1.529079999999999
 10
-35.95192200000001
 20
-2.164079999999999
  0
LWPOLYLINE
  5
3332
330
2F74
100
AcDbEntity
  8
BG_NCROUTE_PATH
100
AcDbPolyline
 90
        2
 70
     0
 43
0.1524
 10
-40.953182
 20
-1.534159999999999
 10
-40.953182
 20
-2.169159999999999
  0
LWPOLYLINE
  5
3333
330
2F74
100
AcDbEntity
  8
BG_NCROUTE_PATH
100
AcDbPolyline
 90
        2
 70
     0
 43
0.1524
 10
-30.93796200000001
 20
5.623560000000001
 10
-30.93796200000001
 20
4.988560000000001
  0
LWPOLYLINE
  5
3334
330
2F74
100
AcDbEntity
  8
BG_NCROUTE_PATH
100
AcDbPolyline
 90
        2
 70
     0
 43
0.1524
 10
-35.95192200000001
 20
5.628639999999998
 10
-35.95192200000001
 20
4.993639999999999
  0
LWPOLYLINE
  5
3335
330
2F74
100
AcDbEntity
  8
BG_NCROUTE_PATH
100
AcDbPolyline
 90
        2
 70
     0
 43
0.1524
 10
-40.953182
 20
5.621019999999999
 10
-40.953182
 20
4.986019999999999
  0
LWPOLYLINE
  5
3336
330
2F74
100
AcDbEntity
  8
BG_NCROUTE_PATH
100
AcDbPolyline
 90
        2
 70
     0
 43
0.1524
 10
-43.444922
 20
24.791162
 10
-43.444922
 20
25.154382
  0
LWPOLYLINE
  5
3337
330
2F74
100
AcDbEntity
  8
BG_NCROUTE_PATH
100
AcDbPolyline
 90
        2
 70
     0
 43
0.1524
 10
-43.444922
 20
31.705042
 10
-43.444922
 20
32.068262
  0
LWPOLYLINE
  5
3338
330
2F74
100
AcDbEntity
  8
BG_NCROUTE_PATH
100
AcDbPolyline
 90
        2
 70
     0
 43
0.1524
 10
-38.446202
 20
24.798782
 10
-38.446202
 20
25.162002
  0
LWPOLYLINE
  5
3339
330
2F74
100
AcDbEntity
  8
BG_NCROUTE_PATH
100
AcDbPolyline
 90
        2
 70
     0
 43
0.1524
 10
-38.42080200000001
 20
31.707582
 10
-38.42080200000001
 20
32.07080200000001
  0
LWPOLYLINE
  5
333A
330
2F74
100
AcDbEntity
  8
BG_NCROUTE_PATH
100
AcDbPolyline
 90
        2
 70
     0
 43
0.1524
 10
-33.41065200000001
 20
24.80945
 10
-33.41065200000001
 20
25.16505
  0
LWPOLYLINE
  5
333B
330
2F74
100
AcDbEntity
  8
BG_NCROUTE_PATH
100
AcDbPolyline
 90
        2
 70
     0
 43
0.1524
 10
-33.442402
 20
31.702502
 10
-33.442402
 20
32.065722
  0
LWPOLYLINE
  5
333C
330
2F74
100
AcDbEntity
  8
BG_NCROUTE_PATH
100
AcDbPolyline
 90
        2
 70
     0
 43
0.1524
 10
-18.73580200000001
 20
25.139142
 10
-18.73580200000001
 20
24.775922
  0
LWPOLYLINE
  5
333D
330
2F74
100
AcDbEntity
  8
BG_NCROUTE_PATH
100
AcDbPolyline
 90
        2
 70
     0
 43
0.1524
 10
-18.763742
 20
32.124142
 10
-18.763742
 20
31.760922
  0
LWPOLYLINE
  5
333E
330
2F74
100
AcDbEntity
  8
BG_NCROUTE_PATH
100
AcDbPolyline
 90
        2
 70
     0
 43
0.1524
 10
-13.754862
 20
25.131522
 10
-13.754862
 20
24.768302
  0
LWPOLYLINE
  5
333F
330
2F74
100
AcDbEntity
  8
BG_NCROUTE_PATH
100
AcDbPolyline
 90
        2
 70
     0
 43
0.1524
 10
-13.757402
 20
32.119062
 10
-13.757402
 20
31.755842
  0
LWPOLYLINE
  5
3340
330
2F74
100
AcDbEntity
  8
BG_NCROUTE_PATH
100
AcDbPolyline
 90
        2
 70
     0
 43
0.1524
 10
-8.758682
 20
25.136602
 10
-8.758682
 20
24.773382
  0
LWPOLYLINE
  5
3341
330
2F74
100
AcDbEntity
  8
BG_NCROUTE_PATH
100
AcDbPolyline
 90
        2
 70
     0
 43
0.1524
 10
-8.758682
 20
32.10128200000001
 10
-8.758682
 20
31.738062
  0
LWPOLYLINE
  5
3342
330
2F74
100
AcDbEntity
  8
BG_NCROUTE_PATH
100
AcDbPolyline
 90
        2
 70
     0
 43
0.1524
 10
-43.450002
 20
-1.873757999999999
 10
-43.450002
 20
-1.510537999999999
  0
LWPOLYLINE
  5
3343
330
2F74
100
AcDbEntity
  8
BG_NCROUTE_PATH
100
AcDbPolyline
 90
        2
 70
     0
 43
0.1524
 10
-43.450002
 20
4.989321999999999
 10
-43.450002
 20
5.352541999999999
  0
LWPOLYLINE
  5
3344
330
2F74
100
AcDbEntity
  8
BG_NCROUTE_PATH
100
AcDbPolyline
 90
        2
 70
     0
 43
0.1524
 10
-38.45128200000001
 20
-1.891537999999999
 10
-38.45128200000001
 20
-1.528317999999999
  0
LWPOLYLINE
  5
3345
330
2F74
100
AcDbEntity
  8
BG_NCROUTE_PATH
100
AcDbPolyline
 90
        2
 70
     0
 43
0.1524
 10
-38.453822
 20
4.994402
 10
-38.453822
 20
5.357622
  0
LWPOLYLINE
  5
3346
330
2F74
100
AcDbEntity
  8
BG_NCROUTE_PATH
100
AcDbPolyline
 90
        2
 70
     0
 43
0.1524
 10
-33.44494200000001
 20
-1.896617999999999
 10
-33.44494200000001
 20
-1.533397999999999
  0
LWPOLYLINE
  5
3347
330
2F74
100
AcDbEntity
  8
BG_NCROUTE_PATH
100
AcDbPolyline
 90
        2
 70
     0
 43
0.1524
 10
-33.44748200000001
 20
4.986782000000001
 10
-33.44748200000001
 20
5.350001999999999
  0
LWPOLYLINE
  5
3348
330
2F74
100
AcDbEntity
  8
BG_NCROUTE_PATH
100
AcDbPolyline
 90
        2
 70
     0
 43
0.1524
 10
-18.773902
 20
-1.449577999999999
 10
-18.773902
 20
-1.812797999999999
  0
LWPOLYLINE
  5
3349
330
2F74
100
AcDbEntity
  8
BG_NCROUTE_PATH
100
AcDbPolyline
 90
        2
 70
     0
 43
0.1524
 10
-18.751042
 20
5.383022
 10
-18.751042
 20
5.019802
  0
LWPOLYLINE
  5
334A
330
2F74
100
AcDbEntity
  8
BG_NCROUTE_PATH
100
AcDbPolyline
 90
        2
 70
     0
 43
0.1524
 10
-13.742162
 20
-1.507997999999999
 10
-13.742162
 20
-1.871217999999999
  0
LWPOLYLINE
  5
334B
330
2F74
100
AcDbEntity
  8
BG_NCROUTE_PATH
100
AcDbPolyline
 90
        2
 70
     0
 43
0.1524
 10
-13.744702
 20
5.377942
 10
-13.744702
 20
5.014722
  0
LWPOLYLINE
  5
334C
330
2F74
100
AcDbEntity
  8
BG_NCROUTE_PATH
100
AcDbPolyline
 90
        2
 70
     0
 43
0.1524
 10
-11.268202
 20
5.027930000000001
 10
-11.268202
 20
5.662929999999999
  0
LWPOLYLINE
  5
334D
330
2F74
100
AcDbEntity
  8
BG_NCROUTE_PATH
100
AcDbPolyline
 90
        2
 70
     0
 43
0.1524
 10
-8.715502000000007
 20
5.377942
 10
-8.715502000000007
 20
5.014722
  0
LWPOLYLINE
  5
334E
330
2F74
100
AcDbEntity
  8
BG_NCROUTE_PATH
100
AcDbPolyline
 90
        2
 70
     0
 43
0.1524
 10
-8.766302000000003
 20
-1.505457999999999
 10
-8.766302000000003
 20
-1.868677999999999
  0
LWPOLYLINE
  5
334F
330
2F74
100
AcDbEntity
  8
BG_NCROUTE_PATH
100
AcDbPolyline
 90
        2
 70
     0
 43
0.0
 10
-45.601636
 20
18.009108
 10
-45.601636
 20
12.626086
  0
LWPOLYLINE
  5
3350
330
2F74
100
AcDbEntity
  8
BG_NCROUTE_PATH
100
AcDbPolyline
 90
        2
 70
     0
 43
0.0
 10
-32.60140800000001
 20
18.035778
 10
-32.60140800000001
 20
12.535662
  0
LWPOLYLINE
  5
3351
330
2F74
100
AcDbEntity
  8
BG_NCROUTE_PATH
100
AcDbPolyline
 90
        3
 70
     0
 43
0.0
 10
-42.678096
 20
21.061172
 10
-35.25393000000001
 20
21.061172
 10
-35.21405200000001
 20
21.10105
  0
LWPOLYLINE
  5
3352
330
2F74
100
AcDbEntity
  8
BG_NCROUTE_PATH
100
AcDbPolyline
 90
        2
 70
     0
 43
0.0
 10
-35.54984000000001
 20
9.561067999999998
 10
-42.613834
 20
9.561067999999998
  0
LWPOLYLINE
  5
3353
330
2F74
100
AcDbEntity
  8
BG_NCROUTE_PATH
100
AcDbPolyline
 90
        2
 70
     0
 43
0.1778
 10
-11.719052
 20
15.76705
 10
-12.176252
 20
15.76705
  0
LWPOLYLINE
  5
3354
330
2F74
100
AcDbEntity
  8
BG_NCROUTE_PATH
100
AcDbPolyline
 90
        2
 70
     0
 43
0.1778
 10
-11.947652
 20
16.07185
 10
-11.947652
 20
15.53845
  0
LWPOLYLINE
  5
3355
330
2F74
100
AcDbEntity
  8
BG_NCROUTE_PATH
100
AcDbPolyline
 90
        9
 70
     0
 43
0.0762
 10
-53.29428
 20
-2.393949999999999
 10
1.105661999999995
 20
-2.393949999999999
 42
0.4142140000000001
 10
2.405633999999992
 20
-1.093977999999999
 10
2.405633999999992
 20
31.306008
 42
0.4142140000000001
 10
1.105661999999995
 20
32.60598
 10
-53.29428
 20
32.60598
 42
0.4142140000000001
 10
-54.594252
 20
31.306008
 10
-54.594252
 20
-1.093977999999999
 42
0.4142140000000001
 10
-53.29428
 20
-2.393949999999999
  0
LWPOLYLINE
  5
3356
330
2F74
100
AcDbEntity
  8
BG_NCROUTE_PATH
100
AcDbPolyline
 90
        2
 70
     0
 43
0.151892
 10
-37.95141
 20
9.811003999999998
 10
-40.251634
 20
9.811003999999998
  0
LWPOLYLINE
  5
3357
330
2F74
100
AcDbEntity
  8
BG_NCROUTE_PATH
100
AcDbPolyline
 90
        2
 70
     0
 43
0.151892
 10
-37.95141
 20
9.561067999999998
 10
-40.251634
 20
9.561067999999998
  0
LWPOLYLINE
  5
3358
330
2F74
100
AcDbEntity
  8
BG_NCROUTE_PATH
100
AcDbPolyline
 90
        2
 70
     0
 43
0.151892
 10
-37.95141
 20
20.811236
 10
-40.251634
 20
20.811236
  0
LWPOLYLINE
  5
3359
330
2F74
100
AcDbEntity
  8
BG_NCROUTE_PATH
100
AcDbPolyline
 90
        2
 70
     0
 43
0.151892
 10
-37.95141
 20
21.061172
 10
-40.251634
 20
21.061172
  0
LWPOLYLINE
  5
335A
330
2F74
100
AcDbEntity
  8
BG_NCROUTE_PATH
100
AcDbPolyline
 90
        2
 70
     0
 43
0.151892
 10
-33.35147000000001
 20
9.811003999999998
 10
-32.60140800000001
 20
9.811003999999998
  0
LWPOLYLINE
  5
335B
330
2F74
100
AcDbEntity
  8
BG_NCROUTE_PATH
100
AcDbPolyline
 90
        2
 70
     0
 43
0.151892
 10
-33.35147000000001
 20
9.811003999999998
 10
-35.65144000000001
 20
9.811003999999998
  0
LWPOLYLINE
  5
335C
330
2F74
100
AcDbEntity
  8
BG_NCROUTE_PATH
100
AcDbPolyline
 90
        2
 70
     0
 43
0.151892
 10
-33.35147000000001
 20
20.811236
 10
-32.60140800000001
 20
20.811236
  0
LWPOLYLINE
  5
335D
330
2F74
100
AcDbEntity
  8
BG_NCROUTE_PATH
100
AcDbPolyline
 90
        2
 70
     0
 43
0.151892
 10
-33.35147000000001
 20
20.811236
 10
-35.65144000000001
 20
20.811236
  0
LWPOLYLINE
  5
335E
330
2F74
100
AcDbEntity
  8
BG_NCROUTE_PATH
100
AcDbPolyline
 90
        2
 70
     0
 43
0.151892
 10
-44.85157400000001
 20
9.811003999999998
 10
-42.551604
 20
9.811003999999998
  0
LWPOLYLINE
  5
335F
330
2F74
100
AcDbEntity
  8
BG_NCROUTE_PATH
100
AcDbPolyline
 90
        2
 70
     0
 43
0.151892
 10
-45.601636
 20
9.811003999999998
 10
-44.85157400000001
 20
9.811003999999998
  0
LWPOLYLINE
  5
3360
330
2F74
100
AcDbEntity
  8
BG_NCROUTE_PATH
100
AcDbPolyline
 90
        2
 70
     0
 43
0.151892
 10
-45.10151
 20
20.811236
 10
-42.576496
 20
20.811236
  0
LWPOLYLINE
  5
3361
330
2F74
100
AcDbEntity
  8
BG_NCROUTE_PATH
100
AcDbPolyline
 90
        2
 70
     0
 43
0.151892
 10
-45.601636
 20
20.811236
 10
-45.10151
 20
20.811236
  0
LWPOLYLINE
  5
3362
330
2F74
100
AcDbEntity
  8
BG_NCROUTE_PATH
100
AcDbPolyline
 90
        3
 70
     0
 43
0.151892
 10
-33.35147000000001
 20
21.061172
 10
-32.60140800000001
 20
21.061172
 10
-32.60140800000001
 20
18.061178
  0
LWPOLYLINE
  5
3363
330
2F74
100
AcDbEntity
  8
BG_NCROUTE_PATH
100
AcDbPolyline
 90
        2
 70
     0
 43
0.151892
 10
-33.35147000000001
 20
21.061172
 10
-35.65144000000001
 20
21.061172
  0
LWPOLYLINE
  5
3364
330
2F74
100
AcDbEntity
  8
BG_NCROUTE_PATH
100
AcDbPolyline
 90
        2
 70
     0
 43
0.151892
 10
-33.35147000000001
 20
9.561067999999998
 10
-35.65144000000001
 20
9.561067999999998
  0
LWPOLYLINE
  5
3365
330
2F74
100
AcDbEntity
  8
BG_NCROUTE_PATH
100
AcDbPolyline
 90
        2
 70
     0
 43
0.151892
 10
-45.601636
 20
9.561067999999998
 10
-45.601636
 20
12.626086
  0
LWPOLYLINE
  5
3366
330
2F74
100
AcDbEntity
  8
BG_NCROUTE_PATH
100
AcDbPolyline
 90
        2
 70
     0
 43
0.151892
 10
-44.85157400000001
 20
9.561067999999998
 10
-42.551604
 20
9.561067999999998
  0
LWPOLYLINE
  5
3367
330
2F74
100
AcDbEntity
  8
BG_NCROUTE_PATH
100
AcDbPolyline
 90
        2
 70
     0
 43
0.151892
 10
-45.601636
 20
21.061172
 10
-45.10151
 20
21.061172
  0
LWPOLYLINE
  5
3368
330
2F74
100
AcDbEntity
  8
BG_NCROUTE_PATH
100
AcDbPolyline
 90
        2
 70
     0
 43
0.151892
 10
-45.601636
 20
21.061172
 10
-45.601636
 20
18.009108
  0
LWPOLYLINE
  5
3369
330
2F74
100
AcDbEntity
  8
BG_NCROUTE_PATH
100
AcDbPolyline
 90
        2
 70
     0
 43
0.151892
 10
-45.10151
 20
21.061172
 10
-42.576496
 20
21.061172
  0
LWPOLYLINE
  5
336A
330
2F74
100
AcDbEntity
  8
BG_NCROUTE_PATH
100
AcDbPolyline
 90
        2
 70
     0
 43
0.508
 10
-6.664452000000004
 20
28.44165
 10
-23.78405200000001
 20
28.44165
  0
LWPOLYLINE
  5
336B
330
2F74
100
AcDbEntity
  8
BG_NCROUTE_PATH
100
AcDbPolyline
 90
        7
 70
     0
 43
0.1524
 10
-6.724142000000007
 20
25.141682
 10
-6.524244000000003
 20
24.741632
 10
-6.924294000000003
 20
24.741632
 10
-6.724142000000007
 20
25.141682
 10
-6.624320000000004
 20
24.741632
 10
-6.824218000000001
 20
24.841708
 10
-6.724142000000007
 20
24.94153
  0
LWPOLYLINE
  5
336C
330
2F74
100
AcDbEntity
  8
BG_NCROUTE_PATH
100
AcDbPolyline
 90
        3
 70
     0
 43
0.1524
 10
-6.324346000000005
 20
30.441646
 10
-5.124196000000004
 20
30.441646
 10
-5.124196000000004
 20
29.141674
  0
LWPOLYLINE
  5
336D
330
2F74
100
AcDbEntity
  8
BG_NCROUTE_PATH
100
AcDbPolyline
 90
        4
 70
     0
 43
0.1524
 10
-24.12415800000001
 20
26.441654
 10
-25.32430800000001
 20
26.441654
 10
-25.32430800000001
 20
30.441646
 10
-24.12415800000001
 20
30.441646
  0
LWPOLYLINE
  5
336E
330
2F74
100
AcDbEntity
  8
BG_NCROUTE_PATH
100
AcDbPolyline
 90
        2
 70
     0
 43
0.1524
 10
-5.124196000000004
 20
27.741626
 10
-5.124196000000004
 20
26.441654
  0
LWPOLYLINE
  5
336F
330
2F74
100
AcDbEntity
  8
BG_NCROUTE_PATH
100
AcDbPolyline
 90
        2
 70
     0
 43
0.1524
 10
-5.124196000000004
 20
27.791664
 10
-5.124196000000004
 20
29.091636
  0
LWPOLYLINE
  5
3370
330
2F74
100
AcDbEntity
  8
BG_NCROUTE_PATH
100
AcDbPolyline
 90
        2
 70
     0
 43
0.1524
 10
-5.124196000000004
 20
26.441654
 10
-6.324346000000005
 20
26.441654
  0
LWPOLYLINE
  5
3371
330
2F74
100
AcDbEntity
  8
BG_NCROUTE_PATH
100
AcDbPolyline
 90
        2
 70
     0
 43
0.508
 10
-6.689852000000001
 20
1.79705
 10
-23.80945200000001
 20
1.79705
  0
LWPOLYLINE
  5
3372
330
2F74
100
AcDbEntity
  8
BG_NCROUTE_PATH
100
AcDbPolyline
 90
        7
 70
     0
 43
0.1524
 10
-6.749542000000005
 20
-1.502917999999999
 10
-6.549644
 20
-1.902967999999999
 10
-6.949694
 20
-1.902967999999999
 10
-6.749542000000005
 20
-1.502917999999999
 10
-6.649720000000002
 20
-1.902967999999999
 10
-6.849617999999999
 20
-1.802891999999999
 10
-6.749542000000005
 20
-1.703069999999999
  0
LWPOLYLINE
  5
3373
330
2F74
100
AcDbEntity
  8
BG_NCROUTE_PATH
100
AcDbPolyline
 90
        3
 70
     0
 43
0.1524
 10
-6.349746000000003
 20
3.797046
 10
-5.149596000000002
 20
3.797046
 10
-5.149596000000002
 20
2.497074
  0
LWPOLYLINE
  5
3374
330
2F74
100
AcDbEntity
  8
BG_NCROUTE_PATH
100
AcDbPolyline
 90
        4
 70
     0
 43
0.1524
 10
-24.149558
 20
-0.2029459999999998
 10
-25.349708
 20
-0.2029459999999998
 10
-25.349708
 20
3.797046
 10
-24.149558
 20
3.797046
  0
LWPOLYLINE
  5
3375
330
2F74
100
AcDbEntity
  8
BG_NCROUTE_PATH
100
AcDbPolyline
 90
        2
 70
     0
 43
0.1524
 10
-5.149596000000002
 20
1.097026
 10
-5.149596000000002
 20
-0.2029459999999998
  0
LWPOLYLINE
  5
3376
330
2F74
100
AcDbEntity
  8
BG_NCROUTE_PATH
100
AcDbPolyline
 90
        2
 70
     0
 43
0.1524
 10
-5.149596000000002
 20
1.147064
 10
-5.149596000000002
 20
2.447036
  0
LWPOLYLINE
  5
3377
330
2F74
100
AcDbEntity
  8
BG_NCROUTE_PATH
100
AcDbPolyline
 90
        2
 70
     0
 43
0.1524
 10
-5.149596000000002
 20
-0.2029459999999998
 10
-6.349746000000003
 20
-0.2029459999999998
  0
LWPOLYLINE
  5
3378
330
2F74
100
AcDbEntity
  8
BG_NCROUTE_PATH
100
AcDbPolyline
 90
        2
 70
     0
 43
0.1524
 10
-26.866596
 20
26.441654
 10
-28.06674600000001
 20
26.441654
  0
LWPOLYLINE
  5
3379
330
2F74
100
AcDbEntity
  8
BG_NCROUTE_PATH
100
AcDbPolyline
 90
        2
 70
     0
 43
0.1524
 10
-26.866596
 20
27.791664
 10
-26.866596
 20
29.091636
  0
LWPOLYLINE
  5
337A
330
2F74
100
AcDbEntity
  8
BG_NCROUTE_PATH
100
AcDbPolyline
 90
        2
 70
     0
 43
0.1524
 10
-26.866596
 20
27.741626
 10
-26.866596
 20
26.441654
  0
LWPOLYLINE
  5
337B
330
2F74
100
AcDbEntity
  8
BG_NCROUTE_PATH
100
AcDbPolyline
 90
        4
 70
     0
 43
0.1524
 10
-45.866558
 20
26.441654
 10
-47.066708
 20
26.441654
 10
-47.066708
 20
30.441646
 10
-45.866558
 20
30.441646
  0
LWPOLYLINE
  5
337C
330
2F74
100
AcDbEntity
  8
BG_NCROUTE_PATH
100
AcDbPolyline
 90
        3
 70
     0
 43
0.1524
 10
-28.06674600000001
 20
30.441646
 10
-26.866596
 20
30.441646
 10
-26.866596
 20
29.141674
  0
LWPOLYLINE
  5
337D
330
2F74
100
AcDbEntity
  8
BG_NCROUTE_PATH
100
AcDbPolyline
 90
        7
 70
     0
 43
0.1524
 10
-45.467524
 20
25.10917
 10
-45.267626
 20
24.708866
 10
-45.66767600000001
 20
24.708866
 10
-45.467524
 20
25.10917
 10
-45.367448
 20
24.708866
 10
-45.567346
 20
24.808942
 10
-45.467524
 20
24.908764
  0
LWPOLYLINE
  5
337E
330
2F74
100
AcDbEntity
  8
BG_NCROUTE_PATH
100
AcDbPolyline
 90
        5
 70
     0
 43
0.127
 10
-28.59735200000001
 20
28.92425
 10
-45.335952
 20
28.92425
 10
-45.335952
 20
27.95905
 10
-28.59735200000001
 20
27.95905
 10
-28.59735200000001
 20
28.92425
  0
LWPOLYLINE
  5
337F
330
2F74
100
AcDbEntity
  8
BG_NCROUTE_PATH
100
AcDbPolyline
 90
        2
 70
     0
 43
0.1524
 10
-26.866596
 20
-0.2029459999999998
 10
-28.06674600000001
 20
-0.2029459999999998
  0
LWPOLYLINE
  5
3380
330
2F74
100
AcDbEntity
  8
BG_NCROUTE_PATH
100
AcDbPolyline
 90
        2
 70
     0
 43
0.1524
 10
-26.866596
 20
1.147064
 10
-26.866596
 20
2.447036
  0
LWPOLYLINE
  5
3381
330
2F74
100
AcDbEntity
  8
BG_NCROUTE_PATH
100
AcDbPolyline
 90
        2
 70
     0
 43
0.1524
 10
-26.866596
 20
1.097026
 10
-26.866596
 20
-0.2029459999999998
  0
LWPOLYLINE
  5
3382
330
2F74
100
AcDbEntity
  8
BG_NCROUTE_PATH
100
AcDbPolyline
 90
        4
 70
     0
 43
0.1524
 10
-45.866558
 20
-0.2029459999999998
 10
-47.066708
 20
-0.2029459999999998
 10
-47.066708
 20
3.797046
 10
-45.866558
 20
3.797046
  0
LWPOLYLINE
  5
3383
330
2F74
100
AcDbEntity
  8
BG_NCROUTE_PATH
100
AcDbPolyline
 90
        3
 70
     0
 43
0.1524
 10
-28.06674600000001
 20
3.797046
 10
-26.866596
 20
3.797046
 10
-26.866596
 20
2.497074
  0
LWPOLYLINE
  5
3384
330
2F74
100
AcDbEntity
  8
BG_NCROUTE_PATH
100
AcDbPolyline
 90
        7
 70
     0
 43
0.1524
 10
-45.467524
 20
-1.535429999999999
 10
-45.267626
 20
-1.935733999999999
 10
-45.66767600000001
 20
-1.935733999999999
 10
-45.467524
 20
-1.535429999999999
 10
-45.367448
 20
-1.935733999999999
 10
-45.567346
 20
-1.835657999999999
 10
-45.467524
 20
-1.735835999999999
  0
LWPOLYLINE
  5
3385
330
2F74
100
AcDbEntity
  8
BG_NCROUTE_PATH
100
AcDbPolyline
 90
        5
 70
     0
 43
0.127
 10
-28.59735200000001
 20
2.27965
 10
-45.335952
 20
2.27965
 10
-45.335952
 20
1.31445
 10
-28.59735200000001
 20
1.31445
 10
-28.59735200000001
 20
2.27965
  0
LWPOLYLINE
  5
3386
330
2F74
100
AcDbEntity
  8
BG_NCROUTE_PATH
100
AcDbPolyline
 90
        2
 70
     0
 43
0.1524
 10
-2.422652000000006
 20
13.88745
 10
-2.422652000000006
 20
10.94105
  0
LWPOLYLINE
  5
3387
330
2F74
100
AcDbEntity
  8
BG_NCROUTE_PATH
100
AcDbPolyline
 90
        2
 70
     0
 43
0.1524
 10
-1.203452000000005
 20
13.88745
 10
-1.203452000000005
 20
10.94105
  0
LWPOLYLINE
  5
3388
330
2F74
100
AcDbEntity
  8
BG_NCROUTE_PATH
100
AcDbPolyline
 90
        2
 70
     0
 43
0.1524
 10
-2.422652000000006
 20
10.94105
 10
-1.228852000000003
 20
10.94105
  0
LWPOLYLINE
  5
3389
330
2F74
100
AcDbEntity
  8
BG_NCROUTE_PATH
100
AcDbPolyline
 90
        2
 70
     0
 43
0.1524
 10
-2.422652000000006
 20
13.88745
 10
-1.203452000000005
 20
13.88745
  0
LWPOLYLINE
  5
338A
330
2F74
100
AcDbEntity
  8
BG_NCROUTE_PATH
100
AcDbPolyline
 90
        2
 70
     0
 43
0.1524
 10
-2.117852000000006
 20
12.51585
 10
-1.508252000000005
 20
12.51585
  0
LWPOLYLINE
  5
338B
330
2F74
100
AcDbEntity
  8
BG_NCROUTE_PATH
100
AcDbPolyline
 90
        2
 70
     0
 43
0.1524
 10
-1.508252000000005
 20
12.31265
 10
-2.117852000000006
 20
12.31265
  0
LWPOLYLINE
  5
338C
330
2F74
100
AcDbEntity
  8
BG_NCROUTE_PATH
100
AcDbPolyline
 90
        2
 70
     0
 43
0.1524
 10
-0.8605520000000055
 20
19.62785
 10
-0.8605520000000055
 20
16.68145
  0
LWPOLYLINE
  5
338D
330
2F74
100
AcDbEntity
  8
BG_NCROUTE_PATH
100
AcDbPolyline
 90
        2
 70
     0
 43
0.1524
 10
0.3586479999999952
 20
19.62785
 10
0.3586479999999952
 20
16.68145
  0
LWPOLYLINE
  5
338E
330
2F74
100
AcDbEntity
  8
BG_NCROUTE_PATH
100
AcDbPolyline
 90
        2
 70
     0
 43
0.1524
 10
-0.8605520000000055
 20
16.68145
 10
0.3332479999999975
 20
16.68145
  0
LWPOLYLINE
  5
338F
330
2F74
100
AcDbEntity
  8
BG_NCROUTE_PATH
100
AcDbPolyline
 90
        2
 70
     0
 43
0.1524
 10
-0.8605520000000055
 20
19.62785
 10
0.3586479999999952
 20
19.62785
  0
LWPOLYLINE
  5
3390
330
2F74
100
AcDbEntity
  8
BG_NCROUTE_PATH
100
AcDbPolyline
 90
        2
 70
     0
 43
0.1524
 10
-0.5557520000000054
 20
18.25625
 10
0.053847999999995
 20
18.25625
  0
LWPOLYLINE
  5
3391
330
2F74
100
AcDbEntity
  8
BG_NCROUTE_PATH
100
AcDbPolyline
 90
        2
 70
     0
 43
0.1524
 10
0.053847999999995
 20
18.05305
 10
-0.5557520000000054
 20
18.05305
  0
LWPOLYLINE
  5
3392
330
2F74
100
AcDbEntity
  8
BG_NCROUTE_PATH
100
AcDbPolyline
 90
        2
 70
     0
 43
0.1524
 10
-9.661652000000003
 20
13.25245
 10
-9.661652000000003
 20
10.30605
  0
LWPOLYLINE
  5
3393
330
2F74
100
AcDbEntity
  8
BG_NCROUTE_PATH
100
AcDbPolyline
 90
        2
 70
     0
 43
0.1524
 10
-8.442452000000002
 20
13.25245
 10
-8.442452000000002
 20
10.30605
  0
LWPOLYLINE
  5
3394
330
2F74
100
AcDbEntity
  8
BG_NCROUTE_PATH
100
AcDbPolyline
 90
        2
 70
     0
 43
0.1524
 10
-9.661652000000003
 20
10.30605
 10
-8.467852000000007
 20
10.30605
  0
LWPOLYLINE
  5
3395
330
2F74
100
AcDbEntity
  8
BG_NCROUTE_PATH
100
AcDbPolyline
 90
        2
 70
     0
 43
0.1524
 10
-9.661652000000003
 20
13.25245
 10
-8.442452000000002
 20
13.25245
  0
LWPOLYLINE
  5
3396
330
2F74
100
AcDbEntity
  8
BG_NCROUTE_PATH
100
AcDbPolyline
 90
        2
 70
     0
 43
0.1524
 10
-9.356852000000003
 20
11.88085
 10
-8.747252000000003
 20
11.88085
  0
LWPOLYLINE
  5
3397
330
2F74
100
AcDbEntity
  8
BG_NCROUTE_PATH
100
AcDbPolyline
 90
        2
 70
     0
 43
0.1524
 10
-8.747252000000003
 20
11.67765
 10
-9.356852000000003
 20
11.67765
  0
LWPOLYLINE
  5
3398
330
2F74
100
AcDbEntity
  8
BG_NCROUTE_PATH
100
AcDbPolyline
 90
        2
 70
     0
 43
0.1524
 10
-5.623052000000001
 20
12.89685
 10
-2.676652000000004
 20
12.89685
  0
LWPOLYLINE
  5
3399
330
2F74
100
AcDbEntity
  8
BG_NCROUTE_PATH
100
AcDbPolyline
 90
        2
 70
     0
 43
0.1524
 10
-2.676652000000004
 20
11.67765
 10
-2.676652000000004
 20
12.87145
  0
LWPOLYLINE
  5
339A
330
2F74
100
AcDbEntity
  8
BG_NCROUTE_PATH
100
AcDbPolyline
 90
        2
 70
     0
 43
0.1524
 10
-5.623052000000001
 20
11.67765
 10
-5.623052000000001
 20
12.89685
  0
LWPOLYLINE
  5
339B
330
2F74
100
AcDbEntity
  8
BG_NCROUTE_PATH
100
AcDbPolyline
 90
        2
 70
     0
 43
0.1524
 10
-4.251452000000007
 20
11.98245
 10
-4.251452000000007
 20
12.59205
  0
LWPOLYLINE
  5
339C
330
2F74
100
AcDbEntity
  8
BG_NCROUTE_PATH
100
AcDbPolyline
 90
        2
 70
     0
 43
0.1524
 10
-4.048252000000005
 20
12.59205
 10
-4.048252000000005
 20
11.98245
  0
LWPOLYLINE
  5
339D
330
2F74
100
AcDbEntity
  8
BG_NCROUTE_PATH
100
AcDbPolyline
 90
        2
 70
     0
 43
0.1524
 10
-11.185652
 20
13.20165
 10
-11.185652
 20
10.25525
  0
LWPOLYLINE
  5
339E
330
2F74
100
AcDbEntity
  8
BG_NCROUTE_PATH
100
AcDbPolyline
 90
        2
 70
     0
 43
0.1524
 10
-9.966452000000003
 20
13.20165
 10
-9.966452000000003
 20
10.25525
  0
LWPOLYLINE
  5
339F
330
2F74
100
AcDbEntity
  8
BG_NCROUTE_PATH
100
AcDbPolyline
 90
        2
 70
     0
 43
0.1524
 10
-11.185652
 20
10.25525
 10
-9.991852000000001
 20
10.25525
  0
LWPOLYLINE
  5
33A0
330
2F74
100
AcDbEntity
  8
BG_NCROUTE_PATH
100
AcDbPolyline
 90
        2
 70
     0
 43
0.1524
 10
-11.185652
 20
13.20165
 10
-9.966452000000003
 20
13.20165
  0
LWPOLYLINE
  5
33A1
330
2F74
100
AcDbEntity
  8
BG_NCROUTE_PATH
100
AcDbPolyline
 90
        2
 70
     0
 43
0.1524
 10
-10.880852
 20
11.83005
 10
-10.271252
 20
11.83005
  0
LWPOLYLINE
  5
33A2
330
2F74
100
AcDbEntity
  8
BG_NCROUTE_PATH
100
AcDbPolyline
 90
        2
 70
     0
 43
0.1524
 10
-10.271252
 20
11.62685
 10
-10.880852
 20
11.62685
  0
LWPOLYLINE
  5
33A3
330
2F74
100
AcDbEntity
  8
BG_NCROUTE_PATH
100
AcDbPolyline
 90
        2
 70
     0
 43
0.1524
 10
-12.709652
 20
13.17625
 10
-12.709652
 20
10.22985
  0
LWPOLYLINE
  5
33A4
330
2F74
100
AcDbEntity
  8
BG_NCROUTE_PATH
100
AcDbPolyline
 90
        2
 70
     0
 43
0.1524
 10
-11.490452
 20
13.17625
 10
-11.490452
 20
10.22985
  0
LWPOLYLINE
  5
33A5
330
2F74
100
AcDbEntity
  8
BG_NCROUTE_PATH
100
AcDbPolyline
 90
        2
 70
     0
 43
0.1524
 10
-12.709652
 20
10.22985
 10
-11.515852
 20
10.22985
  0
LWPOLYLINE
  5
33A6
330
2F74
100
AcDbEntity
  8
BG_NCROUTE_PATH
100
AcDbPolyline
 90
        2
 70
     0
 43
0.1524
 10
-12.709652
 20
13.17625
 10
-11.490452
 20
13.17625
  0
LWPOLYLINE
  5
33A7
330
2F74
100
AcDbEntity
  8
BG_NCROUTE_PATH
100
AcDbPolyline
 90
        2
 70
     0
 43
0.1524
 10
-12.404852
 20
11.80465
 10
-11.795252
 20
11.80465
  0
LWPOLYLINE
  5
33A8
330
2F74
100
AcDbEntity
  8
BG_NCROUTE_PATH
100
AcDbPolyline
 90
        2
 70
     0
 43
0.1524
 10
-11.795252
 20
11.60145
 10
-12.404852
 20
11.60145
  0
LWPOLYLINE
  5
33A9
330
2F74
100
AcDbEntity
  8
BG_NCROUTE_PATH
100
AcDbPolyline
 90
        2
 70
     0
 43
0.1524
 10
-3.311652000000002
 20
19.46275
 10
-6.258052000000006
 20
19.46275
  0
LWPOLYLINE
  5
33AA
330
2F74
100
AcDbEntity
  8
BG_NCROUTE_PATH
100
AcDbPolyline
 90
        2
 70
     0
 43
0.1524
 10
-3.311652000000002
 20
19.46275
 10
-3.311652000000002
 20
18.24355
  0
LWPOLYLINE
  5
33AB
330
2F74
100
AcDbEntity
  8
BG_NCROUTE_PATH
100
AcDbPolyline
 90
        2
 70
     0
 43
0.1524
 10
-4.683252000000003
 20
19.15795
 10
-4.683252000000003
 20
18.54835
  0
LWPOLYLINE
  5
33AC
330
2F74
100
AcDbEntity
  8
BG_NCROUTE_PATH
100
AcDbPolyline
 90
        2
 70
     0
 43
0.1524
 10
-4.886452000000005
 20
18.54835
 10
-4.886452000000005
 20
19.15795
  0
LWPOLYLINE
  5
33AD
330
2F74
100
AcDbEntity
  8
BG_NCROUTE_PATH
100
AcDbPolyline
 90
        2
 70
     0
 43
0.1524
 10
-11.592052
 20
18.85315
 10
-8.645652000000005
 20
18.85315
  0
LWPOLYLINE
  5
33AE
330
2F74
100
AcDbEntity
  8
BG_NCROUTE_PATH
100
AcDbPolyline
 90
        2
 70
     0
 43
0.1524
 10
-11.592052
 20
20.07235
 10
-8.645652000000005
 20
20.07235
  0
LWPOLYLINE
  5
33AF
330
2F74
100
AcDbEntity
  8
BG_NCROUTE_PATH
100
AcDbPolyline
 90
        2
 70
     0
 43
0.1524
 10
-8.645652000000005
 20
18.85315
 10
-8.645652000000005
 20
20.04695
  0
LWPOLYLINE
  5
33B0
330
2F74
100
AcDbEntity
  8
BG_NCROUTE_PATH
100
AcDbPolyline
 90
        2
 70
     0
 43
0.1524
 10
-11.592052
 20
18.85315
 10
-11.592052
 20
20.07235
  0
LWPOLYLINE
  5
33B1
330
2F74
100
AcDbEntity
  8
BG_NCROUTE_PATH
100
AcDbPolyline
 90
        2
 70
     0
 43
0.1524
 10
-10.220452
 20
19.15795
 10
-10.220452
 20
19.76755
  0
LWPOLYLINE
  5
33B2
330
2F74
100
AcDbEntity
  8
BG_NCROUTE_PATH
100
AcDbPolyline
 90
        2
 70
     0
 43
0.1524
 10
-10.017252
 20
19.76755
 10
-10.017252
 20
19.15795
  0
LWPOLYLINE
  5
33B3
330
2F74
100
AcDbEntity
  8
BG_NCROUTE_PATH
100
AcDbPolyline
 90
        2
 70
     0
 43
0.1524
 10
0.3586479999999952
 20
20.44065
 10
0.3586479999999952
 20
23.38705
  0
LWPOLYLINE
  5
33B4
330
2F74
100
AcDbEntity
  8
BG_NCROUTE_PATH
100
AcDbPolyline
 90
        2
 70
     0
 43
0.1524
 10
-0.8605520000000055
 20
20.44065
 10
-0.8605520000000055
 20
23.38705
  0
LWPOLYLINE
  5
33B5
330
2F74
100
AcDbEntity
  8
BG_NCROUTE_PATH
100
AcDbPolyline
 90
        2
 70
     0
 43
0.1524
 10
0.3586479999999952
 20
23.38705
 10
-0.8351520000000078
 20
23.38705
  0
LWPOLYLINE
  5
33B6
330
2F74
100
AcDbEntity
  8
BG_NCROUTE_PATH
100
AcDbPolyline
 90
        2
 70
     0
 43
0.1524
 10
0.3586479999999952
 20
20.44065
 10
-0.8605520000000055
 20
20.44065
  0
LWPOLYLINE
  5
33B7
330
2F74
100
AcDbEntity
  8
BG_NCROUTE_PATH
100
AcDbPolyline
 90
        2
 70
     0
 43
0.1524
 10
0.053847999999995
 20
21.81225
 10
-0.5557520000000054
 20
21.81225
  0
LWPOLYLINE
  5
33B8
330
2F74
100
AcDbEntity
  8
BG_NCROUTE_PATH
100
AcDbPolyline
 90
        2
 70
     0
 43
0.1524
 10
-0.5557520000000054
 20
22.01545
 10
0.053847999999995
 20
22.01545
  0
LWPOLYLINE
  5
33B9
330
2F74
100
AcDbEntity
  8
BG_NCROUTE_PATH
100
AcDbPolyline
 90
        2
 70
     0
 43
0.1524
 10
-11.592052
 20
22.28215
 10
-8.645652000000005
 20
22.28215
  0
LWPOLYLINE
  5
33BA
330
2F74
100
AcDbEntity
  8
BG_NCROUTE_PATH
100
AcDbPolyline
 90
        2
 70
     0
 43
0.1524
 10
-11.592052
 20
23.50135
 10
-8.645652000000005
 20
23.50135
  0
LWPOLYLINE
  5
33BB
330
2F74
100
AcDbEntity
  8
BG_NCROUTE_PATH
100
AcDbPolyline
 90
        2
 70
     0
 43
0.1524
 10
-8.645652000000005
 20
22.28215
 10
-8.645652000000005
 20
23.47595
  0
LWPOLYLINE
  5
33BC
330
2F74
100
AcDbEntity
  8
BG_NCROUTE_PATH
100
AcDbPolyline
 90
        2
 70
     0
 43
0.1524
 10
-11.592052
 20
22.28215
 10
-11.592052
 20
23.50135
  0
LWPOLYLINE
  5
33BD
330
2F74
100
AcDbEntity
  8
BG_NCROUTE_PATH
100
AcDbPolyline
 90
        2
 70
     0
 43
0.1524
 10
-10.220452
 20
22.58695
 10
-10.220452
 20
23.19655
  0
LWPOLYLINE
  5
33BE
330
2F74
100
AcDbEntity
  8
BG_NCROUTE_PATH
100
AcDbPolyline
 90
        2
 70
     0
 43
0.1524
 10
-10.017252
 20
23.19655
 10
-10.017252
 20
22.58695
  0
LWPOLYLINE
  5
33BF
330
2F74
100
AcDbEntity
  8
BG_NCROUTE_PATH
100
AcDbPolyline
 90
        2
 70
     0
 43
0.1524
 10
-7.337552000000002
 20
17.87525
 10
-7.337552000000002
 20
20.82165
  0
LWPOLYLINE
  5
33C0
330
2F74
100
AcDbEntity
  8
BG_NCROUTE_PATH
100
AcDbPolyline
 90
        2
 70
     0
 43
0.1524
 10
-8.556752000000003
 20
17.87525
 10
-8.556752000000003
 20
20.82165
  0
LWPOLYLINE
  5
33C1
330
2F74
100
AcDbEntity
  8
BG_NCROUTE_PATH
100
AcDbPolyline
 90
        2
 70
     0
 43
0.1524
 10
-7.337552000000002
 20
20.82165
 10
-8.531352000000005
 20
20.82165
  0
LWPOLYLINE
  5
33C2
330
2F74
100
AcDbEntity
  8
BG_NCROUTE_PATH
100
AcDbPolyline
 90
        2
 70
     0
 43
0.1524
 10
-7.337552000000002
 20
17.87525
 10
-8.556752000000003
 20
17.87525
  0
LWPOLYLINE
  5
33C3
330
2F74
100
AcDbEntity
  8
BG_NCROUTE_PATH
100
AcDbPolyline
 90
        2
 70
     0
 43
0.1524
 10
-7.642352000000002
 20
19.24685
 10
-8.251952000000002
 20
19.24685
  0
LWPOLYLINE
  5
33C4
330
2F74
100
AcDbEntity
  8
BG_NCROUTE_PATH
100
AcDbPolyline
 90
        2
 70
     0
 43
0.1524
 10
-8.251952000000002
 20
19.45005
 10
-7.642352000000002
 20
19.45005
  0
LWPOLYLINE
  5
33C5
330
2F74
100
AcDbEntity
  8
BG_NCROUTE_PATH
100
AcDbPolyline
 90
        2
 70
     0
 43
0.1524
 10
-3.311652000000002
 20
20.85975
 10
-6.258052000000006
 20
20.85975
  0
LWPOLYLINE
  5
33C6
330
2F74
100
AcDbEntity
  8
BG_NCROUTE_PATH
100
AcDbPolyline
 90
        2
 70
     0
 43
0.1524
 10
-3.311652000000002
 20
19.64055
 10
-6.258052000000006
 20
19.64055
  0
LWPOLYLINE
  5
33C7
330
2F74
100
AcDbEntity
  8
BG_NCROUTE_PATH
100
AcDbPolyline
 90
        2
 70
     0
 43
0.1524
 10
-6.258052000000006
 20
20.85975
 10
-6.258052000000006
 20
19.66595
  0
LWPOLYLINE
  5
33C8
330
2F74
100
AcDbEntity
  8
BG_NCROUTE_PATH
100
AcDbPolyline
 90
        2
 70
     0
 43
0.1524
 10
-3.311652000000002
 20
20.85975
 10
-3.311652000000002
 20
19.64055
  0
LWPOLYLINE
  5
33C9
330
2F74
100
AcDbEntity
  8
BG_NCROUTE_PATH
100
AcDbPolyline
 90
        2
 70
     0
 43
0.1524
 10
-4.683252000000003
 20
20.55495
 10
-4.683252000000003
 20
19.94535
  0
LWPOLYLINE
  5
33CA
330
2F74
100
AcDbEntity
  8
BG_NCROUTE_PATH
100
AcDbPolyline
 90
        2
 70
     0
 43
0.1524
 10
-4.886452000000005
 20
19.94535
 10
-4.886452000000005
 20
20.55495
  0
LWPOLYLINE
  5
33CB
330
2F74
100
AcDbEntity
  8
BG_NCROUTE_PATH
100
AcDbPolyline
 90
        2
 70
     0
 43
0.1524
 10
-5.940552000000003
 20
21.27885
 10
-5.940552000000003
 20
24.22525
  0
LWPOLYLINE
  5
33CC
330
2F74
100
AcDbEntity
  8
BG_NCROUTE_PATH
100
AcDbPolyline
 90
        2
 70
     0
 43
0.1524
 10
-7.159752000000004
 20
21.27885
 10
-7.159752000000004
 20
24.22525
  0
LWPOLYLINE
  5
33CD
330
2F74
100
AcDbEntity
  8
BG_NCROUTE_PATH
100
AcDbPolyline
 90
        2
 70
     0
 43
0.1524
 10
-5.940552000000003
 20
24.22525
 10
-7.134352000000006
 20
24.22525
  0
LWPOLYLINE
  5
33CE
330
2F74
100
AcDbEntity
  8
BG_NCROUTE_PATH
100
AcDbPolyline
 90
        2
 70
     0
 43
0.1524
 10
-5.940552000000003
 20
21.27885
 10
-7.159752000000004
 20
21.27885
  0
LWPOLYLINE
  5
33CF
330
2F74
100
AcDbEntity
  8
BG_NCROUTE_PATH
100
AcDbPolyline
 90
        2
 70
     0
 43
0.1524
 10
-6.245352000000004
 20
22.65045
 10
-6.854952000000004
 20
22.65045
  0
LWPOLYLINE
  5
33D0
330
2F74
100
AcDbEntity
  8
BG_NCROUTE_PATH
100
AcDbPolyline
 90
        2
 70
     0
 43
0.1524
 10
-6.854952000000004
 20
22.85365
 10
-6.245352000000004
 20
22.85365
  0
LWPOLYLINE
  5
33D1
330
2F74
100
AcDbEntity
  8
BG_NCROUTE_PATH
100
AcDbPolyline
 90
        2
 70
     0
 43
0.1524
 10
-52.562252
 20
4.946649999999999
 10
-49.615852
 20
4.946649999999999
  0
LWPOLYLINE
  5
33D2
330
2F74
100
AcDbEntity
  8
BG_NCROUTE_PATH
100
AcDbPolyline
 90
        2
 70
     0
 43
0.1524
 10
-52.562252
 20
6.165849999999998
 10
-49.615852
 20
6.165849999999998
  0
LWPOLYLINE
  5
33D3
330
2F74
100
AcDbEntity
  8
BG_NCROUTE_PATH
100
AcDbPolyline
 90
        2
 70
     0
 43
0.1524
 10
-49.615852
 20
4.946649999999999
 10
-49.615852
 20
6.140449999999999
  0
LWPOLYLINE
  5
33D4
330
2F74
100
AcDbEntity
  8
BG_NCROUTE_PATH
100
AcDbPolyline
 90
        2
 70
     0
 43
0.1524
 10
-52.562252
 20
4.946649999999999
 10
-52.562252
 20
6.165849999999998
  0
LWPOLYLINE
  5
33D5
330
2F74
100
AcDbEntity
  8
BG_NCROUTE_PATH
100
AcDbPolyline
 90
        2
 70
     0
 43
0.1524
 10
-51.19065200000001
 20
5.25145
 10
-51.19065200000001
 20
5.86105
  0
LWPOLYLINE
  5
33D6
330
2F74
100
AcDbEntity
  8
BG_NCROUTE_PATH
100
AcDbPolyline
 90
        2
 70
     0
 43
0.1524
 10
-50.987452
 20
5.86105
 10
-50.987452
 20
5.25145
  0
LWPOLYLINE
  5
33D7
330
2F74
100
AcDbEntity
  8
BG_NCROUTE_PATH
100
AcDbPolyline
 90
        2
 70
     0
 43
0.1524
 10
-15.520162
 20
18.86585
 10
-18.466562
 20
18.86585
  0
LWPOLYLINE
  5
33D8
330
2F74
100
AcDbEntity
  8
BG_NCROUTE_PATH
100
AcDbPolyline
 90
        2
 70
     0
 43
0.1524
 10
-15.520162
 20
17.64665
 10
-18.466562
 20
17.64665
  0
LWPOLYLINE
  5
33D9
330
2F74
100
AcDbEntity
  8
BG_NCROUTE_PATH
100
AcDbPolyline
 90
        2
 70
     0
 43
0.1524
 10
-18.466562
 20
18.86585
 10
-18.466562
 20
17.67205
  0
LWPOLYLINE
  5
33DA
330
2F74
100
AcDbEntity
  8
BG_NCROUTE_PATH
100
AcDbPolyline
 90
        2
 70
     0
 43
0.1524
 10
-15.520162
 20
18.86585
 10
-15.520162
 20
17.64665
  0
LWPOLYLINE
  5
33DB
330
2F74
100
AcDbEntity
  8
BG_NCROUTE_PATH
100
AcDbPolyline
 90
        2
 70
     0
 43
0.1524
 10
-16.891762
 20
18.56105
 10
-16.891762
 20
17.95145
  0
LWPOLYLINE
  5
33DC
330
2F74
100
AcDbEntity
  8
BG_NCROUTE_PATH
100
AcDbPolyline
 90
        2
 70
     0
 43
0.1524
 10
-17.094962
 20
17.95145
 10
-17.094962
 20
18.56105
  0
LWPOLYLINE
  5
33DD
330
2F74
100
AcDbEntity
  8
BG_NCROUTE_PATH
100
AcDbPolyline
 90
        2
 70
     0
 43
0.1524
 10
-8.213852000000002
 20
13.22705
 10
-8.213852000000002
 20
10.28065
  0
LWPOLYLINE
  5
33DE
330
2F74
100
AcDbEntity
  8
BG_NCROUTE_PATH
100
AcDbPolyline
 90
        2
 70
     0
 43
0.1524
 10
-6.994652000000002
 20
13.22705
 10
-6.994652000000002
 20
10.28065
  0
LWPOLYLINE
  5
33DF
330
2F74
100
AcDbEntity
  8
BG_NCROUTE_PATH
100
AcDbPolyline
 90
        2
 70
     0
 43
0.1524
 10
-8.213852000000002
 20
10.28065
 10
-7.020052000000006
 20
10.28065
  0
LWPOLYLINE
  5
33E0
330
2F74
100
AcDbEntity
  8
BG_NCROUTE_PATH
100
AcDbPolyline
 90
        2
 70
     0
 43
0.1524
 10
-8.213852000000002
 20
13.22705
 10
-6.994652000000002
 20
13.22705
  0
LWPOLYLINE
  5
33E1
330
2F74
100
AcDbEntity
  8
BG_NCROUTE_PATH
100
AcDbPolyline
 90
        2
 70
     0
 43
0.1524
 10
-7.909052000000002
 20
11.85545
 10
-7.299452000000002
 20
11.85545
  0
LWPOLYLINE
  5
33E2
330
2F74
100
AcDbEntity
  8
BG_NCROUTE_PATH
100
AcDbPolyline
 90
        2
 70
     0
 43
0.1524
 10
-7.299452000000002
 20
11.65225
 10
-7.909052000000002
 20
11.65225
  0
LWPOLYLINE
  5
33E3
330
2F74
100
AcDbEntity
  8
BG_NCROUTE_PATH
100
AcDbPolyline
 90
        2
 70
     0
 43
0.1524
 10
-15.351252
 20
22.58314
 10
-15.351252
 20
19.63674
  0
LWPOLYLINE
  5
33E4
330
2F74
100
AcDbEntity
  8
BG_NCROUTE_PATH
100
AcDbPolyline
 90
        2
 70
     0
 43
0.1524
 10
-14.132052
 20
22.58314
 10
-14.132052
 20
19.63674
  0
LWPOLYLINE
  5
33E5
330
2F74
100
AcDbEntity
  8
BG_NCROUTE_PATH
100
AcDbPolyline
 90
        2
 70
     0
 43
0.1524
 10
-15.351252
 20
19.63674
 10
-14.157452
 20
19.63674
  0
LWPOLYLINE
  5
33E6
330
2F74
100
AcDbEntity
  8
BG_NCROUTE_PATH
100
AcDbPolyline
 90
        2
 70
     0
 43
0.1524
 10
-15.351252
 20
22.58314
 10
-14.132052
 20
22.58314
  0
LWPOLYLINE
  5
33E7
330
2F74
100
AcDbEntity
  8
BG_NCROUTE_PATH
100
AcDbPolyline
 90
        2
 70
     0
 43
0.1524
 10
-15.046452
 20
21.21154
 10
-14.436852
 20
21.21154
  0
LWPOLYLINE
  5
33E8
330
2F74
100
AcDbEntity
  8
BG_NCROUTE_PATH
100
AcDbPolyline
 90
        2
 70
     0
 43
0.1524
 10
-14.436852
 20
21.00834
 10
-15.046452
 20
21.00834
  0
LWPOLYLINE
  5
33E9
330
2F74
100
AcDbEntity
  8
BG_NCROUTE_PATH
100
AcDbPolyline
 90
        2
 70
     0
 43
0.1524
 10
-3.413252000000007
 20
29.81325
 10
-3.413252000000007
 20
26.86685
  0
LWPOLYLINE
  5
33EA
330
2F74
100
AcDbEntity
  8
BG_NCROUTE_PATH
100
AcDbPolyline
 90
        2
 70
     0
 43
0.1524
 10
-2.194052000000006
 20
29.81325
 10
-2.194052000000006
 20
26.86685
  0
LWPOLYLINE
  5
33EB
330
2F74
100
AcDbEntity
  8
BG_NCROUTE_PATH
100
AcDbPolyline
 90
        2
 70
     0
 43
0.1524
 10
-3.413252000000007
 20
26.86685
 10
-2.219452000000003
 20
26.86685
  0
LWPOLYLINE
  5
33EC
330
2F74
100
AcDbEntity
  8
BG_NCROUTE_PATH
100
AcDbPolyline
 90
        2
 70
     0
 43
0.1524
 10
-3.413252000000007
 20
29.81325
 10
-2.194052000000006
 20
29.81325
  0
LWPOLYLINE
  5
33ED
330
2F74
100
AcDbEntity
  8
BG_NCROUTE_PATH
100
AcDbPolyline
 90
        2
 70
     0
 43
0.1524
 10
-3.108452000000006
 20
28.44165
 10
-2.498852000000006
 20
28.44165
  0
LWPOLYLINE
  5
33EE
330
2F74
100
AcDbEntity
  8
BG_NCROUTE_PATH
100
AcDbPolyline
 90
        2
 70
     0
 43
0.1524
 10
-2.498852000000006
 20
28.23845
 10
-3.108452000000006
 20
28.23845
  0
LWPOLYLINE
  5
33EF
330
2F74
100
AcDbEntity
  8
BG_NCROUTE_PATH
100
AcDbPolyline
 90
        2
 70
     0
 43
0.1524
 10
-0.9240520000000032
 20
20.45716
 10
-0.9240520000000032
 20
23.40356
  0
LWPOLYLINE
  5
33F0
330
2F74
100
AcDbEntity
  8
BG_NCROUTE_PATH
100
AcDbPolyline
 90
        2
 70
     0
 43
0.1524
 10
-2.143252000000003
 20
20.45716
 10
-2.143252000000003
 20
23.40356
  0
LWPOLYLINE
  5
33F1
330
2F74
100
AcDbEntity
  8
BG_NCROUTE_PATH
100
AcDbPolyline
 90
        2
 70
     0
 43
0.1524
 10
-0.9240520000000032
 20
23.40356
 10
-2.117852000000006
 20
23.40356
  0
LWPOLYLINE
  5
33F2
330
2F74
100
AcDbEntity
  8
BG_NCROUTE_PATH
100
AcDbPolyline
 90
        2
 70
     0
 43
0.1524
 10
-0.9240520000000032
 20
20.45716
 10
-2.143252000000003
 20
20.45716
  0
LWPOLYLINE
  5
33F3
330
2F74
100
AcDbEntity
  8
BG_NCROUTE_PATH
100
AcDbPolyline
 90
        2
 70
     0
 43
0.1524
 10
-1.228852000000003
 20
21.82876
 10
-1.838452000000003
 20
21.82876
  0
LWPOLYLINE
  5
33F4
330
2F74
100
AcDbEntity
  8
BG_NCROUTE_PATH
100
AcDbPolyline
 90
        2
 70
     0
 43
0.1524
 10
-1.838452000000003
 20
22.03196
 10
-1.228852000000003
 20
22.03196
  0
LWPOLYLINE
  5
33F5
330
2F74
100
AcDbEntity
  8
BG_NCROUTE_PATH
100
AcDbPolyline
 90
        2
 70
     0
 43
0.1524
 10
-0.8732520000000079
 20
26.46934
 10
-0.8732520000000079
 20
23.52294
  0
LWPOLYLINE
  5
33F6
330
2F74
100
AcDbEntity
  8
BG_NCROUTE_PATH
100
AcDbPolyline
 90
        2
 70
     0
 43
0.1524
 10
0.3459479999999928
 20
26.46934
 10
0.3459479999999928
 20
23.52294
  0
LWPOLYLINE
  5
33F7
330
2F74
100
AcDbEntity
  8
BG_NCROUTE_PATH
100
AcDbPolyline
 90
        2
 70
     0
 43
0.1524
 10
-0.8732520000000079
 20
23.52294
 10
0.3205479999999952
 20
23.52294
  0
LWPOLYLINE
  5
33F8
330
2F74
100
AcDbEntity
  8
BG_NCROUTE_PATH
100
AcDbPolyline
 90
        2
 70
     0
 43
0.1524
 10
-0.8732520000000079
 20
26.46934
 10
0.3459479999999928
 20
26.46934
  0
LWPOLYLINE
  5
33F9
330
2F74
100
AcDbEntity
  8
BG_NCROUTE_PATH
100
AcDbPolyline
 90
        2
 70
     0
 43
0.1524
 10
-0.5684520000000078
 20
25.09774
 10
0.0411479999999926
 20
25.09774
  0
LWPOLYLINE
  5
33FA
330
2F74
100
AcDbEntity
  8
BG_NCROUTE_PATH
100
AcDbPolyline
 90
        2
 70
     0
 43
0.1524
 10
0.0411479999999926
 20
24.89454
 10
-0.5684520000000078
 20
24.89454
  0
LWPOLYLINE
  5
33FB
330
2F74
100
AcDbEntity
  8
BG_NCROUTE_PATH
100
AcDbPolyline
 90
        2
 70
     0
 43
0.1524
 10
-14.843252
 20
19.28114
 10
-14.843252
 20
16.33474
  0
LWPOLYLINE
  5
33FC
330
2F74
100
AcDbEntity
  8
BG_NCROUTE_PATH
100
AcDbPolyline
 90
        2
 70
     0
 43
0.1524
 10
-13.624052
 20
19.28114
 10
-13.624052
 20
16.33474
  0
LWPOLYLINE
  5
33FD
330
2F74
100
AcDbEntity
  8
BG_NCROUTE_PATH
100
AcDbPolyline
 90
        2
 70
     0
 43
0.1524
 10
-14.843252
 20
16.33474
 10
-13.649452
 20
16.33474
  0
LWPOLYLINE
  5
33FE
330
2F74
100
AcDbEntity
  8
BG_NCROUTE_PATH
100
AcDbPolyline
 90
        2
 70
     0
 43
0.1524
 10
-14.843252
 20
19.28114
 10
-13.624052
 20
19.28114
  0
LWPOLYLINE
  5
33FF
330
2F74
100
AcDbEntity
  8
BG_NCROUTE_PATH
100
AcDbPolyline
 90
        2
 70
     0
 43
0.1524
 10
-14.53845200000001
 20
17.90954
 10
-13.928852
 20
17.90954
  0
LWPOLYLINE
  5
3400
330
2F74
100
AcDbEntity
  8
BG_NCROUTE_PATH
100
AcDbPolyline
 90
        2
 70
     0
 43
0.1524
 10
-13.928852
 20
17.70634
 10
-14.53845200000001
 20
17.70634
  0
LWPOLYLINE
  5
3401
330
2F74
100
AcDbEntity
  8
BG_NCROUTE_PATH
100
AcDbPolyline
 90
        2
 70
     0
 43
0.1524
 10
-0.8732520000000079
 20
13.88745
 10
-0.8732520000000079
 20
10.94105
  0
LWPOLYLINE
  5
3402
330
2F74
100
AcDbEntity
  8
BG_NCROUTE_PATH
100
AcDbPolyline
 90
        2
 70
     0
 43
0.1524
 10
0.3459479999999928
 20
13.88745
 10
0.3459479999999928
 20
10.94105
  0
LWPOLYLINE
  5
3403
330
2F74
100
AcDbEntity
  8
BG_NCROUTE_PATH
100
AcDbPolyline
 90
        2
 70
     0
 43
0.1524
 10
-0.8732520000000079
 20
10.94105
 10
0.3205479999999952
 20
10.94105
  0
LWPOLYLINE
  5
3404
330
2F74
100
AcDbEntity
  8
BG_NCROUTE_PATH
100
AcDbPolyline
 90
        2
 70
     0
 43
0.1524
 10
-0.8732520000000079
 20
13.88745
 10
0.3459479999999928
 20
13.88745
  0
LWPOLYLINE
  5
3405
330
2F74
100
AcDbEntity
  8
BG_NCROUTE_PATH
100
AcDbPolyline
 90
        2
 70
     0
 43
0.1524
 10
-0.5684520000000078
 20
12.51585
 10
0.0411479999999926
 20
12.51585
  0
LWPOLYLINE
  5
3406
330
2F74
100
AcDbEntity
  8
BG_NCROUTE_PATH
100
AcDbPolyline
 90
        2
 70
     0
 43
0.1524
 10
0.0411479999999926
 20
12.31265
 10
-0.5684520000000078
 20
12.31265
  0
LWPOLYLINE
  5
3407
330
2F74
100
AcDbEntity
  8
BG_NCROUTE_PATH
100
AcDbPolyline
 90
        2
 70
     0
 43
0.1524
 10
-0.8389620000000022
 20
15.69085
 10
-3.785361999999999
 20
15.69085
  0
LWPOLYLINE
  5
3408
330
2F74
100
AcDbEntity
  8
BG_NCROUTE_PATH
100
AcDbPolyline
 90
        2
 70
     0
 43
0.1524
 10
-0.8389620000000022
 20
14.47165
 10
-3.785361999999999
 20
14.47165
  0
LWPOLYLINE
  5
3409
330
2F74
100
AcDbEntity
  8
BG_NCROUTE_PATH
100
AcDbPolyline
 90
        2
 70
     0
 43
0.1524
 10
-3.785361999999999
 20
15.69085
 10
-3.785361999999999
 20
14.49704999999999
  0
LWPOLYLINE
  5
340A
330
2F74
100
AcDbEntity
  8
BG_NCROUTE_PATH
100
AcDbPolyline
 90
        2
 70
     0
 43
0.1524
 10
-0.8389620000000022
 20
15.69085
 10
-0.8389620000000022
 20
14.47165
  0
LWPOLYLINE
  5
340B
330
2F74
100
AcDbEntity
  8
BG_NCROUTE_PATH
100
AcDbPolyline
 90
        2
 70
     0
 43
0.1524
 10
-2.210562000000003
 20
15.38605
 10
-2.210562000000003
 20
14.77645
  0
LWPOLYLINE
  5
340C
330
2F74
100
AcDbEntity
  8
BG_NCROUTE_PATH
100
AcDbPolyline
 90
        2
 70
     0
 43
0.1524
 10
-2.413762000000005
 20
14.77645
 10
-2.413762000000005
 20
15.38605
  0
LWPOLYLINE
  5
340D
330
2F74
100
AcDbEntity
  8
BG_NCROUTE_PATH
100
AcDbPolyline
 90
        5
 70
     0
 43
0.14986
 10
-11.520932
 20
20.10791
 10
-9.478772000000006
 20
20.10791
 10
-9.478772000000006
 20
21.12899
 10
-11.520932
 20
21.12899
 10
-11.520932
 20
20.10791
  0
LWPOLYLINE
  5
340E
330
2F74
100
AcDbEntity
  8
BG_NCROUTE_PATH
100
AcDbPolyline
 90
        2
 70
     0
 43
0.12954
 10
-10.598912
 20
20.41779
 10
-10.598912
 20
20.81911
  0
LWPOLYLINE
  5
340F
330
2F74
100
AcDbEntity
  8
BG_NCROUTE_PATH
100
AcDbPolyline
 90
        2
 70
     0
 43
0.12954
 10
-10.40079200000001
 20
20.41779
 10
-10.40079200000001
 20
20.81911
  0
LWPOLYLINE
  5
3410
330
2F74
100
AcDbEntity
  8
BG_NCROUTE_PATH
100
AcDbPolyline
 90
        5
 70
     0
 43
0.14986
 10
-3.418332000000006
 20
24.45131
 10
-1.376171999999996
 20
24.45131
 10
-1.376171999999996
 20
25.47239
 10
-3.418332000000006
 20
25.47239
 10
-3.418332000000006
 20
24.45131
  0
LWPOLYLINE
  5
3411
330
2F74
100
AcDbEntity
  8
BG_NCROUTE_PATH
100
AcDbPolyline
 90
        2
 70
     0
 43
0.12954
 10
-2.496312000000003
 20
24.76119000000001
 10
-2.496312000000003
 20
25.16251
  0
LWPOLYLINE
  5
3412
330
2F74
100
AcDbEntity
  8
BG_NCROUTE_PATH
100
AcDbPolyline
 90
        2
 70
     0
 43
0.12954
 10
-2.298192000000007
 20
24.76119000000001
 10
-2.298192000000007
 20
25.16251
  0
LWPOLYLINE
  5
3413
330
2F74
100
AcDbEntity
  8
BG_NCROUTE_PATH
100
AcDbPolyline
 90
        5
 70
     0
 43
0.14986
 10
-3.418332000000006
 20
25.59431
 10
-1.376171999999996
 20
25.59431
 10
-1.376171999999996
 20
26.61539
 10
-3.418332000000006
 20
26.61539
 10
-3.418332000000006
 20
25.59431
  0
LWPOLYLINE
  5
3414
330
2F74
100
AcDbEntity
  8
BG_NCROUTE_PATH
100
AcDbPolyline
 90
        2
 70
     0
 43
0.12954
 10
-2.496312000000003
 20
25.90419000000001
 10
-2.496312000000003
 20
26.30551
  0
LWPOLYLINE
  5
3415
330
2F74
100
AcDbEntity
  8
BG_NCROUTE_PATH
100
AcDbPolyline
 90
        2
 70
     0
 43
0.12954
 10
-2.298192000000007
 20
25.90419000000001
 10
-2.298192000000007
 20
26.30551
  0
LWPOLYLINE
  5
3416
330
2F74
100
AcDbEntity
  8
BG_NCROUTE_PATH
100
AcDbPolyline
 90
        5
 70
     0
 43
0.14986
 10
-11.520932
 20
21.20011
 10
-9.478772000000006
 20
21.20011
 10
-9.478772000000006
 20
22.22119
 10
-11.520932
 20
22.22119
 10
-11.520932
 20
21.20011
  0
LWPOLYLINE
  5
3417
330
2F74
100
AcDbEntity
  8
BG_NCROUTE_PATH
100
AcDbPolyline
 90
        2
 70
     0
 43
0.12954
 10
-10.598912
 20
21.50999
 10
-10.598912
 20
21.91131
  0
LWPOLYLINE
  5
3418
330
2F74
100
AcDbEntity
  8
BG_NCROUTE_PATH
100
AcDbPolyline
 90
        2
 70
     0
 43
0.12954
 10
-10.40079200000001
 20
21.50999
 10
-10.40079200000001
 20
21.91131
  0
LWPOLYLINE
  5
3419
330
2F74
100
AcDbEntity
  8
BG_NCROUTE_PATH
100
AcDbPolyline
 90
        5
 70
     0
 43
0.14986
 10
-6.306312000000005
 20
17.94637
 10
-6.306312000000005
 20
19.98853
 10
-7.327392000000003
 20
19.98853
 10
-7.327392000000003
 20
17.94637
 10
-6.306312000000005
 20
17.94637
  0
LWPOLYLINE
  5
341A
330
2F74
100
AcDbEntity
  8
BG_NCROUTE_PATH
100
AcDbPolyline
 90
        2
 70
     0
 43
0.12954
 10
-6.616192000000005
 20
18.86839
 10
-7.017512000000003
 20
18.86839
  0
LWPOLYLINE
  5
341B
330
2F74
100
AcDbEntity
  8
BG_NCROUTE_PATH
100
AcDbPolyline
 90
        2
 70
     0
 43
0.12954
 10
-6.616192000000005
 20
19.06651
 10
-7.017512000000003
 20
19.06651
  0
LWPOLYLINE
  5
341C
330
2F74
100
AcDbEntity
  8
BG_NCROUTE_PATH
100
AcDbPolyline
 90
        5
 70
     0
 43
0.14986
 10
-11.619992
 20
18.66773
 10
-11.619992
 20
16.62557
 10
-10.598912
 20
16.62557
 10
-10.598912
 20
18.66773
 10
-11.619992
 20
18.66773
  0
LWPOLYLINE
  5
341D
330
2F74
100
AcDbEntity
  8
BG_NCROUTE_PATH
100
AcDbPolyline
 90
        2
 70
     0
 43
0.12954
 10
-11.310112
 20
17.74571
 10
-10.908792
 20
17.74571
  0
LWPOLYLINE
  5
341E
330
2F74
100
AcDbEntity
  8
BG_NCROUTE_PATH
100
AcDbPolyline
 90
        2
 70
     0
 43
0.12954
 10
-11.310112
 20
17.54759
 10
-10.908792
 20
17.54759
  0
LWPOLYLINE
  5
341F
330
2F74
100
AcDbEntity
  8
BG_NCROUTE_PATH
100
AcDbPolyline
 90
        2
 70
     0
 43
0.127
 10
-13.3096
 20
17.35429599999999
 10
-12.10970400000001
 20
17.35429599999999
  0
LWPOLYLINE
  5
3420
330
2F74
100
AcDbEntity
  8
BG_NCROUTE_PATH
100
AcDbPolyline
 90
        2
 70
     0
 43
0.127
 10
-12.05966600000001
 20
16.29283
 10
-12.05966600000001
 20
17.602708
  0
LWPOLYLINE
  5
3421
330
2F74
100
AcDbEntity
  8
BG_NCROUTE_PATH
100
AcDbPolyline
 90
        2
 70
     0
 43
0.127
 10
-13.359638
 20
16.29283
 10
-12.05966600000001
 20
16.29283
  0
LWPOLYLINE
  5
3422
330
2F74
100
AcDbEntity
  8
BG_NCROUTE_PATH
100
AcDbPolyline
 90
        2
 70
     0
 43
0.127
 10
-13.359638
 20
17.602708
 10
-13.359638
 20
16.29283
  0
LWPOLYLINE
  5
3423
330
2F74
100
AcDbEntity
  8
BG_NCROUTE_PATH
100
AcDbPolyline
 90
        2
 70
     0
 43
0.127
 10
-12.05966600000001
 20
17.602708
 10
-13.359638
 20
17.602708
  0
LWPOLYLINE
  5
3424
330
2F74
100
AcDbEntity
  8
BG_NCROUTE_PATH
100
AcDbPolyline
 90
        4
 70
     0
 43
0.08128
 10
-31.58185200000001
 20
13.36421
 10
-31.44977200000001
 20
13.36421
 42
2.510943
 10
-31.33039200000001
 20
13.36421
 42
2.325547999999999
 10
-31.20085200000001
 20
13.36421
  0
LWPOLYLINE
  5
3425
330
2F74
100
AcDbEntity
  8
BG_NCROUTE_PATH
100
AcDbPolyline
 90
        4
 70
     0
 43
0.08128
 10
-30.819852
 20
13.36421
 10
-30.95193200000001
 20
13.36421
 42
-2.510943
 10
-31.07131200000001
 20
13.36421
 42
-2.325547999999999
 10
-31.20085200000001
 20
13.36421
  0
LWPOLYLINE
  5
3426
330
2F74
100
AcDbEntity
  8
BG_NCROUTE_PATH
100
AcDbPolyline
 90
        5
 70
     0
 43
0.14986
 10
-31.71139200000001
 20
14.32433
 10
-31.71139200000001
 20
12.28217
 10
-30.69031200000001
 20
12.28217
 10
-30.69031200000001
 20
14.32433
 10
-31.71139200000001
 20
14.32433
  0
LWPOLYLINE
  5
3427
330
2F74
100
AcDbEntity
  8
BG_NCROUTE_PATH
100
AcDbPolyline
 90
        4
 70
     0
 43
0.08128
 10
-52.308252
 20
21.87321
 10
-52.17617200000001
 20
21.87321
 42
2.510943
 10
-52.056792
 20
21.87321
 42
2.325547999999999
 10
-51.927252
 20
21.87321
  0
LWPOLYLINE
  5
3428
330
2F74
100
AcDbEntity
  8
BG_NCROUTE_PATH
100
AcDbPolyline
 90
        4
 70
     0
 43
0.08128
 10
-51.546252
 20
21.87321
 10
-51.678332
 20
21.87321
 42
-2.510943
 10
-51.79771200000001
 20
21.87321
 42
-2.325547999999999
 10
-51.927252
 20
21.87321
  0
LWPOLYLINE
  5
3429
330
2F74
100
AcDbEntity
  8
BG_NCROUTE_PATH
100
AcDbPolyline
 90
        5
 70
     0
 43
0.14986
 10
-52.437792
 20
22.83333
 10
-52.437792
 20
20.79117
 10
-51.41671200000001
 20
20.79117
 10
-51.41671200000001
 20
22.83333
 10
-52.437792
 20
22.83333
  0
LWPOLYLINE
  5
342A
330
2F74
100
AcDbEntity
  8
BG_NCROUTE_PATH
100
AcDbPolyline
 90
        2
 70
     0
 43
0.1524
 10
-14.208252
 20
14.47165
 10
-16.900652
 20
14.47165
  0
LWPOLYLINE
  5
342B
330
2F74
100
AcDbEntity
  8
BG_NCROUTE_PATH
100
AcDbPolyline
 90
        2
 70
     0
 43
0.1524
 10
-14.208252
 20
13.30325
 10
-16.900652
 20
13.30325
  0
LWPOLYLINE
  5
342C
330
2F74
100
AcDbEntity
  8
BG_NCROUTE_PATH
100
AcDbPolyline
 90
        2
 70
     0
 43
0.1524
 10
-16.900652
 20
14.47165
 42
0.262728
 10
-16.900652
 20
13.30325
  0
LWPOLYLINE
  5
342D
330
2F74
100
AcDbEntity
  8
BG_NCROUTE_PATH
100
AcDbPolyline
 90
        2
 70
     0
 43
0.1524
 10
-14.208252
 20
14.47165
 42
-0.261664
 10
-14.208252
 20
13.30325
  0
LWPOLYLINE
  5
342E
330
2F74
100
AcDbEntity
  8
BG_NCROUTE_PATH
100
AcDbPolyline
 90
        2
 70
     0
 43
0.127
 10
-15.554452
 20
14.26845
 10
-15.554452
 20
14.39545
  0
LWPOLYLINE
  5
342F
330
2F74
100
AcDbEntity
  8
BG_NCROUTE_PATH
100
AcDbPolyline
 90
        2
 70
     0
 43
0.127
 10
-15.554452
 20
13.50645
 10
-15.554452
 20
13.37945
  0
LWPOLYLINE
  5
3430
330
2F74
100
AcDbEntity
  8
BG_NCROUTE_PATH
100
AcDbPolyline
 90
        7
 70
     0
 43
0.127
 10
-15.554452
 20
14.26845
 10
-15.427452
 20
14.14145
 10
-15.68145200000001
 20
14.01445
 10
-15.427452
 20
13.88745
 10
-15.68145200000001
 20
13.76045
 10
-15.427452
 20
13.63345
 10
-15.554452
 20
13.50645
  0
LWPOLYLINE
  5
3431
330
2F74
100
AcDbEntity
  8
BG_NCROUTE_PATH
100
AcDbPolyline
 90
        2
 70
     0
 43
0.1524
 10
-14.208252
 20
15.79245
 10
-16.900652
 20
15.79245
  0
LWPOLYLINE
  5
3432
330
2F74
100
AcDbEntity
  8
BG_NCROUTE_PATH
100
AcDbPolyline
 90
        2
 70
     0
 43
0.1524
 10
-14.208252
 20
14.62405
 10
-16.900652
 20
14.62405
  0
LWPOLYLINE
  5
3433
330
2F74
100
AcDbEntity
  8
BG_NCROUTE_PATH
100
AcDbPolyline
 90
        2
 70
     0
 43
0.1524
 10
-16.900652
 20
15.79245
 42
0.262728
 10
-16.900652
 20
14.62405
  0
LWPOLYLINE
  5
3434
330
2F74
100
AcDbEntity
  8
BG_NCROUTE_PATH
100
AcDbPolyline
 90
        2
 70
     0
 43
0.1524
 10
-14.208252
 20
15.79245
 42
-0.261664
 10
-14.208252
 20
14.62405
  0
LWPOLYLINE
  5
3435
330
2F74
100
AcDbEntity
  8
BG_NCROUTE_PATH
100
AcDbPolyline
 90
        2
 70
     0
 43
0.127
 10
-15.554452
 20
15.58925
 10
-15.554452
 20
15.71625
  0
LWPOLYLINE
  5
3436
330
2F74
100
AcDbEntity
  8
BG_NCROUTE_PATH
100
AcDbPolyline
 90
        2
 70
     0
 43
0.127
 10
-15.554452
 20
14.82725
 10
-15.554452
 20
14.70025
  0
LWPOLYLINE
  5
3437
330
2F74
100
AcDbEntity
  8
BG_NCROUTE_PATH
100
AcDbPolyline
 90
        7
 70
     0
 43
0.127
 10
-15.554452
 20
15.58925
 10
-15.427452
 20
15.46225
 10
-15.68145200000001
 20
15.33525
 10
-15.427452
 20
15.20825
 10
-15.68145200000001
 20
15.08125
 10
-15.427452
 20
14.95425
 10
-15.554452
 20
14.82725
  0
LWPOLYLINE
  5
3438
330
2F74
100
AcDbEntity
  8
BG_NCROUTE_PATH
100
AcDbPolyline
 90
        2
 70
     0
 43
0.153924
 10
-50.813208
 20
25.497282
 10
-51.31308
 20
25.497282
  0
LWPOLYLINE
  5
3439
330
2F74
100
AcDbEntity
  8
BG_NCROUTE_PATH
100
AcDbPolyline
 90
        2
 70
     0
 43
0.153924
 10
-52.66309
 20
27.297126
 10
-52.66309
 20
25.493726
  0
LWPOLYLINE
  5
343A
330
2F74
100
AcDbEntity
  8
BG_NCROUTE_PATH
100
AcDbPolyline
 90
        2
 70
     0
 43
0.153924
 10
-51.825144
 20
27.297126
 10
-52.66309
 20
27.297126
  0
LWPOLYLINE
  5
343B
330
2F74
100
AcDbEntity
  8
BG_NCROUTE_PATH
100
AcDbPolyline
 90
        2
 70
     0
 43
0.153924
 10
-49.46319800000001
 20
27.297126
 10
-49.46319800000001
 20
25.493726
  0
LWPOLYLINE
  5
343C
330
2F74
100
AcDbEntity
  8
BG_NCROUTE_PATH
100
AcDbPolyline
 90
        2
 70
     0
 43
0.153924
 10
-50.30114400000001
 20
27.297126
 10
-49.46319800000001
 20
27.297126
  0
LWPOLYLINE
  5
343D
330
2F74
100
AcDbEntity
  8
BG_NCROUTE_PATH
100
AcDbPolyline
 90
        2
 70
     0
 43
0.127
 10
-24.78735200000001
 20
11.77925
 10
-24.78735200000001
 20
12.79525
  0
LWPOLYLINE
  5
343E
330
2F74
100
AcDbEntity
  8
BG_NCROUTE_PATH
100
AcDbPolyline
 90
        2
 70
     0
 43
0.127
 10
-25.600152
 20
12.79525
 10
-25.600152
 20
11.77925
  0
LWPOLYLINE
  5
343F
330
2F74
100
AcDbEntity
  8
BG_NCROUTE_PATH
100
AcDbPolyline
 90
        2
 70
     0
 43
0.127
 10
-51.927252
 20
6.254749999999999
 10
-50.911252
 20
6.254749999999999
  0
LWPOLYLINE
  5
3440
330
2F74
100
AcDbEntity
  8
BG_NCROUTE_PATH
100
AcDbPolyline
 90
        2
 70
     0
 43
0.127
 10
-50.911252
 20
7.143749999999998
 10
-51.927252
 20
7.143749999999998
  0
LWPOLYLINE
  5
3441
330
2F74
100
AcDbEntity
  8
BG_NCROUTE_PATH
100
AcDbPolyline
 90
        2
 70
     0
 43
0.127
 10
-29.435552
 20
16.27505
 10
-29.435552
 20
17.29105
  0
LWPOLYLINE
  5
3442
330
2F74
100
AcDbEntity
  8
BG_NCROUTE_PATH
100
AcDbPolyline
 90
        2
 70
     0
 43
0.127
 10
-30.32455200000001
 20
17.29105
 10
-30.32455200000001
 20
16.27505
  0
LWPOLYLINE
  5
3443
330
2F74
100
AcDbEntity
  8
BG_NCROUTE_PATH
100
AcDbPolyline
 90
        2
 70
     0
 43
0.127
 10
-26.806652
 20
18.06575
 10
-25.790652
 20
18.06575
  0
LWPOLYLINE
  5
3444
330
2F74
100
AcDbEntity
  8
BG_NCROUTE_PATH
100
AcDbPolyline
 90
        2
 70
     0
 43
0.127
 10
-25.790652
 20
18.95475
 10
-26.806652
 20
18.95475
  0
LWPOLYLINE
  5
3445
330
2F74
100
AcDbEntity
  8
BG_NCROUTE_PATH
100
AcDbPolyline
 90
        2
 70
     0
 43
0.127
 10
-28.17825200000001
 20
18.09115
 10
-29.19425200000001
 20
18.09115
  0
LWPOLYLINE
  5
3446
330
2F74
100
AcDbEntity
  8
BG_NCROUTE_PATH
100
AcDbPolyline
 90
        2
 70
     0
 43
0.127
 10
-29.19425200000001
 20
17.20215
 10
-28.17825200000001
 20
17.20215
  0
LWPOLYLINE
  5
3447
330
2F74
100
AcDbEntity
  8
BG_NCROUTE_PATH
100
AcDbPolyline
 90
        2
 70
     0
 43
0.127
 10
-26.09545200000001
 20
14.10335
 10
-25.079452
 20
14.10335
  0
LWPOLYLINE
  5
3448
330
2F74
100
AcDbEntity
  8
BG_NCROUTE_PATH
100
AcDbPolyline
 90
        2
 70
     0
 43
0.127
 10
-25.079452
 20
14.99235
 10
-26.09545200000001
 20
14.99235
  0
LWPOLYLINE
  5
3449
330
2F74
100
AcDbEntity
  8
BG_NCROUTE_PATH
100
AcDbPolyline
 90
        2
 70
     0
 43
0.127
 10
-30.32455200000001
 20
12.28725
 10
-30.32455200000001
 20
11.27125
  0
LWPOLYLINE
  5
344A
330
2F74
100
AcDbEntity
  8
BG_NCROUTE_PATH
100
AcDbPolyline
 90
        2
 70
     0
 43
0.127
 10
-29.435552
 20
11.27125
 10
-29.435552
 20
12.28725
  0
LWPOLYLINE
  5
344B
330
2F74
100
AcDbEntity
  8
BG_NCROUTE_PATH
100
AcDbPolyline
 90
        2
 70
     0
 43
0.127
 10
-49.425352
 20
27.22245
 10
-49.425352
 20
26.20645
  0
LWPOLYLINE
  5
344C
330
2F74
100
AcDbEntity
  8
BG_NCROUTE_PATH
100
AcDbPolyline
 90
        2
 70
     0
 43
0.127
 10
-48.53635200000001
 20
26.20645
 10
-48.53635200000001
 20
27.22245
  0
LWPOLYLINE
  5
344D
330
2F74
100
AcDbEntity
  8
BG_NCROUTE_PATH
100
AcDbPolyline
 90
        2
 70
     0
 43
0.127
 10
-52.18125200000001
 20
23.45055
 10
-51.165252
 20
23.45055
  0
LWPOLYLINE
  5
344E
330
2F74
100
AcDbEntity
  8
BG_NCROUTE_PATH
100
AcDbPolyline
 90
        2
 70
     0
 43
0.127
 10
-51.165252
 20
24.33955
 10
-52.18125200000001
 20
24.33955
  0
LWPOLYLINE
  5
344F
330
2F74
100
AcDbEntity
  8
BG_NCROUTE_PATH
100
AcDbPolyline
 90
        2
 70
     0
 43
0.127
 10
-34.71875200000001
 20
22.34565
 10
-34.71875200000001
 20
23.36165
  0
LWPOLYLINE
  5
3450
330
2F74
100
AcDbEntity
  8
BG_NCROUTE_PATH
100
AcDbPolyline
 90
        2
 70
     0
 43
0.127
 10
-35.60775200000001
 20
23.36165
 10
-35.60775200000001
 20
22.34565
  0
LWPOLYLINE
  5
3451
330
2F74
100
AcDbEntity
  8
BG_NCROUTE_PATH
100
AcDbPolyline
 90
        2
 70
     0
 43
0.127
 10
-46.999652
 20
23.55215
 10
-48.015652
 20
23.55215
  0
LWPOLYLINE
  5
3452
330
2F74
100
AcDbEntity
  8
BG_NCROUTE_PATH
100
AcDbPolyline
 90
        2
 70
     0
 43
0.127
 10
-48.015652
 20
22.66315
 10
-46.999652
 20
22.66315
  0
LWPOLYLINE
  5
3453
330
2F74
100
AcDbEntity
  8
BG_NCROUTE_PATH
100
AcDbPolyline
 90
        2
 70
     0
 43
0.127
 10
-43.126152
 20
22.77745
 10
-43.126152
 20
23.79345
  0
LWPOLYLINE
  5
3454
330
2F74
100
AcDbEntity
  8
BG_NCROUTE_PATH
100
AcDbPolyline
 90
        2
 70
     0
 43
0.127
 10
-44.015152
 20
23.79345
 10
-44.015152
 20
22.77745
  0
LWPOLYLINE
  5
3455
330
2F74
100
AcDbEntity
  8
BG_NCROUTE_PATH
100
AcDbPolyline
 90
        2
 70
     0
 43
0.127
 10
-6.842252000000001
 20
9.226549999999999
 10
-7.858252000000007
 20
9.226549999999999
  0
LWPOLYLINE
  5
3456
330
2F74
100
AcDbEntity
  8
BG_NCROUTE_PATH
100
AcDbPolyline
 90
        2
 70
     0
 43
0.127
 10
-7.858252000000007
 20
8.33755
 10
-6.842252000000001
 20
8.33755
  0
LWPOLYLINE
  5
3457
330
2F74
100
AcDbEntity
  8
BG_NCROUTE_PATH
100
AcDbPolyline
 90
        2
 70
     0
 43
0.127
 10
-2.803652000000006
 20
6.76275
 10
-1.787652000000001
 20
6.76275
  0
LWPOLYLINE
  5
3458
330
2F74
100
AcDbEntity
  8
BG_NCROUTE_PATH
100
AcDbPolyline
 90
        2
 70
     0
 43
0.127
 10
-1.787652000000001
 20
7.651749999999999
 10
-2.803652000000006
 20
7.651749999999999
  0
LWPOLYLINE
  5
3459
330
2F74
100
AcDbEntity
  8
BG_NCROUTE_PATH
100
AcDbPolyline
 90
        2
 70
     0
 43
0.127
 10
-50.365152
 20
21.96465
 10
-50.365152
 20
20.94865
  0
LWPOLYLINE
  5
345A
330
2F74
100
AcDbEntity
  8
BG_NCROUTE_PATH
100
AcDbPolyline
 90
        2
 70
     0
 43
0.127
 10
-49.47615200000001
 20
20.94865
 10
-49.47615200000001
 20
21.96465
  0
LWPOLYLINE
  5
345B
330
2F74
100
AcDbEntity
  8
BG_NCROUTE_PATH
100
AcDbPolyline
 90
        2
 70
     0
 43
0.127
 10
-51.68595200000001
 20
10.00125
 10
-51.68595200000001
 20
11.01725
  0
LWPOLYLINE
  5
345C
330
2F74
100
AcDbEntity
  8
BG_NCROUTE_PATH
100
AcDbPolyline
 90
        2
 70
     0
 43
0.127
 10
-52.57495200000001
 20
11.01725
 10
-52.57495200000001
 20
10.00125
  0
LWPOLYLINE
  5
345D
330
2F74
100
AcDbEntity
  8
BG_NCROUTE_PATH
100
AcDbPolyline
 90
        2
 70
     0
 43
0.127
 10
-49.323752
 20
21.96465
 10
-49.323752
 20
20.94865
  0
LWPOLYLINE
  5
345E
330
2F74
100
AcDbEntity
  8
BG_NCROUTE_PATH
100
AcDbPolyline
 90
        2
 70
     0
 43
0.127
 10
-48.434752
 20
20.94865
 10
-48.434752
 20
21.96465
  0
LWPOLYLINE
  5
345F
330
2F74
100
AcDbEntity
  8
BG_NCROUTE_PATH
100
AcDbPolyline
 90
        2
 70
     0
 43
0.127
 10
-50.822352
 20
14.31925
 10
-50.822352
 20
13.30325
  0
LWPOLYLINE
  5
3460
330
2F74
100
AcDbEntity
  8
BG_NCROUTE_PATH
100
AcDbPolyline
 90
        2
 70
     0
 43
0.127
 10
-49.933352
 20
13.30325
 10
-49.933352
 20
14.31925
  0
LWPOLYLINE
  5
3461
330
2F74
100
AcDbEntity
  8
BG_NCROUTE_PATH
100
AcDbPolyline
 90
        2
 70
     0
 43
0.127
 10
-52.371752
 20
20.38985
 10
-52.371752
 20
19.37385
  0
LWPOLYLINE
  5
3462
330
2F74
100
AcDbEntity
  8
BG_NCROUTE_PATH
100
AcDbPolyline
 90
        2
 70
     0
 43
0.127
 10
-51.482752
 20
19.37385
 10
-51.482752
 20
20.38985
  0
LWPOLYLINE
  5
3463
330
2F74
100
AcDbEntity
  8
BG_NCROUTE_PATH
100
AcDbPolyline
 90
        2
 70
     0
 43
0.127
 10
-52.57495200000001
 20
12.59205
 10
-52.57495200000001
 20
11.57605
  0
LWPOLYLINE
  5
3464
330
2F74
100
AcDbEntity
  8
BG_NCROUTE_PATH
100
AcDbPolyline
 90
        2
 70
     0
 43
0.127
 10
-51.68595200000001
 20
11.57605
 10
-51.68595200000001
 20
12.59205
  0
LWPOLYLINE
  5
3465
330
2F74
100
AcDbEntity
  8
BG_NCROUTE_PATH
100
AcDbPolyline
 90
        2
 70
     0
 43
0.127
 10
-23.504652
 20
17.76095
 10
-22.488652
 20
17.76095
  0
LWPOLYLINE
  5
3466
330
2F74
100
AcDbEntity
  8
BG_NCROUTE_PATH
100
AcDbPolyline
 90
        2
 70
     0
 43
0.127
 10
-22.488652
 20
18.64995
 10
-23.504652
 20
18.64995
  0
LWPOLYLINE
  5
3467
330
2F74
100
AcDbEntity
  8
BG_NCROUTE_PATH
100
AcDbPolyline
 90
       11
 70
     0
 43
0.0254
 10
-6.136132000000003
 20
6.853682
 10
-6.136132000000003
 20
7.09295
 42
0.4142140000000001
 10
-6.268466000000003
 20
7.225284
 10
-6.609588000000002
 20
7.225284
 42
0.4142140000000001
 10
-6.736334000000006
 20
7.098537999999999
 10
-6.736334000000006
 20
6.258560000000001
 42
0.4142140000000001
 10
-6.600952000000006
 20
6.123177999999999
 10
-6.264402000000004
 20
6.123177999999999
 42
0.4142140000000001
 10
-6.135878000000005
 20
6.251701999999999
 10
-6.135878000000005
 20
6.853427999999999
 10
-6.136132000000003
 20
6.853682
  0
LWPOLYLINE
  5
3468
330
2F74
100
AcDbEntity
  8
BG_NCROUTE_PATH
100
AcDbPolyline
 90
       11
 70
     0
 43
0.0254
 10
-22.925532
 20
22.931882
 10
-22.925532
 20
23.17115
 42
0.4142140000000001
 10
-23.05786600000001
 20
23.303484
 10
-23.398988
 20
23.303484
 42
0.4142140000000001
 10
-23.525734
 20
23.176738
 10
-23.525734
 20
22.33676
 42
0.4142140000000001
 10
-23.390352
 20
22.201378
 10
-23.053802
 20
22.201378
 42
0.4142140000000001
 10
-22.92527800000001
 20
22.329902
 10
-22.92527800000001
 20
22.931628
 10
-22.925532
 20
22.931882
  0
LWPOLYLINE
  5
3469
330
2F74
100
AcDbEntity
  8
BG_NCROUTE_PATH
100
AcDbPolyline
 90
       11
 70
     0
 43
0.0254
 10
-30.03448400000001
 20
19.85137
 10
-30.27375200000001
 20
19.85137
 42
0.4142140000000001
 10
-30.406086
 20
19.719036
 10
-30.406086
 20
19.377914
 42
0.4142140000000001
 10
-30.27934000000001
 20
19.251168
 10
-29.43936200000001
 20
19.251168
 42
0.4142140000000001
 10
-29.30398
 20
19.38655
 10
-29.30398
 20
19.7231
 42
0.4142140000000001
 10
-29.43250400000001
 20
19.851624
 10
-30.03423000000001
 20
19.851624
 10
-30.03448400000001
 20
19.85137
  0
LWPOLYLINE
  5
346A
330
2F74
100
AcDbEntity
  8
BG_NCROUTE_PATH
100
AcDbPolyline
 90
       11
 70
     0
 43
0.0254
 10
-2.399284000000008
 20
16.77797
 10
-2.638552000000004
 20
16.77797
 42
0.4142140000000001
 10
-2.770886000000004
 20
16.645636
 10
-2.770886000000004
 20
16.304514
 42
0.4142140000000001
 10
-2.644140000000007
 20
16.177768
 10
-1.804162000000005
 20
16.177768
 42
0.4142140000000001
 10
-1.668780000000005
 20
16.31315
 10
-1.668780000000005
 20
16.6497
 42
0.4142140000000001
 10
-1.797304000000004
 20
16.778224
 10
-2.39903000000001
 20
16.778224
 10
-2.399284000000008
 20
16.77797
  0
LWPOLYLINE
  5
346B
330
2F74
100
AcDbEntity
  8
BG_NCROUTE_PATH
100
AcDbPolyline
 90
       11
 70
     0
 43
0.0254
 10
-45.480732
 20
23.718012
 10
-45.480732
 20
23.95728
 42
0.4142140000000001
 10
-45.613066
 20
24.089614
 10
-45.954188
 20
24.089614
 42
0.4142140000000001
 10
-46.080934
 20
23.962868
 10
-46.080934
 20
23.12289
 42
0.4142140000000001
 10
-45.94555200000001
 20
22.987508
 10
-45.609002
 20
22.987508
 42
0.4142140000000001
 10
-45.480478
 20
23.116032
 10
-45.480478
 20
23.717758
 10
-45.480732
 20
23.718012
  0
LWPOLYLINE
  5
346C
330
2F74
100
AcDbEntity
  8
BG_NCROUTE_PATH
100
AcDbPolyline
 90
       11
 70
     0
 43
0.0254
 10
-30.875732
 20
20.747482
 10
-30.875732
 20
20.98675
 42
0.4142140000000001
 10
-31.00806600000001
 20
21.119084
 10
-31.349188
 20
21.119084
 42
0.4142140000000001
 10
-31.47593400000001
 20
20.992338
 10
-31.47593400000001
 20
20.15236
 42
0.4142140000000001
 10
-31.34055200000001
 20
20.016978
 10
-31.00400200000001
 20
20.016978
 42
0.4142140000000001
 10
-30.87547800000001
 20
20.145502
 10
-30.87547800000001
 20
20.747228
 10
-30.875732
 20
20.747482
  0
LWPOLYLINE
  5
346D
330
2F74
100
AcDbEntity
  8
BG_NCROUTE_PATH
100
AcDbPolyline
 90
       11
 70
     0
 43
0.0254
 10
-2.246884000000008
 20
19.14017
 10
-2.486152000000004
 20
19.14017
 42
0.4142140000000001
 10
-2.618486000000004
 20
19.007836
 10
-2.618486000000004
 20
18.666714
 42
0.4142140000000001
 10
-2.491740000000007
 20
18.539968
 10
-1.651762000000005
 20
18.539968
 42
0.4142140000000001
 10
-1.516380000000005
 20
18.67535
 10
-1.516380000000005
 20
19.0119
 42
0.4142140000000001
 10
-1.644904000000003
 20
19.140424
 10
-2.24663000000001
 20
19.140424
 10
-2.246884000000008
 20
19.14017
  0
LWPOLYLINE
  5
346E
330
2F74
100
AcDbEntity
  8
BG_NCROUTE_PATH
100
AcDbPolyline
 90
       11
 70
     0
 43
0.0254
 10
-13.06322
 20
21.51253
 10
-12.823952
 20
21.51253
 42
0.4142140000000001
 10
-12.691618
 20
21.644864
 10
-12.691618
 20
21.985986
 42
0.4142140000000001
 10
-12.818364
 20
22.112732
 10
-13.658342
 20
22.112732
 42
0.4142140000000001
 10
-13.793724
 20
21.97735
 10
-13.793724
 20
21.6408
 42
0.4142140000000001
 10
-13.6652
 20
21.512276
 10
-13.063474
 20
21.512276
 10
-13.06322
 20
21.51253
  0
LWPOLYLINE
  5
346F
330
2F74
100
AcDbEntity
  8
BG_NCROUTE_PATH
100
AcDbPolyline
 90
       11
 70
     0
 43
0.0254
 10
-8.567420000000005
 20
15.34033
 10
-8.328152000000002
 20
15.34033
 42
0.4142140000000001
 10
-8.195818000000002
 20
15.472664
 10
-8.195818000000002
 20
15.813786
 42
0.4142140000000001
 10
-8.322564000000006
 20
15.940532
 10
-9.162542000000009
 20
15.940532
 42
0.4142140000000001
 10
-9.297924000000001
 20
15.80515
 10
-9.297924000000001
 20
15.4686
 42
0.4142140000000001
 10
-9.169400000000003
 20
15.340076
 10
-8.567674000000003
 20
15.340076
 10
-8.567420000000005
 20
15.34033
  0
LWPOLYLINE
  5
3470
330
2F74
100
AcDbEntity
  8
BG_NCROUTE_PATH
100
AcDbPolyline
 90
       11
 70
     0
 43
0.0254
 10
-13.422884
 20
23.43277
 10
-13.662152
 20
23.43277
 42
0.4142140000000001
 10
-13.79448600000001
 20
23.300436
 10
-13.79448600000001
 20
22.959314
 42
0.4142140000000001
 10
-13.66774
 20
22.832568
 10
-12.827762
 20
22.832568
 42
0.4142140000000001
 10
-12.69238
 20
22.96795
 10
-12.69238
 20
23.3045
 42
0.4142140000000001
 10
-12.820904
 20
23.433024
 10
-13.42263
 20
23.433024
 10
-13.422884
 20
23.43277
  0
LWPOLYLINE
  5
3471
330
2F74
100
AcDbEntity
  8
BG_NCROUTE_PATH
100
AcDbPolyline
 90
       11
 70
     0
 43
0.0254
 10
-4.075684000000002
 20
21.68017
 10
-4.314952000000005
 20
21.68017
 42
0.4142140000000001
 10
-4.447286000000005
 20
21.547836
 10
-4.447286000000005
 20
21.206714
 42
0.4142140000000001
 10
-4.320540000000008
 20
21.079968
 10
-3.480561999999999
 20
21.079968
 42
0.4142140000000001
 10
-3.345180000000006
 20
21.21535
 10
-3.345180000000006
 20
21.5519
 42
0.4142140000000001
 10
-3.473704000000005
 20
21.680424
 10
-4.075430000000004
 20
21.680424
 10
-4.075684000000002
 20
21.68017
  0
LWPOLYLINE
  5
3472
330
2F74
100
AcDbEntity
  8
BG_NCROUTE_PATH
100
AcDbPolyline
 90
       11
 70
     0
 43
0.0254
 10
-4.075684000000002
 20
23.33117
 10
-4.314952000000005
 20
23.33117
 42
0.4142140000000001
 10
-4.447286000000005
 20
23.198836
 10
-4.447286000000005
 20
22.857714
 42
0.4142140000000001
 10
-4.320540000000008
 20
22.730968
 10
-3.480561999999999
 20
22.730968
 42
0.4142140000000001
 10
-3.345180000000006
 20
22.86635
 10
-3.345180000000006
 20
23.2029
 42
0.4142140000000001
 10
-3.473704000000005
 20
23.331424
 10
-4.075430000000004
 20
23.331424
 10
-4.075684000000002
 20
23.33117
  0
LWPOLYLINE
  5
3473
330
2F74
100
AcDbEntity
  8
BG_NCROUTE_PATH
100
AcDbPolyline
 90
       11
 70
     0
 43
0.0254
 10
-10.11682
 20
23.62073
 10
-9.877552000000001
 20
23.62073
 42
0.4142140000000001
 10
-9.745218000000001
 20
23.753064
 10
-9.745218000000001
 20
24.094186
 42
0.4142140000000001
 10
-9.871964000000005
 20
24.220932
 10
-10.711942
 20
24.220932
 42
0.4142140000000001
 10
-10.847324
 20
24.08555
 10
-10.847324
 20
23.749
 42
0.4142140000000001
 10
-10.7188
 20
23.620476
 10
-10.117074
 20
23.620476
 10
-10.11682
 20
23.62073
  0
LWPOLYLINE
  5
3474
330
2F74
100
AcDbEntity
  8
BG_NCROUTE_PATH
100
AcDbPolyline
 90
       11
 70
     0
 43
0.0254
 10
-7.954772000000005
 20
23.487888
 10
-7.954772000000005
 20
23.24862
 42
0.4142140000000001
 10
-7.822438000000005
 20
23.116286
 10
-7.481316000000006
 20
23.116286
 42
0.4142140000000001
 10
-7.354570000000002
 20
23.243032
 10
-7.354570000000002
 20
24.08301
 42
0.4142140000000001
 10
-7.489952000000002
 20
24.218392
 10
-7.826502000000004
 20
24.218392
 42
0.4142140000000001
 10
-7.955026000000003
 20
24.089868
 10
-7.955026000000003
 20
23.488142
 10
-7.954772000000005
 20
23.487888
  0
LWPOLYLINE
  5
3475
330
2F74
100
AcDbEntity
  8
BG_NCROUTE_PATH
100
AcDbPolyline
 90
       11
 70
     0
 43
0.0254
 10
-48.87722000000001
 20
15.59433
 10
-48.63795200000001
 20
15.59433
 42
0.4142140000000001
 10
-48.50561800000001
 20
15.726664
 10
-48.50561800000001
 20
16.067786
 42
0.4142140000000001
 10
-48.632364
 20
16.194532
 10
-49.472342
 20
16.194532
 42
0.4142140000000001
 10
-49.607724
 20
16.05915
 10
-49.607724
 20
15.7226
 42
0.4142140000000001
 10
-49.4792
 20
15.594076
 10
-48.87747400000001
 20
15.594076
 10
-48.87722000000001
 20
15.59433
  0
LWPOLYLINE
  5
3476
330
2F74
100
AcDbEntity
  8
BG_NCROUTE_PATH
100
AcDbPolyline
 90
       11
 70
     0
 43
0.0254
 10
-48.87722000000001
 20
14.83233
 10
-48.63795200000001
 20
14.83233
 42
0.4142140000000001
 10
-48.50561800000001
 20
14.964664
 10
-48.50561800000001
 20
15.305786
 42
0.4142140000000001
 10
-48.632364
 20
15.432532
 10
-49.472342
 20
15.432532
 42
0.4142140000000001
 10
-49.607724
 20
15.29715
 10
-49.607724
 20
14.9606
 42
0.4142140000000001
 10
-49.4792
 20
14.832076
 10
-48.87747400000001
 20
14.832076
 10
-48.87722000000001
 20
14.83233
  0
LWPOLYLINE
  5
3477
330
2F74
100
AcDbEntity
  8
BG_NCROUTE_PATH
100
AcDbPolyline
 90
       11
 70
     0
 43
0.0254
 10
-43.413172
 20
7.687817999999998
 10
-43.413172
 20
7.448549999999999
 42
0.4142140000000001
 10
-43.280838
 20
7.316216
 10
-42.939716
 20
7.316216
 42
0.4142140000000001
 10
-42.81297000000001
 20
7.442961999999999
 10
-42.81297000000001
 20
8.282939999999999
 42
0.4142140000000001
 10
-42.948352
 20
8.418321999999999
 10
-43.284902
 20
8.418321999999999
 42
0.4142140000000001
 10
-43.41342599999999
 20
8.289797999999999
 10
-43.41342599999999
 20
7.688072
 10
-43.413172
 20
7.687817999999998
  0
LWPOLYLINE
  5
3478
330
2F74
100
AcDbEntity
  8
BG_NCROUTE_PATH
100
AcDbPolyline
 90
       11
 70
     0
 43
0.0254
 10
-47.662084
 20
20.33397
 10
-47.901352
 20
20.33397
 42
0.4142140000000001
 10
-48.033686
 20
20.201636
 10
-48.033686
 20
19.860514
 42
0.4142140000000001
 10
-47.90694000000001
 20
19.733768
 10
-47.066962
 20
19.733768
 42
0.4142140000000001
 10
-46.93158
 20
19.86915
 10
-46.93158
 20
20.2057
 42
0.4142140000000001
 10
-47.060104
 20
20.334224
 10
-47.66183
 20
20.334224
 10
-47.662084
 20
20.33397
  0
LWPOLYLINE
  5
3479
330
2F74
100
AcDbEntity
  8
BG_NCROUTE_PATH
100
AcDbPolyline
 90
       11
 70
     0
 43
0.0254
 10
-2.115820000000006
 20
6.01853
 10
-1.876552000000003
 20
6.01853
 42
0.4142140000000001
 10
-1.74421800000001
 20
6.150864
 10
-1.74421800000001
 20
6.491986
 42
0.4142140000000001
 10
-1.870964
 20
6.618731999999999
 10
-2.710942000000009
 20
6.618731999999999
 42
0.4142140000000001
 10
-2.846324000000002
 20
6.483349999999999
 10
-2.846324000000002
 20
6.146799999999998
 42
0.4142140000000001
 10
-2.717800000000003
 20
6.018275999999998
 10
-2.116074000000004
 20
6.018275999999998
 10
-2.115820000000006
 20
6.01853
  0
LWPOLYLINE
  5
347A
330
2F74
100
AcDbEntity
  8
BG_NCROUTE_PATH
100
AcDbPolyline
 90
       11
 70
     0
 43
0.0254
 10
-2.090420000000008
 20
5.20573
 10
-1.851152000000006
 20
5.20573
 42
0.4142140000000001
 10
-1.718818000000005
 20
5.338063999999999
 10
-1.718818000000005
 20
5.679185999999999
 42
0.4142140000000001
 10
-1.845564000000003
 20
5.805932
 10
-2.685542000000005
 20
5.805932
 42
0.4142140000000001
 10
-2.820924000000005
 20
5.67055
 10
-2.820924000000005
 20
5.333999999999999
 42
0.4142140000000001
 10
-2.692399999999999
 20
5.205475999999999
 10
-2.090673999999999
 20
5.205475999999999
 10
-2.090420000000008
 20
5.20573
  0
LWPOLYLINE
  5
347B
330
2F74
100
AcDbEntity
  8
BG_NCROUTE_PATH
100
AcDbPolyline
 90
       11
 70
     0
 43
0.0254
 10
-4.503420000000005
 20
5.586730000000001
 10
-4.264152000000002
 20
5.586730000000001
 42
0.4142140000000001
 10
-4.131818000000002
 20
5.719063999999999
 10
-4.131818000000002
 20
6.060185999999999
 42
0.4142140000000001
 10
-4.258564000000006
 20
6.186932
 10
-5.098542000000009
 20
6.186932
 42
0.4142140000000001
 10
-5.233924000000001
 20
6.051549999999998
 10
-5.233924000000001
 20
5.714999999999999
 42
0.4142140000000001
 10
-5.105400000000003
 20
5.586475999999999
 10
-4.503674000000003
 20
5.586475999999999
 10
-4.503420000000005
 20
5.586730000000001
  0
LWPOLYLINE
  5
347C
330
2F74
100
AcDbEntity
  8
BG_NCROUTE_PATH
100
AcDbPolyline
 90
       11
 70
     0
 43
0.0254
 10
-8.523732000000002
 20
7.260082
 10
-8.523732000000002
 20
7.499349999999999
 42
0.4142140000000001
 10
-8.656066000000002
 20
7.631683999999999
 10
-8.997188000000001
 20
7.631683999999999
 42
0.4142140000000001
 10
-9.123934000000005
 20
7.504938
 10
-9.123934000000005
 20
6.66496
 42
0.4142140000000001
 10
-8.988552000000005
 20
6.529577999999998
 10
-8.652002000000003
 20
6.529577999999998
 42
0.4142140000000001
 10
-8.523478000000004
 20
6.658101999999999
 10
-8.523478000000004
 20
7.259827999999998
 10
-8.523732000000002
 20
7.260082
  0
LWPOLYLINE
  5
347D
330
2F74
100
AcDbEntity
  8
BG_NCROUTE_PATH
100
AcDbPolyline
 90
       11
 70
     0
 43
0.0254
 10
-7.456932000000001
 20
7.742682
 10
-7.456932000000001
 20
7.981949999999999
 42
0.4142140000000001
 10
-7.589266000000009
 20
8.114283999999999
 10
-7.930388
 20
8.114283999999999
 42
0.4142140000000001
 10
-8.057134000000004
 20
7.987538
 10
-8.057134000000004
 20
7.14756
 42
0.4142140000000001
 10
-7.921752000000005
 20
7.012178
 10
-7.585202000000002
 20
7.012178
 42
0.4142140000000001
 10
-7.456678000000003
 20
7.140702
 10
-7.456678000000003
 20
7.742428
 10
-7.456932000000001
 20
7.742682
  0
LWPOLYLINE
  5
347E
330
2F74
100
AcDbEntity
  8
BG_NCROUTE_PATH
100
AcDbPolyline
 90
       11
 70
     0
 43
0.0254
 10
-5.519420000000003
 20
8.482329999999999
 10
-5.280152000000001
 20
8.482329999999999
 42
0.4142140000000001
 10
-5.147818
 20
8.614663999999999
 10
-5.147818
 20
8.955785999999999
 42
0.4142140000000001
 10
-5.274564000000005
 20
9.082532
 10
-6.114542000000007
 20
9.082532
 42
0.4142140000000001
 10
-6.249924
 20
8.94715
 10
-6.249924
 20
8.610599999999999
 42
0.4142140000000001
 10
-6.121400000000001
 20
8.482075999999999
 10
-5.519674000000001
 20
8.482075999999999
 10
-5.519420000000003
 20
8.482329999999999
  0
LWPOLYLINE
  5
347F
330
2F74
100
AcDbEntity
  8
BG_NCROUTE_PATH
100
AcDbPolyline
 90
       11
 70
     0
 43
0.0254
 10
-13.21968400000001
 20
14.23797
 10
-13.458952
 20
14.23797
 42
0.4142140000000001
 10
-13.591286
 20
14.10563599999999
 10
-13.591286
 20
13.764514
 42
0.4142140000000001
 10
-13.46454
 20
13.637768
 10
-12.624562
 20
13.637768
 42
0.4142140000000001
 10
-12.48918
 20
13.77315
 10
-12.48918
 20
14.1097
 42
0.4142140000000001
 10
-12.617704
 20
14.238224
 10
-13.21943000000001
 20
14.238224
 10
-13.21968400000001
 20
14.23797
  0
LWPOLYLINE
  5
3480
330
2F74
100
AcDbEntity
  8
BG_NCROUTE_PATH
100
AcDbPolyline
 90
       11
 70
     0
 43
0.0254
 10
-12.99108400000001
 20
20.74037
 10
-13.230352
 20
20.74037
 42
0.4142140000000001
 10
-13.362686
 20
20.608036
 10
-13.362686
 20
20.266914
 42
0.4142140000000001
 10
-13.23594000000001
 20
20.140168
 10
-12.395962
 20
20.140168
 42
0.4142140000000001
 10
-12.26058
 20
20.27555
 10
-12.26058
 20
20.6121
 42
0.4142140000000001
 10
-12.389104
 20
20.740624
 10
-12.99083000000001
 20
20.740624
 10
-12.99108400000001
 20
20.74037
  0
LWPOLYLINE
  5
3481
330
2F74
100
AcDbEntity
  8
BG_NCROUTE_PATH
100
AcDbPolyline
 90
       11
 70
     0
 43
0.0254
 10
-4.503420000000005
 20
7.08533
 10
-4.264152000000002
 20
7.08533
 42
0.4142140000000001
 10
-4.131818000000002
 20
7.217663999999999
 10
-4.131818000000002
 20
7.558785999999999
 42
0.4142140000000001
 10
-4.258564000000006
 20
7.685532
 10
-5.098542000000009
 20
7.685532
 42
0.4142140000000001
 10
-5.233924000000001
 20
7.55015
 10
-5.233924000000001
 20
7.213599999999999
 42
0.4142140000000001
 10
-5.105400000000003
 20
7.085075999999999
 10
-4.503674000000003
 20
7.085075999999999
 10
-4.503420000000005
 20
7.08533
  0
LWPOLYLINE
  5
3482
330
2F74
100
AcDbEntity
  8
BG_NCROUTE_PATH
100
AcDbPolyline
 90
       11
 70
     0
 43
0.0254
 10
-2.750820000000004
 20
4.13893
 10
-2.511552000000001
 20
4.13893
 42
0.4142140000000001
 10
-2.379218000000001
 20
4.271264
 10
-2.379218000000001
 20
4.612386
 42
0.4142140000000001
 10
-2.505964000000005
 20
4.739132000000001
 10
-3.345942000000007
 20
4.739132000000001
 42
0.4142140000000001
 10
-3.481324
 20
4.603749999999999
 10
-3.481324
 20
4.2672
 42
0.4142140000000001
 10
-3.352800000000002
 20
4.138676
 10
-2.751074000000002
 20
4.138676
 10
-2.750820000000004
 20
4.13893
  0
LWPOLYLINE
  5
3483
330
2F74
100
AcDbEntity
  8
BG_NCROUTE_PATH
100
AcDbPolyline
 90
       11
 70
     0
 43
0.0254
 10
-41.213532
 20
23.032212
 10
-41.213532
 20
23.27148
 42
0.4142140000000001
 10
-41.34586600000001
 20
23.403814
 10
-41.686988
 20
23.403814
 42
0.4142140000000001
 10
-41.813734
 20
23.277068
 10
-41.813734
 20
22.43709
 42
0.4142140000000001
 10
-41.678352
 20
22.301708
 10
-41.341802
 20
22.301708
 42
0.4142140000000001
 10
-41.213278
 20
22.430232
 10
-41.213278
 20
23.031958
 10
-41.213532
 20
23.032212
  0
LWPOLYLINE
  5
3484
330
2F74
100
AcDbEntity
  8
BG_NCROUTE_PATH
100
AcDbPolyline
 90
       11
 70
     0
 43
0.0254
 10
-42.43273199999999
 20
23.032212
 10
-42.43273199999999
 20
23.27148
 42
0.4142140000000001
 10
-42.565066
 20
23.403814
 10
-42.90618799999999
 20
23.403814
 42
0.4142140000000001
 10
-43.032934
 20
23.277068
 10
-43.032934
 20
22.43709
 42
0.4142140000000001
 10
-42.897552
 20
22.301708
 10
-42.561002
 20
22.301708
 42
0.4142140000000001
 10
-42.432478
 20
22.430232
 10
-42.432478
 20
23.031958
 10
-42.43273199999999
 20
23.032212
  0
LWPOLYLINE
  5
3485
330
2F74
100
AcDbEntity
  8
BG_NCROUTE_PATH
100
AcDbPolyline
 90
       11
 70
     0
 43
0.0254
 10
-41.823132
 20
23.032212
 10
-41.823132
 20
23.27148
 42
0.4142140000000001
 10
-41.955466
 20
23.403814
 10
-42.29658800000001
 20
23.403814
 42
0.4142140000000001
 10
-42.423334
 20
23.277068
 10
-42.423334
 20
22.43709
 42
0.4142140000000001
 10
-42.287952
 20
22.301708
 10
-41.95140199999999
 20
22.301708
 42
0.4142140000000001
 10
-41.822878
 20
22.430232
 10
-41.822878
 20
23.031958
 10
-41.823132
 20
23.032212
  0
LWPOLYLINE
  5
3486
330
2F74
100
AcDbEntity
  8
BG_NCROUTE_PATH
100
AcDbPolyline
 90
       11
 70
     0
 43
0.0254
 10
-44.261532
 20
23.718012
 10
-44.261532
 20
23.95728
 42
0.4142140000000001
 10
-44.393866
 20
24.089614
 10
-44.734988
 20
24.089614
 42
0.4142140000000001
 10
-44.86173400000001
 20
23.962868
 10
-44.86173400000001
 20
23.12289
 42
0.4142140000000001
 10
-44.726352
 20
22.987508
 10
-44.389802
 20
22.987508
 42
0.4142140000000001
 10
-44.261278
 20
23.116032
 10
-44.261278
 20
23.717758
 10
-44.261532
 20
23.718012
  0
LWPOLYLINE
  5
3487
330
2F74
100
AcDbEntity
  8
BG_NCROUTE_PATH
100
AcDbPolyline
 90
       11
 70
     0
 43
0.0254
 10
-44.871132
 20
23.718012
 10
-44.871132
 20
23.95728
 42
0.4142140000000001
 10
-45.003466
 20
24.089614
 10
-45.344588
 20
24.089614
 42
0.4142140000000001
 10
-45.471334
 20
23.962868
 10
-45.471334
 20
23.12289
 42
0.4142140000000001
 10
-45.335952
 20
22.987508
 10
-44.999402
 20
22.987508
 42
0.4142140000000001
 10
-44.870878
 20
23.116032
 10
-44.870878
 20
23.717758
 10
-44.871132
 20
23.718012
  0
LWPOLYLINE
  5
3488
330
2F74
100
AcDbEntity
  8
BG_NCROUTE_PATH
100
AcDbPolyline
 90
       11
 70
     0
 43
0.0254
 10
-46.39081400000001
 20
22.74697
 10
-46.630082
 20
22.74697
 42
0.4142140000000001
 10
-46.76241599999999
 20
22.614636
 10
-46.76241599999999
 20
22.273514
 42
0.4142140000000001
 10
-46.63567
 20
22.146768
 10
-45.795692
 20
22.146768
 42
0.4142140000000001
 10
-45.66031
 20
22.28215
 10
-45.66031
 20
22.6187
 42
0.4142140000000001
 10
-45.78883400000001
 20
22.747224
 10
-46.39056
 20
22.747224
 10
-46.39081400000001
 20
22.74697
  0
LWPOLYLINE
  5
3489
330
2F74
100
AcDbEntity
  8
BG_NCROUTE_PATH
100
AcDbPolyline
 90
       11
 70
     0
 43
0.0254
 10
-34.02533200000001
 20
22.779482
 10
-34.02533200000001
 20
23.01875
 42
0.4142140000000001
 10
-34.15766600000001
 20
23.151084
 10
-34.498788
 20
23.151084
 42
0.4142140000000001
 10
-34.625534
 20
23.024338
 10
-34.625534
 20
22.18436
 42
0.4142140000000001
 10
-34.49015200000001
 20
22.048978
 10
-34.15360200000001
 20
22.048978
 42
0.4142140000000001
 10
-34.02507800000001
 20
22.177502
 10
-34.02507800000001
 20
22.779228
 10
-34.02533200000001
 20
22.779482
  0
LWPOLYLINE
  5
348A
330
2F74
100
AcDbEntity
  8
BG_NCROUTE_PATH
100
AcDbPolyline
 90
       11
 70
     0
 43
0.0254
 10
-32.755332
 20
22.779482
 10
-32.755332
 20
23.01875
 42
0.4142140000000001
 10
-32.88766600000001
 20
23.151084
 10
-33.228788
 20
23.151084
 42
0.4142140000000001
 10
-33.35553400000001
 20
23.024338
 10
-33.35553400000001
 20
22.18436
 42
0.4142140000000001
 10
-33.22015200000001
 20
22.048978
 10
-32.883602
 20
22.048978
 42
0.4142140000000001
 10
-32.75507800000001
 20
22.177502
 10
-32.75507800000001
 20
22.779228
 10
-32.755332
 20
22.779482
  0
LWPOLYLINE
  5
348B
330
2F74
100
AcDbEntity
  8
BG_NCROUTE_PATH
100
AcDbPolyline
 90
       11
 70
     0
 43
0.0254
 10
-33.390332
 20
22.779482
 10
-33.390332
 20
23.01875
 42
0.4142140000000001
 10
-33.522666
 20
23.151084
 10
-33.863788
 20
23.151084
 42
0.4142140000000001
 10
-33.99053400000001
 20
23.024338
 10
-33.99053400000001
 20
22.18436
 42
0.4142140000000001
 10
-33.855152
 20
22.048978
 10
-33.518602
 20
22.048978
 42
0.4142140000000001
 10
-33.390078
 20
22.177502
 10
-33.390078
 20
22.779228
 10
-33.390332
 20
22.779482
  0
LWPOLYLINE
  5
348C
330
2F74
100
AcDbEntity
  8
BG_NCROUTE_PATH
100
AcDbPolyline
 90
       11
 70
     0
 43
0.0254
 10
-48.757332
 20
25.497028
 10
-48.757332
 20
25.736296
 42
0.4142140000000001
 10
-48.889666
 20
25.86863
 10
-49.230788
 20
25.86863
 42
0.4142140000000001
 10
-49.357534
 20
25.74188400000001
 10
-49.357534
 20
24.901906
 42
0.4142140000000001
 10
-49.22215200000001
 20
24.766524
 10
-48.885602
 20
24.766524
 42
0.4142140000000001
 10
-48.757078
 20
24.895048
 10
-48.757078
 20
25.496774
 10
-48.757332
 20
25.497028
  0
LWPOLYLINE
  5
348D
330
2F74
100
AcDbEntity
  8
BG_NCROUTE_PATH
100
AcDbPolyline
 90
       11
 70
     0
 43
0.0254
 10
-48.681132
 20
28.26562800000001
 10
-48.681132
 20
28.504896
 42
0.4142140000000001
 10
-48.813466
 20
28.63723
 10
-49.154588
 20
28.63723
 42
0.4142140000000001
 10
-49.281334
 20
28.510484
 10
-49.281334
 20
27.670506
 42
0.4142140000000001
 10
-49.145952
 20
27.535124
 10
-48.80940200000001
 20
27.535124
 42
0.4142140000000001
 10
-48.68087800000001
 20
27.663648
 10
-48.68087800000001
 20
28.265374
 10
-48.681132
 20
28.26562800000001
  0
LWPOLYLINE
  5
348E
330
2F74
100
AcDbEntity
  8
BG_NCROUTE_PATH
100
AcDbPolyline
 90
       11
 70
     0
 43
0.0254
 10
-38.825932
 20
22.778212
 10
-38.825932
 20
23.01748
 42
0.4142140000000001
 10
-38.95826600000001
 20
23.149814
 10
-39.299388
 20
23.149814
 42
0.4142140000000001
 10
-39.42613400000001
 20
23.023068
 10
-39.42613400000001
 20
22.18309
 42
0.4142140000000001
 10
-39.29075200000001
 20
22.047708
 10
-38.954202
 20
22.047708
 42
0.4142140000000001
 10
-38.825678
 20
22.176232
 10
-38.825678
 20
22.777958
 10
-38.825932
 20
22.778212
  0
LWPOLYLINE
  5
348F
330
2F74
100
AcDbEntity
  8
BG_NCROUTE_PATH
100
AcDbPolyline
 90
       11
 70
     0
 43
0.0254
 10
-38.19093200000001
 20
22.778212
 10
-38.19093200000001
 20
23.01748
 42
0.4142140000000001
 10
-38.323266
 20
23.149814
 10
-38.664388
 20
23.149814
 42
0.4142140000000001
 10
-38.79113400000001
 20
23.023068
 10
-38.79113400000001
 20
22.18309
 42
0.4142140000000001
 10
-38.65575200000001
 20
22.047708
 10
-38.31920200000001
 20
22.047708
 42
0.4142140000000001
 10
-38.19067800000001
 20
22.176232
 10
-38.19067800000001
 20
22.777958
 10
-38.19093200000001
 20
22.778212
  0
LWPOLYLINE
  5
3490
330
2F74
100
AcDbEntity
  8
BG_NCROUTE_PATH
100
AcDbPolyline
 90
       11
 70
     0
 43
0.0254
 10
-47.306484
 20
15.43177
 10
-47.545752
 20
15.43177
 42
0.4142140000000001
 10
-47.67808600000001
 20
15.299436
 10
-47.67808600000001
 20
14.958314
 42
0.4142140000000001
 10
-47.55134
 20
14.831568
 10
-46.71136200000001
 20
14.831568
 42
0.4142140000000001
 10
-46.57598
 20
14.96695
 10
-46.57598
 20
15.3035
 42
0.4142140000000001
 10
-46.704504
 20
15.432024
 10
-47.30623
 20
15.432024
 10
-47.306484
 20
15.43177
  0
LWPOLYLINE
  5
3491
330
2F74
100
AcDbEntity
  8
BG_NCROUTE_PATH
100
AcDbPolyline
 90
       11
 70
     0
 43
0.0254
 10
-40.553132
 20
23.033228
 10
-40.553132
 20
23.272496
 42
0.4142140000000001
 10
-40.685466
 20
23.40483
 10
-41.026588
 20
23.40483
 42
0.4142140000000001
 10
-41.15333399999999
 20
23.278084
 10
-41.15333399999999
 20
22.438106
 42
0.4142140000000001
 10
-41.017952
 20
22.302724
 10
-40.68140200000001
 20
22.302724
 42
0.4142140000000001
 10
-40.55287800000001
 20
22.431248
 10
-40.55287800000001
 20
23.032974
 10
-40.553132
 20
23.033228
  0
LWPOLYLINE
  5
3492
330
2F74
100
AcDbEntity
  8
BG_NCROUTE_PATH
100
AcDbPolyline
 90
       11
 70
     0
 43
0.0254
 10
-47.306484
 20
16.19377
 10
-47.545752
 20
16.19377
 42
0.4142140000000001
 10
-47.67808600000001
 20
16.061436
 10
-47.67808600000001
 20
15.720314
 42
0.4142140000000001
 10
-47.55134
 20
15.59356799999999
 10
-46.71136200000001
 20
15.59356799999999
 42
0.4142140000000001
 10
-46.57598
 20
15.72895
 10
-46.57598
 20
16.0655
 42
0.4142140000000001
 10
-46.704504
 20
16.194024
 10
-47.30623
 20
16.194024
 10
-47.306484
 20
16.19377
  0
LWPOLYLINE
  5
3493
330
2F74
100
AcDbEntity
  8
BG_NCROUTE_PATH
100
AcDbPolyline
 90
       11
 70
     0
 43
0.0254
 10
-4.075684000000002
 20
22.44217
 10
-4.314952000000005
 20
22.44217
 42
0.4142140000000001
 10
-4.447286000000005
 20
22.309836
 10
-4.447286000000005
 20
21.968714
 42
0.4142140000000001
 10
-4.320540000000008
 20
21.841968
 10
-3.480561999999999
 20
21.841968
 42
0.4142140000000001
 10
-3.345180000000006
 20
21.97735
 10
-3.345180000000006
 20
22.3139
 42
0.4142140000000001
 10
-3.473704000000005
 20
22.442424
 10
-4.075430000000004
 20
22.442424
 10
-4.075684000000002
 20
22.44217
  0
LWPOLYLINE
  5
3494
330
2F74
100
AcDbEntity
  8
BG_NCROUTE_PATH
100
AcDbPolyline
 90
       11
 70
     0
 43
0.0254
 10
-1.861820000000008
 20
23.74773
 10
-1.622552000000005
 20
23.74773
 42
0.4142140000000001
 10
-1.490218000000005
 20
23.880064
 10
-1.490218000000005
 20
24.221186
 42
0.4142140000000001
 10
-1.616964000000002
 20
24.347932
 10
-2.456942000000005
 20
24.347932
 42
0.4142140000000001
 10
-2.592324000000004
 20
24.21255
 10
-2.592324000000004
 20
23.876
 42
0.4142140000000001
 10
-2.463799999999999
 20
23.747476
 10
-1.862073999999999
 20
23.747476
 10
-1.861820000000008
 20
23.74773
  0
LWPOLYLINE
  5
3495
330
2F74
100
AcDbEntity
  8
BG_NCROUTE_PATH
100
AcDbPolyline
 90
       11
 70
     0
 43
0.0254
 10
-8.676132000000002
 20
18.385282
 10
-8.676132000000002
 20
18.62455
 42
0.4142140000000001
 10
-8.808466000000002
 20
18.756884
 10
-9.149588000000001
 20
18.756884
 42
0.4142140000000001
 10
-9.276334000000005
 20
18.630138
 10
-9.276334000000005
 20
17.79016
 42
0.4142140000000001
 10
-9.140952000000005
 20
17.654778
 10
-8.804402000000003
 20
17.654778
 42
0.4142140000000001
 10
-8.675878000000004
 20
17.783302
 10
-8.675878000000004
 20
18.385028
 10
-8.676132000000002
 20
18.385282
  0
LWPOLYLINE
  5
3496
330
2F74
100
AcDbEntity
  8
BG_NCROUTE_PATH
100
AcDbPolyline
 90
       11
 70
     0
 43
0.0254
 10
-27.10637200000001
 20
11.751818
 10
-27.10637200000001
 20
11.51255
 42
0.4142140000000001
 10
-26.974038
 20
11.380216
 10
-26.63291600000001
 20
11.380216
 42
0.4142140000000001
 10
-26.50617
 20
11.506962
 10
-26.50617
 20
12.34694
 42
0.4142140000000001
 10
-26.64155200000001
 20
12.482322
 10
-26.97810200000001
 20
12.482322
 42
0.4142140000000001
 10
-27.106626
 20
12.353798
 10
-27.106626
 20
11.752072
 10
-27.10637200000001
 20
11.751818
  0
LWPOLYLINE
  5
3497
330
2F74
100
AcDbEntity
  8
BG_NCROUTE_PATH
100
AcDbPolyline
 90
       11
 70
     0
 43
0.0254
 10
-25.97353200000001
 20
13.457682
 10
-25.97353200000001
 20
13.69695
 42
0.4142140000000001
 10
-26.10586600000001
 20
13.829284
 10
-26.446988
 20
13.829284
 42
0.4142140000000001
 10
-26.57373400000001
 20
13.702538
 10
-26.57373400000001
 20
12.86256
 42
0.4142140000000001
 10
-26.43835200000001
 20
12.727178
 10
-26.101802
 20
12.727178
 42
0.4142140000000001
 10
-25.973278
 20
12.855702
 10
-25.973278
 20
13.457428
 10
-25.97353200000001
 20
13.457682
  0
LWPOLYLINE
  5
3498
330
2F74
100
AcDbEntity
  8
BG_NCROUTE_PATH
100
AcDbPolyline
 90
       11
 70
     0
 43
0.0254
 10
-27.10637200000001
 20
13.758418
 10
-27.10637200000001
 20
13.51915
 42
0.4142140000000001
 10
-26.974038
 20
13.386816
 10
-26.63291600000001
 20
13.386816
 42
0.4142140000000001
 10
-26.50617
 20
13.513562
 10
-26.50617
 20
14.35354
 42
0.4142140000000001
 10
-26.64155200000001
 20
14.488922
 10
-26.97810200000001
 20
14.488922
 42
0.4142140000000001
 10
-27.106626
 20
14.360398
 10
-27.106626
 20
13.758672
 10
-27.10637200000001
 20
13.758418
  0
LWPOLYLINE
  5
3499
330
2F74
100
AcDbEntity
  8
BG_NCROUTE_PATH
100
AcDbPolyline
 90
       11
 70
     0
 43
0.0254
 10
-30.03448400000001
 20
13.17117
 10
-30.27375200000001
 20
13.17117
 42
0.4142140000000001
 10
-30.406086
 20
13.038836
 10
-30.406086
 20
12.697714
 42
0.4142140000000001
 10
-30.27934000000001
 20
12.570968
 10
-29.43936200000001
 20
12.570968
 42
0.4142140000000001
 10
-29.30398
 20
12.70635
 10
-29.30398
 20
13.0429
 42
0.4142140000000001
 10
-29.43250400000001
 20
13.171424
 10
-30.03423000000001
 20
13.171424
 10
-30.03448400000001
 20
13.17117
  0
LWPOLYLINE
  5
349A
330
2F74
100
AcDbEntity
  8
BG_NCROUTE_PATH
100
AcDbPolyline
 90
       11
 70
     0
 43
0.0254
 10
-28.50337200000001
 20
15.714218
 10
-28.50337200000001
 20
15.47495
 42
0.4142140000000001
 10
-28.371038
 20
15.342616
 10
-28.02991600000001
 20
15.342616
 42
0.4142140000000001
 10
-27.90317
 20
15.469362
 10
-27.90317
 20
16.30934
 42
0.4142140000000001
 10
-28.038552
 20
16.444722
 10
-28.375102
 20
16.444722
 42
0.4142140000000001
 10
-28.503626
 20
16.316198
 10
-28.503626
 20
15.714472
 10
-28.50337200000001
 20
15.714218
  0
LWPOLYLINE
  5
349B
330
2F74
100
AcDbEntity
  8
BG_NCROUTE_PATH
100
AcDbPolyline
 90
       11
 70
     0
 43
0.0254
 10
-28.053284
 20
15.17777
 10
-28.292552
 20
15.17777
 42
0.4142140000000001
 10
-28.42488600000001
 20
15.045436
 10
-28.42488600000001
 20
14.704314
 42
0.4142140000000001
 10
-28.29814000000001
 20
14.577568
 10
-27.458162
 20
14.577568
 42
0.4142140000000001
 10
-27.32278000000001
 20
14.71295
 10
-27.32278000000001
 20
15.0495
 42
0.4142140000000001
 10
-27.45130400000001
 20
15.178024
 10
-28.05303000000001
 20
15.178024
 10
-28.053284
 20
15.17777
  0
LWPOLYLINE
  5
349C
330
2F74
100
AcDbEntity
  8
BG_NCROUTE_PATH
100
AcDbPolyline
 90
       11
 70
     0
 43
0.0254
 10
-27.29433200000001
 20
18.029682
 10
-27.29433200000001
 20
18.26895
 42
0.4142140000000001
 10
-27.42666600000001
 20
18.401284
 10
-27.76778800000001
 20
18.401284
 42
0.4142140000000001
 10
-27.89453400000001
 20
18.274538
 10
-27.89453400000001
 20
17.43456
 42
0.4142140000000001
 10
-27.759152
 20
17.299178
 10
-27.422602
 20
17.299178
 42
0.4142140000000001
 10
-27.29407800000001
 20
17.427702
 10
-27.29407800000001
 20
18.029428
 10
-27.29433200000001
 20
18.029682
  0
LWPOLYLINE
  5
349D
330
2F74
100
AcDbEntity
  8
BG_NCROUTE_PATH
100
AcDbPolyline
 90
       11
 70
     0
 43
0.0254
 10
-29.13837200000001
 20
15.714218
 10
-29.13837200000001
 20
15.47495
 42
0.4142140000000001
 10
-29.00603800000001
 20
15.342616
 10
-28.66491600000001
 20
15.342616
 42
0.4142140000000001
 10
-28.53817000000001
 20
15.469362
 10
-28.53817000000001
 20
16.30934
 42
0.4142140000000001
 10
-28.673552
 20
16.444722
 10
-29.010102
 20
16.444722
 42
0.4142140000000001
 10
-29.138626
 20
16.316198
 10
-29.138626
 20
15.714472
 10
-29.13837200000001
 20
15.714218
  0
LWPOLYLINE
  5
349E
330
2F74
100
AcDbEntity
  8
BG_NCROUTE_PATH
100
AcDbPolyline
 90
       11
 70
     0
 43
0.0254
 10
-24.478488
 20
14.25956
 10
-24.309324
 20
14.090396
 42
0.4143770000000001
 10
-24.12212600000001
 20
14.090396
 10
-23.880826
 20
14.331696
 42
0.413713
 10
-23.880826
 20
14.510766
 10
-24.474932
 20
15.104872
 42
0.4136210000000001
 10
-24.66619400000001
 20
15.104872
 10
-24.90419200000001
 20
14.866874
 42
0.414602
 10
-24.90419200000001
 20
14.68501
 10
-24.47874200000001
 20
14.25956
 10
-24.478488
 20
14.25956
  0
LWPOLYLINE
  5
349F
330
2F74
100
AcDbEntity
  8
BG_NCROUTE_PATH
100
AcDbPolyline
 90
       11
 70
     0
 43
0.0254
 10
-23.865332
 20
16.810482
 10
-23.865332
 20
17.04975
 42
0.4142140000000001
 10
-23.99766600000001
 20
17.182084
 10
-24.338788
 20
17.182084
 42
0.4142140000000001
 10
-24.46553400000001
 20
17.055338
 10
-24.46553400000001
 20
16.21536
 42
0.4142140000000001
 10
-24.33015200000001
 20
16.079978
 10
-23.993602
 20
16.079978
 42
0.4142140000000001
 10
-23.865078
 20
16.208502
 10
-23.865078
 20
16.810228
 10
-23.865332
 20
16.810482
  0
LWPOLYLINE
  5
34A0
330
2F74
100
AcDbEntity
  8
BG_NCROUTE_PATH
100
AcDbPolyline
 90
       11
 70
     0
 43
0.0254
 10
-24.82748400000001
 20
19.74977
 10
-25.066752
 20
19.74977
 42
0.4142140000000001
 10
-25.19908600000001
 20
19.617436
 10
-25.19908600000001
 20
19.276314
 42
0.4142140000000001
 10
-25.07234
 20
19.149568
 10
-24.232362
 20
19.149568
 42
0.4142140000000001
 10
-24.09698000000001
 20
19.28495
 10
-24.09698000000001
 20
19.6215
 42
0.4142140000000001
 10
-24.22550400000001
 20
19.750024
 10
-24.82723000000001
 20
19.750024
 10
-24.82748400000001
 20
19.74977
  0
LWPOLYLINE
  5
34A1
330
2F74
100
AcDbEntity
  8
BG_NCROUTE_PATH
100
AcDbPolyline
 90
       11
 70
     0
 43
0.0254
 10
-23.04542
 20
18.87093
 10
-22.80615200000001
 20
18.87093
 42
0.4142140000000001
 10
-22.673818
 20
19.003264
 10
-22.673818
 20
19.344386
 42
0.4142140000000001
 10
-22.80056400000001
 20
19.471132
 10
-23.64054200000001
 20
19.471132
 42
0.4142140000000001
 10
-23.77592400000001
 20
19.33575
 10
-23.77592400000001
 20
18.9992
 42
0.4142140000000001
 10
-23.6474
 20
18.870676
 10
-23.045674
 20
18.870676
 10
-23.04542
 20
18.87093
  0
LWPOLYLINE
  5
34A2
330
2F74
100
AcDbEntity
  8
BG_NCROUTE_PATH
100
AcDbPolyline
 90
       11
 70
     0
 43
0.0254
 10
-25.43708400000001
 20
13.88237
 10
-25.67635200000001
 20
13.88237
 42
0.4142140000000001
 10
-25.80868600000001
 20
13.750036
 10
-25.80868600000001
 20
13.408914
 42
0.4142140000000001
 10
-25.68194
 20
13.282168
 10
-24.841962
 20
13.282168
 42
0.4142140000000001
 10
-24.70658000000001
 20
13.41755
 10
-24.70658000000001
 20
13.7541
 42
0.4142140000000001
 10
-24.83510400000001
 20
13.882624
 10
-25.43683000000001
 20
13.882624
 10
-25.43708400000001
 20
13.88237
  0
LWPOLYLINE
  5
34A3
330
2F74
100
AcDbEntity
  8
BG_NCROUTE_PATH
100
AcDbPolyline
 90
       11
 70
     0
 43
0.0254
 10
-23.597362
 20
13.751814
 10
-23.428198
 20
13.920978
 42
0.4143770000000001
 10
-23.428198
 20
14.108176
 10
-23.66949800000001
 20
14.349476
 42
0.413713
 10
-23.848568
 20
14.349476
 10
-24.442674
 20
13.75537
 42
0.4136210000000001
 10
-24.442674
 20
13.564108
 10
-24.204676
 20
13.32611
 42
0.414602
 10
-24.022812
 20
13.32611
 10
-23.597362
 20
13.75156
 10
-23.597362
 20
13.751814
  0
LWPOLYLINE
  5
34A4
330
2F74
100
AcDbEntity
  8
BG_NCROUTE_PATH
100
AcDbPolyline
 90
       11
 70
     0
 43
0.0254
 10
-24.31542
 20
10.64133
 10
-24.076152
 20
10.64133
 42
0.4142140000000001
 10
-23.943818
 20
10.773664
 10
-23.943818
 20
11.114786
 42
0.4142140000000001
 10
-24.070564
 20
11.241532
 10
-24.91054200000001
 20
11.241532
 42
0.4142140000000001
 10
-25.045924
 20
11.10615
 10
-25.045924
 20
10.7696
 42
0.4142140000000001
 10
-24.9174
 20
10.641076
 10
-24.315674
 20
10.641076
 10
-24.31542
 20
10.64133
  0
LWPOLYLINE
  5
34A5
330
2F74
100
AcDbEntity
  8
BG_NCROUTE_PATH
100
AcDbPolyline
 90
       11
 70
     0
 43
0.0254
 10
-24.652732
 20
16.607282
 10
-24.652732
 20
16.84655
 42
0.4142140000000001
 10
-24.78506600000001
 20
16.978884
 10
-25.126188
 20
16.978884
 42
0.4142140000000001
 10
-25.25293400000001
 20
16.852138
 10
-25.25293400000001
 20
16.01216
 42
0.4142140000000001
 10
-25.117552
 20
15.87677799999999
 10
-24.781002
 20
15.87677799999999
 42
0.4142140000000001
 10
-24.65247800000001
 20
16.005302
 10
-24.65247800000001
 20
16.607028
 10
-24.652732
 20
16.607282
  0
LWPOLYLINE
  5
34A6
330
2F74
100
AcDbEntity
  8
BG_NCROUTE_PATH
100
AcDbPolyline
 90
       11
 70
     0
 43
0.0254
 10
-30.72028400000001
 20
15.15237
 10
-30.95955200000001
 20
15.15237
 42
0.4142140000000001
 10
-31.091886
 20
15.020036
 10
-31.091886
 20
14.678914
 42
0.4142140000000001
 10
-30.96514000000001
 20
14.552168
 10
-30.12516200000001
 20
14.552168
 42
0.4142140000000001
 10
-29.98978000000001
 20
14.68754999999999
 10
-29.98978000000001
 20
15.0241
 42
0.4142140000000001
 10
-30.118304
 20
15.152624
 10
-30.72003
 20
15.152624
 10
-30.72028400000001
 20
15.15237
  0
LWPOLYLINE
  5
34A7
330
2F74
100
AcDbEntity
  8
BG_NCROUTE_PATH
100
AcDbPolyline
 90
       11
 70
     0
 43
0.0254
 10
-51.34102000000001
 20
7.31393
 10
-51.101752
 20
7.31393
 42
0.4142140000000001
 10
-50.969418
 20
7.446263999999999
 10
-50.969418
 20
7.787385999999999
 42
0.4142140000000001
 10
-51.096164
 20
7.914132
 10
-51.936142
 20
7.914132
 42
0.4142140000000001
 10
-52.071524
 20
7.77875
 10
-52.071524
 20
7.442199999999999
 42
0.4142140000000001
 10
-51.94300000000001
 20
7.313675999999999
 10
-51.341274
 20
7.313675999999999
 10
-51.34102000000001
 20
7.31393
  0
LWPOLYLINE
  5
34A8
330
2F74
100
AcDbEntity
  8
BG_NCROUTE_PATH
100
AcDbPolyline
 90
       11
 70
     0
 43
0.0254
 10
-25.33853200000001
 20
15.972282
 10
-25.33853200000001
 20
16.21155
 42
0.4142140000000001
 10
-25.470866
 20
16.343884
 10
-25.81198800000001
 20
16.343884
 42
0.4142140000000001
 10
-25.938734
 20
16.217138
 10
-25.938734
 20
15.37716
 42
0.4142140000000001
 10
-25.803352
 20
15.241778
 10
-25.46680200000001
 20
15.241778
 42
0.4142140000000001
 10
-25.33827800000001
 20
15.370302
 10
-25.33827800000001
 20
15.97202799999999
 10
-25.33853200000001
 20
15.972282
  0
LWPOLYLINE
  5
34A9
330
2F74
100
AcDbEntity
  8
BG_NCROUTE_PATH
100
AcDbPolyline
 90
       11
 70
     0
 43
0.0254
 10
-27.802332
 20
20.595082
 10
-27.802332
 20
20.83435
 42
0.4142140000000001
 10
-27.93466600000001
 20
20.966684
 10
-28.275788
 20
20.966684
 42
0.4142140000000001
 10
-28.40253400000001
 20
20.839938
 10
-28.40253400000001
 20
19.99996
 42
0.4142140000000001
 10
-28.26715200000001
 20
19.864578
 10
-27.93060200000001
 20
19.864578
 42
0.4142140000000001
 10
-27.80207800000001
 20
19.993102
 10
-27.80207800000001
 20
20.594828
 10
-27.802332
 20
20.595082
  0
LWPOLYLINE
  5
34AA
330
2F74
100
AcDbEntity
  8
BG_NCROUTE_PATH
100
AcDbPolyline
 90
       11
 70
     0
 43
0.0254
 10
-27.69362
 20
19.09952999999999
 10
-27.45435200000001
 20
19.09952999999999
 42
0.4142140000000001
 10
-27.322018
 20
19.231864
 10
-27.322018
 20
19.57298599999999
 42
0.4142140000000001
 10
-27.44876400000001
 20
19.699732
 10
-28.28874200000001
 20
19.699732
 42
0.4142140000000001
 10
-28.424124
 20
19.56435
 10
-28.424124
 20
19.2278
 42
0.4142140000000001
 10
-28.29560000000001
 20
19.099276
 10
-27.693874
 20
19.099276
 10
-27.69362
 20
19.09952999999999
  0
LWPOLYLINE
  5
34AB
330
2F74
100
AcDbEntity
  8
BG_NCROUTE_PATH
100
AcDbPolyline
 90
       11
 70
     0
 43
0.0254
 10
-26.075132
 20
19.960082
 10
-26.075132
 20
20.19935
 42
0.4142140000000001
 10
-26.20746600000001
 20
20.331684
 10
-26.548588
 20
20.331684
 42
0.4142140000000001
 10
-26.67533400000001
 20
20.204938
 10
-26.67533400000001
 20
19.36496
 42
0.4142140000000001
 10
-26.53995200000001
 20
19.229578
 10
-26.20340200000001
 20
19.229578
 42
0.4142140000000001
 10
-26.07487800000001
 20
19.358102
 10
-26.07487800000001
 20
19.959828
 10
-26.075132
 20
19.960082
  0
LWPOLYLINE
  5
34AC
330
2F74
100
AcDbEntity
  8
BG_NCROUTE_PATH
100
AcDbPolyline
 90
       11
 70
     0
 43
0.0254
 10
-28.41752000000001
 20
18.48993
 10
-28.17825200000001
 20
18.48993
 42
0.4142140000000001
 10
-28.045918
 20
18.622264
 10
-28.045918
 20
18.963386
 42
0.4142140000000001
 10
-28.17266400000001
 20
19.090132
 10
-29.012642
 20
19.090132
 42
0.4142140000000001
 10
-29.14802400000001
 20
18.95475
 10
-29.14802400000001
 20
18.61819999999999
 42
0.4142140000000001
 10
-29.01950000000001
 20
18.489676
 10
-28.41777400000001
 20
18.489676
 10
-28.41752000000001
 20
18.48993
  0
LWPOLYLINE
  5
34AD
330
2F74
100
AcDbEntity
  8
BG_NCROUTE_PATH
100
AcDbPolyline
 90
       11
 70
     0
 43
0.0254
 10
-29.239972
 20
19.625818
 10
-29.239972
 20
19.38655
 42
0.4142140000000001
 10
-29.107638
 20
19.254216
 10
-28.766516
 20
19.254216
 42
0.4142140000000001
 10
-28.63977
 20
19.380962
 10
-28.63977
 20
20.22094
 42
0.4142140000000001
 10
-28.77515200000001
 20
20.356322
 10
-29.11170200000001
 20
20.356322
 42
0.4142140000000001
 10
-29.24022600000001
 20
20.227798
 10
-29.24022600000001
 20
19.626072
 10
-29.239972
 20
19.625818
  0
LWPOLYLINE
  5
34AE
330
2F74
100
AcDbEntity
  8
BG_NCROUTE_PATH
100
AcDbPolyline
 90
       11
 70
     0
 43
0.0254
 10
-30.89402000000001
 20
17.16913
 10
-30.65475200000001
 20
17.16913
 42
0.4142140000000001
 10
-30.52241800000001
 20
17.301464
 10
-30.52241800000001
 20
17.64258599999999
 42
0.4142140000000001
 10
-30.649164
 20
17.769332
 10
-31.489142
 20
17.769332
 42
0.4142140000000001
 10
-31.62452400000001
 20
17.63395
 10
-31.62452400000001
 20
17.2974
 42
0.4142140000000001
 10
-31.49600000000001
 20
17.168876
 10
-30.894274
 20
17.168876
 10
-30.89402000000001
 20
17.16913
  0
LWPOLYLINE
  5
34AF
330
2F74
100
AcDbEntity
  8
BG_NCROUTE_PATH
100
AcDbPolyline
 90
       11
 70
     0
 43
0.0254
 10
-30.11576400000001
 20
10.929874
 10
-30.35503200000001
 20
10.929874
 42
0.4142140000000001
 10
-30.48736600000001
 20
10.79754
 10
-30.48736600000001
 20
10.456418
 42
0.4142140000000001
 10
-30.36062000000001
 20
10.329672
 10
-29.520642
 20
10.329672
 42
0.4142140000000001
 10
-29.38526
 20
10.465054
 10
-29.38526
 20
10.801604
 42
0.4142140000000001
 10
-29.51378400000001
 20
10.930128
 10
-30.11551000000001
 20
10.930128
 10
-30.11576400000001
 20
10.929874
  0
LWPOLYLINE
  5
34B0
330
2F74
100
AcDbEntity
  8
BG_NCROUTE_PATH
100
AcDbPolyline
 90
       11
 70
     0
 43
0.0254
 10
-24.17978400000001
 20
12.199874
 10
-24.41905200000001
 20
12.199874
 42
0.4142140000000001
 10
-24.55138600000001
 20
12.06754
 10
-24.55138600000001
 20
11.726418
 42
0.4142140000000001
 10
-24.42464000000001
 20
11.599672
 10
-23.584662
 20
11.599672
 42
0.4142140000000001
 10
-23.44928000000001
 20
11.735054
 10
-23.44928000000001
 20
12.071604
 42
0.4142140000000001
 10
-23.57780400000001
 20
12.200128
 10
-24.17953000000001
 20
12.200128
 10
-24.17978400000001
 20
12.199874
  0
LWPOLYLINE
  5
34B1
330
2F74
100
AcDbEntity
  8
BG_NCROUTE_PATH
100
AcDbPolyline
 90
       11
 70
     0
 43
0.0254
 10
-26.369772
 20
11.777218
 10
-26.369772
 20
11.53795
 42
0.4142140000000001
 10
-26.23743800000001
 20
11.405616
 10
-25.89631600000001
 20
11.405616
 42
0.4142140000000001
 10
-25.76957000000001
 20
11.532362
 10
-25.76957000000001
 20
12.37234
 42
0.4142140000000001
 10
-25.90495200000001
 20
12.507722
 10
-26.24150200000001
 20
12.507722
 42
0.4142140000000001
 10
-26.37002600000001
 20
12.379198
 10
-26.37002600000001
 20
11.777472
 10
-26.369772
 20
11.777218
  0
LWPOLYLINE
  5
34B2
330
2F74
100
AcDbEntity
  8
BG_NCROUTE_PATH
100
AcDbPolyline
 90
       11
 70
     0
 43
0.0254
 10
-30.89402000000001
 20
19.25193
 10
-30.65475200000001
 20
19.25193
 42
0.4142140000000001
 10
-30.52241800000001
 20
19.384264
 10
-30.52241800000001
 20
19.725386
 42
0.4142140000000001
 10
-30.649164
 20
19.852132
 10
-31.489142
 20
19.852132
 42
0.4142140000000001
 10
-31.62452400000001
 20
19.71675
 10
-31.62452400000001
 20
19.3802
 42
0.4142140000000001
 10
-31.49600000000001
 20
19.251676
 10
-30.894274
 20
19.251676
 10
-30.89402000000001
 20
19.25193
  0
LWPOLYLINE
  5
34B3
330
2F74
100
AcDbEntity
  8
BG_NCROUTE_PATH
100
AcDbPolyline
 90
       11
 70
     0
 43
0.0254
 10
-24.60193200000001
 20
20.493482
 10
-24.60193200000001
 20
20.73275
 42
0.4142140000000001
 10
-24.73426600000001
 20
20.865084
 10
-25.07538800000001
 20
20.865084
 42
0.4142140000000001
 10
-25.20213400000001
 20
20.738338
 10
-25.20213400000001
 20
19.89836
 42
0.4142140000000001
 10
-25.066752
 20
19.762978
 10
-24.73020200000001
 20
19.762978
 42
0.4142140000000001
 10
-24.60167800000001
 20
19.891502
 10
-24.60167800000001
 20
20.493228
 10
-24.60193200000001
 20
20.493482
  0
LWPOLYLINE
  5
34B4
330
2F74
100
AcDbEntity
  8
BG_NCROUTE_PATH
100
AcDbPolyline
 90
       11
 70
     0
 43
0.0254
 10
-27.79217200000001
 20
13.733018
 10
-27.79217200000001
 20
13.49375
 42
0.4142140000000001
 10
-27.65983800000001
 20
13.361416
 10
-27.31871600000001
 20
13.361416
 42
0.4142140000000001
 10
-27.19197000000001
 20
13.488162
 10
-27.19197000000001
 20
14.32814
 42
0.4142140000000001
 10
-27.327352
 20
14.463522
 10
-27.663902
 20
14.463522
 42
0.4142140000000001
 10
-27.792426
 20
14.334998
 10
-27.792426
 20
13.733272
 10
-27.79217200000001
 20
13.733018
  0
LWPOLYLINE
  5
34B5
330
2F74
100
AcDbEntity
  8
BG_NCROUTE_PATH
100
AcDbPolyline
 90
       11
 70
     0
 43
0.0254
 10
-26.608532
 20
15.413482
 10
-26.608532
 20
15.65275
 42
0.4142140000000001
 10
-26.74086600000001
 20
15.785084
 10
-27.081988
 20
15.785084
 42
0.4142140000000001
 10
-27.20873400000001
 20
15.658338
 10
-27.20873400000001
 20
14.81836
 42
0.4142140000000001
 10
-27.07335200000001
 20
14.682978
 10
-26.73680200000001
 20
14.682978
 42
0.4142140000000001
 10
-26.60827800000001
 20
14.811502
 10
-26.60827800000001
 20
15.413228
 10
-26.608532
 20
15.413482
  0
LWPOLYLINE
  5
34B6
330
2F74
100
AcDbEntity
  8
BG_NCROUTE_PATH
100
AcDbPolyline
 90
       11
 70
     0
 43
0.0254
 10
-28.76448400000001
 20
17.15897
 10
-29.00375200000001
 20
17.15897
 42
0.4142140000000001
 10
-29.136086
 20
17.026636
 10
-29.136086
 20
16.685514
 42
0.4142140000000001
 10
-29.00934000000001
 20
16.558768
 10
-28.16936200000001
 20
16.558768
 42
0.4142140000000001
 10
-28.03398000000001
 20
16.69415
 10
-28.03398000000001
 20
17.0307
 42
0.4142140000000001
 10
-28.16250400000001
 20
17.159224
 10
-28.76423000000001
 20
17.159224
 10
-28.76448400000001
 20
17.15897
  0
LWPOLYLINE
  5
34B7
330
2F74
100
AcDbEntity
  8
BG_NCROUTE_PATH
100
AcDbPolyline
 90
       11
 70
     0
 43
0.0254
 10
-27.84297200000001
 20
15.739618
 10
-27.84297200000001
 20
15.50035
 42
0.4142140000000001
 10
-27.710638
 20
15.368016
 10
-27.36951600000001
 20
15.368016
 42
0.4142140000000001
 10
-27.24277000000001
 20
15.494762
 10
-27.24277000000001
 20
16.33474
 42
0.4142140000000001
 10
-27.378152
 20
16.470122
 10
-27.71470200000001
 20
16.470122
 42
0.4142140000000001
 10
-27.84322600000001
 20
16.341598
 10
-27.84322600000001
 20
15.739872
 10
-27.84297200000001
 20
15.739618
  0
LWPOLYLINE
  5
34B8
330
2F74
100
AcDbEntity
  8
BG_NCROUTE_PATH
100
AcDbPolyline
 90
       11
 70
     0
 43
0.0254
 10
-27.20797200000001
 20
16.273018
 10
-27.20797200000001
 20
16.03375
 42
0.4142140000000001
 10
-27.075638
 20
15.901416
 10
-26.73451600000001
 20
15.901416
 42
0.4142140000000001
 10
-26.60777
 20
16.028162
 10
-26.60777
 20
16.86814
 42
0.4142140000000001
 10
-26.74315200000001
 20
17.003522
 10
-27.079702
 20
17.003522
 42
0.4142140000000001
 10
-27.208226
 20
16.874998
 10
-27.208226
 20
16.273272
 10
-27.20797200000001
 20
16.273018
  0
LWPOLYLINE
  5
34B9
330
2F74
100
AcDbEntity
  8
BG_NCROUTE_PATH
100
AcDbPolyline
 90
       11
 70
     0
 43
0.0254
 10
-29.88487800000001
 20
14.041628
 10
-29.88487800000001
 20
14.280896
 42
0.4142140000000001
 10
-30.017212
 20
14.41323
 10
-30.35858800000001
 20
14.41323
 42
0.4132680000000001
 10
-30.48508
 20
14.286738
 10
-30.48508
 20
13.446506
 42
0.413662
 10
-30.34995200000001
 20
13.311124
 10
-30.013402
 20
13.311124
 42
0.415144
 10
-29.88462400000001
 20
13.439902
 10
-29.88462400000001
 20
14.04137399999999
 10
-29.88487800000001
 20
14.041628
  0
LWPOLYLINE
  5
34BA
330
2F74
100
AcDbEntity
  8
BG_NCROUTE_PATH
100
AcDbPolyline
 90
       11
 70
     0
 43
0.0254
 10
-31.33674200000001
 20
11.533886
 10
-31.50590600000001
 20
11.364722
 42
0.4143770000000001
 10
-31.50590600000001
 20
11.177524
 10
-31.26460600000001
 20
10.936224
 42
0.413713
 10
-31.085536
 20
10.936224
 10
-30.49143000000001
 20
11.53033
 42
0.4136210000000001
 10
-30.49143000000001
 20
11.721592
 10
-30.72942800000001
 20
11.95959
 42
0.414602
 10
-30.91129200000001
 20
11.95959
 10
-31.33674200000001
 20
11.53414
 10
-31.33674200000001
 20
11.533886
  0
LWPOLYLINE
  5
34BB
330
2F74
100
AcDbEntity
  8
BG_NCROUTE_PATH
100
AcDbPolyline
 90
       11
 70
     0
 43
0.0254
 10
-30.72028400000001
 20
15.83817
 10
-30.95955200000001
 20
15.83817
 42
0.4142140000000001
 10
-31.091886
 20
15.705836
 10
-31.091886
 20
15.364714
 42
0.4142140000000001
 10
-30.96514000000001
 20
15.237968
 10
-30.12516200000001
 20
15.237968
 42
0.4142140000000001
 10
-29.98978000000001
 20
15.37335
 10
-29.98978000000001
 20
15.7099
 42
0.4142140000000001
 10
-30.118304
 20
15.838424
 10
-30.72003
 20
15.838424
 10
-30.72028400000001
 20
15.83817
  0
LWPOLYLINE
  5
34BC
330
2F74
100
AcDbEntity
  8
BG_NCROUTE_PATH
100
AcDbPolyline
 90
       11
 70
     0
 43
0.0254
 10
-29.22473200000001
 20
14.041882
 10
-29.22473200000001
 20
14.28115
 42
0.4142140000000001
 10
-29.35706600000001
 20
14.413484
 10
-29.698188
 20
14.413484
 42
0.4142140000000001
 10
-29.82493400000001
 20
14.286738
 10
-29.82493400000001
 20
13.44676
 42
0.4142140000000001
 10
-29.68955200000001
 20
13.311378
 10
-29.353002
 20
13.311378
 42
0.4142140000000001
 10
-29.224478
 20
13.439902
 10
-29.224478
 20
14.041628
 10
-29.22473200000001
 20
14.041882
  0
LWPOLYLINE
  5
34BD
330
2F74
100
AcDbEntity
  8
BG_NCROUTE_PATH
100
AcDbPolyline
 90
       11
 70
     0
 43
0.0254
 10
-29.16377200000001
 20
11.828018
 10
-29.16377200000001
 20
11.58875
 42
0.4142140000000001
 10
-29.031438
 20
11.456416
 10
-28.69031600000001
 20
11.456416
 42
0.4142140000000001
 10
-28.56357
 20
11.583162
 10
-28.56357
 20
12.42314
 42
0.4142140000000001
 10
-28.69895200000001
 20
12.558522
 10
-29.03550200000001
 20
12.558522
 42
0.4142140000000001
 10
-29.16402600000001
 20
12.429998
 10
-29.16402600000001
 20
11.828272
 10
-29.16377200000001
 20
11.828018
  0
LWPOLYLINE
  5
34BE
330
2F74
100
AcDbEntity
  8
BG_NCROUTE_PATH
100
AcDbPolyline
 90
       11
 70
     0
 43
0.0254
 10
-51.34102000000001
 20
7.94893
 10
-51.101752
 20
7.94893
 42
0.4142140000000001
 10
-50.969418
 20
8.081263999999999
 10
-50.969418
 20
8.422385999999999
 42
0.4142140000000001
 10
-51.096164
 20
8.549132
 10
-51.936142
 20
8.549132
 42
0.4142140000000001
 10
-52.071524
 20
8.41375
 10
-52.071524
 20
8.077199999999999
 42
0.4142140000000001
 10
-51.94300000000001
 20
7.948675999999998
 10
-51.341274
 20
7.948675999999998
 10
-51.34102000000001
 20
7.94893
  0
LWPOLYLINE
  5
34BF
330
2F74
100
AcDbEntity
  8
BG_NCROUTE_PATH
100
AcDbPolyline
 90
       11
 70
     0
 43
0.0254
 10
-29.04007400000001
 20
14.57833
 10
-28.80080600000001
 20
14.57833
 42
0.4142140000000001
 10
-28.668472
 20
14.710664
 10
-28.668472
 20
15.051786
 42
0.4142140000000001
 10
-28.79521800000001
 20
15.178532
 10
-29.63519600000001
 20
15.178532
 42
0.4142140000000001
 10
-29.77057800000001
 20
15.04315
 10
-29.77057800000001
 20
14.7066
 42
0.4142140000000001
 10
-29.642054
 20
14.578076
 10
-29.04032800000001
 20
14.578076
 10
-29.04007400000001
 20
14.57833
  0
LWPOLYLINE
  5
34C0
330
2F74
100
AcDbEntity
  8
BG_NCROUTE_PATH
100
AcDbPolyline
 90
       11
 70
     0
 43
0.0254
 10
-26.68473200000001
 20
19.960082
 10
-26.68473200000001
 20
20.19935
 42
0.4142140000000001
 10
-26.817066
 20
20.331684
 10
-27.158188
 20
20.331684
 42
0.4142140000000001
 10
-27.28493400000001
 20
20.204938
 10
-27.28493400000001
 20
19.36496
 42
0.4142140000000001
 10
-27.149552
 20
19.229578
 10
-26.81300200000001
 20
19.229578
 42
0.4142140000000001
 10
-26.68447800000001
 20
19.358102
 10
-26.68447800000001
 20
19.959828
 10
-26.68473200000001
 20
19.960082
  0
LWPOLYLINE
  5
34C1
330
2F74
100
AcDbEntity
  8
BG_NCROUTE_PATH
100
AcDbPolyline
 90
       11
 70
     0
 43
0.0254
 10
-25.440132
 20
19.960082
 10
-25.440132
 20
20.19935
 42
0.4142140000000001
 10
-25.57246600000001
 20
20.331684
 10
-25.913588
 20
20.331684
 42
0.4142140000000001
 10
-26.040334
 20
20.204938
 10
-26.040334
 20
19.36496
 42
0.4142140000000001
 10
-25.90495200000001
 20
19.229578
 10
-25.56840200000001
 20
19.229578
 42
0.4142140000000001
 10
-25.439878
 20
19.358102
 10
-25.439878
 20
19.959828
 10
-25.440132
 20
19.960082
  0
LWPOLYLINE
  5
34C2
330
2F74
100
AcDbEntity
  8
BG_NCROUTE_PATH
100
AcDbPolyline
 90
       11
 70
     0
 43
0.0254
 10
-30.86862
 20
10.00633
 10
-30.629352
 20
10.00633
 42
0.4142140000000001
 10
-30.49701800000001
 20
10.138664
 10
-30.49701800000001
 20
10.479786
 42
0.4142140000000001
 10
-30.62376400000001
 20
10.606532
 10
-31.463742
 20
10.606532
 42
0.4142140000000001
 10
-31.599124
 20
10.47115
 10
-31.599124
 20
10.1346
 42
0.4142140000000001
 10
-31.47060000000001
 20
10.006076
 10
-30.86887400000001
 20
10.006076
 10
-30.86862
 20
10.00633
  0
LWPOLYLINE
  5
34C3
330
2F74
100
AcDbEntity
  8
BG_NCROUTE_PATH
100
AcDbPolyline
 90
       11
 70
     0
 43
0.0254
 10
-30.13608400000001
 20
18.42897
 10
-30.37535200000001
 20
18.42897
 42
0.4142140000000001
 10
-30.507686
 20
18.296636
 10
-30.507686
 20
17.955514
 42
0.4142140000000001
 10
-30.38094000000001
 20
17.828768
 10
-29.540962
 20
17.828768
 42
0.4142140000000001
 10
-29.40558000000001
 20
17.96415
 10
-29.40558000000001
 20
18.3007
 42
0.4142140000000001
 10
-29.534104
 20
18.429224
 10
-30.13583000000001
 20
18.429224
 10
-30.13608400000001
 20
18.42897
  0
LWPOLYLINE
  5
34C4
330
2F74
100
AcDbEntity
  8
BG_NCROUTE_PATH
100
AcDbPolyline
 90
       11
 70
     0
 43
0.0254
 10
-26.47137200000001
 20
10.431018
 10
-26.47137200000001
 20
10.19175
 42
0.4142140000000001
 10
-26.33903800000001
 20
10.059416
 10
-25.99791600000001
 20
10.059416
 42
0.4142140000000001
 10
-25.87117
 20
10.186162
 10
-25.87117
 20
11.02614
 42
0.4142140000000001
 10
-26.006552
 20
11.161522
 10
-26.34310200000001
 20
11.161522
 42
0.4142140000000001
 10
-26.47162600000001
 20
11.032998
 10
-26.47162600000001
 20
10.431272
 10
-26.47137200000001
 20
10.431018
  0
LWPOLYLINE
  5
34C5
330
2F74
100
AcDbEntity
  8
BG_NCROUTE_PATH
100
AcDbPolyline
 90
       11
 70
     0
 43
0.0254
 10
-28.13634200000001
 20
10.848086
 10
-28.305506
 20
10.678922
 42
0.4143770000000001
 10
-28.305506
 20
10.491724
 10
-28.064206
 20
10.250424
 42
0.413713
 10
-27.88513600000001
 20
10.250424
 10
-27.29103000000001
 20
10.84453
 42
0.4136210000000001
 10
-27.29103000000001
 20
11.035792
 10
-27.52902800000001
 20
11.27379
 42
0.414602
 10
-27.71089200000001
 20
11.27379
 10
-28.13634200000001
 20
10.84834
 10
-28.13634200000001
 20
10.848086
  0
LWPOLYLINE
  5
34C6
330
2F74
100
AcDbEntity
  8
BG_NCROUTE_PATH
100
AcDbPolyline
 90
       11
 70
     0
 43
0.0254
 10
-30.03448400000001
 20
19.08937
 10
-30.27375200000001
 20
19.08937
 42
0.4142140000000001
 10
-30.406086
 20
18.957036
 10
-30.406086
 20
18.615914
 42
0.4142140000000001
 10
-30.27934000000001
 20
18.489168
 10
-29.43936200000001
 20
18.489168
 42
0.4142140000000001
 10
-29.30398
 20
18.62455
 10
-29.30398
 20
18.9611
 42
0.4142140000000001
 10
-29.43250400000001
 20
19.089624
 10
-30.03423000000001
 20
19.089624
 10
-30.03448400000001
 20
19.08937
  0
LWPOLYLINE
  5
34C7
330
2F74
100
AcDbEntity
  8
BG_NCROUTE_PATH
100
AcDbPolyline
 90
       11
 70
     0
 43
0.0254
 10
-29.10154200000001
 20
10.72108599999999
 10
-29.270706
 20
10.551922
 42
0.4143770000000001
 10
-29.270706
 20
10.364724
 10
-29.02940600000001
 20
10.123424
 42
0.413713
 10
-28.85033600000001
 20
10.123424
 10
-28.25623000000001
 20
10.71753
 42
0.4136210000000001
 10
-28.25623000000001
 20
10.908792
 10
-28.49422800000001
 20
11.14679
 42
0.414602
 10
-28.676092
 20
11.14679
 10
-29.10154200000001
 20
10.72134
 10
-29.10154200000001
 20
10.72108599999999
  0
LWPOLYLINE
  5
34C8
330
2F74
100
AcDbEntity
  8
BG_NCROUTE_PATH
100
AcDbPolyline
 90
       11
 70
     0
 43
0.0254
 10
-27.563572
 20
9.846817999999998
 10
-27.563572
 20
9.607549999999999
 42
0.4142140000000001
 10
-27.43123800000001
 20
9.475215999999999
 10
-27.09011600000001
 20
9.475215999999999
 42
0.4142140000000001
 10
-26.96337000000001
 20
9.601961999999998
 10
-26.96337000000001
 20
10.44194
 42
0.4142140000000001
 10
-27.09875200000001
 20
10.577322
 10
-27.435302
 20
10.577322
 42
0.4142140000000001
 10
-27.563826
 20
10.448798
 10
-27.563826
 20
9.847072
 10
-27.563572
 20
9.846817999999998
  0
LWPOLYLINE
  5
34C9
330
2F74
100
AcDbEntity
  8
BG_NCROUTE_PATH
100
AcDbPolyline
 90
       11
 70
     0
 43
0.0254
 10
-24.72893200000001
 20
18.639282
 10
-24.72893200000001
 20
18.87855
 42
0.4142140000000001
 10
-24.861266
 20
19.010884
 10
-25.202388
 20
19.010884
 42
0.4142140000000001
 10
-25.329134
 20
18.884138
 10
-25.329134
 20
18.04416
 42
0.4142140000000001
 10
-25.19375200000001
 20
17.908778
 10
-24.85720200000001
 20
17.908778
 42
0.4142140000000001
 10
-24.72867800000001
 20
18.037302
 10
-24.72867800000001
 20
18.639028
 10
-24.72893200000001
 20
18.639282
  0
LWPOLYLINE
  5
34CA
330
2F74
100
AcDbEntity
  8
BG_NCROUTE_PATH
100
AcDbPolyline
 90
       11
 70
     0
 43
0.0254
 10
-24.017732
 20
18.639282
 10
-24.017732
 20
18.87855
 42
0.4142140000000001
 10
-24.15006600000001
 20
19.010884
 10
-24.49118800000001
 20
19.010884
 42
0.4142140000000001
 10
-24.61793400000001
 20
18.884138
 10
-24.61793400000001
 20
18.04416
 42
0.4142140000000001
 10
-24.48255200000001
 20
17.908778
 10
-24.14600200000001
 20
17.908778
 42
0.4142140000000001
 10
-24.01747800000001
 20
18.037302
 10
-24.01747800000001
 20
18.639028
 10
-24.017732
 20
18.639282
  0
LWPOLYLINE
  5
34CB
330
2F74
100
AcDbEntity
  8
BG_NCROUTE_PATH
100
AcDbPolyline
 90
       11
 70
     0
 43
0.0254
 10
-26.09748400000001
 20
17.05737
 10
-26.33675200000001
 20
17.05737
 42
0.4142140000000001
 10
-26.46908600000001
 20
16.925036
 10
-26.46908600000001
 20
16.583914
 42
0.4142140000000001
 10
-26.34234000000001
 20
16.457168
 10
-25.502362
 20
16.457168
 42
0.4142140000000001
 10
-25.36698000000001
 20
16.59255
 10
-25.36698000000001
 20
16.9291
 42
0.4142140000000001
 10
-25.49550400000001
 20
17.057624
 10
-26.09723000000001
 20
17.057624
 10
-26.09748400000001
 20
17.05737
  0
LWPOLYLINE
  5
34CC
330
2F74
100
AcDbEntity
  8
BG_NCROUTE_PATH
100
AcDbPolyline
 90
       11
 70
     0
 43
0.0254
 10
-25.58948400000001
 20
17.76857
 10
-25.82875200000001
 20
17.76857
 42
0.4142140000000001
 10
-25.96108600000001
 20
17.636236
 10
-25.96108600000001
 20
17.295114
 42
0.4142140000000001
 10
-25.83434
 20
17.168368
 10
-24.994362
 20
17.168368
 42
0.4142140000000001
 10
-24.85898000000001
 20
17.30375
 10
-24.85898000000001
 20
17.6403
 42
0.4142140000000001
 10
-24.987504
 20
17.768824
 10
-25.58923000000001
 20
17.768824
 10
-25.58948400000001
 20
17.76857
  0
LWPOLYLINE
  5
34CD
330
2F74
100
AcDbEntity
  8
BG_NCROUTE_PATH
100
AcDbPolyline
 90
       11
 70
     0
 43
0.0254
 10
-23.09622
 20
16.86433
 10
-22.85695200000001
 20
16.86433
 42
0.4142140000000001
 10
-22.724618
 20
16.996664
 10
-22.724618
 20
17.337786
 42
0.4142140000000001
 10
-22.851364
 20
17.464532
 10
-23.69134200000001
 20
17.464532
 42
0.4142140000000001
 10
-23.826724
 20
17.32915
 10
-23.826724
 20
16.9926
 42
0.4142140000000001
 10
-23.6982
 20
16.864076
 10
-23.096474
 20
16.864076
 10
-23.09622
 20
16.86433
  0
LWPOLYLINE
  5
34CE
330
2F74
100
AcDbEntity
  8
BG_NCROUTE_PATH
100
AcDbPolyline
 90
       11
 70
     0
 43
0.0254
 10
-30.89402000000001
 20
17.835626
 10
-30.65475200000001
 20
17.835626
 42
0.4142140000000001
 10
-30.52241800000001
 20
17.96796
 10
-30.52241800000001
 20
18.309082
 42
0.4142140000000001
 10
-30.649164
 20
18.435828
 10
-31.489142
 20
18.435828
 42
0.4142140000000001
 10
-31.62452400000001
 20
18.300446
 10
-31.62452400000001
 20
17.963896
 42
0.4142140000000001
 10
-31.49600000000001
 20
17.835372
 10
-30.894274
 20
17.835372
 10
-30.89402000000001
 20
17.835626
  0
LWPOLYLINE
  5
34CF
330
2F74
100
AcDbEntity
  8
BG_NCROUTE_PATH
100
AcDbPolyline
 90
       11
 70
     0
 43
0.0254
 10
-24.17470400000001
 20
13.215874
 10
-24.41397200000001
 20
13.215874
 42
0.4142140000000001
 10
-24.546306
 20
13.08354
 10
-24.546306
 20
12.742418
 42
0.4142140000000001
 10
-24.41956000000001
 20
12.615672
 10
-23.579582
 20
12.615672
 42
0.4142140000000001
 10
-23.4442
 20
12.751054
 10
-23.4442
 20
13.087604
 42
0.4142140000000001
 10
-23.572724
 20
13.216128
 10
-24.17445000000001
 20
13.216128
 10
-24.17470400000001
 20
13.215874
  0
LWPOLYLINE
  5
34D0
330
2F74
100
AcDbEntity
  8
BG_NCROUTE_PATH
100
AcDbPolyline
 90
       11
 70
     0
 43
0.0254
 10
-27.39288400000001
 20
13.24737
 10
-27.63215200000001
 20
13.24737
 42
0.4142140000000001
 10
-27.76448600000001
 20
13.115036
 10
-27.76448600000001
 20
12.773914
 42
0.4142140000000001
 10
-27.63774000000001
 20
12.647168
 10
-26.797762
 20
12.647168
 42
0.4142140000000001
 10
-26.66238000000001
 20
12.78255
 10
-26.66238000000001
 20
13.1191
 42
0.4142140000000001
 10
-26.79090400000001
 20
13.247624
 10
-27.39263000000001
 20
13.247624
 10
-27.39288400000001
 20
13.24737
  0
LWPOLYLINE
  5
34D1
330
2F74
100
AcDbEntity
  8
BG_NCROUTE_PATH
100
AcDbPolyline
 90
       11
 70
     0
 43
0.0254
 10
-31.29737200000001
 20
16.349218
 10
-31.29737200000001
 20
16.10995
 42
0.4142140000000001
 10
-31.165038
 20
15.977616
 10
-30.82391600000001
 20
15.977616
 42
0.4142140000000001
 10
-30.69717000000001
 20
16.104362
 10
-30.69717000000001
 20
16.94434
 42
0.4142140000000001
 10
-30.832552
 20
17.079722
 10
-31.16910200000001
 20
17.079722
 42
0.4142140000000001
 10
-31.29762600000001
 20
16.951198
 10
-31.29762600000001
 20
16.349472
 10
-31.29737200000001
 20
16.349218
  0
LWPOLYLINE
  5
34D2
330
2F74
100
AcDbEntity
  8
BG_NCROUTE_PATH
100
AcDbPolyline
 90
       11
 70
     0
 43
0.0254
 10
-19.71802
 20
16.02613
 10
-19.47875200000001
 20
16.02613
 42
0.4142140000000001
 10
-19.346418
 20
16.158464
 10
-19.346418
 20
16.49958599999999
 42
0.4142140000000001
 10
-19.473164
 20
16.626332
 10
-20.31314200000001
 20
16.626332
 42
0.4142140000000001
 10
-20.448524
 20
16.49095
 10
-20.448524
 20
16.1544
 42
0.4142140000000001
 10
-20.32
 20
16.025876
 10
-19.718274
 20
16.025876
 10
-19.71802
 20
16.02613
  0
LWPOLYLINE
  5
34D3
330
2F74
100
AcDbEntity
  8
BG_NCROUTE_PATH
100
AcDbPolyline
 90
       10
 70
     0
 43
0.0254
 10
-22.63114600000001
 20
7.938261999999999
 10
-22.39187800000001
 20
7.938261999999999
 42
0.414699
 10
-22.259544
 20
8.07085
 10
-22.259544
 20
8.411972
 42
0.413605
 10
-22.38603600000001
 20
8.538717999999999
 10
-23.226268
 20
8.538717999999999
 42
0.413922
 10
-23.36165
 20
8.403335999999999
 10
-23.36165
 20
8.066786
 42
0.4148120000000001
 10
-23.23287200000001
 20
7.938261999999999
 10
-22.63114600000001
 20
7.938261999999999
  0
LWPOLYLINE
  5
34D4
330
2F74
100
AcDbEntity
  8
BG_NCROUTE_PATH
100
AcDbPolyline
 90
       11
 70
     0
 43
0.0254
 10
-23.890732
 20
10.282682
 10
-23.890732
 20
10.52195
 42
0.4142140000000001
 10
-24.02306600000001
 20
10.654284
 10
-24.364188
 20
10.654284
 42
0.4142140000000001
 10
-24.49093400000001
 20
10.527538
 10
-24.49093400000001
 20
9.687559999999999
 42
0.4142140000000001
 10
-24.355552
 20
9.552177999999999
 10
-24.019002
 20
9.552177999999999
 42
0.4142140000000001
 10
-23.89047800000001
 20
9.680702
 10
-23.89047800000001
 20
10.282428
 10
-23.890732
 20
10.282682
  0
LWPOLYLINE
  5
34D5
330
2F74
100
AcDbEntity
  8
BG_NCROUTE_PATH
100
AcDbPolyline
 90
       11
 70
     0
 43
0.0254
 10
-24.41397200000001
 20
8.780017999999998
 10
-24.41397200000001
 20
8.540749999999999
 42
0.4142140000000001
 10
-24.281638
 20
8.408416
 10
-23.940516
 20
8.408416
 42
0.4142140000000001
 10
-23.81377
 20
8.535161999999999
 10
-23.81377
 20
9.37514
 42
0.4142140000000001
 10
-23.94915200000001
 20
9.510521999999999
 10
-24.28570200000001
 20
9.510521999999999
 42
0.4142140000000001
 10
-24.414226
 20
9.381997999999999
 10
-24.414226
 20
8.780272
 10
-24.41397200000001
 20
8.780017999999998
  0
LWPOLYLINE
  5
34D6
330
2F74
100
AcDbEntity
  8
BG_NCROUTE_PATH
100
AcDbPolyline
 90
       11
 70
     0
 43
0.0254
 10
-25.404572
 20
9.288017999999999
 10
-25.404572
 20
9.04875
 42
0.4142140000000001
 10
-25.272238
 20
8.916415999999999
 10
-24.93111600000001
 20
8.916415999999999
 42
0.4142140000000001
 10
-24.80437
 20
9.043161999999998
 10
-24.80437
 20
9.883139999999999
 42
0.4142140000000001
 10
-24.93975200000001
 20
10.018522
 10
-25.27630200000001
 20
10.018522
 42
0.4142140000000001
 10
-25.40482600000001
 20
9.889997999999998
 10
-25.40482600000001
 20
9.288271999999999
 10
-25.404572
 20
9.288017999999999
  0
LWPOLYLINE
  5
34D7
330
2F74
100
AcDbEntity
  8
BG_NCROUTE_PATH
100
AcDbPolyline
 90
       11
 70
     0
 43
0.0254
 10
-26.39517200000001
 20
9.237217999999998
 10
-26.39517200000001
 20
8.997949999999999
 42
0.4142140000000001
 10
-26.262838
 20
8.865615999999999
 10
-25.92171600000001
 20
8.865615999999999
 42
0.4142140000000001
 10
-25.79497
 20
8.992361999999999
 10
-25.79497
 20
9.832339999999998
 42
0.4142140000000001
 10
-25.930352
 20
9.967722
 10
-26.266902
 20
9.967722
 42
0.4142140000000001
 10
-26.395426
 20
9.839197999999999
 10
-26.395426
 20
9.237472
 10
-26.39517200000001
 20
9.237217999999998
  0
LWPOLYLINE
  5
34D8
330
2F74
100
AcDbEntity
  8
BG_NCROUTE_PATH
100
AcDbPolyline
 90
       11
 70
     0
 43
0.0254
 10
-25.10993200000001
 20
8.225281999999999
 10
-25.10993200000001
 20
8.464549999999999
 42
0.4142140000000001
 10
-25.242266
 20
8.596883999999999
 10
-25.583388
 20
8.596883999999999
 42
0.4142140000000001
 10
-25.710134
 20
8.470138
 10
-25.710134
 20
7.63016
 42
0.4142140000000001
 10
-25.57475200000001
 20
7.494778
 10
-25.23820200000001
 20
7.494778
 42
0.4142140000000001
 10
-25.10967800000001
 20
7.623302
 10
-25.10967800000001
 20
8.225028
 10
-25.10993200000001
 20
8.225281999999999
  0
LWPOLYLINE
  5
34D9
330
2F74
100
AcDbEntity
  8
BG_NCROUTE_PATH
100
AcDbPolyline
 90
       10
 70
     0
 43
0.0254
 10
-26.41142800000001
 20
7.880095999999999
 10
-26.41142800000001
 20
7.640827999999999
 42
0.4142540000000001
 10
-26.279094
 20
7.508494
 10
-25.937718
 20
7.508494
 42
0.4133910000000001
 10
-25.811226
 20
7.634985999999999
 10
-25.811226
 20
8.475217999999999
 42
0.4134420000000001
 10
-25.94635400000001
 20
8.610345999999999
 10
-26.28290400000001
 20
8.610345999999999
 42
0.414638
 10
-26.41142800000001
 20
8.481821999999999
 10
-26.41142800000001
 20
7.880095999999999
  0
LWPOLYLINE
  5
34DA
330
2F74
100
AcDbEntity
  8
BG_NCROUTE_PATH
100
AcDbPolyline
 90
       11
 70
     0
 43
0.0254
 10
-25.836372
 20
10.431018
 10
-25.836372
 20
10.19175
 42
0.4142140000000001
 10
-25.70403800000001
 20
10.059416
 10
-25.36291600000001
 20
10.059416
 42
0.4142140000000001
 10
-25.23617000000001
 20
10.186162
 10
-25.23617000000001
 20
11.02614
 42
0.4142140000000001
 10
-25.37155200000001
 20
11.161522
 10
-25.708102
 20
11.161522
 42
0.4142140000000001
 10
-25.836626
 20
11.032998
 10
-25.836626
 20
10.431272
 10
-25.836372
 20
10.431018
  0
LWPOLYLINE
  5
34DB
330
2F74
100
AcDbEntity
  8
BG_NCROUTE_PATH
100
AcDbPolyline
 90
       11
 70
     0
 43
0.0254
 10
-50.713132
 20
19.604482
 10
-50.713132
 20
19.84375
 42
0.4142140000000001
 10
-50.845466
 20
19.976084
 10
-51.18658800000001
 20
19.976084
 42
0.4142140000000001
 10
-51.313334
 20
19.849338
 10
-51.313334
 20
19.00936
 42
0.4142140000000001
 10
-51.177952
 20
18.873978
 10
-50.841402
 20
18.873978
 42
0.4142140000000001
 10
-50.712878
 20
19.002502
 10
-50.712878
 20
19.604228
 10
-50.713132
 20
19.604482
  0
LWPOLYLINE
  5
34DC
330
2F74
100
AcDbEntity
  8
BG_NCROUTE_PATH
100
AcDbPolyline
 90
       11
 70
     0
 43
0.0254
 10
-50.84013200000001
 20
12.873482
 10
-50.84013200000001
 20
13.11275
 42
0.4142140000000001
 10
-50.972466
 20
13.245084
 10
-51.313588
 20
13.245084
 42
0.4142140000000001
 10
-51.44033400000001
 20
13.118338
 10
-51.44033400000001
 20
12.27836
 42
0.4142140000000001
 10
-51.30495200000001
 20
12.142978
 10
-50.968402
 20
12.142978
 42
0.4142140000000001
 10
-50.839878
 20
12.271502
 10
-50.839878
 20
12.873228
 10
-50.84013200000001
 20
12.873482
  0
LWPOLYLINE
  5
34DD
330
2F74
100
AcDbEntity
  8
BG_NCROUTE_PATH
100
AcDbPolyline
 90
       11
 70
     0
 43
0.0254
 10
-48.03902
 20
18.31213
 10
-47.799752
 20
18.31213
 42
0.4142140000000001
 10
-47.66741800000001
 20
18.444464
 10
-47.66741800000001
 20
18.785586
 42
0.4142140000000001
 10
-47.794164
 20
18.912332
 10
-48.63414200000001
 20
18.912332
 42
0.4142140000000001
 10
-48.769524
 20
18.77695
 10
-48.769524
 20
18.4404
 42
0.4142140000000001
 10
-48.641
 20
18.311876
 10
-48.039274
 20
18.311876
 10
-48.03902
 20
18.31213
  0
LWPOLYLINE
  5
34DE
330
2F74
100
AcDbEntity
  8
BG_NCROUTE_PATH
100
AcDbPolyline
 90
       11
 70
     0
 43
0.0254
 10
-48.747172
 20
11.345418
 10
-48.747172
 20
11.10615
 42
0.4142140000000001
 10
-48.61483800000001
 20
10.973816
 10
-48.27371600000001
 20
10.973816
 42
0.4142140000000001
 10
-48.14697
 20
11.100562
 10
-48.14697
 20
11.94054
 42
0.4142140000000001
 10
-48.282352
 20
12.075922
 10
-48.61890200000001
 20
12.075922
 42
0.4142140000000001
 10
-48.74742600000001
 20
11.947398
 10
-48.74742600000001
 20
11.345672
 10
-48.747172
 20
11.345418
  0
LWPOLYLINE
  5
34DF
330
2F74
100
AcDbEntity
  8
BG_NCROUTE_PATH
100
AcDbPolyline
 90
       11
 70
     0
 43
0.0254
 10
-47.306484
 20
13.04417
 10
-47.545752
 20
13.04417
 42
0.4142140000000001
 10
-47.67808600000001
 20
12.911836
 10
-47.67808600000001
 20
12.570714
 42
0.4142140000000001
 10
-47.55134
 20
12.443968
 10
-46.71136200000001
 20
12.443968
 42
0.4142140000000001
 10
-46.57598
 20
12.57935
 10
-46.57598
 20
12.9159
 42
0.4142140000000001
 10
-46.704504
 20
13.044424
 10
-47.30623
 20
13.044424
 10
-47.306484
 20
13.04417
  0
LWPOLYLINE
  5
34E0
330
2F74
100
AcDbEntity
  8
BG_NCROUTE_PATH
100
AcDbPolyline
 90
       11
 70
     0
 43
0.0254
 10
-40.74921999999999
 20
7.97433
 10
-40.509952
 20
7.97433
 42
0.4142140000000001
 10
-40.37761800000001
 20
8.106664
 10
-40.37761800000001
 20
8.447786
 42
0.4142140000000001
 10
-40.504364
 20
8.574531999999999
 10
-41.344342
 20
8.574531999999999
 42
0.4142140000000001
 10
-41.479724
 20
8.439149999999999
 10
-41.479724
 20
8.102599999999998
 42
0.4142140000000001
 10
-41.3512
 20
7.974075999999998
 10
-40.749474
 20
7.974075999999998
 10
-40.74921999999999
 20
7.97433
  0
LWPOLYLINE
  5
34E1
330
2F74
100
AcDbEntity
  8
BG_NCROUTE_PATH
100
AcDbPolyline
 90
       11
 70
     0
 43
0.0254
 10
-49.74082000000001
 20
18.31213
 10
-49.50155200000001
 20
18.31213
 42
0.4142140000000001
 10
-49.369218
 20
18.444464
 10
-49.369218
 20
18.785586
 42
0.4142140000000001
 10
-49.495964
 20
18.912332
 10
-50.335942
 20
18.912332
 42
0.4142140000000001
 10
-50.471324
 20
18.77695
 10
-50.471324
 20
18.4404
 42
0.4142140000000001
 10
-50.3428
 20
18.311876
 10
-49.74107400000001
 20
18.311876
 10
-49.74082000000001
 20
18.31213
  0
LWPOLYLINE
  5
34E2
330
2F74
100
AcDbEntity
  8
BG_NCROUTE_PATH
100
AcDbPolyline
 90
       11
 70
     0
 43
0.0254
 10
-47.662084
 20
17.84477
 10
-47.901352
 20
17.84477
 42
0.4142140000000001
 10
-48.033686
 20
17.712436
 10
-48.033686
 20
17.371314
 42
0.4142140000000001
 10
-47.90694000000001
 20
17.244568
 10
-47.066962
 20
17.244568
 42
0.4142140000000001
 10
-46.93158
 20
17.37995
 10
-46.93158
 20
17.7165
 42
0.4142140000000001
 10
-47.060104
 20
17.845024
 10
-47.66183
 20
17.845024
 10
-47.662084
 20
17.84477
  0
LWPOLYLINE
  5
34E3
330
2F74
100
AcDbEntity
  8
BG_NCROUTE_PATH
100
AcDbPolyline
 90
       11
 70
     0
 43
0.0254
 10
-47.306484
 20
11.77417
 10
-47.545752
 20
11.77417
 42
0.4142140000000001
 10
-47.67808600000001
 20
11.641836
 10
-47.67808600000001
 20
11.300714
 42
0.4142140000000001
 10
-47.55134
 20
11.173968
 10
-46.71136200000001
 20
11.173968
 42
0.4142140000000001
 10
-46.57598
 20
11.30935
 10
-46.57598
 20
11.6459
 42
0.4142140000000001
 10
-46.704504
 20
11.774424
 10
-47.30623
 20
11.774424
 10
-47.306484
 20
11.77417
  0
LWPOLYLINE
  5
34E4
330
2F74
100
AcDbEntity
  8
BG_NCROUTE_PATH
100
AcDbPolyline
 90
       11
 70
     0
 43
0.0254
 10
-51.50053200000001
 20
16.047212
 10
-51.50053200000001
 20
16.28648
 42
0.4142140000000001
 10
-51.63286600000001
 20
16.418814
 10
-51.97398800000001
 20
16.418814
 42
0.4142140000000001
 10
-52.100734
 20
16.292068
 10
-52.100734
 20
15.45209
 42
0.4142140000000001
 10
-51.965352
 20
15.316708
 10
-51.628802
 20
15.316708
 42
0.4142140000000001
 10
-51.500278
 20
15.445232
 10
-51.500278
 20
16.046958
 10
-51.50053200000001
 20
16.047212
  0
LWPOLYLINE
  5
34E5
330
2F74
100
AcDbEntity
  8
BG_NCROUTE_PATH
100
AcDbPolyline
 90
       11
 70
     0
 43
0.0254
 10
-52.099972
 20
14.064488
 10
-52.099972
 20
13.82522
 42
0.4142140000000001
 10
-51.96763800000001
 20
13.692886
 10
-51.626516
 20
13.692886
 42
0.4142140000000001
 10
-51.49977
 20
13.819632
 10
-51.49977
 20
14.65961
 42
0.4142140000000001
 10
-51.635152
 20
14.794992
 10
-51.97170200000001
 20
14.794992
 42
0.4142140000000001
 10
-52.10022600000001
 20
14.666468
 10
-52.10022600000001
 20
14.064742
 10
-52.099972
 20
14.064488
  0
LWPOLYLINE
  5
34E6
330
2F74
100
AcDbEntity
  8
BG_NCROUTE_PATH
100
AcDbPolyline
 90
       11
 70
     0
 43
0.0254
 10
-47.660814
 20
19.69897
 10
-47.900082
 20
19.69897
 42
0.4142140000000001
 10
-48.032416
 20
19.566636
 10
-48.032416
 20
19.225514
 42
0.4142140000000001
 10
-47.90567
 20
19.098768
 10
-47.065692
 20
19.098768
 42
0.4142140000000001
 10
-46.93031
 20
19.23415
 10
-46.93031
 20
19.5707
 42
0.4142140000000001
 10
-47.058834
 20
19.69922399999999
 10
-47.66056
 20
19.69922399999999
 10
-47.660814
 20
19.69897
  0
LWPOLYLINE
  5
34E7
330
2F74
100
AcDbEntity
  8
BG_NCROUTE_PATH
100
AcDbPolyline
 90
       11
 70
     0
 43
0.0254
 10
-47.30623
 20
13.93317
 10
-47.545498
 20
13.93317
 42
0.4142140000000001
 10
-47.677832
 20
13.800836
 10
-47.677832
 20
13.459714
 42
0.4142140000000001
 10
-47.551086
 20
13.332968
 10
-46.711108
 20
13.332968
 42
0.4142140000000001
 10
-46.575726
 20
13.46835
 10
-46.575726
 20
13.8049
 42
0.4142140000000001
 10
-46.70425
 20
13.933424
 10
-47.305976
 20
13.933424
 10
-47.30623
 20
13.93317
  0
LWPOLYLINE
  5
34E8
330
2F74
100
AcDbEntity
  8
BG_NCROUTE_PATH
100
AcDbPolyline
 90
       11
 70
     0
 43
0.0254
 10
-49.178972
 20
7.764017999999998
 10
-49.178972
 20
7.524749999999999
 42
0.4142140000000001
 10
-49.046638
 20
7.392416
 10
-48.705516
 20
7.392416
 42
0.4142140000000001
 10
-48.57877000000001
 20
7.519161999999999
 10
-48.57877000000001
 20
8.35914
 42
0.4142140000000001
 10
-48.71415200000001
 20
8.494521999999999
 10
-49.050702
 20
8.494521999999999
 42
0.4142140000000001
 10
-49.179226
 20
8.365997999999999
 10
-49.179226
 20
7.764272
 10
-49.178972
 20
7.764017999999998
  0
LWPOLYLINE
  5
34E9
330
2F74
100
AcDbEntity
  8
BG_NCROUTE_PATH
100
AcDbPolyline
 90
       11
 70
     0
 43
0.0254
 10
-50.65649
 20
17.37232999999999
 10
-50.417222
 20
17.37232999999999
 42
0.4142140000000001
 10
-50.284888
 20
17.504664
 10
-50.284888
 20
17.84578599999999
 42
0.4142140000000001
 10
-50.41163400000001
 20
17.972532
 10
-51.251612
 20
17.972532
 42
0.4142140000000001
 10
-51.386994
 20
17.83715
 10
-51.386994
 20
17.5006
 42
0.4142140000000001
 10
-51.25847
 20
17.372076
 10
-50.656744
 20
17.372076
 10
-50.65649
 20
17.37232999999999
  0
LWPOLYLINE
  5
34EA
330
2F74
100
AcDbEntity
  8
BG_NCROUTE_PATH
100
AcDbPolyline
 90
       11
 70
     0
 43
0.0254
 10
-50.636932
 20
10.865612
 10
-50.636932
 20
11.10488
 42
0.4142140000000001
 10
-50.769266
 20
11.237214
 10
-51.11038800000001
 20
11.237214
 42
0.4142140000000001
 10
-51.237134
 20
11.110468
 10
-51.237134
 20
10.27049
 42
0.4142140000000001
 10
-51.101752
 20
10.135108
 10
-50.765202
 20
10.135108
 42
0.4142140000000001
 10
-50.63667800000001
 20
10.263632
 10
-50.63667800000001
 20
10.865358
 10
-50.636932
 20
10.865612
  0
LWPOLYLINE
  5
34EB
330
2F74
100
AcDbEntity
  8
BG_NCROUTE_PATH
100
AcDbPolyline
 90
       11
 70
     0
 43
0.0254
 10
-49.636172
 20
11.346688
 10
-49.636172
 20
11.10742
 42
0.4142140000000001
 10
-49.503838
 20
10.975086
 10
-49.162716
 20
10.975086
 42
0.4142140000000001
 10
-49.03597000000001
 20
11.101832
 10
-49.03597000000001
 20
11.94181
 42
0.4142140000000001
 10
-49.171352
 20
12.077192
 10
-49.507902
 20
12.077192
 42
0.4142140000000001
 10
-49.636426
 20
11.948668
 10
-49.636426
 20
11.346942
 10
-49.636172
 20
11.346688
  0
LWPOLYLINE
  5
34EC
330
2F74
100
AcDbEntity
  8
BG_NCROUTE_PATH
100
AcDbPolyline
 90
       11
 70
     0
 43
0.0254
 10
-47.941484
 20
9.792969999999998
 10
-48.180752
 20
9.792969999999998
 42
0.4142140000000001
 10
-48.313086
 20
9.660636
 10
-48.313086
 20
9.319513999999999
 42
0.4142140000000001
 10
-48.18634
 20
9.192767999999999
 10
-47.346362
 20
9.192767999999999
 42
0.4142140000000001
 10
-47.21098
 20
9.328149999999999
 10
-47.21098
 20
9.664699999999999
 42
0.4142140000000001
 10
-47.339504
 20
9.793224
 10
-47.94123
 20
9.793224
 10
-47.941484
 20
9.792969999999998
  0
LWPOLYLINE
  5
34ED
330
2F74
100
AcDbEntity
  8
BG_NCROUTE_PATH
100
AcDbPolyline
 90
       11
 70
     0
 43
0.0254
 10
-47.29937200000001
 20
7.764017999999998
 10
-47.29937200000001
 20
7.524749999999999
 42
0.4142140000000001
 10
-47.167038
 20
7.392416
 10
-46.82591600000001
 20
7.392416
 42
0.4142140000000001
 10
-46.69917
 20
7.519161999999999
 10
-46.69917
 20
8.35914
 42
0.4142140000000001
 10
-46.834552
 20
8.494521999999999
 10
-47.171102
 20
8.494521999999999
 42
0.4142140000000001
 10
-47.299626
 20
8.365997999999999
 10
-47.299626
 20
7.764272
 10
-47.29937200000001
 20
7.764017999999998
  0
LWPOLYLINE
  5
34EE
330
2F74
100
AcDbEntity
  8
BG_NCROUTE_PATH
100
AcDbPolyline
 90
       11
 70
     0
 43
0.0254
 10
-48.579532
 20
9.419082000000001
 10
-48.579532
 20
9.65835
 42
0.4142140000000001
 10
-48.711866
 20
9.790683999999998
 10
-49.052988
 20
9.790683999999998
 42
0.4142140000000001
 10
-49.17973400000001
 20
9.663937999999999
 10
-49.17973400000001
 20
8.823959999999999
 42
0.4142140000000001
 10
-49.044352
 20
8.688577999999999
 10
-48.707802
 20
8.688577999999999
 42
0.4142140000000001
 10
-48.579278
 20
8.817102
 10
-48.579278
 20
9.418827999999999
 10
-48.579532
 20
9.419082000000001
  0
LWPOLYLINE
  5
34EF
330
2F74
100
AcDbEntity
  8
BG_NCROUTE_PATH
100
AcDbPolyline
 90
       11
 70
     0
 43
0.0254
 10
-50.636932
 20
21.966682
 10
-50.636932
 20
22.20595
 42
0.4142140000000001
 10
-50.769266
 20
22.338284
 10
-51.11038800000001
 20
22.338284
 42
0.4142140000000001
 10
-51.237134
 20
22.211538
 10
-51.237134
 20
21.37156
 42
0.4142140000000001
 10
-51.101752
 20
21.236178
 10
-50.765202
 20
21.236178
 42
0.4142140000000001
 10
-50.63667800000001
 20
21.364702
 10
-50.63667800000001
 20
21.966428
 10
-50.636932
 20
21.966682
  0
LWPOLYLINE
  5
34F0
330
2F74
100
AcDbEntity
  8
BG_NCROUTE_PATH
100
AcDbPolyline
 90
       11
 70
     0
 43
0.0254
 10
-47.662084
 20
22.36597
 10
-47.901352
 20
22.36597
 42
0.4142140000000001
 10
-48.033686
 20
22.233636
 10
-48.033686
 20
21.892514
 42
0.4142140000000001
 10
-47.90694000000001
 20
21.765768
 10
-47.066962
 20
21.765768
 42
0.4142140000000001
 10
-46.93158
 20
21.90115
 10
-46.93158
 20
22.2377
 42
0.4142140000000001
 10
-47.060104
 20
22.366224
 10
-47.66183
 20
22.366224
 10
-47.662084
 20
22.36597
  0
LWPOLYLINE
  5
34F1
330
2F74
100
AcDbEntity
  8
BG_NCROUTE_PATH
100
AcDbPolyline
 90
       11
 70
     0
 43
0.0254
 10
-49.087532
 20
19.984212
 10
-49.087532
 20
20.22348
 42
0.4142140000000001
 10
-49.219866
 20
20.355814
 10
-49.560988
 20
20.355814
 42
0.4142140000000001
 10
-49.687734
 20
20.229068
 10
-49.687734
 20
19.38909
 42
0.4142140000000001
 10
-49.552352
 20
19.253708
 10
-49.21580200000001
 20
19.253708
 42
0.4142140000000001
 10
-49.08727800000001
 20
19.382232
 10
-49.08727800000001
 20
19.983958
 10
-49.087532
 20
19.984212
  0
LWPOLYLINE
  5
34F2
330
2F74
100
AcDbEntity
  8
BG_NCROUTE_PATH
100
AcDbPolyline
 90
       11
 70
     0
 43
0.0254
 10
-49.544732
 20
23.210012
 10
-49.544732
 20
23.44928
 42
0.4142140000000001
 10
-49.677066
 20
23.581614
 10
-50.018188
 20
23.581614
 42
0.4142140000000001
 10
-50.144934
 20
23.454868
 10
-50.144934
 20
22.61489
 42
0.4142140000000001
 10
-50.009552
 20
22.479508
 10
-49.673002
 20
22.479508
 42
0.4142140000000001
 10
-49.544478
 20
22.608032
 10
-49.544478
 20
23.209758
 10
-49.544732
 20
23.210012
  0
LWPOLYLINE
  5
34F3
330
2F74
100
AcDbEntity
  8
BG_NCROUTE_PATH
100
AcDbPolyline
 90
       11
 70
     0
 43
0.0254
 10
-47.662084
 20
21.19757
 10
-47.901352
 20
21.19757
 42
0.4142140000000001
 10
-48.033686
 20
21.065236
 10
-48.033686
 20
20.724114
 42
0.4142140000000001
 10
-47.90694000000001
 20
20.597368
 10
-47.066962
 20
20.597368
 42
0.4142140000000001
 10
-46.93158
 20
20.73275
 10
-46.93158
 20
21.0693
 42
0.4142140000000001
 10
-47.060104
 20
21.197824
 10
-47.66183
 20
21.197824
 10
-47.662084
 20
21.19757
  0
LWPOLYLINE
  5
34F4
330
2F74
100
AcDbEntity
  8
BG_NCROUTE_PATH
100
AcDbPolyline
 90
       11
 70
     0
 43
0.0254
 10
-49.940972
 20
8.246617999999999
 10
-49.940972
 20
8.00735
 42
0.4142140000000001
 10
-49.808638
 20
7.875016
 10
-49.467516
 20
7.875016
 42
0.4142140000000001
 10
-49.34077000000001
 20
8.001761999999999
 10
-49.34077000000001
 20
8.841739999999999
 42
0.4142140000000001
 10
-49.47615200000001
 20
8.977121999999999
 10
-49.812702
 20
8.977121999999999
 42
0.4142140000000001
 10
-49.941226
 20
8.848597999999999
 10
-49.941226
 20
8.246871999999999
 10
-49.940972
 20
8.246617999999999
  0
LWPOLYLINE
  5
34F5
330
2F74
100
AcDbEntity
  8
BG_NCROUTE_PATH
100
AcDbPolyline
 90
       11
 70
     0
 43
0.0254
 10
-46.562772
 20
7.764017999999998
 10
-46.562772
 20
7.524749999999999
 42
0.4142140000000001
 10
-46.430438
 20
7.392416
 10
-46.089316
 20
7.392416
 42
0.4142140000000001
 10
-45.96257
 20
7.519161999999999
 10
-45.96257
 20
8.35914
 42
0.4142140000000001
 10
-46.097952
 20
8.494521999999999
 10
-46.434502
 20
8.494521999999999
 42
0.4142140000000001
 10
-46.563026
 20
8.365997999999999
 10
-46.563026
 20
7.764272
 10
-46.562772
 20
7.764017999999998
  0
LWPOLYLINE
  5
34F6
330
2F74
100
AcDbEntity
  8
BG_NCROUTE_PATH
100
AcDbPolyline
 90
       11
 70
     0
 43
0.0254
 10
-47.30623
 20
10.85977
 10
-47.545498
 20
10.85977
 42
0.4142140000000001
 10
-47.677832
 20
10.727436
 10
-47.677832
 20
10.386314
 42
0.4142140000000001
 10
-47.551086
 20
10.259568
 10
-46.711108
 20
10.259568
 42
0.4142140000000001
 10
-46.575726
 20
10.39495
 10
-46.575726
 20
10.7315
 42
0.4142140000000001
 10
-46.70425
 20
10.860024
 10
-47.305976
 20
10.860024
 10
-47.30623
 20
10.85977
  0
LWPOLYLINE
  5
34F7
330
2F74
100
AcDbEntity
  8
BG_NCROUTE_PATH
100
AcDbPolyline
 90
       11
 70
     0
 43
0.0254
 10
-42.29557200000001
 20
7.687817999999998
 10
-42.29557200000001
 20
7.448549999999999
 42
0.4142140000000001
 10
-42.163238
 20
7.316216
 10
-41.82211600000001
 20
7.316216
 42
0.4142140000000001
 10
-41.69537
 20
7.442961999999999
 10
-41.69537
 20
8.282939999999999
 42
0.4142140000000001
 10
-41.830752
 20
8.418321999999999
 10
-42.167302
 20
8.418321999999999
 42
0.4142140000000001
 10
-42.295826
 20
8.289797999999999
 10
-42.295826
 20
7.688072
 10
-42.29557200000001
 20
7.687817999999998
  0
LWPOLYLINE
  5
34F8
330
2F74
100
AcDbEntity
  8
BG_NCROUTE_PATH
100
AcDbPolyline
 90
       11
 70
     0
 43
0.0254
 10
-51.50053200000001
 20
17.596612
 10
-51.50053200000001
 20
17.83588
 42
0.4142140000000001
 10
-51.63286600000001
 20
17.968214
 10
-51.97398800000001
 20
17.968214
 42
0.4142140000000001
 10
-52.100734
 20
17.841468
 10
-52.100734
 20
17.00149
 42
0.4142140000000001
 10
-51.965352
 20
16.86610799999999
 10
-51.628802
 20
16.86610799999999
 42
0.4142140000000001
 10
-51.500278
 20
16.994632
 10
-51.500278
 20
17.596358
 10
-51.50053200000001
 20
17.596612
  0
LWPOLYLINE
  5
34F9
330
2F74
100
AcDbEntity
  8
BG_NCROUTE_PATH
100
AcDbPolyline
 90
       11
 70
     0
 43
0.0254
 10
-43.97629000000001
 20
7.23773
 10
-43.737022
 20
7.23773
 42
0.4142140000000001
 10
-43.604688
 20
7.370063999999999
 10
-43.604688
 20
7.711185999999999
 42
0.4142140000000001
 10
-43.731434
 20
7.837932
 10
-44.57141200000001
 20
7.837932
 42
0.4142140000000001
 10
-44.706794
 20
7.70255
 10
-44.706794
 20
7.365999999999999
 42
0.4142140000000001
 10
-44.57827
 20
7.237475999999999
 10
-43.976544
 20
7.237475999999999
 10
-43.97629000000001
 20
7.23773
  0
LWPOLYLINE
  5
34FA
330
2F74
100
AcDbEntity
  8
BG_NCROUTE_PATH
100
AcDbPolyline
 90
       11
 70
     0
 43
0.0254
 10
-48.477932
 20
23.211282
 10
-48.477932
 20
23.45055
 42
0.4142140000000001
 10
-48.610266
 20
23.582884
 10
-48.951388
 20
23.582884
 42
0.4142140000000001
 10
-49.07813400000001
 20
23.456138
 10
-49.07813400000001
 20
22.61616
 42
0.4142140000000001
 10
-48.942752
 20
22.480778
 10
-48.606202
 20
22.480778
 42
0.4142140000000001
 10
-48.477678
 20
22.609302
 10
-48.477678
 20
23.211028
 10
-48.477932
 20
23.211282
  0
LWPOLYLINE
  5
34FB
330
2F74
100
AcDbEntity
  8
BG_NCROUTE_PATH
100
AcDbPolyline
 90
        6
 70
     0
 43
0.0254
 10
-9.209532000000002
 20
7.14756
 10
-9.209532000000002
 20
7.605775999999998
 10
-9.809988000000004
 20
7.605775999999998
 10
-9.809988000000004
 20
6.503669999999999
 10
-9.209532000000002
 20
6.503669999999999
 10
-9.209532000000002
 20
7.14756
  0
LWPOLYLINE
  5
34FC
330
2F74
100
AcDbEntity
  8
BG_NCROUTE_PATH
100
AcDbPolyline
 90
        6
 70
     0
 43
0.0254
 10
-12.98397200000001
 20
8.689339999999999
 10
-12.98397200000001
 20
8.231123999999999
 10
-12.383516
 20
8.231123999999999
 10
-12.383516
 20
9.33323
 10
-12.98397200000001
 20
9.33323
 10
-12.98397200000001
 20
8.689339999999999
  0
LWPOLYLINE
  5
34FD
330
2F74
100
AcDbEntity
  8
BG_NCROUTE_PATH
100
AcDbPolyline
 90
        6
 70
     0
 43
0.0254
 10
-11.713972
 20
8.689339999999999
 10
-11.713972
 20
8.231123999999999
 10
-11.113516
 20
8.231123999999999
 10
-11.113516
 20
9.33323
 10
-11.713972
 20
9.33323
 10
-11.713972
 20
8.689339999999999
  0
LWPOLYLINE
  5
34FE
330
2F74
100
AcDbEntity
  8
BG_NCROUTE_PATH
100
AcDbPolyline
 90
        6
 70
     0
 43
0.0254
 10
-10.443972
 20
8.689339999999999
 10
-10.443972
 20
8.231123999999999
 10
-9.843516000000008
 20
8.231123999999999
 10
-9.843516000000008
 20
9.33323
 10
-10.443972
 20
9.33323
 10
-10.443972
 20
8.689339999999999
  0
LWPOLYLINE
  5
34FF
330
2F74
100
AcDbEntity
  8
BG_NCROUTE_PATH
100
AcDbPolyline
 90
        6
 70
     0
 43
0.0254
 10
-10.443972
 20
6.962139999999999
 10
-10.443972
 20
6.503923999999999
 10
-9.843516000000008
 20
6.503923999999999
 10
-9.843516000000008
 20
7.60603
 10
-10.443972
 20
7.60603
 10
-10.443972
 20
6.962139999999999
  0
LWPOLYLINE
  5
3500
330
2F74
100
AcDbEntity
  8
BG_NCROUTE_PATH
100
AcDbPolyline
 90
        6
 70
     0
 43
0.0254
 10
-9.808972000000004
 20
8.689339999999999
 10
-9.808972000000004
 20
8.231123999999999
 10
-9.208516000000003
 20
8.231123999999999
 10
-9.208516000000003
 20
9.33323
 10
-9.808972000000004
 20
9.33323
 10
-9.808972000000004
 20
8.689339999999999
  0
LWPOLYLINE
  5
3501
330
2F74
100
AcDbEntity
  8
BG_NCROUTE_PATH
100
AcDbPolyline
 90
        6
 70
     0
 43
0.0254
 10
-12.348972
 20
8.689339999999999
 10
-12.348972
 20
8.231123999999999
 10
-11.74851600000001
 20
8.231123999999999
 10
-11.74851600000001
 20
9.33323
 10
-12.348972
 20
9.33323
 10
-12.348972
 20
8.689339999999999
  0
LWPOLYLINE
  5
3502
330
2F74
100
AcDbEntity
  8
BG_NCROUTE_PATH
100
AcDbPolyline
 90
        6
 70
     0
 43
0.0254
 10
-48.12233200000001
 20
25.41016
 10
-48.12233200000001
 20
25.868376
 10
-48.72278800000001
 20
25.868376
 10
-48.72278800000001
 20
24.76627000000001
 10
-48.12233200000001
 20
24.76627000000001
 10
-48.12233200000001
 20
25.41016
  0
LWPOLYLINE
  5
3503
330
2F74
100
AcDbEntity
  8
BG_NCROUTE_PATH
100
AcDbPolyline
 90
        6
 70
     0
 43
0.0254
 10
-4.590542000000006
 20
7.771129999999999
 10
-4.132326000000006
 20
7.771129999999999
 10
-4.132326000000006
 20
8.371586
 10
-5.234432000000005
 20
8.371586
 10
-5.234432000000005
 20
7.771129999999999
 10
-4.590542000000006
 20
7.771129999999999
  0
LWPOLYLINE
  5
3504
330
2F74
100
AcDbEntity
  8
BG_NCROUTE_PATH
100
AcDbPolyline
 90
        6
 70
     0
 43
0.0254
 10
-4.539742000000003
 20
6.39953
 10
-4.081526000000003
 20
6.39953
 10
-4.081526000000003
 20
6.999985999999999
 10
-5.183632000000002
 20
6.999985999999999
 10
-5.183632000000002
 20
6.39953
 10
-4.539742000000003
 20
6.39953
  0
LWPOLYLINE
  5
3505
330
2F74
100
AcDbEntity
  8
BG_NCROUTE_PATH
100
AcDbPolyline
 90
        6
 70
     0
 43
0.0254
 10
-11.078972
 20
8.689339999999999
 10
-11.078972
 20
8.231123999999999
 10
-10.478516
 20
8.231123999999999
 10
-10.478516
 20
9.33323
 10
-11.078972
 20
9.33323
 10
-11.078972
 20
8.689339999999999
  0
LWPOLYLINE
  5
3506
330
2F74
100
AcDbEntity
  8
BG_NCROUTE_PATH
100
AcDbPolyline
 90
        6
 70
     0
 43
0.0254
 10
-45.049186
 20
6.96976
 10
-45.048932
 20
7.427975999999999
 10
-45.649388
 20
7.428229999999999
 10
-45.649642
 20
6.32587
 10
-45.048932
 20
6.32587
 10
-45.049186
 20
6.96976
  0
LWPOLYLINE
  5
3507
330
2F74
100
AcDbEntity
  8
BG_NCROUTE_PATH
100
AcDbPolyline
 90
        6
 70
     0
 43
0.0254
 10
-47.334932
 20
6.96976
 10
-47.334932
 20
7.427975999999999
 10
-47.935388
 20
7.427975999999999
 10
-47.935388
 20
6.32587
 10
-47.334932
 20
6.32587
 10
-47.334932
 20
6.96976
  0
LWPOLYLINE
  5
3508
330
2F74
100
AcDbEntity
  8
BG_NCROUTE_PATH
100
AcDbPolyline
 90
        6
 70
     0
 43
0.0254
 10
-13.15034200000001
 20
22.17293
 10
-12.692126
 20
22.17293
 10
-12.692126
 20
22.773386
 10
-13.794232
 20
22.773386
 10
-13.794232
 20
22.17293
 10
-13.15034200000001
 20
22.17293
  0
LWPOLYLINE
  5
3509
330
2F74
100
AcDbEntity
  8
BG_NCROUTE_PATH
100
AcDbPolyline
 90
        6
 70
     0
 43
0.0254
 10
-8.654542000000006
 20
16.02613
 10
-8.196326000000006
 20
16.02613
 10
-8.196326000000006
 20
16.626586
 10
-9.298432000000005
 20
16.626586
 10
-9.298432000000005
 20
16.02613
 10
-8.654542000000006
 20
16.02613
  0
LWPOLYLINE
  5
350A
330
2F74
100
AcDbEntity
  8
BG_NCROUTE_PATH
100
AcDbPolyline
 90
        6
 70
     0
 43
0.0254
 10
-2.286762000000003
 20
17.41297
 10
-2.744978000000003
 20
17.41297
 10
-2.744978000000003
 20
16.812514
 10
-1.642871999999997
 20
16.812514
 10
-1.642871999999997
 20
17.41297
 10
-2.286762000000003
 20
17.41297
  0
LWPOLYLINE
  5
350B
330
2F74
100
AcDbEntity
  8
BG_NCROUTE_PATH
100
AcDbPolyline
 90
        6
 70
     0
 43
0.0254
 10
-2.159762
 20
19.77517
 10
-2.617978000000007
 20
19.77517
 10
-2.617978000000007
 20
19.174714
 10
-1.515872000000001
 20
19.174714
 10
-1.515872000000001
 20
19.77517
 10
-2.159762
 20
19.77517
  0
LWPOLYLINE
  5
350C
330
2F74
100
AcDbEntity
  8
BG_NCROUTE_PATH
100
AcDbPolyline
 90
        6
 70
     0
 43
0.0254
 10
-12.71854200000001
 20
18.79473
 10
-12.26032600000001
 20
18.79473
 10
-12.26032600000001
 20
19.395186
 10
-13.362432
 20
19.395186
 10
-13.362432
 20
18.79473
 10
-12.71854200000001
 20
18.79473
  0
LWPOLYLINE
  5
350D
330
2F74
100
AcDbEntity
  8
BG_NCROUTE_PATH
100
AcDbPolyline
 90
        6
 70
     0
 43
0.0254
 10
-12.903962
 20
20.07997
 10
-13.36217800000001
 20
20.07997
 10
-13.36217800000001
 20
19.479514
 10
-12.26007200000001
 20
19.479514
 10
-12.26007200000001
 20
20.07997
 10
-12.903962
 20
20.07997
  0
LWPOLYLINE
  5
350E
330
2F74
100
AcDbEntity
  8
BG_NCROUTE_PATH
100
AcDbPolyline
 90
        6
 70
     0
 43
0.0254
 10
-20.948142
 20
17.34693
 10
-20.489926
 20
17.34693
 10
-20.489926
 20
17.947386
 10
-21.592032
 20
17.947386
 10
-21.592032
 20
17.34693
 10
-20.948142
 20
17.34693
  0
LWPOLYLINE
  5
350F
330
2F74
100
AcDbEntity
  8
BG_NCROUTE_PATH
100
AcDbPolyline
 90
        6
 70
     0
 43
0.0254
 10
-24.184356
 20
14.981682
 10
-23.860506
 20
14.657578
 10
-23.435818
 20
15.082012
 10
-24.21509
 20
15.861538
 10
-24.63977800000001
 20
15.43685
 10
-24.184356
 20
14.981682
  0
LWPOLYLINE
  5
3510
330
2F74
100
AcDbEntity
  8
BG_NCROUTE_PATH
100
AcDbPolyline
 90
        6
 70
     0
 43
0.0254
 10
-21.067522
 20
10.342626
 10
-20.609306
 20
10.342626
 10
-20.609306
 20
10.943082
 10
-21.711412
 20
10.943082
 10
-21.711412
 20
10.342626
 10
-21.067522
 20
10.342626
  0
LWPOLYLINE
  5
3511
330
2F74
100
AcDbEntity
  8
BG_NCROUTE_PATH
100
AcDbPolyline
 90
        6
 70
     0
 43
0.0254
 10
-21.07514200000001
 20
11.14933
 10
-20.61692600000001
 20
11.14933
 10
-20.61692600000001
 20
11.749786
 10
-21.719032
 20
11.749786
 10
-21.719032
 20
11.14933
 10
-21.07514200000001
 20
11.14933
  0
LWPOLYLINE
  5
3512
330
2F74
100
AcDbEntity
  8
BG_NCROUTE_PATH
100
AcDbPolyline
 90
        6
 70
     0
 43
0.0254
 10
-22.88565400000001
 20
10.134854
 10
-23.34387
 20
10.135108
 10
-23.34387
 20
9.534651999999999
 10
-22.24176400000001
 20
9.534397999999999
 10
-22.24176400000001
 20
10.135108
 10
-22.88565400000001
 20
10.134854
  0
LWPOLYLINE
  5
3513
330
2F74
100
AcDbEntity
  8
BG_NCROUTE_PATH
100
AcDbPolyline
 90
        6
 70
     0
 43
0.0254
 10
-21.13356200000001
 20
17.28597
 10
-21.59177800000001
 20
17.28597
 10
-21.59177800000001
 20
16.685514
 10
-20.48967200000001
 20
16.685514
 10
-20.48967200000001
 20
17.28597
 10
-21.13356200000001
 20
17.28597
  0
LWPOLYLINE
  5
3514
330
2F74
100
AcDbEntity
  8
BG_NCROUTE_PATH
100
AcDbPolyline
 90
        6
 70
     0
 43
0.0254
 10
-21.13356200000001
 20
16.62557
 10
-21.59177800000001
 20
16.62557
 10
-21.59177800000001
 20
16.025114
 10
-20.48967200000001
 20
16.025114
 10
-20.48967200000001
 20
16.62557
 10
-21.13356200000001
 20
16.62557
  0
LWPOLYLINE
  5
3515
330
2F74
100
AcDbEntity
  8
BG_NCROUTE_PATH
100
AcDbPolyline
 90
        6
 70
     0
 43
0.0254
 10
-18.796762
 20
16.62557
 10
-19.25497800000001
 20
16.62557
 10
-19.25497800000001
 20
16.025114
 10
-18.152872
 20
16.025114
 10
-18.152872
 20
16.62557
 10
-18.796762
 20
16.62557
  0
LWPOLYLINE
  5
3516
330
2F74
100
AcDbEntity
  8
BG_NCROUTE_PATH
100
AcDbPolyline
 90
        6
 70
     0
 43
0.0254
 10
-21.463762
 20
15.68577
 10
-21.921978
 20
15.68577
 10
-21.921978
 20
15.085314
 10
-20.819872
 20
15.085314
 10
-20.819872
 20
15.68577
 10
-21.463762
 20
15.68577
  0
LWPOLYLINE
  5
3517
330
2F74
100
AcDbEntity
  8
BG_NCROUTE_PATH
100
AcDbPolyline
 90
        6
 70
     0
 43
0.0254
 10
-21.13356200000001
 20
18.60677
 10
-21.59177800000001
 20
18.60677
 10
-21.59177800000001
 20
18.006314
 10
-20.48967200000001
 20
18.006314
 10
-20.48967200000001
 20
18.60677
 10
-21.13356200000001
 20
18.60677
  0
LWPOLYLINE
  5
3518
330
2F74
100
AcDbEntity
  8
BG_NCROUTE_PATH
100
AcDbPolyline
 90
        6
 70
     0
 43
0.0254
 10
-22.860762
 20
15.38097
 10
-23.31897800000001
 20
15.38097
 10
-23.31897800000001
 20
14.780514
 10
-22.216872
 20
14.780514
 10
-22.216872
 20
15.38097
 10
-22.860762
 20
15.38097
  0
LWPOLYLINE
  5
3519
330
2F74
100
AcDbEntity
  8
BG_NCROUTE_PATH
100
AcDbPolyline
 90
        6
 70
     0
 43
0.0254
 10
-22.112732
 20
22.84476
 10
-22.112732
 20
23.302976
 10
-22.713188
 20
23.302976
 10
-22.713188
 20
22.20087
 10
-22.112732
 20
22.20087
 10
-22.112732
 20
22.84476
  0
LWPOLYLINE
  5
351A
330
2F74
100
AcDbEntity
  8
BG_NCROUTE_PATH
100
AcDbPolyline
 90
        6
 70
     0
 43
0.0254
 10
-24.093932
 20
22.84476
 10
-24.093932
 20
23.302976
 10
-24.69438800000001
 20
23.302976
 10
-24.69438800000001
 20
22.20087
 10
-24.093932
 20
22.20087
 10
-24.093932
 20
22.84476
  0
LWPOLYLINE
  5
351B
330
2F74
100
AcDbEntity
  8
BG_NCROUTE_PATH
100
AcDbPolyline
 90
        6
 70
     0
 43
0.0254
 10
-28.52877200000001
 20
11.86434
 10
-28.52877200000001
 20
11.406124
 10
-27.92831600000001
 20
11.406124
 10
-27.92831600000001
 20
12.50823
 10
-28.52877200000001
 20
12.50823
 10
-28.52877200000001
 20
11.86434
  0
LWPOLYLINE
  5
351C
330
2F74
100
AcDbEntity
  8
BG_NCROUTE_PATH
100
AcDbPolyline
 90
        6
 70
     0
 43
0.0254
 10
-31.729172
 20
15.11554
 10
-31.729172
 20
14.657324
 10
-31.128716
 20
14.657324
 10
-31.128716
 20
15.75943
 10
-31.729172
 20
15.75943
 10
-31.729172
 20
15.11554
  0
LWPOLYLINE
  5
351D
330
2F74
100
AcDbEntity
  8
BG_NCROUTE_PATH
100
AcDbPolyline
 90
        6
 70
     0
 43
0.0254
 10
-21.562314
 20
7.935214
 10
-21.10409800000001
 20
7.935214
 10
-21.10409800000001
 20
8.535669999999999
 10
-22.20620400000001
 20
8.535669999999999
 10
-22.20620400000001
 20
7.935214
 10
-21.562314
 20
7.935214
  0
LWPOLYLINE
  5
351E
330
2F74
100
AcDbEntity
  8
BG_NCROUTE_PATH
100
AcDbPolyline
 90
        6
 70
     0
 43
0.0254
 10
-24.732742
 20
6.78053
 10
-24.274526
 20
6.78053
 10
-24.274526
 20
7.380986
 10
-25.37663200000001
 20
7.380986
 10
-25.37663200000001
 20
6.78053
 10
-24.732742
 20
6.78053
  0
LWPOLYLINE
  5
351F
330
2F74
100
AcDbEntity
  8
BG_NCROUTE_PATH
100
AcDbPolyline
 90
        6
 70
     0
 43
0.0254
 10
-21.74773400000001
 20
9.234932
 10
-22.20595
 20
9.234932
 10
-22.20595
 20
8.634475999999999
 10
-21.103844
 20
8.634475999999999
 10
-21.103844
 20
9.234932
 10
-21.74773400000001
 20
9.234932
  0
LWPOLYLINE
  5
3520
330
2F74
100
AcDbEntity
  8
BG_NCROUTE_PATH
100
AcDbPolyline
 90
        6
 70
     0
 43
0.0254
 10
-24.410162
 20
8.370569999999998
 10
-24.86837800000001
 20
8.370569999999998
 10
-24.86837800000001
 20
7.770113999999999
 10
-23.76627200000001
 20
7.770113999999999
 10
-23.76627200000001
 20
8.370569999999998
 10
-24.410162
 20
8.370569999999998
  0
LWPOLYLINE
  5
3521
330
2F74
100
AcDbEntity
  8
BG_NCROUTE_PATH
100
AcDbPolyline
 90
        2
 70
     1
 43
0.0
 10
-42.868088
 20
21.55825
 42
1.0
 10
-43.460416
 20
21.55825
 42
1.0
  0
LWPOLYLINE
  5
3522
330
2F74
100
AcDbEntity
  8
BG_OUTLINE
100
AcDbPolyline
 90
       16
 70
     1
 43
0.0
 10
-54.594252
 20
27.346656
 10
-54.594252
 20
0.6809740000000005
 10
-54.594252
 20
-1.102105999999999
 42
0.41084
 10
-53.287422
 20
-2.393949999999999
 10
-51.21605200000001
 20
-2.393949999999999
 10
-2.315972000000002
 20
-2.393949999999999
 10
1.120902
 20
-2.393949999999999
 42
0.411966
 10
2.405633999999992
 20
-1.099311999999999
 10
2.405633999999992
 20
1.886204
 10
2.405633999999992
 20
28.812236
 10
2.405633999999992
 20
31.328106
 42
0.4104010000000001
 10
1.110995999999992
 20
32.60598
 10
-0.4447540000000032
 20
32.60598
 10
-45.696378
 20
32.60598
 10
-53.289708
 20
32.60598
 42
0.4103100000000001
 10
-54.594252
 20
31.28391
  0
TEXT
  5
3523
330
2F74
100
AcDbEntity
  8
BG_NCROUTE_PATH
100
AcDbText
 10
-5.210302000000005
 20
4.935982
 30
0.0
 40
0.8128
  1
B2
 41
1.000312
 71
     2
100
AcDbText
  0
TEXT
  5
3524
330
2F74
100
AcDbEntity
  8
BG_NCROUTE_PATH
100
AcDbText
 10
2.073147999999996
 20
2.40665
 30
0.0
 40
0.8128
  1
A1.0-001
 41
1.000312
 71
     2
100
AcDbText
  0
TEXT
  5
3525
330
2F74
100
AcDbEntity
  8
BG_NCROUTE_PATH
100
AcDbText
 10
-4.946142000000008
 20
-1.934717999999999
 30
0.0
 40
0.8128
  1
B1
 41
1.000312
 71
     2
100
AcDbText
  0
TEXT
  5
3526
330
2F74
100
AcDbEntity
  8
BG_NCROUTE_PATH
100
AcDbText
 10
-23.541482
 20
5.047741999999999
 30
0.0
 40
0.8128
  1
B70
 41
1.000312
 71
     2
100
AcDbText
  0
TEXT
  5
3527
330
2F74
100
AcDbEntity
  8
BG_NCROUTE_PATH
100
AcDbText
 10
-23.541482
 20
-2.010917999999999
 30
0.0
 40
0.8128
  1
B69
 41
1.000312
 71
     2
100
AcDbText
  0
TEXT
  5
3528
330
2F74
100
AcDbEntity
  8
BG_NCROUTE_PATH
100
AcDbText
 10
-26.40406200000001
 20
5.022342
 30
0.0
 40
0.8128
  1
A70
 41
1.000312
 71
     2
100
AcDbText
  0
TEXT
  5
3529
330
2F74
100
AcDbEntity
  8
BG_NCROUTE_PATH
100
AcDbText
 10
-26.36342200000001
 20
-2.003298
 30
0.0
 40
0.8128
  1
A69
 41
1.000312
 71
     2
100
AcDbText
  0
TEXT
  5
352A
330
2F74
100
AcDbEntity
  8
BG_NCROUTE_PATH
100
AcDbText
 10
-45.83506200000001
 20
4.900422
 30
0.0
 40
0.8128
  1
A2
 41
1.000312
 71
     2
100
AcDbText
  0
TEXT
  5
352B
330
2F74
100
AcDbEntity
  8
BG_NCROUTE_PATH
100
AcDbText
 10
-46.157642
 20
-1.886457999999999
 30
0.0
 40
0.8128
  1
A1
 41
1.000312
 71
     2
100
AcDbText
  0
TEXT
  5
352C
330
2F74
100
AcDbEntity
  8
BG_NCROUTE_PATH
100
AcDbText
 10
-4.763262000000004
 20
31.42310200000001
 30
0.0
 40
0.8128
  1
D2
 41
1.000312
 71
     2
100
AcDbText
  0
TEXT
  5
352D
330
2F74
100
AcDbEntity
  8
BG_NCROUTE_PATH
100
AcDbText
 10
-4.638802000000005
 20
24.758142
 30
0.0
 40
0.8128
  1
D1
 41
1.000312
 71
     2
100
AcDbText
  0
TEXT
  5
352E
330
2F74
100
AcDbEntity
  8
BG_NCROUTE_PATH
100
AcDbText
 10
-23.49830200000001
 20
31.456122
 30
0.0
 40
0.8128
  1
D70
 41
1.000312
 71
     2
100
AcDbText
  0
TEXT
  5
352F
330
2F74
100
AcDbEntity
  8
BG_NCROUTE_PATH
100
AcDbText
 10
-23.46274200000001
 20
24.486362
 30
0.0
 40
0.8128
  1
D69
 41
1.000312
 71
     2
100
AcDbText
  0
TEXT
  5
3530
330
2F74
100
AcDbEntity
  8
BG_NCROUTE_PATH
100
AcDbText
 10
-26.368502
 20
31.443422
 30
0.0
 40
0.8128
  1
C70
 41
1.000312
 71
     2
100
AcDbText
  0
TEXT
  5
3531
330
2F74
100
AcDbEntity
  8
BG_NCROUTE_PATH
100
AcDbText
 10
-26.44470200000001
 20
24.483822
 30
0.0
 40
0.8128
  1
C69
 41
1.000312
 71
     2
100
AcDbText
  0
TEXT
  5
3532
330
2F74
100
AcDbEntity
  8
BG_NCROUTE_PATH
100
AcDbText
 10
-46.190662
 20
31.430722
 30
0.0
 40
0.8128
  1
C2
 41
1.000312
 71
     2
100
AcDbText
  0
TEXT
  5
3533
330
2F74
100
AcDbEntity
  8
BG_NCROUTE_PATH
100
AcDbText
 10
-46.282102
 20
24.633682
 30
0.0
 40
0.8128
  1
C1
 41
1.000312
 71
     2
100
AcDbText
  0
TEXT
  5
3534
330
2F74
100
AcDbEntity
  8
BG_NCROUTE_PATH
100
AcDbText
 10
-33.550352
 20
5.97535
 30
0.0
 40
0.8128
  1
CON0A FEMALE
 41
1.000312
 71
     2
100
AcDbText
  0
TEXT
  5
3535
330
2F74
100
AcDbEntity
  8
BG_NCROUTE_PATH
100
AcDbText
 10
-11.985752
 20
5.97535
 30
0.0
 40
0.8128
  1
CON0B MALE
 41
1.000312
 71
     2
100
AcDbText
  0
TEXT
  5
3536
330
2F74
100
AcDbEntity
  8
BG_NCROUTE_PATH
100
AcDbText
 10
-33.49955200000001
 20
23.84425
 30
0.0
 40
0.8128
  1
CON0C FEMALE
 41
1.000312
 71
     2
100
AcDbText
  0
TEXT
  5
3537
330
2F74
100
AcDbEntity
  8
BG_NCROUTE_PATH
100
AcDbText
 10
-11.934952
 20
23.76805
 30
0.0
 40
0.8128
  1
CON0D MALE
 41
1.000312
 71
     2
100
AcDbText
  0
TEXT
  5
3538
330
2F74
100
AcDbEntity
  8
BG_NCROUTE_PATH
100
AcDbText
 10
-44.029122
 20
8.467597999999998
 30
0.0
 40
0.8128
  1
U5
 41
1.000312
 71
     2
100
AcDbText
  0
TEXT
  5
3539
330
2F74
100
AcDbEntity
  8
BG_NCROUTE_PATH
100
AcDbText
 10
-2.062988000000004
 20
8.523816666666666
 30
0.0
 40
0.635
  1
C103
 50
270.0
 41
1.04
 71
     2
 72
     1
 11
-2.062988000000004
 21
9.569449999999999
 31
0.0
100
AcDbText
  0
TEXT
  5
353A
330
2F74
100
AcDbEntity
  8
BG_NCROUTE_PATH
100
AcDbText
 10
0.5405119999999995
 20
16.96085
 30
0.0
 40
0.635
  1
C113
 50
270.0
 41
1.04
 71
     2
 72
     1
 11
0.5405119999999997
 21
17.95145
 31
0.0
100
AcDbText
  0
TEXT
  5
353B
330
2F74
100
AcDbEntity
  8
BG_NCROUTE_PATH
100
AcDbText
 10
-14.407388
 20
10.86485
 30
0.0
 40
0.635
  1
C121
 50
270.0
 41
1.04
 71
     2
 72
     1
 11
-14.407388
 21
11.85545
 31
0.0
100
AcDbText
  0
TEXT
  5
353C
330
2F74
100
AcDbEntity
  8
BG_NCROUTE_PATH
100
AcDbText
 10
-3.049185333333336
 20
13.180568
 30
0.0
 40
0.635
  1
C126
 41
1.04
 71
     2
 72
     1
 11
-4.149852000000002
 21
13.180568
 31
0.0
100
AcDbText
  0
TEXT
  5
353D
330
2F74
100
AcDbEntity
  8
BG_NCROUTE_PATH
100
AcDbText
 10
-15.321788
 20
10.67858333333333
 30
0.0
 40
0.635
  1
C134
 50
270.0
 41
1.04
 71
     2
 72
     1
 11
-15.321788
 21
11.77925
 31
0.0
100
AcDbText
  0
TEXT
  5
353E
330
2F74
100
AcDbEntity
  8
BG_NCROUTE_PATH
100
AcDbText
 10
-16.185388
 20
10.65318333333333
 30
0.0
 40
0.635
  1
C135
 50
270.0
 41
1.04
 71
     2
 72
     1
 11
-16.185388
 21
11.75385
 31
0.0
100
AcDbText
  0
TEXT
  5
353F
330
2F74
100
AcDbEntity
  8
BG_NCROUTE_PATH
100
AcDbText
 10
-5.004985333333334
 20
13.955014
 30
0.0
 40
0.635
  1
C17
 41
1.04
 71
     2
 72
     1
 11
-5.775452000000001
 21
13.955014
 31
0.0
100
AcDbText
  0
TEXT
  5
3540
330
2F74
100
AcDbEntity
  8
BG_NCROUTE_PATH
100
AcDbText
 10
-4.86951866666667
 20
14.767814
 30
0.0
 40
0.635
  1
C33
 41
1.04
 71
     2
 72
     1
 11
-5.750052000000003
 21
14.767814
 31
0.0
100
AcDbText
  0
TEXT
  5
3541
330
2F74
100
AcDbEntity
  8
BG_NCROUTE_PATH
100
AcDbText
 10
-5.682234000000008
 20
22.10858333333333
 30
0.0
 40
0.635
  1
C1
 50
270.0
 41
1.04
 71
     2
 72
     1
 11
-5.682234000000008
 21
22.54885
 31
0.0
100
AcDbText
  0
TEXT
  5
3542
330
2F74
100
AcDbEntity
  8
BG_NCROUTE_PATH
100
AcDbText
 10
-15.65926933333334
 20
18.998946
 30
0.0
 40
0.635
  1
C165
 41
1.04
 71
     2
 72
     1
 11
-16.75993600000001
 21
18.998946
 31
0.0
100
AcDbText
  0
TEXT
  5
3543
330
2F74
100
AcDbEntity
  8
BG_NCROUTE_PATH
100
AcDbText
 10
-13.518388
 20
10.82251666666666
 30
0.0
 40
0.635
  1
C62
 50
270.0
 41
1.04
 71
     2
 72
     1
 11
-13.518388
 21
11.70305
 31
0.0
100
AcDbText
  0
TEXT
  5
3544
330
2F74
100
AcDbEntity
  8
BG_NCROUTE_PATH
100
AcDbText
 10
-16.157194
 20
19.86186866666666
 30
0.0
 40
0.635
  1
C59
 50
270.0
 41
1.04
 71
     2
 72
     1
 11
-16.157194
 21
20.742402
 31
0.0
100
AcDbText
  0
TEXT
  5
3545
330
2F74
100
AcDbEntity
  8
BG_NCROUTE_PATH
100
AcDbText
 10
0.5278119999999972
 20
20.52066
 30
0.0
 40
0.635
  1
C40
 50
270.0
 41
1.04
 71
     2
 72
     1
 11
0.5278119999999973
 21
21.34616
 31
0.0
100
AcDbText
  0
TEXT
  5
3546
330
2F74
100
AcDbEntity
  8
BG_NCROUTE_PATH
100
AcDbText
 10
0.5133339999999932
 20
23.58500066666667
 30
0.0
 40
0.635
  1
C38
 50
270.0
 41
1.04
 71
     2
 72
     1
 11
0.5133339999999933
 21
24.465534
 31
0.0
100
AcDbText
  0
TEXT
  5
3547
330
2F74
100
AcDbEntity
  8
BG_NCROUTE_PATH
100
AcDbText
 10
-15.55419800000001
 20
15.90429466666666
 30
0.0
 40
0.635
  1
C24
 50
270.0
 41
1.04
 71
     2
 72
     1
 11
-15.55419800000001
 21
16.784828
 31
0.0
100
AcDbText
  0
TEXT
  5
3548
330
2F74
100
AcDbEntity
  8
BG_NCROUTE_PATH
100
AcDbText
 10
-0.5135880000000058
 20
9.103783333333332
 30
0.0
 40
0.635
  1
C13
 50
270.0
 41
1.04
 71
     2
 72
     1
 11
-0.5135880000000057
 21
9.874249999999999
 31
0.0
100
AcDbText
  0
TEXT
  5
3549
330
2F74
100
AcDbEntity
  8
BG_NCROUTE_PATH
100
AcDbText
 10
0.9475046666666628
 20
14.729714
 30
0.0
 40
0.635
  1
C12
 41
1.04
 71
     2
 72
     1
 11
0.177037999999996
 21
14.729714
 31
0.0
100
AcDbText
  0
TEXT
  5
354A
330
2F74
100
AcDbEntity
  8
BG_NCROUTE_PATH
100
AcDbText
 10
-11.397488
 20
14.65791666666667
 30
0.0
 40
0.635
  1
C75
 50
270.0
 41
1.04
 71
     2
 72
     1
 11
-11.397488
 21
15.53845
 31
0.0
100
AcDbText
  0
TEXT
  5
354B
330
2F74
100
AcDbEntity
  8
BG_NCROUTE_PATH
100
AcDbText
 10
-13.83411
 20
15.027402
 30
0.0
 40
0.635
  1
D1
 50
270.0
 41
1.04
 71
     2
100
AcDbText
  0
TEXT
  5
354C
330
2F74
100
AcDbEntity
  8
BG_NCROUTE_PATH
100
AcDbText
 10
-53.307234
 20
21.77838333333333
 30
0.0
 40
0.635
  1
L15
 50
270.0
 41
1.04
 71
     2
 72
     1
 11
-53.307234
 21
22.54885
 31
0.0
100
AcDbText
  0
TEXT
  5
354D
330
2F74
100
AcDbEntity
  8
BG_NCROUTE_PATH
100
AcDbText
 10
-17.23931866666667
 20
13.320014
 30
0.0
 40
0.635
  1
R32
 41
1.04
 71
     2
 72
     1
 11
-18.119852
 21
13.320014
 31
0.0
100
AcDbText
  0
TEXT
  5
354E
330
2F74
100
AcDbEntity
  8
BG_NCROUTE_PATH
100
AcDbText
 10
-17.21391866666667
 20
14.488414
 30
0.0
 40
0.635
  1
R33
 41
1.04
 71
     2
 72
     1
 11
-18.094452
 21
14.488414
 31
0.0
100
AcDbText
  0
TEXT
  5
354F
330
2F74
100
AcDbEntity
  8
BG_NCROUTE_PATH
100
AcDbText
 10
-52.028852
 20
27.468068
 30
0.0
 40
0.635
  1
Q3
 41
1.04
 71
     2
100
AcDbText
  0
TEXT
  5
3550
330
2F74
100
AcDbEntity
  8
BG_NCROUTE_PATH
100
AcDbText
 10
1.082547999999995
 20
6.995667999999998
 30
0.0
 40
0.635
  1
C305
 41
1.04
 71
     2
100
AcDbText
  0
TEXT
  5
3551
330
2F74
100
AcDbEntity
  8
BG_NCROUTE_PATH
100
AcDbText
 10
-53.231034
 20
18.86585
 30
0.0
 40
0.635
  1
C214
 50
270.0
 41
1.04
 71
     2
100
AcDbText
  0
TEXT
  5
3552
330
2F74
100
AcDbEntity
  8
BG_NCROUTE_PATH
100
AcDbText
 10
-7.781798000000009
 20
13.879068
 30
0.0
 40
0.635
  1
C61
 41
1.04
 71
     2
100
AcDbText
  0
TEXT
  5
3553
330
2F74
100
AcDbEntity
  8
BG_NCROUTE_PATH
100
AcDbText
 10
-4.785105999999998
 20
15.580614
 30
0.0
 40
0.635
  1
C69
 41
1.04
 71
     2
100
AcDbText
  0
TEXT
  5
3554
330
2F74
100
AcDbEntity
  8
BG_NCROUTE_PATH
100
AcDbText
 10
-4.759706000000001
 20
17.130014
 30
0.0
 40
0.635
  1
C73
 41
1.04
 71
     2
100
AcDbText
  0
TEXT
  5
3555
330
2F74
100
AcDbEntity
  8
BG_NCROUTE_PATH
100
AcDbText
 10
-7.968234000000002
 20
21.81352
 30
0.0
 40
0.635
  1
C2
 50
270.0
 41
1.04
 71
     2
100
AcDbText
  0
TEXT
  5
3556
330
2F74
100
AcDbEntity
  8
BG_NCROUTE_PATH
100
AcDbText
 10
-47.863252
 20
16.393668
 30
0.0
 40
0.635
  1
C225
 41
1.04
 71
     2
100
AcDbText
  0
TEXT
  5
3557
330
2F74
100
AcDbEntity
  8
BG_NCROUTE_PATH
100
AcDbText
 10
1.107947999999993
 20
6.182867999999999
 30
0.0
 40
0.635
  1
C301
 41
1.04
 71
     2
100
AcDbText
  0
TEXT
  5
3558
330
2F74
100
AcDbEntity
  8
BG_NCROUTE_PATH
100
AcDbText
 10
1.133601999999996
 20
5.293867999999999
 30
0.0
 40
0.635
  1
C302
 41
1.04
 71
     2
100
AcDbText
  0
TEXT
  5
3559
330
2F74
100
AcDbEntity
  8
BG_NCROUTE_PATH
100
AcDbText
 10
-10.573004
 20
13.581888
 30
0.0
 40
0.635
  1
C29
 41
1.04
 71
     2
100
AcDbText
  0
TEXT
  5
355A
330
2F74
100
AcDbEntity
  8
BG_NCROUTE_PATH
100
AcDbText
 10
-4.734306000000003
 20
16.342614
 30
0.0
 40
0.635
  1
C67
 41
1.04
 71
     2
100
AcDbText
  0
TEXT
  5
355B
330
2F74
100
AcDbEntity
  8
BG_NCROUTE_PATH
100
AcDbText
 10
-9.949688000000001
 20
16.834104
 30
0.0
 40
0.635
  1
C82
 50
270.0
 41
1.04
 71
     2
100
AcDbText
  0
TEXT
  5
355C
330
2F74
100
AcDbEntity
  8
BG_NCROUTE_PATH
100
AcDbText
 10
-53.358288
 20
12.21105
 30
0.0
 40
0.635
  1
C216
 50
270.0
 41
1.04
 71
     2
100
AcDbText
  0
TEXT
  5
355D
330
2F74
100
AcDbEntity
  8
BG_NCROUTE_PATH
100
AcDbText
 10
-48.775366
 20
12.059666
 30
0.0
 40
0.635
  1
C218
 50
270.0
 41
1.04
 71
     2
100
AcDbText
  0
TEXT
  5
355E
330
2F74
100
AcDbEntity
  8
BG_NCROUTE_PATH
100
AcDbText
 10
-52.851304
 20
15.094712
 30
0.0
 40
0.635
  1
C229
 50
270.0
 41
1.04
 71
     2
100
AcDbText
  0
TEXT
  5
355F
330
2F74
100
AcDbEntity
  8
BG_NCROUTE_PATH
100
AcDbText
 10
-53.430424
 20
8.541511999999999
 30
0.0
 40
0.635
  1
C242
 50
270.0
 41
1.04
 71
     2
100
AcDbText
  0
TEXT
  5
3560
330
2F74
100
AcDbEntity
  8
BG_NCROUTE_PATH
100
AcDbText
 10
-49.695354
 20
12.107418
 30
0.0
 40
0.635
  1
C243
 50
270.0
 41
1.04
 71
     2
100
AcDbText
  0
TEXT
  5
3561
330
2F74
100
AcDbEntity
  8
BG_NCROUTE_PATH
100
AcDbText
 10
-50.681128
 20
7.070344
 30
0.0
 40
0.635
  1
C252
 50
270.0
 41
1.04
 71
     2
100
AcDbText
  0
TEXT
  5
3562
330
2F74
100
AcDbEntity
  8
BG_NCROUTE_PATH
100
AcDbText
 10
-17.899634
 20
7.81685
 30
0.0
 40
0.635
  1
R140
 50
270.0
 41
1.04
 71
     2
100
AcDbText
  0
TEXT
  5
3563
330
2F74
100
AcDbEntity
  8
BG_NCROUTE_PATH
100
AcDbText
 10
-16.375634
 20
7.842249999999999
 30
0.0
 40
0.635
  1
R139
 50
270.0
 41
1.04
 71
     2
100
AcDbText
  0
TEXT
  5
3564
330
2F74
100
AcDbEntity
  8
BG_NCROUTE_PATH
100
AcDbText
 10
-14.699234
 20
7.81685
 30
0.0
 40
0.635
  1
R138
 50
270.0
 41
1.04
 71
     2
100
AcDbText
  0
TEXT
  5
3565
330
2F74
100
AcDbEntity
  8
BG_NCROUTE_PATH
100
AcDbText
 10
-13.835634
 20
7.842249999999999
 30
0.0
 40
0.635
  1
R136
 50
270.0
 41
1.04
 71
     2
100
AcDbText
  0
TEXT
  5
3566
330
2F74
100
AcDbEntity
  8
BG_NCROUTE_PATH
100
AcDbText
 10
-17.137634
 20
7.842249999999999
 30
0.0
 40
0.635
  1
R135
 50
270.0
 41
1.04
 71
     2
100
AcDbText
  0
TEXT
  5
3567
330
2F74
100
AcDbEntity
  8
BG_NCROUTE_PATH
100
AcDbText
 10
-15.562834
 20
7.81685
 30
0.0
 40
0.635
  1
R118
 50
270.0
 41
1.04
 71
     2
100
AcDbText
  0
TEXT
  5
3568
330
2F74
100
AcDbEntity
  8
BG_NCROUTE_PATH
100
AcDbText
 10
-7.781798000000009
 20
14.666468
 30
0.0
 40
0.635
  1
R12
 41
1.04
 71
     2
100
AcDbText
  0
TEXT
  5
3569
330
2F74
100
AcDbEntity
  8
BG_NCROUTE_PATH
100
AcDbText
 10
-20.43252200000001
 20
20.454366
 30
0.0
 40
0.635
  1
R42
 41
1.04
 71
     2
100
AcDbText
  0
TEXT
  5
356A
330
2F74
100
AcDbEntity
  8
BG_NCROUTE_PATH
100
AcDbText
 10
-20.40763
 20
19.640042
 30
0.0
 40
0.635
  1
R29
 41
1.04
 71
     2
100
AcDbText
  0
TEXT
  5
356B
330
2F74
100
AcDbEntity
  8
BG_NCROUTE_PATH
100
AcDbText
 10
-20.40763
 20
18.79574599999999
 30
0.0
 40
0.635
  1
R30
 41
1.04
 71
     2
100
AcDbText
  0
TEXT
  5
356C
330
2F74
100
AcDbEntity
  8
BG_NCROUTE_PATH
100
AcDbText
 10
-18.136616
 20
16.730218
 30
0.0
 40
0.635
  1
R34
 41
1.04
 71
     2
100
AcDbText
  0
TEXT
  5
356D
330
2F74
100
AcDbEntity
  8
BG_NCROUTE_PATH
100
AcDbText
 10
-20.22119400000001
 20
14.314424
 30
0.0
 40
0.635
  1
R35
 41
1.04
 71
     2
100
AcDbText
  0
TEXT
  5
356E
330
2F74
100
AcDbEntity
  8
BG_NCROUTE_PATH
100
AcDbText
 10
-20.437094
 20
21.303996
 30
0.0
 40
0.635
  1
R39
 41
1.04
 71
     2
100
AcDbText
  0
ENDBLK
  5
2F76
330
2F74
100
AcDbEntity
  8
0
100
AcDbBlockEnd
  0
ENDSEC
  0
SECTION
  2
ENTITIES
  0
INSERT
  5
356F
330
6F
100
AcDbEntity
  8
0
  6
Continuous
100
AcDbBlockReference
  2
AAA
 10
54.594252
 20
2.393949999999999
 30
0.0
 41
-1.0
  0
ENDSEC
  0
SECTION
  2
OBJECTS
  0
DICTIONARY
  5
C
330
0
100
AcDbDictionary
281
     1
  3
ACAD_CIP_PREVIOUS_PRODUCT_INFO
350
2F11
  3
ACAD_COLOR
350
62
  3
ACAD_DETAILVIEWSTYLE
350
69
  3
ACAD_GROUP
350
D
  3
ACAD_LAYOUT
350
61
  3
ACAD_MATERIAL
350
10
  3
ACAD_MLEADERSTYLE
350
65
  3
ACAD_MLINESTYLE
350
5E
  3
ACAD_PLOTSETTINGS
350
60
  3
ACAD_PLOTSTYLENAME
350
E
  3
ACAD_SCALELIST
350
42
  3
ACAD_SECTIONVIEWSTYLE
350
67
  3
ACAD_TABLESTYLE
350
63
  3
ACAD_VISUALSTYLE
350
29
  3
ACDB_RECOMPOSE_DATA
350
3BBB
  3
AcDbVariableDictionary
350
3BAF
  3
NB_var
350
2F12
  0
DICTIONARY
  5
2F26
330
54
100
AcDbDictionary
280
     1
281
     1
  3
ADSK_XREC_LAYER_RECONCILED
360
2F27
  0
DICTIONARY
  5
2F28
330
73
100
AcDbDictionary
280
     1
281
     1
  3
ADSK_XREC_LAYER_RECONCILED
360
2F29
  0
DICTIONARY
  5
2F2A
330
74
100
AcDbDictionary
280
     1
281
     1
  3
ADSK_XREC_LAYER_RECONCILED
360
2F2B
  0
DICTIONARY
  5
2F2C
330
75
100
AcDbDictionary
280
     1
281
     1
  3
ADSK_XREC_LAYER_RECONCILED
360
2F2D
  0
XRECORD
  5
2F11
102
{ACAD_REACTORS
330
C
102
}
330
C
100
AcDbXrecord
280
     1
300
ACD
300
2021
300

  0
DICTIONARY
  5
62
102
{ACAD_REACTORS
330
C
102
}
330
C
100
AcDbDictionary
281
     1
  0
DICTIONARY
  5
69
102
{ACAD_REACTORS
330
C
102
}
330
C
100
AcDbDictionary
281
     1
  3
Imperial24
350
6A
  0
DICTIONARY
  5
D
102
{ACAD_REACTORS
330
C
102
}
330
C
100
AcDbDictionary
281
     1
  0
DICTIONARY
  5
61
102
{ACAD_REACTORS
330
C
102
}
330
C
100
AcDbDictionary
281
     1
  3
Model
350
72
  3
布局1
350
6E
  0
DICTIONARY
  5
10
102
{ACAD_REACTORS
330
C
102
}
330
C
100
AcDbDictionary
281
     1
  3
ByBlock
350
19
  3
ByLayer
350
11
  3
Global
350
21
  0
DICTIONARY
  5
65
102
{ACAD_REACTORS
330
C
102
}
330
C
100
AcDbDictionary
281
     1
  3
Standard
350
66
  0
DICTIONARY
  5
5E
102
{ACAD_REACTORS
330
C
102
}
330
C
100
AcDbDictionary
281
     1
  3
Standard
350
5F
  0
DICTIONARY
  5
60
102
{ACAD_REACTORS
330
C
102
}
330
C
100
AcDbDictionary
281
     1
  0
ACDBDICTIONARYWDFLT
  5
E
102
{ACAD_REACTORS
330
C
102
}
330
C
100
AcDbDictionary
281
     1
  3
Normal
350
F
100
AcDbDictionaryWithDefault
340
F
  0
DICTIONARY
  5
42
102
{ACAD_REACTORS
330
C
102
}
330
C
100
AcDbDictionary
281
     1
  3
A0
350
43
  3
A1
350
44
  3
A2
350
45
  3
A3
350
46
  3
A4
350
47
  3
A5
350
48
  3
A6
350
49
  3
A7
350
4A
  3
A8
350
4B
  3
A9
350
4C
  3
B0
350
4D
  3
B1
350
4E
  3
B2
350
4F
  3
B3
350
50
  3
B4
350
51
  3
B5
350
52
  3
B6
350
53
  0
DICTIONARY
  5
67
102
{ACAD_REACTORS
330
C
102
}
330
C
100
AcDbDictionary
281
     1
  3
Imperial24
350
68
  0
DICTIONARY
  5
63
102
{ACAD_REACTORS
330
C
102
}
330
C
100
AcDbDictionary
281
     1
  3
Standard
350
64
  0
DICTIONARY
  5
29
102
{ACAD_REACTORS
330
C
102
}
330
C
100
AcDbDictionary
281
     1
  3
2dWireframe
350
2F
  3
Basic
350
2E
  3
Brighten
350
35
  3
ColorChange
350
39
  3
Conceptual
350
32
  3
Dim
350
34
  3
EdgeColorOff
350
41
  3
Facepattern
350
38
  3
Flat
350
2A
  3
FlatWithEdges
350
2B
  3
Gouraud
350
2C
  3
GouraudWithEdges
350
2D
  3
Hidden
350
31
  3
JitterOff
350
3F
  3
Linepattern
350
37
  3
OverhangOff
350
40
  3
Realistic
350
33
  3
Shaded
350
3E
  3
Shaded with edges
350
3D
  3
Shades of Gray
350
3A
  3
Sketchy
350
3B
  3
Thicken
350
36
  3
Wireframe
350
30
  3
X-Ray
350
3C
  0
XRECORD
  5
3BBB
102
{ACAD_REACTORS
330
C
102
}
330
C
100
AcDbXrecord
280
     1
 90
        1
330
64
  0
DICTIONARY
  5
3BAF
102
{ACAD_REACTORS
330
C
102
}
330
C
100
AcDbDictionary
281
     1
  3
CANNOSCALE
350
3BB5
  3
CMLEADERSTYLE
350
3BB1
  3
CTABLESTYLE
350
3BB0
  3
CVIEWDETAILSTYLE
350
3BB2
  3
CVIEWSECTIONSTYLE
350
3BB3
  3
LAYEREVAL
350
3BB7
  3
LAYERNOTIFY
350
3BB8
  3
LIGHTINGUNITS
350
3BB6
  3
MSLTSCALE
350
3BB4
  0
DICTIONARY
  5
2F12
102
{ACAD_REACTORS
330
C
102
}
330
C
100
AcDbDictionary
281
     1
  3
DimZB_ang
350
2F17
  3
Dimzb_tsize
350
2F15
  3
Dimzb_xs
350
2F16
  3
NB_bzhome
350
2F14
  3
NB_DimZB_AutoOrie
350
2F25
  3
NB_DimZB_BH
350
2F23
  3
NB_DimZB_BHEnd
350
2F24
  3
NB_DimZB_BHHome
350
2F22
  3
NB_DimZB_CFG
350
2F19
  3
NB_DimZB_clayer
350
2F1A
  3
NB_DimZB_mode_LR
350
2F21
  3
NB_DimZB_pointsize
350
2F1D
  3
NB_DimZB_pointstyle
350
2F1C
  3
NB_Dimzb_sc
350
2F13
  3
NB_DimZB_Textstyle
350
2F1B
  3
NB_DimZB_UCS
350
2F1E
  3
NB_DimZB_UCS_ang
350
2F20
  3
NB_DimZB_UCS_pt0
350
2F1F
  3
NB_PICKSTYLE
350
2F18
  0
XRECORD
  5
2F27
102
{ACAD_REACTORS
330
2F26
102
}
330
2F26
100
AcDbXrecord
280
     1
290
     1
  0
XRECORD
  5
2F29
102
{ACAD_REACTORS
330
2F28
102
}
330
2F28
100
AcDbXrecord
280
     1
290
     1
  0
XRECORD
  5
2F2B
102
{ACAD_REACTORS
330
2F2A
102
}
330
2F2A
100
AcDbXrecord
280
     1
290
     1
  0
XRECORD
  5
2F2D
102
{ACAD_REACTORS
330
2F2C
102
}
330
2F2C
100
AcDbXrecord
280
     1
290
     1
  0
ACDBDETAILVIEWSTYLE
  5
6A
102
{ACAD_XDICTIONARY
360
3BEE
102
}
102
{ACAD_REACTORS
330
69
102
}
330
69
100
AcDbModelDocViewStyle
 70
     0
  3
Imperial24
290
     0
100
AcDbDetailViewStyle
 70
     0
 71
     0
 90
        3
 71
     1
340
55
 62
   256
 40
0.24
340
0
 62
   256
 40
0.24
300

 40
0.36
280
     3
 71
     2
340
5C
 90
       25
 62
   256
 71
     3
340
55
 62
   256
 40
0.24
 90
        1
 40
0.75
 90
        1
300
%<\AcVar ViewType \f "%tc1">% %<\AcVar ViewDetailId>%\PSCALE %<\AcVar ViewScale \f "%sn">%
 71
     4
340
5C
 90
       25
 62
   256
340
5C
 90
       25
 62
   256
280
     0
  0
LAYOUT
  5
72
102
{ACAD_REACTORS
330
61
102
}
330
61
100
AcDbPlotSettings
  1

  2
pdfFactory Pro
  4

  6

 40
0.0
 41
0.0
 42
0.0
 43
0.0
 44
0.0
 45
0.0
 46
0.0
 47
0.0
 48
0.0
 49
0.0
140
0.0
141
0.0
142
1.0
143
1.0
 70
  1712
 72
     0
 73
     0
 74
     0
  7

 75
     0
147
1.0
 76
     0
 77
     2
 78
   300
148
0.0
149
0.0
100
AcDbLayout
  1
Model
 70
     1
 71
     0
 10
0.0
 20
0.0
 11
12.0
 21
9.0
 12
0.0
 22
0.0
 32
0.0
 14
0.0
 24
0.0
 34
0.0
 15
0.0
 25
0.0
 35
0.0
146
0.0
 13
0.0
 23
0.0
 33
0.0
 16
1.0
 26
0.0
 36
0.0
 17
0.0
 27
1.0
 37
0.0
 76
     0
330
6F
331
77
  0
LAYOUT
  5
6E
102
{ACAD_REACTORS
330
61
102
}
330
61
100
AcDbPlotSettings
  1

  2
pdfFactory Pro
  4

  6

 40
0.0
 41
0.0
 42
0.0
 43
0.0
 44
0.0
 45
0.0
 46
0.0
 47
0.0
 48
0.0
 49
0.0
140
0.0
141
0.0
142
1.0
143
1.0
 70
   688
 72
     0
 73
     0
 74
     5
  7

 75
    16
147
1.0
 76
     0
 77
     2
 78
   300
148
0.0
149
0.0
100
AcDbLayout
  1
布局1
 70
     1
 71
     1
 10
0.0
 20
0.0
 11
12.0
 21
9.0
 12
0.0
 22
0.0
 32
0.0
 14
1.000000000000000E+20
 24
1.000000000000000E+20
 34
1.000000000000000E+20
 15
-1.000000000000000E+20
 25
-1.000000000000000E+20
 35
-1.000000000000000E+20
146
0.0
 13
0.0
 23
0.0
 33
0.0
 16
1.0
 26
0.0
 36
0.0
 17
0.0
 27
1.0
 37
0.0
 76
     0
330
6B
  0
MATERIAL
  5
19
102
{ACAD_XDICTIONARY
360
1A
102
}
102
{ACAD_REACTORS
330
10
102
}
330
10
100
AcDbMaterial
  1
ByBlock
 72
     0
 43
0.0208333333333333
 43
0.0
 43
0.0
 43
0.0
 43
0.0
 43
0.0208333333333333
 43
0.0
 43
0.0
 43
0.0
 43
0.0
 43
1.0
 43
0.0
 43
0.0
 43
0.0
 43
0.0
 43
1.0
 77
     0
 47
0.0208333333333333
 47
0.0
 47
0.0
 47
0.0
 47
0.0
 47
0.0208333333333333
 47
0.0
 47
0.0
 47
0.0
 47
0.0
 47
1.0
 47
0.0
 47
0.0
 47
0.0
 47
0.0
 47
1.0
171
     0
 49
0.0208333333333333
 49
0.0
 49
0.0
 49
0.0
 49
0.0
 49
0.0208333333333333
 49
0.0
 49
0.0
 49
0.0
 49
0.0
 49
1.0
 49
0.0
 49
0.0
 49
0.0
 49
0.0
 49
1.0
175
     0
142
0.0208333333333333
142
0.0
142
0.0
142
0.0
142
0.0
142
0.0208333333333333
142
0.0
142
0.0
142
0.0
142
0.0
142
1.0
142
0.0
142
0.0
142
0.0
142
0.0
142
1.0
179
     0
144
0.0208333333333333
144
0.0
144
0.0
144
0.0
144
0.0
144
0.0208333333333333
144
0.0
144
0.0
144
0.0
144
0.0
144
1.0
144
0.0
144
0.0
144
0.0
144
0.0
144
1.0
147
0.0208333333333333
147
0.0
147
0.0
147
0.0
147
0.0
147
0.0208333333333333
147
0.0
147
0.0
147
0.0
147
0.0
147
1.0
147
0.0
147
0.0
147
0.0
147
0.0
147
1.0
  0
MATERIAL
  5
11
102
{ACAD_XDICTIONARY
360
12
102
}
102
{ACAD_REACTORS
330
10
102
}
330
10
100
AcDbMaterial
  1
ByLayer
 72
     0
 43
0.0208333333333333
 43
0.0
 43
0.0
 43
0.0
 43
0.0
 43
0.0208333333333333
 43
0.0
 43
0.0
 43
0.0
 43
0.0
 43
1.0
 43
0.0
 43
0.0
 43
0.0
 43
0.0
 43
1.0
 77
     0
 47
0.0208333333333333
 47
0.0
 47
0.0
 47
0.0
 47
0.0
 47
0.0208333333333333
 47
0.0
 47
0.0
 47
0.0
 47
0.0
 47
1.0
 47
0.0
 47
0.0
 47
0.0
 47
0.0
 47
1.0
171
     0
 49
0.0208333333333333
 49
0.0
 49
0.0
 49
0.0
 49
0.0
 49
0.0208333333333333
 49
0.0
 49
0.0
 49
0.0
 49
0.0
 49
1.0
 49
0.0
 49
0.0
 49
0.0
 49
0.0
 49
1.0
175
     0
142
0.0208333333333333
142
0.0
142
0.0
142
0.0
142
0.0
142
0.0208333333333333
142
0.0
142
0.0
142
0.0
142
0.0
142
1.0
142
0.0
142
0.0
142
0.0
142
0.0
142
1.0
179
     0
144
0.0208333333333333
144
0.0
144
0.0
144
0.0
144
0.0
144
0.0208333333333333
144
0.0
144
0.0
144
0.0
144
0.0
144
1.0
144
0.0
144
0.0
144
0.0
144
0.0
144
1.0
147
0.0208333333333333
147
0.0
147
0.0
147
0.0
147
0.0
147
0.0208333333333333
147
0.0
147
0.0
147
0.0
147
0.0
147
1.0
147
0.0
147
0.0
147
0.0
147
0.0
147
1.0
  0
MATERIAL
  5
21
102
{ACAD_XDICTIONARY
360
22
102
}
102
{ACAD_REACTORS
330
10
102
}
330
10
100
AcDbMaterial
  1
Global
 72
     0
 43
0.0208333333333333
 43
0.0
 43
0.0
 43
0.0
 43
0.0
 43
0.0208333333333333
 43
0.0
 43
0.0
 43
0.0
 43
0.0
 43
1.0
 43
0.0
 43
0.0
 43
0.0
 43
0.0
 43
1.0
 77
     0
 47
0.0208333333333333
 47
0.0
 47
0.0
 47
0.0
 47
0.0
 47
0.0208333333333333
 47
0.0
 47
0.0
 47
0.0
 47
0.0
 47
1.0
 47
0.0
 47
0.0
 47
0.0
 47
0.0
 47
1.0
171
     0
 49
0.0208333333333333
 49
0.0
 49
0.0
 49
0.0
 49
0.0
 49
0.0208333333333333
 49
0.0
 49
0.0
 49
0.0
 49
0.0
 49
1.0
 49
0.0
 49
0.0
 49
0.0
 49
0.0
 49
1.0
175
     0
142
0.0208333333333333
142
0.0
142
0.0
142
0.0
142
0.0
142
0.0208333333333333
142
0.0
142
0.0
142
0.0
142
0.0
142
1.0
142
0.0
142
0.0
142
0.0
142
0.0
142
1.0
179
     0
144
0.0208333333333333
144
0.0
144
0.0
144
0.0
144
0.0
144
0.0208333333333333
144
0.0
144
0.0
144
0.0
144
0.0
144
1.0
144
0.0
144
0.0
144
0.0
144
0.0
144
1.0
147
0.0208333333333333
147
0.0
147
0.0
147
0.0
147
0.0
147
0.0208333333333333
147
0.0
147
0.0
147
0.0
147
0.0
147
1.0
147
0.0
147
0.0
147
0.0
147
0.0
147
1.0
  0
MLEADERSTYLE
  5
66
102
{ACAD_REACTORS
330
65
102
}
330
65
100
AcDbMLeaderStyle
179
     2
170
     2
171
     1
172
     0
 90
        2
 40
0.0
 41
0.0
173
     1
 91
-1056964608
340
5A
 92
       -2
290
     1
 42
0.09
291
     1
 43
0.36
  3
Standard
 44
0.18
300

342
55
174
     1
178
     6
175
     1
176
     0
 93
-1056964608
 45
0.18
292
     0
297
     0
 46
0.18
 94
-1056964608
 47
1.0
 49
1.0
140
1.0
293
     1
141
0.0
294
     1
177
     0
142
1.0
295
     0
296
     0
143
0.125
271
     0
272
     9
273
     9
  0
MLINESTYLE
  5
5F
102
{ACAD_REACTORS
330
5E
102
}
330
5E
100
AcDbMlineStyle
  2
STANDARD
 70
     0
  3

 62
   256
 51
90.0
 52
90.0
 71
     2
 49
0.5
 62
   256
  6
BYLAYER
 49
-0.5
 62
   256
  6
BYLAYER
  0
ACDBPLACEHOLDER
  5
F
102
{ACAD_REACTORS
330
E
102
}
330
E
  0
SCALE
  5
43
102
{ACAD_REACTORS
330
42
102
}
330
42
100
AcDbScale
 70
     0
300
1:1
140
1.0
141
1.0
290
     1
  0
SCALE
  5
44
102
{ACAD_REACTORS
330
42
102
}
330
42
100
AcDbScale
 70
     0
300
1/128" = 1'-0"
140
0.0078125
141
12.0
290
     0
  0
SCALE
  5
45
102
{ACAD_REACTORS
330
42
102
}
330
42
100
AcDbScale
 70
     0
300
1/64" = 1'-0"
140
0.015625
141
12.0
290
     0
  0
SCALE
  5
46
102
{ACAD_REACTORS
330
42
102
}
330
42
100
AcDbScale
 70
     0
300
1/32" = 1'-0"
140
0.03125
141
12.0
290
     0
  0
SCALE
  5
47
102
{ACAD_REACTORS
330
42
102
}
330
42
100
AcDbScale
 70
     0
300
1/16" = 1'-0"
140
0.0625
141
12.0
290
     0
  0
SCALE
  5
48
102
{ACAD_REACTORS
330
42
102
}
330
42
100
AcDbScale
 70
     0
300
3/32" = 1'-0"
140
0.09375
141
12.0
290
     0
  0
SCALE
  5
49
102
{ACAD_REACTORS
330
42
102
}
330
42
100
AcDbScale
 70
     0
300
1/8" = 1'-0"
140
0.125
141
12.0
290
     0
  0
SCALE
  5
4A
102
{ACAD_REACTORS
330
42
102
}
330
42
100
AcDbScale
 70
     0
300
3/16" = 1'-0"
140
0.1875
141
12.0
290
     0
  0
SCALE
  5
4B
102
{ACAD_REACTORS
330
42
102
}
330
42
100
AcDbScale
 70
     0
300
1/4" = 1'-0"
140
0.25
141
12.0
290
     0
  0
SCALE
  5
4C
102
{ACAD_REACTORS
330
42
102
}
330
42
100
AcDbScale
 70
     0
300
3/8" = 1'-0"
140
0.375
141
12.0
290
     0
  0
SCALE
  5
4D
102
{ACAD_REACTORS
330
42
102
}
330
42
100
AcDbScale
 70
     0
300
1/2" = 1'-0"
140
0.5
141
12.0
290
     0
  0
SCALE
  5
4E
102
{ACAD_REACTORS
330
42
102
}
330
42
100
AcDbScale
 70
     0
300
3/4" = 1'-0"
140
0.75
141
12.0
290
     0
  0
SCALE
  5
4F
102
{ACAD_REACTORS
330
42
102
}
330
42
100
AcDbScale
 70
     0
300
1" = 1'-0"
140
1.0
141
12.0
290
     0
  0
SCALE
  5
50
102
{ACAD_REACTORS
330
42
102
}
330
42
100
AcDbScale
 70
     0
300
1-1/2" = 1'-0"
140
1.5
141
12.0
290
     0
  0
SCALE
  5
51
102
{ACAD_REACTORS
330
42
102
}
330
42
100
AcDbScale
 70
     0
300
3" = 1'-0"
140
3.0
141
12.0
290
     0
  0
SCALE
  5
52
102
{ACAD_REACTORS
330
42
102
}
330
42
100
AcDbScale
 70
     0
300
6" = 1'-0"
140
6.0
141
12.0
290
     0
  0
SCALE
  5
53
102
{ACAD_REACTORS
330
42
102
}
330
42
100
AcDbScale
 70
     0
300
1'-0" = 1'-0"
140
12.0
141
12.0
290
     0
  0
ACDBSECTIONVIEWSTYLE
  5
68
102
{ACAD_XDICTIONARY
360
3BEC
102
}
102
{ACAD_REACTORS
330
67
102
}
330
67
100
AcDbModelDocViewStyle
 70
     0
  3
Imperial24
290
     0
100
AcDbSectionViewStyle
 70
     0
 71
     0
 90
       78
 71
     1
340
55
 62
   256
 40
0.24
340
0
340
0
 62
   256
 40
0.24
300
I, O, Q, S, X, Z
 40
0.48
 90
        3
 40
0.18
 90
        1
 71
     2
340
5C
 90
       25
 62
   256
340
5C
 90
       50
 62
   256
 40
0.24
 40
0.0
 40
0.24
 71
     3
340
55
 62
   256
 40
0.24
 90
        1
 40
0.75
 90
        1
300
%<\AcVar ViewType \f "%tc1">% %<\AcVar ViewSectionStartId>%-%<\AcVar ViewSectionEndId>%\PSCALE %<\AcVar ViewScale \f "%sn">%
 71
     4
 62
   256
 62
   257
300
ANSI31
 40
1.0
 90
        0
290
     0
290
     0
 90
        6
 40
0.0
 40
1.570796326794896
 40
0.2617993877991494
 40
1.308996938995747
 40
-0.2617993877991494
 40
1.832595714594046
  0
TABLESTYLE
  5
64
102
{ACAD_XDICTIONARY
360
3BB9
102
}
102
{ACAD_REACTORS
330
63
102
}
330
63
100
AcDbTableStyle
280
     0
  3
Standard
 70
     0
 71
     0
 40
0.06
 41
0.06
280
     0
281
     0
  7
STANDARD
140
0.18
170
     2
 62
     0
 63
     7
283
     0
 90
      512
 91
        0
  1

274
    -2
284
     1
 64
     0
275
    -2
285
     1
 65
     0
276
    -2
286
     1
 66
     0
277
    -2
287
     1
 67
     0
278
    -2
288
     1
 68
     0
279
    -2
289
     1
 69
     0
  7
STANDARD
140
0.25
170
     5
 62
     0
 63
     7
283
     0
 90
      512
 91
        0
  1

274
    -2
284
     1
 64
     0
275
    -2
285
     1
 65
     0
276
    -2
286
     1
 66
     0
277
    -2
287
     1
 67
     0
278
    -2
288
     1
 68
     0
279
    -2
289
     1
 69
     0
  7
STANDARD
140
0.18
170
     5
 62
     0
 63
     7
283
     0
 90
      512
 91
        0
  1

274
    -2
284
     1
 64
     0
275
    -2
285
     1
 65
     0
276
    -2
286
     1
 66
     0
277
    -2
287
     1
 67
     0
278
    -2
288
     1
 68
     0
279
    -2
289
     1
 69
     0
  0
VISUALSTYLE
  5
2F
102
{ACAD_XDICTIONARY
360
3BC6
102
}
102
{ACAD_REACTORS
330
29
102
}
330
29
100
AcDbVisualStyle
  2
2dWireframe
 70
     4
177
     2
291
     0
 71
     0
176
     1
 72
     2
176
     1
 73
     0
176
     1
 90
        0
176
     1
 40
0.6
176
     1
 41
30.0
176
     1
 63
     7
421
 16777215
176
     1
 74
     1
176
     1
 91
        4
176
     1
 64
     7
176
     1
 65
   257
176
     1
 75
     1
176
     1
175
     1
176
     1
 42
1.0
176
     1
 92
        0
176
     1
 66
   257
176
     1
 43
1.0
176
     1
 76
     1
176
     1
 77
     6
176
     1
 78
     2
176
     1
 67
     7
176
     1
 79
     5
176
     1
170
     0
176
     1
171
     0
176
     1
290
     0
176
     1
 93
        1
176
     1
 44
0.0
176
     1
173
     0
176
     1
1001
ACAD
1000
AcDbSavedByObjectVersion
1070
     0
  0
VISUALSTYLE
  5
2E
102
{ACAD_XDICTIONARY
360
3BC4
102
}
102
{ACAD_REACTORS
330
29
102
}
330
29
100
AcDbVisualStyle
  2
Basic
 70
     7
177
     2
291
     1
 71
     1
176
     1
 72
     0
176
     1
 73
     1
176
     1
 90
        0
176
     1
 40
0.6
176
     1
 41
30.0
176
     1
 63
     7
421
 16777215
176
     1
 74
     0
176
     1
 91
        4
176
     1
 64
     7
176
     1
 65
   257
176
     1
 75
     1
176
     1
175
     1
176
     1
 42
1.0
176
     1
 92
        8
176
     1
 66
     7
176
     1
 43
1.0
176
     1
 76
     1
176
     1
 77
     6
176
     1
 78
     2
176
     1
 67
     7
176
     1
 79
     5
176
     1
170
     0
176
     1
171
     0
176
     1
290
     0
176
     1
 93
        1
176
     1
 44
0.0
176
     1
173
     0
176
     1
1001
ACAD
1000
AcDbSavedByObjectVersion
1070
     0
  0
VISUALSTYLE
  5
35
102
{ACAD_XDICTIONARY
360
3BD2
102
}
102
{ACAD_REACTORS
330
29
102
}
330
29
100
AcDbVisualStyle
  2
Brighten
 70
    12
177
     2
291
     1
 71
     2
176
     1
 72
     2
176
     1
 73
     0
176
     1
 90
        0
176
     1
 40
0.6
176
     1
 41
30.0
176
     1
 63
     7
421
 16777215
176
     1
 74
     1
176
     1
 91
        4
176
     1
 64
     7
176
     1
 65
   257
176
     1
 75
     1
176
     1
175
     1
176
     1
 42
1.0
176
     1
 92
        8
176
     1
 66
     7
176
     1
 43
1.0
176
     1
 76
     1
176
     1
 77
     6
176
     1
 78
     2
176
     1
 67
     7
176
     1
 79
     5
176
     1
170
     0
176
     1
171
     0
176
     1
290
     0
176
     1
 93
        1
176
     1
 44
50.0
176
     1
173
     0
176
     1
1001
ACAD
1000
AcDbSavedByObjectVersion
1070
     0
  0
VISUALSTYLE
  5
39
102
{ACAD_XDICTIONARY
360
3BDA
102
}
102
{ACAD_REACTORS
330
29
102
}
330
29
100
AcDbVisualStyle
  2
ColorChange
 70
    16
177
     2
291
     1
 71
     2
176
     1
 72
     2
176
     1
 73
     3
176
     1
 90
        0
176
     1
 40
0.6
176
     1
 41
30.0
176
     1
 63
     8
421
  8421504
176
     1
 74
     1
176
     1
 91
        4
176
     1
 64
     7
176
     1
 65
   257
176
     1
 75
     1
176
     1
175
     1
176
     1
 42
1.0
176
     1
 92
        8
176
     1
 66
     8
424
  8421504
176
     1
 43
1.0
176
     1
 76
     1
176
     1
 77
     6
176
     1
 78
     2
176
     1
 67
     7
176
     1
 79
     5
176
     1
170
     0
176
     1
171
     0
176
     1
290
     0
176
     1
 93
        1
176
     1
 44
0.0
176
     1
173
     0
176
     1
1001
ACAD
1000
AcDbSavedByObjectVersion
1070
     0
  0
VISUALSTYLE
  5
32
102
{ACAD_XDICTIONARY
360
3BCC
102
}
102
{ACAD_REACTORS
330
29
102
}
330
29
100
AcDbVisualStyle
  2
Conceptual
 70
     9
177
     2
291
     0
 71
     3
176
     1
 72
     2
176
     1
 73
     0
176
     1
 90
        0
176
     1
 40
0.6
176
     1
 41
30.0
176
     1
 63
     7
421
 16777215
176
     1
 74
     2
176
     1
 91
        2
176
     1
 64
     7
176
     1
 65
   257
176
     1
 75
     1
176
     1
175
     1
176
     1
 42
179.0
176
     1
 92
        8
176
     1
 66
     7
176
     1
 43
1.0
176
     1
 76
     1
176
     1
 77
     6
176
     1
 78
     2
176
     1
 67
     7
176
     1
 79
     3
176
     1
170
     0
176
     1
171
     0
176
     1
290
     0
176
     1
 93
        1
176
     1
 44
0.0
176
     1
173
     0
176
     1
1001
ACAD
1000
AcDbSavedByObjectVersion
1070
     0
  0
VISUALSTYLE
  5
34
102
{ACAD_XDICTIONARY
360
3BD0
102
}
102
{ACAD_REACTORS
330
29
102
}
330
29
100
AcDbVisualStyle
  2
Dim
 70
    11
177
     2
291
     1
 71
     2
176
     1
 72
     2
176
     1
 73
     0
176
     1
 90
        0
176
     1
 40
0.6
176
     1
 41
30.0
176
     1
 63
     7
421
 16777215
176
     1
 74
     1
176
     1
 91
        4
176
     1
 64
     7
176
     1
 65
   257
176
     1
 75
     1
176
     1
175
     1
176
     1
 42
1.0
176
     1
 92
        8
176
     1
 66
     7
176
     1
 43
1.0
176
     1
 76
     1
176
     1
 77
     6
176
     1
 78
     2
176
     1
 67
     7
176
     1
 79
     5
176
     1
170
     0
176
     1
171
     0
176
     1
290
     0
176
     1
 93
        1
176
     1
 44
-50.0
176
     1
173
     0
176
     1
1001
ACAD
1000
AcDbSavedByObjectVersion
1070
     0
  0
VISUALSTYLE
  5
41
102
{ACAD_XDICTIONARY
360
3BEA
102
}
102
{ACAD_REACTORS
330
29
102
}
330
29
100
AcDbVisualStyle
  2
EdgeColorOff
 70
    22
177
     2
291
     1
 71
     2
176
     0
 72
     2
176
     0
 73
     0
176
     0
 90
        0
176
     0
 40
0.6
176
     0
 41
30.0
176
     0
 63
     7
421
 16777215
176
     0
 74
     1
176
     0
 91
        4
176
     0
 64
     7
176
     0
 65
   257
176
     0
 75
     1
176
     0
175
     1
176
     0
 42
1.0
176
     0
 92
        8
176
     2
 66
     7
176
     0
 43
1.0
176
     0
 76
     1
176
     0
 77
     6
176
     0
 78
     2
176
     0
 67
     7
176
     0
 79
     5
176
     0
170
     0
176
     0
171
     0
176
     0
290
     0
176
     0
 93
        1
176
     0
 44
0.0
176
     0
173
     0
176
     0
1001
ACAD
1000
AcDbSavedByObjectVersion
1070
     0
  0
VISUALSTYLE
  5
38
102
{ACAD_XDICTIONARY
360
3BD8
102
}
102
{ACAD_REACTORS
330
29
102
}
330
29
100
AcDbVisualStyle
  2
Facepattern
 70
    15
177
     2
291
     1
 71
     2
176
     1
 72
     2
176
     1
 73
     0
176
     1
 90
        0
176
     1
 40
0.6
176
     1
 41
30.0
176
     1
 63
     7
421
 16777215
176
     1
 74
     1
176
     1
 91
        4
176
     1
 64
     7
176
     1
 65
   257
176
     1
 75
     1
176
     1
175
     1
176
     1
 42
1.0
176
     1
 92
        8
176
     1
 66
     7
176
     1
 43
1.0
176
     1
 76
     1
176
     1
 77
     6
176
     1
 78
     2
176
     1
 67
     7
176
     1
 79
     5
176
     1
170
     0
176
     1
171
     0
176
     1
290
     0
176
     1
 93
        1
176
     1
 44
0.0
176
     1
173
     0
176
     1
1001
ACAD
1000
AcDbSavedByObjectVersion
1070
     0
  0
VISUALSTYLE
  5
2A
102
{ACAD_XDICTIONARY
360
3BBC
102
}
102
{ACAD_REACTORS
330
29
102
}
330
29
100
AcDbVisualStyle
  2
Flat
 70
     0
177
     2
291
     1
 71
     2
176
     1
 72
     1
176
     1
 73
     1
176
     1
 90
        2
176
     1
 40
0.6
176
     1
 41
30.0
176
     1
 63
     7
421
 16777215
176
     1
 74
     0
176
     1
 91
        0
176
     1
 64
     7
176
     1
 65
   257
176
     1
 75
     1
176
     1
175
     1
176
     1
 42
1.0
176
     1
 92
        8
176
     1
 66
     7
176
     1
 43
1.0
176
     1
 76
     1
176
     1
 77
     6
176
     1
 78
     2
176
     1
 67
     7
176
     1
 79
     5
176
     1
170
     0
176
     1
171
     0
176
     1
290
     0
176
     1
 93
       13
176
     1
 44
0.0
176
     1
173
     0
176
     1
1001
ACAD
1000
AcDbSavedByObjectVersion
1070
     0
  0
VISUALSTYLE
  5
2B
102
{ACAD_XDICTIONARY
360
3BBE
102
}
102
{ACAD_REACTORS
330
29
102
}
330
29
100
AcDbVisualStyle
  2
FlatWithEdges
 70
     1
177
     2
291
     1
 71
     2
176
     1
 72
     1
176
     1
 73
     1
176
     1
 90
        2
176
     1
 40
0.6
176
     1
 41
30.0
176
     1
 63
     7
421
 16777215
176
     1
 74
     1
176
     1
 91
        0
176
     1
 64
     7
176
     1
 65
   257
176
     1
 75
     1
176
     1
175
     1
176
     1
 42
1.0
176
     1
 92
        0
176
     1
 66
   257
176
     1
 43
1.0
176
     1
 76
     1
176
     1
 77
     6
176
     1
 78
     2
176
     1
 67
     7
176
     1
 79
     5
176
     1
170
     0
176
     1
171
     0
176
     1
290
     0
176
     1
 93
       13
176
     1
 44
0.0
176
     1
173
     0
176
     1
1001
ACAD
1000
AcDbSavedByObjectVersion
1070
     0
  0
VISUALSTYLE
  5
2C
102
{ACAD_XDICTIONARY
360
3BC0
102
}
102
{ACAD_REACTORS
330
29
102
}
330
29
100
AcDbVisualStyle
  2
Gouraud
 70
     2
177
     2
291
     1
 71
     2
176
     1
 72
     2
176
     1
 73
     1
176
     1
 90
        2
176
     1
 40
0.6
176
     1
 41
30.0
176
     1
 63
     7
421
 16777215
176
     1
 74
     0
176
     1
 91
        0
176
     1
 64
     7
176
     1
 65
   257
176
     1
 75
     1
176
     1
175
     1
176
     1
 42
1.0
176
     1
 92
        0
176
     1
 66
     7
176
     1
 43
1.0
176
     1
 76
     1
176
     1
 77
     6
176
     1
 78
     2
176
     1
 67
     7
176
     1
 79
     5
176
     1
170
     0
176
     1
171
     0
176
     1
290
     0
176
     1
 93
       13
176
     1
 44
0.0
176
     1
173
     0
176
     1
1001
ACAD
1000
AcDbSavedByObjectVersion
1070
     0
  0
VISUALSTYLE
  5
2D
102
{ACAD_XDICTIONARY
360
3BC2
102
}
102
{ACAD_REACTORS
330
29
102
}
330
29
100
AcDbVisualStyle
  2
GouraudWithEdges
 70
     3
177
     2
291
     1
 71
     2
176
     1
 72
     2
176
     1
 73
     1
176
     1
 90
        2
176
     1
 40
0.6
176
     1
 41
30.0
176
     1
 63
     7
421
 16777215
176
     1
 74
     1
176
     1
 91
        0
176
     1
 64
     7
176
     1
 65
   257
176
     1
 75
     1
176
     1
175
     1
176
     1
 42
1.0
176
     1
 92
        0
176
     1
 66
   257
176
     1
 43
1.0
176
     1
 76
     1
176
     1
 77
     6
176
     1
 78
     2
176
     1
 67
     7
176
     1
 79
     5
176
     1
170
     0
176
     1
171
     0
176
     1
290
     0
176
     1
 93
       13
176
     1
 44
0.0
176
     1
173
     0
176
     1
1001
ACAD
1000
AcDbSavedByObjectVersion
1070
     0
  0
VISUALSTYLE
  5
31
102
{ACAD_XDICTIONARY
360
3BCA
102
}
102
{ACAD_REACTORS
330
29
102
}
330
29
100
AcDbVisualStyle
  2
Hidden
 70
     6
177
     2
291
     0
 71
     1
176
     1
 72
     2
176
     1
 73
     2
176
     1
 90
        0
176
     1
 40
0.6
176
     1
 41
30.0
176
     1
 63
     7
421
 16777215
176
     1
 74
     2
176
     1
 91
        2
176
     1
 64
     7
176
     1
 65
   257
176
     1
 75
     2
176
     1
175
     1
176
     1
 42
40.0
176
     1
 92
        0
176
     1
 66
   257
176
     1
 43
1.0
176
     1
 76
     1
176
     1
 77
     6
176
     1
 78
     2
176
     1
 67
     7
176
     1
 79
     3
176
     1
170
     0
176
     1
171
     0
176
     1
290
     0
176
     1
 93
        1
176
     1
 44
0.0
176
     1
173
     0
176
     1
1001
ACAD
1000
AcDbSavedByObjectVersion
1070
     0
  0
VISUALSTYLE
  5
3F
102
{ACAD_XDICTIONARY
360
3BE6
102
}
102
{ACAD_REACTORS
330
29
102
}
330
29
100
AcDbVisualStyle
  2
JitterOff
 70
    20
177
     2
291
     1
 71
     2
176
     0
 72
     2
176
     0
 73
     0
176
     0
 90
        0
176
     0
 40
0.6
176
     0
 41
30.0
176
     0
 63
     7
421
 16777215
176
     0
 74
     1
176
     0
 91
        4
176
     0
 64
     7
176
     0
 65
   257
176
     0
 75
     1
176
     0
175
     1
176
     0
 42
1.0
176
     0
 92
       10
176
     2
 66
     7
176
     0
 43
1.0
176
     0
 76
     1
176
     0
 77
     6
176
     0
 78
     2
176
     0
 67
     7
176
     0
 79
     5
176
     0
170
     0
176
     0
171
     0
176
     0
290
     0
176
     0
 93
        1
176
     0
 44
0.0
176
     0
173
     0
176
     0
1001
ACAD
1000
AcDbSavedByObjectVersion
1070
     0
  0
VISUALSTYLE
  5
37
102
{ACAD_XDICTIONARY
360
3BD6
102
}
102
{ACAD_REACTORS
330
29
102
}
330
29
100
AcDbVisualStyle
  2
Linepattern
 70
    14
177
     2
291
     1
 71
     2
176
     1
 72
     2
176
     1
 73
     0
176
     1
 90
        0
176
     1
 40
0.6
176
     1
 41
30.0
176
     1
 63
     7
421
 16777215
176
     1
 74
     1
176
     1
 91
        4
176
     1
 64
     7
176
     1
 65
   257
176
     1
 75
     7
176
     1
175
     7
176
     1
 42
1.0
176
     1
 92
        8
176
     1
 66
     7
176
     1
 43
1.0
176
     1
 76
     1
176
     1
 77
     6
176
     1
 78
     2
176
     1
 67
     7
176
     1
 79
     5
176
     1
170
     0
176
     1
171
     0
176
     1
290
     0
176
     1
 93
        1
176
     1
 44
0.0
176
     1
173
     0
176
     1
1001
ACAD
1000
AcDbSavedByObjectVersion
1070
     0
  0
VISUALSTYLE
  5
40
102
{ACAD_XDICTIONARY
360
3BE8
102
}
102
{ACAD_REACTORS
330
29
102
}
330
29
100
AcDbVisualStyle
  2
OverhangOff
 70
    21
177
     2
291
     1
 71
     2
176
     0
 72
     2
176
     0
 73
     0
176
     0
 90
        0
176
     0
 40
0.6
176
     0
 41
30.0
176
     0
 63
     7
421
 16777215
176
     0
 74
     1
176
     0
 91
        4
176
     0
 64
     7
176
     0
 65
   257
176
     0
 75
     1
176
     0
175
     1
176
     0
 42
1.0
176
     0
 92
        9
176
     2
 66
     7
176
     0
 43
1.0
176
     0
 76
     1
176
     0
 77
     6
176
     0
 78
     2
176
     0
 67
     7
176
     0
 79
     5
176
     0
170
     0
176
     0
171
     0
176
     0
290
     0
176
     0
 93
        1
176
     0
 44
0.0
176
     0
173
     0
176
     0
1001
ACAD
1000
AcDbSavedByObjectVersion
1070
     0
  0
VISUALSTYLE
  5
33
102
{ACAD_XDICTIONARY
360
3BCE
102
}
102
{ACAD_REACTORS
330
29
102
}
330
29
100
AcDbVisualStyle
  2
Realistic
 70
     8
177
     2
291
     0
 71
     2
176
     1
 72
     3
176
     1
 73
     0
176
     1
 90
        2
176
     1
 40
0.6
176
     1
 41
30.0
176
     1
 63
     7
421
 16777215
176
     1
 74
     0
176
     1
 91
        0
176
     1
 64
     7
176
     1
 65
   257
176
     1
 75
     1
176
     1
175
     1
176
     1
 42
1.0
176
     1
 92
        8
176
     1
 66
   257
176
     1
 43
1.0
176
     1
 76
     1
176
     1
 77
     6
176
     1
 78
     2
176
     1
 67
     7
176
     1
 79
     3
176
     1
170
     0
176
     1
171
     0
176
     1
290
     0
176
     1
 93
       13
176
     1
 44
0.0
176
     1
173
     0
176
     1
1001
ACAD
1000
AcDbSavedByObjectVersion
1070
     0
  0
VISUALSTYLE
  5
3E
102
{ACAD_XDICTIONARY
360
3BE4
102
}
102
{ACAD_REACTORS
330
29
102
}
330
29
100
AcDbVisualStyle
  2
Shaded
 70
    27
177
     2
291
     0
 71
     2
176
     1
 72
     2
176
     1
 73
     1
176
     1
 90
        2
176
     1
 40
0.6
176
     1
 41
30.0
176
     1
 63
     7
421
 16777215
176
     1
 74
     0
176
     1
 91
        4
176
     1
 64
     7
176
     1
 65
   257
176
     1
 75
     1
176
     1
175
     1
176
     1
 42
1.0
176
     1
 92
        8
176
     1
 66
   257
176
     1
 43
1.0
176
     1
 76
     1
176
     1
 77
     6
176
     1
 78
     2
176
     1
 67
     8
425
  7895160
176
     1
 79
     3
176
     1
170
     0
176
     1
171
     0
176
     1
290
     0
176
     1
 93
        5
176
     1
 44
0.0
176
     1
173
     0
176
     1
1001
ACAD
1000
AcDbSavedByObjectVersion
1070
     0
  0
VISUALSTYLE
  5
3D
102
{ACAD_XDICTIONARY
360
3BE2
102
}
102
{ACAD_REACTORS
330
29
102
}
330
29
100
AcDbVisualStyle
  2
Shaded with edges
 70
    26
177
     2
291
     0
 71
     2
176
     1
 72
     2
176
     1
 73
     1
176
     1
 90
        2
176
     1
 40
0.6
176
     1
 41
30.0
176
     1
 63
     7
421
 16777215
176
     1
 74
     1
176
     1
 91
        2
176
     1
 64
     7
176
     1
 65
   257
176
     1
 75
     2
176
     1
175
     1
176
     1
 42
1.0
176
     1
 92
        8
176
     1
 66
   257
176
     1
 43
1.0
176
     1
 76
     1
176
     1
 77
     6
176
     1
 78
     2
176
     1
 67
     7
176
     1
 79
     3
176
     1
170
     0
176
     1
171
     0
176
     1
290
     0
176
     1
 93
        5
176
     1
 44
0.0
176
     1
173
     0
176
     1
1001
ACAD
1000
AcDbSavedByObjectVersion
1070
     0
  0
VISUALSTYLE
  5
3A
102
{ACAD_XDICTIONARY
360
3BDC
102
}
102
{ACAD_REACTORS
330
29
102
}
330
29
100
AcDbVisualStyle
  2
Shades of Gray
 70
    23
177
     2
291
     0
 71
     2
176
     1
 72
     2
176
     1
 73
     3
176
     1
 90
        0
176
     1
 40
0.6
176
     1
 41
30.0
176
     1
 63
     7
421
 16777215
176
     1
 74
     2
176
     1
 91
        2
176
     1
 64
     7
176
     1
 65
     7
176
     1
 75
     1
176
     1
175
     1
176
     1
 42
40.0
176
     1
 92
        8
176
     1
 66
     7
176
     1
 43
1.0
176
     1
 76
     1
176
     1
 77
     6
176
     1
 78
     2
176
     1
 67
     7
176
     1
 79
     3
176
     1
170
     0
176
     1
171
     0
176
     1
290
     0
176
     1
 93
        1
176
     1
 44
0.0
176
     1
173
     0
176
     1
1001
ACAD
1000
AcDbSavedByObjectVersion
1070
     0
  0
VISUALSTYLE
  5
3B
102
{ACAD_XDICTIONARY
360
3BDE
102
}
102
{ACAD_REACTORS
330
29
102
}
330
29
100
AcDbVisualStyle
  2
Sketchy
 70
    24
177
     2
291
     0
 71
     1
176
     1
 72
     2
176
     1
 73
     2
176
     1
 90
        0
176
     1
 40
0.6
176
     1
 41
30.0
176
     1
 63
     7
421
 16777215
176
     1
 74
     2
176
     1
 91
        2
176
     1
 64
     7
176
     1
 65
     7
176
     1
 75
     1
176
     1
175
     1
176
     1
 42
40.0
176
     1
 92
       11
176
     1
 66
     7
176
     1
 43
1.0
176
     1
 76
     1
176
     1
 77
     6
176
     1
 78
     2
176
     1
 67
     7
176
     1
 79
     6
176
     1
170
     0
176
     1
171
     0
176
     1
290
     0
176
     1
 93
        1
176
     1
 44
0.0
176
     1
173
     0
176
     1
1001
ACAD
1000
AcDbSavedByObjectVersion
1070
     0
  0
VISUALSTYLE
  5
36
102
{ACAD_XDICTIONARY
360
3BD4
102
}
102
{ACAD_REACTORS
330
29
102
}
330
29
100
AcDbVisualStyle
  2
Thicken
 70
    13
177
     2
291
     1
 71
     2
176
     1
 72
     2
176
     1
 73
     0
176
     1
 90
        0
176
     1
 40
0.6
176
     1
 41
30.0
176
     1
 63
     7
421
 16777215
176
     1
 74
     1
176
     1
 91
        4
176
     1
 64
     7
176
     1
 65
   257
176
     1
 75
     1
176
     1
175
     1
176
     1
 42
1.0
176
     1
 92
       12
176
     1
 66
     7
176
     1
 43
1.0
176
     1
 76
     1
176
     1
 77
     6
176
     1
 78
     2
176
     1
 67
     7
176
     1
 79
     5
176
     1
170
     0
176
     1
171
     0
176
     1
290
     0
176
     1
 93
        1
176
     1
 44
0.0
176
     1
173
     0
176
     1
1001
ACAD
1000
AcDbSavedByObjectVersion
1070
     0
  0
VISUALSTYLE
  5
30
102
{ACAD_XDICTIONARY
360
3BC8
102
}
102
{ACAD_REACTORS
330
29
102
}
330
29
100
AcDbVisualStyle
  2
Wireframe
 70
     5
177
     2
291
     0
 71
     0
176
     1
 72
     2
176
     1
 73
     0
176
     1
 90
        0
176
     1
 40
0.6
176
     1
 41
30.0
176
     1
 63
     7
421
 16777215
176
     1
 74
     1
176
     1
 91
        4
176
     1
 64
     7
176
     1
 65
   257
176
     1
 75
     1
176
     1
175
     1
176
     1
 42
1.0
176
     1
 92
        0
176
     1
 66
   257
176
     1
 43
1.0
176
     1
 76
     1
176
     1
 77
     6
176
     1
 78
     2
176
     1
 67
     7
176
     1
 79
     3
176
     1
170
     0
176
     1
171
     0
176
     1
290
     0
176
     1
 93
        1
176
     1
 44
0.0
176
     1
173
     0
176
     1
1001
ACAD
1000
AcDbSavedByObjectVersion
1070
     0
  0
VISUALSTYLE
  5
3C
102
{ACAD_XDICTIONARY
360
3BE0
102
}
102
{ACAD_REACTORS
330
29
102
}
330
29
100
AcDbVisualStyle
  2
X-Ray
 70
    25
177
     2
291
     0
 71
     2
176
     1
 72
     2
176
     1
 73
     1
176
     1
 90
        1
176
     1
 40
0.5
176
     1
 41
30.0
176
     1
 63
     7
421
 16777215
176
     1
 74
     1
176
     1
 91
        0
176
     1
 64
     7
176
     1
 65
   257
176
     1
 75
     1
176
     1
175
     1
176
     1
 42
1.0
176
     1
 92
        8
176
     1
 66
     7
176
     1
 43
1.0
176
     1
 76
     1
176
     1
 77
     6
176
     1
 78
     2
176
     1
 67
     7
176
     1
 79
     3
176
     1
170
     0
176
     1
171
     0
176
     1
290
     0
176
     1
 93
       13
176
     1
 44
0.0
176
     1
173
     0
176
     1
1001
ACAD
1000
AcDbSavedByObjectVersion
1070
     0
  0
DICTIONARYVAR
  5
3BB5
102
{ACAD_REACTORS
330
3BAF
102
}
330
3BAF
100
DictionaryVariables
280
     0
  1
1:1
  0
DICTIONARYVAR
  5
3BB1
102
{ACAD_REACTORS
330
3BAF
102
}
330
3BAF
100
DictionaryVariables
280
     0
  1
STANDARD
  0
DICTIONARYVAR
  5
3BB0
102
{ACAD_REACTORS
330
3BAF
102
}
330
3BAF
100
DictionaryVariables
280
     0
  1
STANDARD
  0
DICTIONARYVAR
  5
3BB2
102
{ACAD_REACTORS
330
3BAF
102
}
330
3BAF
100
DictionaryVariables
280
     0
  1
Imperial24
  0
DICTIONARYVAR
  5
3BB3
102
{ACAD_REACTORS
330
3BAF
102
}
330
3BAF
100
DictionaryVariables
280
     0
  1
Imperial24
  0
DICTIONARYVAR
  5
3BB7
102
{ACAD_REACTORS
330
3BAF
102
}
330
3BAF
100
DictionaryVariables
280
     0
  1
1
  0
DICTIONARYVAR
  5
3BB8
102
{ACAD_REACTORS
330
3BAF
102
}
330
3BAF
100
DictionaryVariables
280
     0
  1
15
  0
DICTIONARYVAR
  5
3BB6
102
{ACAD_REACTORS
330
3BAF
102
}
330
3BAF
100
DictionaryVariables
280
     0
  1
0
  0
DICTIONARYVAR
  5
3BB4
102
{ACAD_REACTORS
330
3BAF
102
}
330
3BAF
100
DictionaryVariables
280
     0
  1
0
  0
VLO-VL_U
  5
2F17
102
{ACAD_REACTORS
330
2F12
102
}
330
2F12
100
vlo_VL_U
 90
   -64512
 91
       12
 92
        1
 40
0.0
300
(&VLO-R . 0)
  0
VLO-VL_U
  5
2F15
102
{ACAD_REACTORS
330
2F12
102
}
330
2F12
100
vlo_VL_U
 90
   -64512
 91
       12
 92
        1
 40
0.2
300
(&VLO-R . 0)
  0
VLO-VL_U
  5
2F16
102
{ACAD_REACTORS
330
2F12
102
}
330
2F12
100
vlo_VL_U
 90
   -64512
 91
        1
 92
        0
300
3
  0
VLO-VL_U
  5
2F14
102
{ACAD_REACTORS
330
2F12
102
}
330
2F12
100
vlo_VL_U
 90
   -64512
 91
        4
 92
        0
300
"Xy"
  0
VLO-VL_U
  5
2F25
102
{ACAD_REACTORS
330
2F12
102
}
330
2F12
100
vlo_VL_U
 90
   -64512
 91
        1
 92
        0
300
1
  0
VLO-VL_U
  5
2F23
102
{ACAD_REACTORS
330
2F12
102
}
330
2F12
100
vlo_VL_U
 90
   -64512
 91
        1
 92
        0
300
1
  0
VLO-VL_U
  5
2F24
102
{ACAD_REACTORS
330
2F12
102
}
330
2F12
100
vlo_VL_U
 90
   -64512
 91
        2
 92
        0
300
""
  0
VLO-VL_U
  5
2F22
102
{ACAD_REACTORS
330
2F12
102
}
330
2F12
100
vlo_VL_U
 90
   -64512
 91
        4
 92
        0
300
"ZB"
  0
VLO-VL_U
  5
2F19
102
{ACAD_REACTORS
330
2F12
102
}
330
2F12
100
vlo_VL_U
 90
   -64512
 91
        1
 92
        0
300
0
  0
VLO-VL_U
  5
2F1A
102
{ACAD_REACTORS
330
2F12
102
}
330
2F12
100
vlo_VL_U
 90
   -64512
 91
       10
 92
        0
300
"*默认*"
  0
VLO-VL_U
  5
2F21
102
{ACAD_REACTORS
330
2F12
102
}
330
2F12
100
vlo_VL_U
 90
   -64512
 91
        1
 92
        0
300
1
  0
VLO-VL_U
  5
2F1D
102
{ACAD_REACTORS
330
2F12
102
}
330
2F12
100
vlo_VL_U
 90
   -64512
 91
       12
 92
        1
 40
0.18
300
(&VLO-R . 0)
  0
VLO-VL_U
  5
2F1C
102
{ACAD_REACTORS
330
2F12
102
}
330
2F12
100
vlo_VL_U
 90
   -64512
 91
        7
 92
        0
300
"_None"
  0
VLO-VL_U
  5
2F13
102
{ACAD_REACTORS
330
2F12
102
}
330
2F12
100
vlo_VL_U
 90
   -64512
 91
       12
 92
        1
 40
1.0
300
(&VLO-R . 0)
  0
VLO-VL_U
  5
2F1B
102
{ACAD_REACTORS
330
2F12
102
}
330
2F12
100
vlo_VL_U
 90
   -64512
 91
       10
 92
        0
300
"*默认*"
  0
VLO-VL_U
  5
2F1E
102
{ACAD_REACTORS
330
2F12
102
}
330
2F12
100
vlo_VL_U
 90
   -64512
 91
        1
 92
        0
300
0
  0
VLO-VL_U
  5
2F20
102
{ACAD_REACTORS
330
2F12
102
}
330
2F12
100
vlo_VL_U
 90
   -64512
 91
       12
 92
        1
 40
0.0
300
(&VLO-R . 0)
  0
VLO-VL_U
  5
2F1F
102
{ACAD_REACTORS
330
2F12
102
}
330
2F12
100
vlo_VL_U
 90
   -64512
 91
       40
 92
        1
 40
0.0
300
((&VLO-R . 0) (&VLO-R . 0) (&VLO-R . 0))
  0
VLO-VL_U
  5
2F18
102
{ACAD_REACTORS
330
2F12
102
}
330
2F12
100
vlo_VL_U
 90
   -64512
 91
        1
 92
        0
300
1
  0
DICTIONARY
  5
3BEE
330
6A
100
AcDbDictionary
280
     1
281
     1
  3
ACAD_XREC_ROUNDTRIP
360
3BEF
  0
DICTIONARY
  5
1A
330
19
100
AcDbDictionary
280
     1
281
     1
  3
BUMPTILE
360
1C
  3
DIFFUSETILE
360
1B
  3
OPACITYTILE
360
1F
  3
REFLECTIONTILE
360
1E
  3
REFRACTIONTILE
360
20
  3
SPECULARTILE
360
1D
  0
DICTIONARY
  5
12
330
11
100
AcDbDictionary
280
     1
281
     1
  3
BUMPTILE
360
14
  3
DIFFUSETILE
360
13
  3
OPACITYTILE
360
17
  3
REFLECTIONTILE
360
16
  3
REFRACTIONTILE
360
18
  3
SPECULARTILE
360
15
  0
DICTIONARY
  5
22
330
21
100
AcDbDictionary
280
     1
281
     1
  3
BUMPTILE
360
24
  3
DIFFUSETILE
360
23
  3
OPACITYTILE
360
27
  3
REFLECTIONTILE
360
26
  3
REFRACTIONTILE
360
28
  3
SPECULARTILE
360
25
  0
DICTIONARY
  5
3BEC
330
68
100
AcDbDictionary
280
     1
281
     1
  3
ACAD_XREC_ROUNDTRIP
360
3BED
  0
DICTIONARY
  5
3BB9
330
64
100
AcDbDictionary
280
     1
281
     1
  3
ACAD_ROUNDTRIP_2008_TABLESTYLE_CELLSTYLEMAP
360
3BBA
  0
DICTIONARY
  5
3BC6
330
2F
100
AcDbDictionary
280
     1
281
     1
  3
ACAD_XREC_ROUNDTRIP
360
3BC7
  0
DICTIONARY
  5
3BC4
330
2E
100
AcDbDictionary
280
     1
281
     1
  3
ACAD_XREC_ROUNDTRIP
360
3BC5
  0
DICTIONARY
  5
3BD2
330
35
100
AcDbDictionary
280
     1
281
     1
  3
ACAD_XREC_ROUNDTRIP
360
3BD3
  0
DICTIONARY
  5
3BDA
330
39
100
AcDbDictionary
280
     1
281
     1
  3
ACAD_XREC_ROUNDTRIP
360
3BDB
  0
DICTIONARY
  5
3BCC
330
32
100
AcDbDictionary
280
     1
281
     1
  3
ACAD_XREC_ROUNDTRIP
360
3BCD
  0
DICTIONARY
  5
3BD0
330
34
100
AcDbDictionary
280
     1
281
     1
  3
ACAD_XREC_ROUNDTRIP
360
3BD1
  0
DICTIONARY
  5
3BEA
330
41
100
AcDbDictionary
280
     1
281
     1
  3
ACAD_XREC_ROUNDTRIP
360
3BEB
  0
DICTIONARY
  5
3BD8
330
38
100
AcDbDictionary
280
     1
281
     1
  3
ACAD_XREC_ROUNDTRIP
360
3BD9
  0
DICTIONARY
  5
3BBC
330
2A
100
AcDbDictionary
280
     1
281
     1
  3
ACAD_XREC_ROUNDTRIP
360
3BBD
  0
DICTIONARY
  5
3BBE
330
2B
100
AcDbDictionary
280
     1
281
     1
  3
ACAD_XREC_ROUNDTRIP
360
3BBF
  0
DICTIONARY
  5
3BC0
330
2C
100
AcDbDictionary
280
     1
281
     1
  3
ACAD_XREC_ROUNDTRIP
360
3BC1
  0
DICTIONARY
  5
3BC2
330
2D
100
AcDbDictionary
280
     1
281
     1
  3
ACAD_XREC_ROUNDTRIP
360
3BC3
  0
DICTIONARY
  5
3BCA
330
31
100
AcDbDictionary
280
     1
281
     1
  3
ACAD_XREC_ROUNDTRIP
360
3BCB
  0
DICTIONARY
  5
3BE6
330
3F
100
AcDbDictionary
280
     1
281
     1
  3
ACAD_XREC_ROUNDTRIP
360
3BE7
  0
DICTIONARY
  5
3BD6
330
37
100
AcDbDictionary
280
     1
281
     1
  3
ACAD_XREC_ROUNDTRIP
360
3BD7
  0
DICTIONARY
  5
3BE8
330
40
100
AcDbDictionary
280
     1
281
     1
  3
ACAD_XREC_ROUNDTRIP
360
3BE9
  0
DICTIONARY
  5
3BCE
330
33
100
AcDbDictionary
280
     1
281
     1
  3
ACAD_XREC_ROUNDTRIP
360
3BCF
  0
DICTIONARY
  5
3BE4
330
3E
100
AcDbDictionary
280
     1
281
     1
  3
ACAD_XREC_ROUNDTRIP
360
3BE5
  0
DICTIONARY
  5
3BE2
330
3D
100
AcDbDictionary
280
     1
281
     1
  3
ACAD_XREC_ROUNDTRIP
360
3BE3
  0
DICTIONARY
  5
3BDC
330
3A
100
AcDbDictionary
280
     1
281
     1
  3
ACAD_XREC_ROUNDTRIP
360
3BDD
  0
DICTIONARY
  5
3BDE
330
3B
100
AcDbDictionary
280
     1
281
     1
  3
ACAD_XREC_ROUNDTRIP
360
3BDF
  0
DICTIONARY
  5
3BD4
330
36
100
AcDbDictionary
280
     1
281
     1
  3
ACAD_XREC_ROUNDTRIP
360
3BD5
  0
DICTIONARY
  5
3BC8
330
30
100
AcDbDictionary
280
     1
281
     1
  3
ACAD_XREC_ROUNDTRIP
360
3BC9
  0
DICTIONARY
  5
3BE0
330
3C
100
AcDbDictionary
280
     1
281
     1
  3
ACAD_XREC_ROUNDTRIP
360
3BE1
  0
XRECORD
  5
3BEF
102
{ACAD_REACTORS
330
3BEE
102
}
330
3BEE
100
AcDbXrecord
280
     1
102
DISPLAYNAME
  1
Imperial24
102
FLAGS
 90
        0
  0
XRECORD
  5
1C
102
{ACAD_REACTORS
330
1A
102
}
330
1A
100
AcDbXrecord
280
     1
270
     1
271
     1
  0
XRECORD
  5
1B
102
{ACAD_REACTORS
330
1A
102
}
330
1A
100
AcDbXrecord
280
     1
270
     1
271
     1
  0
XRECORD
  5
1F
102
{ACAD_REACTORS
330
1A
102
}
330
1A
100
AcDbXrecord
280
     1
270
     1
271
     1
  0
XRECORD
  5
1E
102
{ACAD_REACTORS
330
1A
102
}
330
1A
100
AcDbXrecord
280
     1
270
     1
271
     1
  0
XRECORD
  5
20
102
{ACAD_REACTORS
330
1A
102
}
330
1A
100
AcDbXrecord
280
     1
270
     1
271
     1
  0
XRECORD
  5
1D
102
{ACAD_REACTORS
330
1A
102
}
330
1A
100
AcDbXrecord
280
     1
270
     1
271
     1
  0
XRECORD
  5
14
102
{ACAD_REACTORS
330
12
102
}
330
12
100
AcDbXrecord
280
     1
270
     1
271
     1
  0
XRECORD
  5
13
102
{ACAD_REACTORS
330
12
102
}
330
12
100
AcDbXrecord
280
     1
270
     1
271
     1
  0
XRECORD
  5
17
102
{ACAD_REACTORS
330
12
102
}
330
12
100
AcDbXrecord
280
     1
270
     1
271
     1
  0
XRECORD
  5
16
102
{ACAD_REACTORS
330
12
102
}
330
12
100
AcDbXrecord
280
     1
270
     1
271
     1
  0
XRECORD
  5
18
102
{ACAD_REACTORS
330
12
102
}
330
12
100
AcDbXrecord
280
     1
270
     1
271
     1
  0
XRECORD
  5
15
102
{ACAD_REACTORS
330
12
102
}
330
12
100
AcDbXrecord
280
     1
270
     1
271
     1
  0
XRECORD
  5
24
102
{ACAD_REACTORS
330
22
102
}
330
22
100
AcDbXrecord
280
     1
270
     1
271
     1
  0
XRECORD
  5
23
102
{ACAD_REACTORS
330
22
102
}
330
22
100
AcDbXrecord
280
     1
270
     1
271
     1
  0
XRECORD
  5
27
102
{ACAD_REACTORS
330
22
102
}
330
22
100
AcDbXrecord
280
     1
270
     1
271
     1
  0
XRECORD
  5
26
102
{ACAD_REACTORS
330
22
102
}
330
22
100
AcDbXrecord
280
     1
270
     1
271
     1
  0
XRECORD
  5
28
102
{ACAD_REACTORS
330
22
102
}
330
22
100
AcDbXrecord
280
     1
270
     1
271
     1
  0
XRECORD
  5
25
102
{ACAD_REACTORS
330
22
102
}
330
22
100
AcDbXrecord
280
     1
270
     1
271
     1
  0
XRECORD
  5
3BED
102
{ACAD_REACTORS
330
3BEC
102
}
330
3BEC
100
AcDbXrecord
280
     1
102
DISPLAYNAME
  1
Imperial24
102
FLAGS
 90
        0
  0
CELLSTYLEMAP
  5
3BBA
102
{ACAD_REACTORS
330
3BB9
102
}
330
3BB9
100
AcDbCellStyleMap
 90
        3
300
CELLSTYLE
  1
TABLEFORMAT_BEGIN
 90
        5
170
     1
 91
        0
 92
    32768
 62
   257
 93
        1
300
CONTENTFORMAT
  1
CONTENTFORMAT_BEGIN
 90
        0
 91
        0
 92
      512
 93
        0
300

 40
0.0
140
1.0
 94
        5
 62
     0
340
55
144
0.25
309
CONTENTFORMAT_END
171
     0
 94
        0
309
TABLEFORMAT_END
  1
CELLSTYLE_BEGIN
 90
        1
 91
        1
300
_TITLE
309
CELLSTYLE_END
300
CELLSTYLE
  1
TABLEFORMAT_BEGIN
 90
        5
170
     1
 91
        0
 92
        0
 62
   257
 93
        1
300
CONTENTFORMAT
  1
CONTENTFORMAT_BEGIN
 90
        0
 91
        0
 92
      512
 93
        0
300

 40
0.0
140
1.0
 94
        5
 62
     0
340
55
144
0.18
309
CONTENTFORMAT_END
171
     0
 94
        0
309
TABLEFORMAT_END
  1
CELLSTYLE_BEGIN
 90
        2
 91
        1
300
_HEADER
309
CELLSTYLE_END
300
CELLSTYLE
  1
TABLEFORMAT_BEGIN
 90
        5
170
     1
 91
        0
 92
        0
 62
   257
 93
        1
300
CONTENTFORMAT
  1
CONTENTFORMAT_BEGIN
 90
        0
 91
        0
 92
      512
 93
        0
300

 40
0.0
140
1.0
 94
        2
 62
     0
340
55
144
0.18
309
CONTENTFORMAT_END
171
     0
 94
        0
309
TABLEFORMAT_END
  1
CELLSTYLE_BEGIN
 90
        3
 91
        2
300
_DATA
309
CELLSTYLE_END
  0
XRECORD
  5
3BC7
102
{ACAD_REACTORS
330
3BC6
102
}
330
3BC6
100
AcDbXrecord
280
     1
102
RTVSPost2010Prop28
280
     1
102
RTVSPost2010PropOp28
 70
     1
102
RTVSPost2010Prop29
280
     1
102
RTVSPost2010PropOp29
 70
     1
102
RTVSPost2010Prop30
280
     0
102
RTVSPost2010PropOp30
 70
     1
102
RTVSPost2010Prop31
280
     0
102
RTVSPost2010PropOp31
 70
     1
102
RTVSPost2010Prop32
280
     0
102
RTVSPost2010PropOp32
 70
     1
102
RTVSPost2010Prop33
280
     0
102
RTVSPost2010PropOp33
 70
     1
102
RTVSPost2010Prop34
280
     0
102
RTVSPost2010PropOp34
 70
     1
102
RTVSPost2010Prop35
280
     0
102
RTVSPost2010PropOp35
 70
     1
102
RTVSPost2010Prop36
280
     0
102
RTVSPost2010PropOp36
 70
     1
102
RTVSPost2010Prop37
 90
       50
102
RTVSPost2010PropOp37
 70
     1
102
RTVSPost2010Prop38
140
0.0
102
RTVSPost2010PropOp38
 70
     1
102
RTVSPost2010Prop39
140
1.0
102
RTVSPost2010PropOp39
 70
     1
102
RTVSPost2010Prop40
 90
        0
102
RTVSPost2010PropOp40
 70
     1
102
RTVSPost2010Prop41ColorIndex
 90
       18
102
RTVSPost2010Prop41ColorRGB
 90
        0
102
RTVSPost2010PropOp41
 70
     1
102
RTVSPost2010Prop42
 90
       50
102
RTVSPost2010PropOp42
 70
     1
102
RTVSPost2010Prop43
 90
        3
102
RTVSPost2010PropOp43
 70
     1
102
RTVSPost2010Prop44ColorIndex
 90
        5
102
RTVSPost2010Prop44ColorRGB
 90
      255
102
RTVSPost2010PropOp44
 70
     1
102
RTVSPost2010Prop45
280
     0
102
RTVSPost2010PropOp45
 70
     1
102
RTVSPost2010Prop46
 90
       50
102
RTVSPost2010PropOp46
 70
     1
102
RTVSPost2010Prop47
 90
       50
102
RTVSPost2010PropOp47
 70
     1
102
RTVSPost2010Prop48
 90
       50
102
RTVSPost2010PropOp48
 70
     1
102
RTVSPost2010Prop49
280
     0
102
RTVSPost2010PropOp49
 70
     1
102
RTVSPost2010Prop50
 90
       50
102
RTVSPost2010PropOp50
 70
     1
102
RTVSPost2010Prop51ColorIndex
 90
      256
102
RTVSPost2010Prop51ColorRGB
 90
-16777216
102
RTVSPost2010PropOp51
 70
     0
102
RTVSPost2010Prop52
140
1.0
102
RTVSPost2010PropOp52
 70
     0
102
RTVSPost2010Prop53
 90
        2
102
RTVSPost2010PropOp53
 70
     1
102
RTVSPost2010Prop54
  1
strokes_ogs.tif
102
RTVSPost2010PropOp54
 70
     1
102
RTVSPost2010Prop55
280
     0
102
RTVSPost2010PropOp55
 70
     1
102
RTVSPost2010Prop56
140
1.0
102
RTVSPost2010PropOp56
 70
     1
102
RTVSPost2010Prop57
140
1.0
102
RTVSPost2010PropOp57
 70
     1
  0
XRECORD
  5
3BC5
102
{ACAD_REACTORS
330
3BC4
102
}
330
3BC4
100
AcDbXrecord
280
     1
102
RTVSPost2010Prop28
280
     0
102
RTVSPost2010PropOp28
 70
     1
102
RTVSPost2010Prop29
280
     1
102
RTVSPost2010PropOp29
 70
     1
102
RTVSPost2010Prop30
280
     1
102
RTVSPost2010PropOp30
 70
     1
102
RTVSPost2010Prop31
280
     0
102
RTVSPost2010PropOp31
 70
     1
102
RTVSPost2010Prop32
280
     0
102
RTVSPost2010PropOp32
 70
     1
102
RTVSPost2010Prop33
280
     0
102
RTVSPost2010PropOp33
 70
     1
102
RTVSPost2010Prop34
280
     0
102
RTVSPost2010PropOp34
 70
     1
102
RTVSPost2010Prop35
280
     0
102
RTVSPost2010PropOp35
 70
     1
102
RTVSPost2010Prop36
280
     0
102
RTVSPost2010PropOp36
 70
     1
102
RTVSPost2010Prop37
 90
       50
102
RTVSPost2010PropOp37
 70
     1
102
RTVSPost2010Prop38
140
0.0
102
RTVSPost2010PropOp38
 70
     1
102
RTVSPost2010Prop39
140
1.0
102
RTVSPost2010PropOp39
 70
     1
102
RTVSPost2010Prop40
 90
        0
102
RTVSPost2010PropOp40
 70
     1
102
RTVSPost2010Prop41ColorIndex
 90
       18
102
RTVSPost2010Prop41ColorRGB
 90
        0
102
RTVSPost2010PropOp41
 70
     1
102
RTVSPost2010Prop42
 90
       50
102
RTVSPost2010PropOp42
 70
     1
102
RTVSPost2010Prop43
 90
        3
102
RTVSPost2010PropOp43
 70
     1
102
RTVSPost2010Prop44ColorIndex
 90
        5
102
RTVSPost2010Prop44ColorRGB
 90
      255
102
RTVSPost2010PropOp44
 70
     1
102
RTVSPost2010Prop45
280
     0
102
RTVSPost2010PropOp45
 70
     1
102
RTVSPost2010Prop46
 90
       50
102
RTVSPost2010PropOp46
 70
     1
102
RTVSPost2010Prop47
 90
       50
102
RTVSPost2010PropOp47
 70
     1
102
RTVSPost2010Prop48
 90
       50
102
RTVSPost2010PropOp48
 70
     1
102
RTVSPost2010Prop49
280
     0
102
RTVSPost2010PropOp49
 70
     1
102
RTVSPost2010Prop50
 90
       50
102
RTVSPost2010PropOp50
 70
     1
102
RTVSPost2010Prop51ColorIndex
 90
      256
102
RTVSPost2010Prop51ColorRGB
 90
-16777216
102
RTVSPost2010PropOp51
 70
     0
102
RTVSPost2010Prop52
140
1.0
102
RTVSPost2010PropOp52
 70
     0
102
RTVSPost2010Prop53
 90
        2
102
RTVSPost2010PropOp53
 70
     1
102
RTVSPost2010Prop54
  1
strokes_ogs.tif
102
RTVSPost2010PropOp54
 70
     1
102
RTVSPost2010Prop55
280
     0
102
RTVSPost2010PropOp55
 70
     1
102
RTVSPost2010Prop56
140
1.0
102
RTVSPost2010PropOp56
 70
     1
102
RTVSPost2010Prop57
140
1.0
102
RTVSPost2010PropOp57
 70
     1
  0
XRECORD
  5
3BD3
102
{ACAD_REACTORS
330
3BD2
102
}
330
3BD2
100
AcDbXrecord
280
     1
102
RTVSPost2010Prop28
280
     0
102
RTVSPost2010PropOp28
 70
     1
102
RTVSPost2010Prop29
280
     1
102
RTVSPost2010PropOp29
 70
     1
102
RTVSPost2010Prop30
280
     1
102
RTVSPost2010PropOp30
 70
     1
102
RTVSPost2010Prop31
280
     0
102
RTVSPost2010PropOp31
 70
     1
102
RTVSPost2010Prop32
280
     0
102
RTVSPost2010PropOp32
 70
     1
102
RTVSPost2010Prop33
280
     0
102
RTVSPost2010PropOp33
 70
     1
102
RTVSPost2010Prop34
280
     0
102
RTVSPost2010PropOp34
 70
     1
102
RTVSPost2010Prop35
280
     0
102
RTVSPost2010PropOp35
 70
     1
102
RTVSPost2010Prop36
280
     0
102
RTVSPost2010PropOp36
 70
     1
102
RTVSPost2010Prop37
 90
       50
102
RTVSPost2010PropOp37
 70
     1
102
RTVSPost2010Prop38
140
0.0
102
RTVSPost2010PropOp38
 70
     1
102
RTVSPost2010Prop39
140
1.0
102
RTVSPost2010PropOp39
 70
     1
102
RTVSPost2010Prop40
 90
        0
102
RTVSPost2010PropOp40
 70
     1
102
RTVSPost2010Prop41ColorIndex
 90
       18
102
RTVSPost2010Prop41ColorRGB
 90
        0
102
RTVSPost2010PropOp41
 70
     1
102
RTVSPost2010Prop42
 90
       50
102
RTVSPost2010PropOp42
 70
     1
102
RTVSPost2010Prop43
 90
        3
102
RTVSPost2010PropOp43
 70
     1
102
RTVSPost2010Prop44ColorIndex
 90
        5
102
RTVSPost2010Prop44ColorRGB
 90
      255
102
RTVSPost2010PropOp44
 70
     1
102
RTVSPost2010Prop45
280
     0
102
RTVSPost2010PropOp45
 70
     1
102
RTVSPost2010Prop46
 90
       50
102
RTVSPost2010PropOp46
 70
     1
102
RTVSPost2010Prop47
 90
       50
102
RTVSPost2010PropOp47
 70
     1
102
RTVSPost2010Prop48
 90
       50
102
RTVSPost2010PropOp48
 70
     1
102
RTVSPost2010Prop49
280
     0
102
RTVSPost2010PropOp49
 70
     1
102
RTVSPost2010Prop50
 90
       50
102
RTVSPost2010PropOp50
 70
     1
102
RTVSPost2010Prop51ColorIndex
 90
      256
102
RTVSPost2010Prop51ColorRGB
 90
-16777216
102
RTVSPost2010PropOp51
 70
     0
102
RTVSPost2010Prop52
140
1.0
102
RTVSPost2010PropOp52
 70
     0
102
RTVSPost2010Prop53
 90
        2
102
RTVSPost2010PropOp53
 70
     1
102
RTVSPost2010Prop54
  1
strokes_ogs.tif
102
RTVSPost2010PropOp54
 70
     1
102
RTVSPost2010Prop55
280
     0
102
RTVSPost2010PropOp55
 70
     1
102
RTVSPost2010Prop56
140
1.0
102
RTVSPost2010PropOp56
 70
     1
102
RTVSPost2010Prop57
140
1.0
102
RTVSPost2010PropOp57
 70
     1
  0
XRECORD
  5
3BDB
102
{ACAD_REACTORS
330
3BDA
102
}
330
3BDA
100
AcDbXrecord
280
     1
102
RTVSPost2010Prop28
280
     0
102
RTVSPost2010PropOp28
 70
     1
102
RTVSPost2010Prop29
280
     1
102
RTVSPost2010PropOp29
 70
     1
102
RTVSPost2010Prop30
280
     1
102
RTVSPost2010PropOp30
 70
     1
102
RTVSPost2010Prop31
280
     0
102
RTVSPost2010PropOp31
 70
     1
102
RTVSPost2010Prop32
280
     0
102
RTVSPost2010PropOp32
 70
     1
102
RTVSPost2010Prop33
280
     0
102
RTVSPost2010PropOp33
 70
     1
102
RTVSPost2010Prop34
280
     0
102
RTVSPost2010PropOp34
 70
     1
102
RTVSPost2010Prop35
280
     0
102
RTVSPost2010PropOp35
 70
     1
102
RTVSPost2010Prop36
280
     0
102
RTVSPost2010PropOp36
 70
     1
102
RTVSPost2010Prop37
 90
       50
102
RTVSPost2010PropOp37
 70
     1
102
RTVSPost2010Prop38
140
0.0
102
RTVSPost2010PropOp38
 70
     1
102
RTVSPost2010Prop39
140
1.0
102
RTVSPost2010PropOp39
 70
     1
102
RTVSPost2010Prop40
 90
        0
102
RTVSPost2010PropOp40
 70
     1
102
RTVSPost2010Prop41ColorIndex
 90
       18
102
RTVSPost2010Prop41ColorRGB
 90
        0
102
RTVSPost2010PropOp41
 70
     1
102
RTVSPost2010Prop42
 90
       50
102
RTVSPost2010PropOp42
 70
     1
102
RTVSPost2010Prop43
 90
        3
102
RTVSPost2010PropOp43
 70
     1
102
RTVSPost2010Prop44ColorIndex
 90
        5
102
RTVSPost2010Prop44ColorRGB
 90
      255
102
RTVSPost2010PropOp44
 70
     1
102
RTVSPost2010Prop45
280
     0
102
RTVSPost2010PropOp45
 70
     1
102
RTVSPost2010Prop46
 90
       50
102
RTVSPost2010PropOp46
 70
     1
102
RTVSPost2010Prop47
 90
       50
102
RTVSPost2010PropOp47
 70
     1
102
RTVSPost2010Prop48
 90
       50
102
RTVSPost2010PropOp48
 70
     1
102
RTVSPost2010Prop49
280
     0
102
RTVSPost2010PropOp49
 70
     1
102
RTVSPost2010Prop50
 90
       50
102
RTVSPost2010PropOp50
 70
     1
102
RTVSPost2010Prop51ColorIndex
 90
      256
102
RTVSPost2010Prop51ColorRGB
 90
-16777216
102
RTVSPost2010PropOp51
 70
     0
102
RTVSPost2010Prop52
140
1.0
102
RTVSPost2010PropOp52
 70
     0
102
RTVSPost2010Prop53
 90
        2
102
RTVSPost2010PropOp53
 70
     1
102
RTVSPost2010Prop54
  1
strokes_ogs.tif
102
RTVSPost2010PropOp54
 70
     1
102
RTVSPost2010Prop55
280
     0
102
RTVSPost2010PropOp55
 70
     1
102
RTVSPost2010Prop56
140
1.0
102
RTVSPost2010PropOp56
 70
     1
102
RTVSPost2010Prop57
140
1.0
102
RTVSPost2010PropOp57
 70
     1
  0
XRECORD
  5
3BCD
102
{ACAD_REACTORS
330
3BCC
102
}
330
3BCC
100
AcDbXrecord
280
     1
102
RTVSPost2010Prop28
280
     0
102
RTVSPost2010PropOp28
 70
     1
102
RTVSPost2010Prop29
280
     1
102
RTVSPost2010PropOp29
 70
     1
102
RTVSPost2010Prop30
280
     1
102
RTVSPost2010PropOp30
 70
     1
102
RTVSPost2010Prop31
280
     0
102
RTVSPost2010PropOp31
 70
     1
102
RTVSPost2010Prop32
280
     0
102
RTVSPost2010PropOp32
 70
     1
102
RTVSPost2010Prop33
280
     0
102
RTVSPost2010PropOp33
 70
     1
102
RTVSPost2010Prop34
280
     0
102
RTVSPost2010PropOp34
 70
     1
102
RTVSPost2010Prop35
280
     0
102
RTVSPost2010PropOp35
 70
     1
102
RTVSPost2010Prop36
280
     0
102
RTVSPost2010PropOp36
 70
     1
102
RTVSPost2010Prop37
 90
       50
102
RTVSPost2010PropOp37
 70
     1
102
RTVSPost2010Prop38
140
0.0
102
RTVSPost2010PropOp38
 70
     1
102
RTVSPost2010Prop39
140
1.0
102
RTVSPost2010PropOp39
 70
     1
102
RTVSPost2010Prop40
 90
        0
102
RTVSPost2010PropOp40
 70
     1
102
RTVSPost2010Prop41ColorIndex
 90
       18
102
RTVSPost2010Prop41ColorRGB
 90
        0
102
RTVSPost2010PropOp41
 70
     1
102
RTVSPost2010Prop42
 90
       50
102
RTVSPost2010PropOp42
 70
     1
102
RTVSPost2010Prop43
 90
        3
102
RTVSPost2010PropOp43
 70
     1
102
RTVSPost2010Prop44ColorIndex
 90
        5
102
RTVSPost2010Prop44ColorRGB
 90
      255
102
RTVSPost2010PropOp44
 70
     1
102
RTVSPost2010Prop45
280
     0
102
RTVSPost2010PropOp45
 70
     1
102
RTVSPost2010Prop46
 90
       50
102
RTVSPost2010PropOp46
 70
     1
102
RTVSPost2010Prop47
 90
       50
102
RTVSPost2010PropOp47
 70
     1
102
RTVSPost2010Prop48
 90
       50
102
RTVSPost2010PropOp48
 70
     1
102
RTVSPost2010Prop49
280
     0
102
RTVSPost2010PropOp49
 70
     1
102
RTVSPost2010Prop50
 90
       50
102
RTVSPost2010PropOp50
 70
     1
102
RTVSPost2010Prop51ColorIndex
 90
      256
102
RTVSPost2010Prop51ColorRGB
 90
-16777216
102
RTVSPost2010PropOp51
 70
     0
102
RTVSPost2010Prop52
140
1.0
102
RTVSPost2010PropOp52
 70
     0
102
RTVSPost2010Prop53
 90
        2
102
RTVSPost2010PropOp53
 70
     1
102
RTVSPost2010Prop54
  1
strokes_ogs.tif
102
RTVSPost2010PropOp54
 70
     1
102
RTVSPost2010Prop55
280
     0
102
RTVSPost2010PropOp55
 70
     1
102
RTVSPost2010Prop56
140
1.0
102
RTVSPost2010PropOp56
 70
     1
102
RTVSPost2010Prop57
140
1.0
102
RTVSPost2010PropOp57
 70
     1
  0
XRECORD
  5
3BD1
102
{ACAD_REACTORS
330
3BD0
102
}
330
3BD0
100
AcDbXrecord
280
     1
102
RTVSPost2010Prop28
280
     0
102
RTVSPost2010PropOp28
 70
     1
102
RTVSPost2010Prop29
280
     1
102
RTVSPost2010PropOp29
 70
     1
102
RTVSPost2010Prop30
280
     1
102
RTVSPost2010PropOp30
 70
     1
102
RTVSPost2010Prop31
280
     0
102
RTVSPost2010PropOp31
 70
     1
102
RTVSPost2010Prop32
280
     0
102
RTVSPost2010PropOp32
 70
     1
102
RTVSPost2010Prop33
280
     0
102
RTVSPost2010PropOp33
 70
     1
102
RTVSPost2010Prop34
280
     0
102
RTVSPost2010PropOp34
 70
     1
102
RTVSPost2010Prop35
280
     0
102
RTVSPost2010PropOp35
 70
     1
102
RTVSPost2010Prop36
280
     0
102
RTVSPost2010PropOp36
 70
     1
102
RTVSPost2010Prop37
 90
       50
102
RTVSPost2010PropOp37
 70
     1
102
RTVSPost2010Prop38
140
0.0
102
RTVSPost2010PropOp38
 70
     1
102
RTVSPost2010Prop39
140
1.0
102
RTVSPost2010PropOp39
 70
     1
102
RTVSPost2010Prop40
 90
        0
102
RTVSPost2010PropOp40
 70
     1
102
RTVSPost2010Prop41ColorIndex
 90
       18
102
RTVSPost2010Prop41ColorRGB
 90
        0
102
RTVSPost2010PropOp41
 70
     1
102
RTVSPost2010Prop42
 90
       50
102
RTVSPost2010PropOp42
 70
     1
102
RTVSPost2010Prop43
 90
        3
102
RTVSPost2010PropOp43
 70
     1
102
RTVSPost2010Prop44ColorIndex
 90
        5
102
RTVSPost2010Prop44ColorRGB
 90
      255
102
RTVSPost2010PropOp44
 70
     1
102
RTVSPost2010Prop45
280
     0
102
RTVSPost2010PropOp45
 70
     1
102
RTVSPost2010Prop46
 90
       50
102
RTVSPost2010PropOp46
 70
     1
102
RTVSPost2010Prop47
 90
       50
102
RTVSPost2010PropOp47
 70
     1
102
RTVSPost2010Prop48
 90
       50
102
RTVSPost2010PropOp48
 70
     1
102
RTVSPost2010Prop49
280
     0
102
RTVSPost2010PropOp49
 70
     1
102
RTVSPost2010Prop50
 90
       50
102
RTVSPost2010PropOp50
 70
     1
102
RTVSPost2010Prop51ColorIndex
 90
      256
102
RTVSPost2010Prop51ColorRGB
 90
-16777216
102
RTVSPost2010PropOp51
 70
     0
102
RTVSPost2010Prop52
140
1.0
102
RTVSPost2010PropOp52
 70
     0
102
RTVSPost2010Prop53
 90
        2
102
RTVSPost2010PropOp53
 70
     1
102
RTVSPost2010Prop54
  1
strokes_ogs.tif
102
RTVSPost2010PropOp54
 70
     1
102
RTVSPost2010Prop55
280
     0
102
RTVSPost2010PropOp55
 70
     1
102
RTVSPost2010Prop56
140
1.0
102
RTVSPost2010PropOp56
 70
     1
102
RTVSPost2010Prop57
140
1.0
102
RTVSPost2010PropOp57
 70
     1
  0
XRECORD
  5
3BEB
102
{ACAD_REACTORS
330
3BEA
102
}
330
3BEA
100
AcDbXrecord
280
     1
102
RTVSPost2010Prop28
280
     0
102
RTVSPost2010PropOp28
 70
     1
102
RTVSPost2010Prop29
280
     1
102
RTVSPost2010PropOp29
 70
     1
102
RTVSPost2010Prop30
280
     1
102
RTVSPost2010PropOp30
 70
     1
102
RTVSPost2010Prop31
280
     0
102
RTVSPost2010PropOp31
 70
     1
102
RTVSPost2010Prop32
280
     0
102
RTVSPost2010PropOp32
 70
     1
102
RTVSPost2010Prop33
280
     0
102
RTVSPost2010PropOp33
 70
     1
102
RTVSPost2010Prop34
280
     0
102
RTVSPost2010PropOp34
 70
     1
102
RTVSPost2010Prop35
280
     0
102
RTVSPost2010PropOp35
 70
     1
102
RTVSPost2010Prop36
280
     0
102
RTVSPost2010PropOp36
 70
     1
102
RTVSPost2010Prop37
 90
       50
102
RTVSPost2010PropOp37
 70
     0
102
RTVSPost2010Prop38
140
0.0
102
RTVSPost2010PropOp38
 70
     0
102
RTVSPost2010Prop39
140
1.0
102
RTVSPost2010PropOp39
 70
     0
102
RTVSPost2010Prop40
 90
        0
102
RTVSPost2010PropOp40
 70
     0
102
RTVSPost2010Prop41ColorIndex
 90
       18
102
RTVSPost2010Prop41ColorRGB
 90
        0
102
RTVSPost2010PropOp41
 70
     0
102
RTVSPost2010Prop42
 90
       50
102
RTVSPost2010PropOp42
 70
     0
102
RTVSPost2010Prop43
 90
        3
102
RTVSPost2010PropOp43
 70
     0
102
RTVSPost2010Prop44ColorIndex
 90
        5
102
RTVSPost2010Prop44ColorRGB
 90
      255
102
RTVSPost2010PropOp44
 70
     0
102
RTVSPost2010Prop45
280
     0
102
RTVSPost2010PropOp45
 70
     1
102
RTVSPost2010Prop46
 90
       50
102
RTVSPost2010PropOp46
 70
     0
102
RTVSPost2010Prop47
 90
       50
102
RTVSPost2010PropOp47
 70
     0
102
RTVSPost2010Prop48
 90
       50
102
RTVSPost2010PropOp48
 70
     0
102
RTVSPost2010Prop49
280
     0
102
RTVSPost2010PropOp49
 70
     1
102
RTVSPost2010Prop50
 90
       50
102
RTVSPost2010PropOp50
 70
     0
102
RTVSPost2010Prop51ColorIndex
 90
      256
102
RTVSPost2010Prop51ColorRGB
 90
-16777216
102
RTVSPost2010PropOp51
 70
     0
102
RTVSPost2010Prop52
140
1.0
102
RTVSPost2010PropOp52
 70
     0
102
RTVSPost2010Prop53
 90
        2
102
RTVSPost2010PropOp53
 70
     0
102
RTVSPost2010Prop54
  1
strokes_ogs.tif
102
RTVSPost2010PropOp54
 70
     0
102
RTVSPost2010Prop55
280
     0
102
RTVSPost2010PropOp55
 70
     1
102
RTVSPost2010Prop56
140
1.0
102
RTVSPost2010PropOp56
 70
     0
102
RTVSPost2010Prop57
140
1.0
102
RTVSPost2010PropOp57
 70
     0
  0
XRECORD
  5
3BD9
102
{ACAD_REACTORS
330
3BD8
102
}
330
3BD8
100
AcDbXrecord
280
     1
102
RTVSPost2010Prop28
280
     0
102
RTVSPost2010PropOp28
 70
     1
102
RTVSPost2010Prop29
280
     1
102
RTVSPost2010PropOp29
 70
     1
102
RTVSPost2010Prop30
280
     1
102
RTVSPost2010PropOp30
 70
     1
102
RTVSPost2010Prop31
280
     0
102
RTVSPost2010PropOp31
 70
     1
102
RTVSPost2010Prop32
280
     0
102
RTVSPost2010PropOp32
 70
     1
102
RTVSPost2010Prop33
280
     0
102
RTVSPost2010PropOp33
 70
     1
102
RTVSPost2010Prop34
280
     0
102
RTVSPost2010PropOp34
 70
     1
102
RTVSPost2010Prop35
280
     0
102
RTVSPost2010PropOp35
 70
     1
102
RTVSPost2010Prop36
280
     0
102
RTVSPost2010PropOp36
 70
     1
102
RTVSPost2010Prop37
 90
       50
102
RTVSPost2010PropOp37
 70
     1
102
RTVSPost2010Prop38
140
0.0
102
RTVSPost2010PropOp38
 70
     1
102
RTVSPost2010Prop39
140
1.0
102
RTVSPost2010PropOp39
 70
     1
102
RTVSPost2010Prop40
 90
        0
102
RTVSPost2010PropOp40
 70
     1
102
RTVSPost2010Prop41ColorIndex
 90
       18
102
RTVSPost2010Prop41ColorRGB
 90
        0
102
RTVSPost2010PropOp41
 70
     1
102
RTVSPost2010Prop42
 90
       50
102
RTVSPost2010PropOp42
 70
     1
102
RTVSPost2010Prop43
 90
        3
102
RTVSPost2010PropOp43
 70
     1
102
RTVSPost2010Prop44ColorIndex
 90
        5
102
RTVSPost2010Prop44ColorRGB
 90
      255
102
RTVSPost2010PropOp44
 70
     1
102
RTVSPost2010Prop45
280
     0
102
RTVSPost2010PropOp45
 70
     1
102
RTVSPost2010Prop46
 90
       50
102
RTVSPost2010PropOp46
 70
     1
102
RTVSPost2010Prop47
 90
       50
102
RTVSPost2010PropOp47
 70
     1
102
RTVSPost2010Prop48
 90
       50
102
RTVSPost2010PropOp48
 70
     1
102
RTVSPost2010Prop49
280
     0
102
RTVSPost2010PropOp49
 70
     1
102
RTVSPost2010Prop50
 90
       50
102
RTVSPost2010PropOp50
 70
     1
102
RTVSPost2010Prop51ColorIndex
 90
      256
102
RTVSPost2010Prop51ColorRGB
 90
-16777216
102
RTVSPost2010PropOp51
 70
     0
102
RTVSPost2010Prop52
140
1.0
102
RTVSPost2010PropOp52
 70
     0
102
RTVSPost2010Prop53
 90
        2
102
RTVSPost2010PropOp53
 70
     1
102
RTVSPost2010Prop54
  1
strokes_ogs.tif
102
RTVSPost2010PropOp54
 70
     1
102
RTVSPost2010Prop55
280
     0
102
RTVSPost2010PropOp55
 70
     1
102
RTVSPost2010Prop56
140
1.0
102
RTVSPost2010PropOp56
 70
     1
102
RTVSPost2010Prop57
140
1.0
102
RTVSPost2010PropOp57
 70
     1
  0
XRECORD
  5
3BBD
102
{ACAD_REACTORS
330
3BBC
102
}
330
3BBC
100
AcDbXrecord
280
     1
102
RTVSPost2010Prop28
280
     0
102
RTVSPost2010PropOp28
 70
     1
102
RTVSPost2010Prop29
280
     1
102
RTVSPost2010PropOp29
 70
     1
102
RTVSPost2010Prop30
280
     1
102
RTVSPost2010PropOp30
 70
     1
102
RTVSPost2010Prop31
280
     0
102
RTVSPost2010PropOp31
 70
     1
102
RTVSPost2010Prop32
280
     0
102
RTVSPost2010PropOp32
 70
     1
102
RTVSPost2010Prop33
280
     0
102
RTVSPost2010PropOp33
 70
     1
102
RTVSPost2010Prop34
280
     0
102
RTVSPost2010PropOp34
 70
     1
102
RTVSPost2010Prop35
280
     0
102
RTVSPost2010PropOp35
 70
     1
102
RTVSPost2010Prop36
280
     0
102
RTVSPost2010PropOp36
 70
     1
102
RTVSPost2010Prop37
 90
       50
102
RTVSPost2010PropOp37
 70
     1
102
RTVSPost2010Prop38
140
0.0
102
RTVSPost2010PropOp38
 70
     1
102
RTVSPost2010Prop39
140
1.0
102
RTVSPost2010PropOp39
 70
     1
102
RTVSPost2010Prop40
 90
        0
102
RTVSPost2010PropOp40
 70
     1
102
RTVSPost2010Prop41ColorIndex
 90
       18
102
RTVSPost2010Prop41ColorRGB
 90
        0
102
RTVSPost2010PropOp41
 70
     1
102
RTVSPost2010Prop42
 90
       50
102
RTVSPost2010PropOp42
 70
     1
102
RTVSPost2010Prop43
 90
        3
102
RTVSPost2010PropOp43
 70
     1
102
RTVSPost2010Prop44ColorIndex
 90
        5
102
RTVSPost2010Prop44ColorRGB
 90
      255
102
RTVSPost2010PropOp44
 70
     1
102
RTVSPost2010Prop45
280
     0
102
RTVSPost2010PropOp45
 70
     1
102
RTVSPost2010Prop46
 90
       50
102
RTVSPost2010PropOp46
 70
     1
102
RTVSPost2010Prop47
 90
       50
102
RTVSPost2010PropOp47
 70
     1
102
RTVSPost2010Prop48
 90
       50
102
RTVSPost2010PropOp48
 70
     1
102
RTVSPost2010Prop49
280
     0
102
RTVSPost2010PropOp49
 70
     1
102
RTVSPost2010Prop50
 90
       50
102
RTVSPost2010PropOp50
 70
     1
102
RTVSPost2010Prop51ColorIndex
 90
      256
102
RTVSPost2010Prop51ColorRGB
 90
-16777216
102
RTVSPost2010PropOp51
 70
     0
102
RTVSPost2010Prop52
140
1.0
102
RTVSPost2010PropOp52
 70
     0
102
RTVSPost2010Prop53
 90
        2
102
RTVSPost2010PropOp53
 70
     1
102
RTVSPost2010Prop54
  1
strokes_ogs.tif
102
RTVSPost2010PropOp54
 70
     1
102
RTVSPost2010Prop55
280
     0
102
RTVSPost2010PropOp55
 70
     1
102
RTVSPost2010Prop56
140
1.0
102
RTVSPost2010PropOp56
 70
     1
102
RTVSPost2010Prop57
140
1.0
102
RTVSPost2010PropOp57
 70
     1
  0
XRECORD
  5
3BBF
102
{ACAD_REACTORS
330
3BBE
102
}
330
3BBE
100
AcDbXrecord
280
     1
102
RTVSPost2010Prop28
280
     0
102
RTVSPost2010PropOp28
 70
     1
102
RTVSPost2010Prop29
280
     1
102
RTVSPost2010PropOp29
 70
     1
102
RTVSPost2010Prop30
280
     1
102
RTVSPost2010PropOp30
 70
     1
102
RTVSPost2010Prop31
280
     0
102
RTVSPost2010PropOp31
 70
     1
102
RTVSPost2010Prop32
280
     0
102
RTVSPost2010PropOp32
 70
     1
102
RTVSPost2010Prop33
280
     0
102
RTVSPost2010PropOp33
 70
     1
102
RTVSPost2010Prop34
280
     0
102
RTVSPost2010PropOp34
 70
     1
102
RTVSPost2010Prop35
280
     0
102
RTVSPost2010PropOp35
 70
     1
102
RTVSPost2010Prop36
280
     0
102
RTVSPost2010PropOp36
 70
     1
102
RTVSPost2010Prop37
 90
       50
102
RTVSPost2010PropOp37
 70
     1
102
RTVSPost2010Prop38
140
0.0
102
RTVSPost2010PropOp38
 70
     1
102
RTVSPost2010Prop39
140
1.0
102
RTVSPost2010PropOp39
 70
     1
102
RTVSPost2010Prop40
 90
        0
102
RTVSPost2010PropOp40
 70
     1
102
RTVSPost2010Prop41ColorIndex
 90
       18
102
RTVSPost2010Prop41ColorRGB
 90
        0
102
RTVSPost2010PropOp41
 70
     1
102
RTVSPost2010Prop42
 90
       50
102
RTVSPost2010PropOp42
 70
     1
102
RTVSPost2010Prop43
 90
        3
102
RTVSPost2010PropOp43
 70
     1
102
RTVSPost2010Prop44ColorIndex
 90
        5
102
RTVSPost2010Prop44ColorRGB
 90
      255
102
RTVSPost2010PropOp44
 70
     1
102
RTVSPost2010Prop45
280
     0
102
RTVSPost2010PropOp45
 70
     1
102
RTVSPost2010Prop46
 90
       50
102
RTVSPost2010PropOp46
 70
     1
102
RTVSPost2010Prop47
 90
       50
102
RTVSPost2010PropOp47
 70
     1
102
RTVSPost2010Prop48
 90
       50
102
RTVSPost2010PropOp48
 70
     1
102
RTVSPost2010Prop49
280
     0
102
RTVSPost2010PropOp49
 70
     1
102
RTVSPost2010Prop50
 90
       50
102
RTVSPost2010PropOp50
 70
     1
102
RTVSPost2010Prop51ColorIndex
 90
      256
102
RTVSPost2010Prop51ColorRGB
 90
-16777216
102
RTVSPost2010PropOp51
 70
     0
102
RTVSPost2010Prop52
140
1.0
102
RTVSPost2010PropOp52
 70
     0
102
RTVSPost2010Prop53
 90
        2
102
RTVSPost2010PropOp53
 70
     1
102
RTVSPost2010Prop54
  1
strokes_ogs.tif
102
RTVSPost2010PropOp54
 70
     1
102
RTVSPost2010Prop55
280
     0
102
RTVSPost2010PropOp55
 70
     1
102
RTVSPost2010Prop56
140
1.0
102
RTVSPost2010PropOp56
 70
     1
102
RTVSPost2010Prop57
140
1.0
102
RTVSPost2010PropOp57
 70
     1
  0
XRECORD
  5
3BC1
102
{ACAD_REACTORS
330
3BC0
102
}
330
3BC0
100
AcDbXrecord
280
     1
102
RTVSPost2010Prop28
280
     0
102
RTVSPost2010PropOp28
 70
     1
102
RTVSPost2010Prop29
280
     1
102
RTVSPost2010PropOp29
 70
     1
102
RTVSPost2010Prop30
280
     1
102
RTVSPost2010PropOp30
 70
     1
102
RTVSPost2010Prop31
280
     0
102
RTVSPost2010PropOp31
 70
     1
102
RTVSPost2010Prop32
280
     0
102
RTVSPost2010PropOp32
 70
     1
102
RTVSPost2010Prop33
280
     0
102
RTVSPost2010PropOp33
 70
     1
102
RTVSPost2010Prop34
280
     0
102
RTVSPost2010PropOp34
 70
     1
102
RTVSPost2010Prop35
280
     0
102
RTVSPost2010PropOp35
 70
     1
102
RTVSPost2010Prop36
280
     0
102
RTVSPost2010PropOp36
 70
     1
102
RTVSPost2010Prop37
 90
       50
102
RTVSPost2010PropOp37
 70
     1
102
RTVSPost2010Prop38
140
0.0
102
RTVSPost2010PropOp38
 70
     1
102
RTVSPost2010Prop39
140
1.0
102
RTVSPost2010PropOp39
 70
     1
102
RTVSPost2010Prop40
 90
        0
102
RTVSPost2010PropOp40
 70
     1
102
RTVSPost2010Prop41ColorIndex
 90
       18
102
RTVSPost2010Prop41ColorRGB
 90
        0
102
RTVSPost2010PropOp41
 70
     1
102
RTVSPost2010Prop42
 90
       50
102
RTVSPost2010PropOp42
 70
     1
102
RTVSPost2010Prop43
 90
        3
102
RTVSPost2010PropOp43
 70
     1
102
RTVSPost2010Prop44ColorIndex
 90
        5
102
RTVSPost2010Prop44ColorRGB
 90
      255
102
RTVSPost2010PropOp44
 70
     1
102
RTVSPost2010Prop45
280
     0
102
RTVSPost2010PropOp45
 70
     1
102
RTVSPost2010Prop46
 90
       50
102
RTVSPost2010PropOp46
 70
     1
102
RTVSPost2010Prop47
 90
       50
102
RTVSPost2010PropOp47
 70
     1
102
RTVSPost2010Prop48
 90
       50
102
RTVSPost2010PropOp48
 70
     1
102
RTVSPost2010Prop49
280
     0
102
RTVSPost2010PropOp49
 70
     1
102
RTVSPost2010Prop50
 90
       50
102
RTVSPost2010PropOp50
 70
     1
102
RTVSPost2010Prop51ColorIndex
 90
      256
102
RTVSPost2010Prop51ColorRGB
 90
-16777216
102
RTVSPost2010PropOp51
 70
     0
102
RTVSPost2010Prop52
140
1.0
102
RTVSPost2010PropOp52
 70
     0
102
RTVSPost2010Prop53
 90
        2
102
RTVSPost2010PropOp53
 70
     1
102
RTVSPost2010Prop54
  1
strokes_ogs.tif
102
RTVSPost2010PropOp54
 70
     1
102
RTVSPost2010Prop55
280
     0
102
RTVSPost2010PropOp55
 70
     1
102
RTVSPost2010Prop56
140
1.0
102
RTVSPost2010PropOp56
 70
     1
102
RTVSPost2010Prop57
140
1.0
102
RTVSPost2010PropOp57
 70
     1
  0
XRECORD
  5
3BC3
102
{ACAD_REACTORS
330
3BC2
102
}
330
3BC2
100
AcDbXrecord
280
     1
102
RTVSPost2010Prop28
280
     0
102
RTVSPost2010PropOp28
 70
     1
102
RTVSPost2010Prop29
280
     1
102
RTVSPost2010PropOp29
 70
     1
102
RTVSPost2010Prop30
280
     1
102
RTVSPost2010PropOp30
 70
     1
102
RTVSPost2010Prop31
280
     0
102
RTVSPost2010PropOp31
 70
     1
102
RTVSPost2010Prop32
280
     0
102
RTVSPost2010PropOp32
 70
     1
102
RTVSPost2010Prop33
280
     0
102
RTVSPost2010PropOp33
 70
     1
102
RTVSPost2010Prop34
280
     0
102
RTVSPost2010PropOp34
 70
     1
102
RTVSPost2010Prop35
280
     0
102
RTVSPost2010PropOp35
 70
     1
102
RTVSPost2010Prop36
280
     0
102
RTVSPost2010PropOp36
 70
     1
102
RTVSPost2010Prop37
 90
       50
102
RTVSPost2010PropOp37
 70
     1
102
RTVSPost2010Prop38
140
0.0
102
RTVSPost2010PropOp38
 70
     1
102
RTVSPost2010Prop39
140
1.0
102
RTVSPost2010PropOp39
 70
     1
102
RTVSPost2010Prop40
 90
        0
102
RTVSPost2010PropOp40
 70
     1
102
RTVSPost2010Prop41ColorIndex
 90
       18
102
RTVSPost2010Prop41ColorRGB
 90
        0
102
RTVSPost2010PropOp41
 70
     1
102
RTVSPost2010Prop42
 90
       50
102
RTVSPost2010PropOp42
 70
     1
102
RTVSPost2010Prop43
 90
        3
102
RTVSPost2010PropOp43
 70
     1
102
RTVSPost2010Prop44ColorIndex
 90
        5
102
RTVSPost2010Prop44ColorRGB
 90
      255
102
RTVSPost2010PropOp44
 70
     1
102
RTVSPost2010Prop45
280
     0
102
RTVSPost2010PropOp45
 70
     1
102
RTVSPost2010Prop46
 90
       50
102
RTVSPost2010PropOp46
 70
     1
102
RTVSPost2010Prop47
 90
       50
102
RTVSPost2010PropOp47
 70
     1
102
RTVSPost2010Prop48
 90
       50
102
RTVSPost2010PropOp48
 70
     1
102
RTVSPost2010Prop49
280
     0
102
RTVSPost2010PropOp49
 70
     1
102
RTVSPost2010Prop50
 90
       50
102
RTVSPost2010PropOp50
 70
     1
102
RTVSPost2010Prop51ColorIndex
 90
      256
102
RTVSPost2010Prop51ColorRGB
 90
-16777216
102
RTVSPost2010PropOp51
 70
     0
102
RTVSPost2010Prop52
140
1.0
102
RTVSPost2010PropOp52
 70
     0
102
RTVSPost2010Prop53
 90
        2
102
RTVSPost2010PropOp53
 70
     1
102
RTVSPost2010Prop54
  1
strokes_ogs.tif
102
RTVSPost2010PropOp54
 70
     1
102
RTVSPost2010Prop55
280
     0
102
RTVSPost2010PropOp55
 70
     1
102
RTVSPost2010Prop56
140
1.0
102
RTVSPost2010PropOp56
 70
     1
102
RTVSPost2010Prop57
140
1.0
102
RTVSPost2010PropOp57
 70
     1
  0
XRECORD
  5
3BCB
102
{ACAD_REACTORS
330
3BCA
102
}
330
3BCA
100
AcDbXrecord
280
     1
102
RTVSPost2010Prop28
280
     0
102
RTVSPost2010PropOp28
 70
     1
102
RTVSPost2010Prop29
280
     1
102
RTVSPost2010PropOp29
 70
     1
102
RTVSPost2010Prop30
280
     1
102
RTVSPost2010PropOp30
 70
     1
102
RTVSPost2010Prop31
280
     0
102
RTVSPost2010PropOp31
 70
     1
102
RTVSPost2010Prop32
280
     0
102
RTVSPost2010PropOp32
 70
     1
102
RTVSPost2010Prop33
280
     0
102
RTVSPost2010PropOp33
 70
     1
102
RTVSPost2010Prop34
280
     0
102
RTVSPost2010PropOp34
 70
     1
102
RTVSPost2010Prop35
280
     0
102
RTVSPost2010PropOp35
 70
     1
102
RTVSPost2010Prop36
280
     0
102
RTVSPost2010PropOp36
 70
     1
102
RTVSPost2010Prop37
 90
       50
102
RTVSPost2010PropOp37
 70
     1
102
RTVSPost2010Prop38
140
0.0
102
RTVSPost2010PropOp38
 70
     1
102
RTVSPost2010Prop39
140
1.0
102
RTVSPost2010PropOp39
 70
     1
102
RTVSPost2010Prop40
 90
        0
102
RTVSPost2010PropOp40
 70
     1
102
RTVSPost2010Prop41ColorIndex
 90
       18
102
RTVSPost2010Prop41ColorRGB
 90
        0
102
RTVSPost2010PropOp41
 70
     1
102
RTVSPost2010Prop42
 90
       50
102
RTVSPost2010PropOp42
 70
     1
102
RTVSPost2010Prop43
 90
        3
102
RTVSPost2010PropOp43
 70
     1
102
RTVSPost2010Prop44ColorIndex
 90
        5
102
RTVSPost2010Prop44ColorRGB
 90
      255
102
RTVSPost2010PropOp44
 70
     1
102
RTVSPost2010Prop45
280
     0
102
RTVSPost2010PropOp45
 70
     1
102
RTVSPost2010Prop46
 90
       50
102
RTVSPost2010PropOp46
 70
     1
102
RTVSPost2010Prop47
 90
       50
102
RTVSPost2010PropOp47
 70
     1
102
RTVSPost2010Prop48
 90
       50
102
RTVSPost2010PropOp48
 70
     1
102
RTVSPost2010Prop49
280
     0
102
RTVSPost2010PropOp49
 70
     1
102
RTVSPost2010Prop50
 90
       50
102
RTVSPost2010PropOp50
 70
     1
102
RTVSPost2010Prop51ColorIndex
 90
      256
102
RTVSPost2010Prop51ColorRGB
 90
-16777216
102
RTVSPost2010PropOp51
 70
     0
102
RTVSPost2010Prop52
140
1.0
102
RTVSPost2010PropOp52
 70
     0
102
RTVSPost2010Prop53
 90
        2
102
RTVSPost2010PropOp53
 70
     1
102
RTVSPost2010Prop54
  1
strokes_ogs.tif
102
RTVSPost2010PropOp54
 70
     1
102
RTVSPost2010Prop55
280
     0
102
RTVSPost2010PropOp55
 70
     1
102
RTVSPost2010Prop56
140
1.0
102
RTVSPost2010PropOp56
 70
     1
102
RTVSPost2010Prop57
140
1.0
102
RTVSPost2010PropOp57
 70
     1
  0
XRECORD
  5
3BE7
102
{ACAD_REACTORS
330
3BE6
102
}
330
3BE6
100
AcDbXrecord
280
     1
102
RTVSPost2010Prop28
280
     0
102
RTVSPost2010PropOp28
 70
     1
102
RTVSPost2010Prop29
280
     1
102
RTVSPost2010PropOp29
 70
     1
102
RTVSPost2010Prop30
280
     1
102
RTVSPost2010PropOp30
 70
     1
102
RTVSPost2010Prop31
280
     0
102
RTVSPost2010PropOp31
 70
     1
102
RTVSPost2010Prop32
280
     0
102
RTVSPost2010PropOp32
 70
     1
102
RTVSPost2010Prop33
280
     0
102
RTVSPost2010PropOp33
 70
     1
102
RTVSPost2010Prop34
280
     0
102
RTVSPost2010PropOp34
 70
     1
102
RTVSPost2010Prop35
280
     0
102
RTVSPost2010PropOp35
 70
     1
102
RTVSPost2010Prop36
280
     0
102
RTVSPost2010PropOp36
 70
     1
102
RTVSPost2010Prop37
 90
       50
102
RTVSPost2010PropOp37
 70
     0
102
RTVSPost2010Prop38
140
0.0
102
RTVSPost2010PropOp38
 70
     0
102
RTVSPost2010Prop39
140
1.0
102
RTVSPost2010PropOp39
 70
     0
102
RTVSPost2010Prop40
 90
        0
102
RTVSPost2010PropOp40
 70
     0
102
RTVSPost2010Prop41ColorIndex
 90
       18
102
RTVSPost2010Prop41ColorRGB
 90
        0
102
RTVSPost2010PropOp41
 70
     0
102
RTVSPost2010Prop42
 90
       50
102
RTVSPost2010PropOp42
 70
     0
102
RTVSPost2010Prop43
 90
        3
102
RTVSPost2010PropOp43
 70
     0
102
RTVSPost2010Prop44ColorIndex
 90
        5
102
RTVSPost2010Prop44ColorRGB
 90
      255
102
RTVSPost2010PropOp44
 70
     0
102
RTVSPost2010Prop45
280
     0
102
RTVSPost2010PropOp45
 70
     1
102
RTVSPost2010Prop46
 90
       50
102
RTVSPost2010PropOp46
 70
     0
102
RTVSPost2010Prop47
 90
       50
102
RTVSPost2010PropOp47
 70
     0
102
RTVSPost2010Prop48
 90
       50
102
RTVSPost2010PropOp48
 70
     0
102
RTVSPost2010Prop49
280
     0
102
RTVSPost2010PropOp49
 70
     1
102
RTVSPost2010Prop50
 90
       50
102
RTVSPost2010PropOp50
 70
     0
102
RTVSPost2010Prop51ColorIndex
 90
      256
102
RTVSPost2010Prop51ColorRGB
 90
-16777216
102
RTVSPost2010PropOp51
 70
     0
102
RTVSPost2010Prop52
140
1.0
102
RTVSPost2010PropOp52
 70
     0
102
RTVSPost2010Prop53
 90
        2
102
RTVSPost2010PropOp53
 70
     0
102
RTVSPost2010Prop54
  1
strokes_ogs.tif
102
RTVSPost2010PropOp54
 70
     0
102
RTVSPost2010Prop55
280
     0
102
RTVSPost2010PropOp55
 70
     1
102
RTVSPost2010Prop56
140
1.0
102
RTVSPost2010PropOp56
 70
     0
102
RTVSPost2010Prop57
140
1.0
102
RTVSPost2010PropOp57
 70
     0
  0
XRECORD
  5
3BD7
102
{ACAD_REACTORS
330
3BD6
102
}
330
3BD6
100
AcDbXrecord
280
     1
102
RTVSPost2010Prop28
280
     0
102
RTVSPost2010PropOp28
 70
     1
102
RTVSPost2010Prop29
280
     1
102
RTVSPost2010PropOp29
 70
     1
102
RTVSPost2010Prop30
280
     1
102
RTVSPost2010PropOp30
 70
     1
102
RTVSPost2010Prop31
280
     0
102
RTVSPost2010PropOp31
 70
     1
102
RTVSPost2010Prop32
280
     0
102
RTVSPost2010PropOp32
 70
     1
102
RTVSPost2010Prop33
280
     0
102
RTVSPost2010PropOp33
 70
     1
102
RTVSPost2010Prop34
280
     0
102
RTVSPost2010PropOp34
 70
     1
102
RTVSPost2010Prop35
280
     0
102
RTVSPost2010PropOp35
 70
     1
102
RTVSPost2010Prop36
280
     0
102
RTVSPost2010PropOp36
 70
     1
102
RTVSPost2010Prop37
 90
       50
102
RTVSPost2010PropOp37
 70
     1
102
RTVSPost2010Prop38
140
0.0
102
RTVSPost2010PropOp38
 70
     1
102
RTVSPost2010Prop39
140
1.0
102
RTVSPost2010PropOp39
 70
     1
102
RTVSPost2010Prop40
 90
        0
102
RTVSPost2010PropOp40
 70
     1
102
RTVSPost2010Prop41ColorIndex
 90
       18
102
RTVSPost2010Prop41ColorRGB
 90
        0
102
RTVSPost2010PropOp41
 70
     1
102
RTVSPost2010Prop42
 90
       50
102
RTVSPost2010PropOp42
 70
     1
102
RTVSPost2010Prop43
 90
        3
102
RTVSPost2010PropOp43
 70
     1
102
RTVSPost2010Prop44ColorIndex
 90
        5
102
RTVSPost2010Prop44ColorRGB
 90
      255
102
RTVSPost2010PropOp44
 70
     1
102
RTVSPost2010Prop45
280
     0
102
RTVSPost2010PropOp45
 70
     1
102
RTVSPost2010Prop46
 90
       50
102
RTVSPost2010PropOp46
 70
     1
102
RTVSPost2010Prop47
 90
       50
102
RTVSPost2010PropOp47
 70
     1
102
RTVSPost2010Prop48
 90
       50
102
RTVSPost2010PropOp48
 70
     1
102
RTVSPost2010Prop49
280
     0
102
RTVSPost2010PropOp49
 70
     1
102
RTVSPost2010Prop50
 90
       50
102
RTVSPost2010PropOp50
 70
     1
102
RTVSPost2010Prop51ColorIndex
 90
      256
102
RTVSPost2010Prop51ColorRGB
 90
-16777216
102
RTVSPost2010PropOp51
 70
     0
102
RTVSPost2010Prop52
140
1.0
102
RTVSPost2010PropOp52
 70
     0
102
RTVSPost2010Prop53
 90
        2
102
RTVSPost2010PropOp53
 70
     1
102
RTVSPost2010Prop54
  1
strokes_ogs.tif
102
RTVSPost2010PropOp54
 70
     1
102
RTVSPost2010Prop55
280
     0
102
RTVSPost2010PropOp55
 70
     1
102
RTVSPost2010Prop56
140
1.0
102
RTVSPost2010PropOp56
 70
     1
102
RTVSPost2010Prop57
140
1.0
102
RTVSPost2010PropOp57
 70
     1
  0
XRECORD
  5
3BE9
102
{ACAD_REACTORS
330
3BE8
102
}
330
3BE8
100
AcDbXrecord
280
     1
102
RTVSPost2010Prop28
280
     0
102
RTVSPost2010PropOp28
 70
     1
102
RTVSPost2010Prop29
280
     1
102
RTVSPost2010PropOp29
 70
     1
102
RTVSPost2010Prop30
280
     1
102
RTVSPost2010PropOp30
 70
     1
102
RTVSPost2010Prop31
280
     0
102
RTVSPost2010PropOp31
 70
     1
102
RTVSPost2010Prop32
280
     0
102
RTVSPost2010PropOp32
 70
     1
102
RTVSPost2010Prop33
280
     0
102
RTVSPost2010PropOp33
 70
     1
102
RTVSPost2010Prop34
280
     0
102
RTVSPost2010PropOp34
 70
     1
102
RTVSPost2010Prop35
280
     0
102
RTVSPost2010PropOp35
 70
     1
102
RTVSPost2010Prop36
280
     0
102
RTVSPost2010PropOp36
 70
     1
102
RTVSPost2010Prop37
 90
       50
102
RTVSPost2010PropOp37
 70
     0
102
RTVSPost2010Prop38
140
0.0
102
RTVSPost2010PropOp38
 70
     0
102
RTVSPost2010Prop39
140
1.0
102
RTVSPost2010PropOp39
 70
     0
102
RTVSPost2010Prop40
 90
        0
102
RTVSPost2010PropOp40
 70
     0
102
RTVSPost2010Prop41ColorIndex
 90
       18
102
RTVSPost2010Prop41ColorRGB
 90
        0
102
RTVSPost2010PropOp41
 70
     0
102
RTVSPost2010Prop42
 90
       50
102
RTVSPost2010PropOp42
 70
     0
102
RTVSPost2010Prop43
 90
        3
102
RTVSPost2010PropOp43
 70
     0
102
RTVSPost2010Prop44ColorIndex
 90
        5
102
RTVSPost2010Prop44ColorRGB
 90
      255
102
RTVSPost2010PropOp44
 70
     0
102
RTVSPost2010Prop45
280
     0
102
RTVSPost2010PropOp45
 70
     1
102
RTVSPost2010Prop46
 90
       50
102
RTVSPost2010PropOp46
 70
     0
102
RTVSPost2010Prop47
 90
       50
102
RTVSPost2010PropOp47
 70
     0
102
RTVSPost2010Prop48
 90
       50
102
RTVSPost2010PropOp48
 70
     0
102
RTVSPost2010Prop49
280
     0
102
RTVSPost2010PropOp49
 70
     1
102
RTVSPost2010Prop50
 90
       50
102
RTVSPost2010PropOp50
 70
     0
102
RTVSPost2010Prop51ColorIndex
 90
      256
102
RTVSPost2010Prop51ColorRGB
 90
-16777216
102
RTVSPost2010PropOp51
 70
     0
102
RTVSPost2010Prop52
140
1.0
102
RTVSPost2010PropOp52
 70
     0
102
RTVSPost2010Prop53
 90
        2
102
RTVSPost2010PropOp53
 70
     0
102
RTVSPost2010Prop54
  1
strokes_ogs.tif
102
RTVSPost2010PropOp54
 70
     0
102
RTVSPost2010Prop55
280
     0
102
RTVSPost2010PropOp55
 70
     1
102
RTVSPost2010Prop56
140
1.0
102
RTVSPost2010PropOp56
 70
     0
102
RTVSPost2010Prop57
140
1.0
102
RTVSPost2010PropOp57
 70
     0
  0
XRECORD
  5
3BCF
102
{ACAD_REACTORS
330
3BCE
102
}
330
3BCE
100
AcDbXrecord
280
     1
102
RTVSPost2010Prop28
280
     0
102
RTVSPost2010PropOp28
 70
     1
102
RTVSPost2010Prop29
280
     1
102
RTVSPost2010PropOp29
 70
     1
102
RTVSPost2010Prop30
280
     1
102
RTVSPost2010PropOp30
 70
     1
102
RTVSPost2010Prop31
280
     0
102
RTVSPost2010PropOp31
 70
     1
102
RTVSPost2010Prop32
280
     0
102
RTVSPost2010PropOp32
 70
     1
102
RTVSPost2010Prop33
280
     0
102
RTVSPost2010PropOp33
 70
     1
102
RTVSPost2010Prop34
280
     0
102
RTVSPost2010PropOp34
 70
     1
102
RTVSPost2010Prop35
280
     0
102
RTVSPost2010PropOp35
 70
     1
102
RTVSPost2010Prop36
280
     0
102
RTVSPost2010PropOp36
 70
     1
102
RTVSPost2010Prop37
 90
       50
102
RTVSPost2010PropOp37
 70
     1
102
RTVSPost2010Prop38
140
0.0
102
RTVSPost2010PropOp38
 70
     1
102
RTVSPost2010Prop39
140
1.0
102
RTVSPost2010PropOp39
 70
     1
102
RTVSPost2010Prop40
 90
        0
102
RTVSPost2010PropOp40
 70
     1
102
RTVSPost2010Prop41ColorIndex
 90
       18
102
RTVSPost2010Prop41ColorRGB
 90
        0
102
RTVSPost2010PropOp41
 70
     1
102
RTVSPost2010Prop42
 90
       50
102
RTVSPost2010PropOp42
 70
     1
102
RTVSPost2010Prop43
 90
        3
102
RTVSPost2010PropOp43
 70
     1
102
RTVSPost2010Prop44ColorIndex
 90
        5
102
RTVSPost2010Prop44ColorRGB
 90
      255
102
RTVSPost2010PropOp44
 70
     1
102
RTVSPost2010Prop45
280
     0
102
RTVSPost2010PropOp45
 70
     1
102
RTVSPost2010Prop46
 90
       50
102
RTVSPost2010PropOp46
 70
     1
102
RTVSPost2010Prop47
 90
       50
102
RTVSPost2010PropOp47
 70
     1
102
RTVSPost2010Prop48
 90
       50
102
RTVSPost2010PropOp48
 70
     1
102
RTVSPost2010Prop49
280
     0
102
RTVSPost2010PropOp49
 70
     1
102
RTVSPost2010Prop50
 90
       50
102
RTVSPost2010PropOp50
 70
     1
102
RTVSPost2010Prop51ColorIndex
 90
      256
102
RTVSPost2010Prop51ColorRGB
 90
-16777216
102
RTVSPost2010PropOp51
 70
     0
102
RTVSPost2010Prop52
140
1.0
102
RTVSPost2010PropOp52
 70
     0
102
RTVSPost2010Prop53
 90
        2
102
RTVSPost2010PropOp53
 70
     1
102
RTVSPost2010Prop54
  1
strokes_ogs.tif
102
RTVSPost2010PropOp54
 70
     1
102
RTVSPost2010Prop55
280
     0
102
RTVSPost2010PropOp55
 70
     1
102
RTVSPost2010Prop56
140
1.0
102
RTVSPost2010PropOp56
 70
     1
102
RTVSPost2010Prop57
140
1.0
102
RTVSPost2010PropOp57
 70
     1
  0
XRECORD
  5
3BE5
102
{ACAD_REACTORS
330
3BE4
102
}
330
3BE4
100
AcDbXrecord
280
     1
102
RTVSPost2010Prop28
280
     0
102
RTVSPost2010PropOp28
 70
     1
102
RTVSPost2010Prop29
280
     1
102
RTVSPost2010PropOp29
 70
     1
102
RTVSPost2010Prop30
280
     1
102
RTVSPost2010PropOp30
 70
     1
102
RTVSPost2010Prop31
280
     0
102
RTVSPost2010PropOp31
 70
     1
102
RTVSPost2010Prop32
280
     0
102
RTVSPost2010PropOp32
 70
     1
102
RTVSPost2010Prop33
280
     0
102
RTVSPost2010PropOp33
 70
     1
102
RTVSPost2010Prop34
280
     0
102
RTVSPost2010PropOp34
 70
     1
102
RTVSPost2010Prop35
280
     0
102
RTVSPost2010PropOp35
 70
     1
102
RTVSPost2010Prop36
280
     0
102
RTVSPost2010PropOp36
 70
     1
102
RTVSPost2010Prop37
 90
       50
102
RTVSPost2010PropOp37
 70
     1
102
RTVSPost2010Prop38
140
0.0
102
RTVSPost2010PropOp38
 70
     1
102
RTVSPost2010Prop39
140
1.0
102
RTVSPost2010PropOp39
 70
     1
102
RTVSPost2010Prop40
 90
        0
102
RTVSPost2010PropOp40
 70
     1
102
RTVSPost2010Prop41ColorIndex
 90
       18
102
RTVSPost2010Prop41ColorRGB
 90
        0
102
RTVSPost2010PropOp41
 70
     1
102
RTVSPost2010Prop42
 90
       50
102
RTVSPost2010PropOp42
 70
     1
102
RTVSPost2010Prop43
 90
        3
102
RTVSPost2010PropOp43
 70
     1
102
RTVSPost2010Prop44ColorIndex
 90
        5
102
RTVSPost2010Prop44ColorRGB
 90
      255
102
RTVSPost2010PropOp44
 70
     1
102
RTVSPost2010Prop45
280
     0
102
RTVSPost2010PropOp45
 70
     1
102
RTVSPost2010Prop46
 90
       50
102
RTVSPost2010PropOp46
 70
     1
102
RTVSPost2010Prop47
 90
       50
102
RTVSPost2010PropOp47
 70
     1
102
RTVSPost2010Prop48
 90
       50
102
RTVSPost2010PropOp48
 70
     1
102
RTVSPost2010Prop49
280
     0
102
RTVSPost2010PropOp49
 70
     1
102
RTVSPost2010Prop50
 90
       50
102
RTVSPost2010PropOp50
 70
     1
102
RTVSPost2010Prop51ColorIndex
 90
      256
102
RTVSPost2010Prop51ColorRGB
 90
-16777216
102
RTVSPost2010PropOp51
 70
     0
102
RTVSPost2010Prop52
140
1.0
102
RTVSPost2010PropOp52
 70
     0
102
RTVSPost2010Prop53
 90
        2
102
RTVSPost2010PropOp53
 70
     1
102
RTVSPost2010Prop54
  1
strokes_ogs.tif
102
RTVSPost2010PropOp54
 70
     1
102
RTVSPost2010Prop55
280
     0
102
RTVSPost2010PropOp55
 70
     1
102
RTVSPost2010Prop56
140
1.0
102
RTVSPost2010PropOp56
 70
     1
102
RTVSPost2010Prop57
140
1.0
102
RTVSPost2010PropOp57
 70
     1
  0
XRECORD
  5
3BE3
102
{ACAD_REACTORS
330
3BE2
102
}
330
3BE2
100
AcDbXrecord
280
     1
102
RTVSPost2010Prop28
280
     0
102
RTVSPost2010PropOp28
 70
     1
102
RTVSPost2010Prop29
280
     1
102
RTVSPost2010PropOp29
 70
     1
102
RTVSPost2010Prop30
280
     1
102
RTVSPost2010PropOp30
 70
     1
102
RTVSPost2010Prop31
280
     0
102
RTVSPost2010PropOp31
 70
     1
102
RTVSPost2010Prop32
280
     0
102
RTVSPost2010PropOp32
 70
     1
102
RTVSPost2010Prop33
280
     0
102
RTVSPost2010PropOp33
 70
     1
102
RTVSPost2010Prop34
280
     0
102
RTVSPost2010PropOp34
 70
     1
102
RTVSPost2010Prop35
280
     0
102
RTVSPost2010PropOp35
 70
     1
102
RTVSPost2010Prop36
280
     0
102
RTVSPost2010PropOp36
 70
     1
102
RTVSPost2010Prop37
 90
       50
102
RTVSPost2010PropOp37
 70
     1
102
RTVSPost2010Prop38
140
0.0
102
RTVSPost2010PropOp38
 70
     1
102
RTVSPost2010Prop39
140
1.0
102
RTVSPost2010PropOp39
 70
     1
102
RTVSPost2010Prop40
 90
        0
102
RTVSPost2010PropOp40
 70
     1
102
RTVSPost2010Prop41ColorIndex
 90
       18
102
RTVSPost2010Prop41ColorRGB
 90
        0
102
RTVSPost2010PropOp41
 70
     1
102
RTVSPost2010Prop42
 90
       50
102
RTVSPost2010PropOp42
 70
     1
102
RTVSPost2010Prop43
 90
        3
102
RTVSPost2010PropOp43
 70
     1
102
RTVSPost2010Prop44ColorIndex
 90
        5
102
RTVSPost2010Prop44ColorRGB
 90
      255
102
RTVSPost2010PropOp44
 70
     1
102
RTVSPost2010Prop45
280
     0
102
RTVSPost2010PropOp45
 70
     1
102
RTVSPost2010Prop46
 90
       50
102
RTVSPost2010PropOp46
 70
     1
102
RTVSPost2010Prop47
 90
       50
102
RTVSPost2010PropOp47
 70
     1
102
RTVSPost2010Prop48
 90
       50
102
RTVSPost2010PropOp48
 70
     1
102
RTVSPost2010Prop49
280
     0
102
RTVSPost2010PropOp49
 70
     1
102
RTVSPost2010Prop50
 90
       50
102
RTVSPost2010PropOp50
 70
     1
102
RTVSPost2010Prop51ColorIndex
 90
      256
102
RTVSPost2010Prop51ColorRGB
 90
-16777216
102
RTVSPost2010PropOp51
 70
     0
102
RTVSPost2010Prop52
140
1.0
102
RTVSPost2010PropOp52
 70
     0
102
RTVSPost2010Prop53
 90
        2
102
RTVSPost2010PropOp53
 70
     1
102
RTVSPost2010Prop54
  1
strokes_ogs.tif
102
RTVSPost2010PropOp54
 70
     1
102
RTVSPost2010Prop55
280
     0
102
RTVSPost2010PropOp55
 70
     1
102
RTVSPost2010Prop56
140
1.0
102
RTVSPost2010PropOp56
 70
     1
102
RTVSPost2010Prop57
140
1.0
102
RTVSPost2010PropOp57
 70
     1
  0
XRECORD
  5
3BDD
102
{ACAD_REACTORS
330
3BDC
102
}
330
3BDC
100
AcDbXrecord
280
     1
102
RTVSPost2010Prop28
280
     0
102
RTVSPost2010PropOp28
 70
     1
102
RTVSPost2010Prop29
280
     1
102
RTVSPost2010PropOp29
 70
     1
102
RTVSPost2010Prop30
280
     1
102
RTVSPost2010PropOp30
 70
     1
102
RTVSPost2010Prop31
280
     0
102
RTVSPost2010PropOp31
 70
     1
102
RTVSPost2010Prop32
280
     0
102
RTVSPost2010PropOp32
 70
     1
102
RTVSPost2010Prop33
280
     0
102
RTVSPost2010PropOp33
 70
     1
102
RTVSPost2010Prop34
280
     0
102
RTVSPost2010PropOp34
 70
     1
102
RTVSPost2010Prop35
280
     0
102
RTVSPost2010PropOp35
 70
     1
102
RTVSPost2010Prop36
280
     0
102
RTVSPost2010PropOp36
 70
     1
102
RTVSPost2010Prop37
 90
       50
102
RTVSPost2010PropOp37
 70
     1
102
RTVSPost2010Prop38
140
0.0
102
RTVSPost2010PropOp38
 70
     1
102
RTVSPost2010Prop39
140
1.0
102
RTVSPost2010PropOp39
 70
     1
102
RTVSPost2010Prop40
 90
        0
102
RTVSPost2010PropOp40
 70
     1
102
RTVSPost2010Prop41ColorIndex
 90
       18
102
RTVSPost2010Prop41ColorRGB
 90
        0
102
RTVSPost2010PropOp41
 70
     1
102
RTVSPost2010Prop42
 90
       50
102
RTVSPost2010PropOp42
 70
     1
102
RTVSPost2010Prop43
 90
        3
102
RTVSPost2010PropOp43
 70
     1
102
RTVSPost2010Prop44ColorIndex
 90
        5
102
RTVSPost2010Prop44ColorRGB
 90
      255
102
RTVSPost2010PropOp44
 70
     1
102
RTVSPost2010Prop45
280
     0
102
RTVSPost2010PropOp45
 70
     1
102
RTVSPost2010Prop46
 90
       50
102
RTVSPost2010PropOp46
 70
     1
102
RTVSPost2010Prop47
 90
       50
102
RTVSPost2010PropOp47
 70
     1
102
RTVSPost2010Prop48
 90
       50
102
RTVSPost2010PropOp48
 70
     1
102
RTVSPost2010Prop49
280
     0
102
RTVSPost2010PropOp49
 70
     1
102
RTVSPost2010Prop50
 90
       50
102
RTVSPost2010PropOp50
 70
     1
102
RTVSPost2010Prop51ColorIndex
 90
      256
102
RTVSPost2010Prop51ColorRGB
 90
-16777216
102
RTVSPost2010PropOp51
 70
     0
102
RTVSPost2010Prop52
140
1.0
102
RTVSPost2010PropOp52
 70
     0
102
RTVSPost2010Prop53
 90
        2
102
RTVSPost2010PropOp53
 70
     1
102
RTVSPost2010Prop54
  1
strokes_ogs.tif
102
RTVSPost2010PropOp54
 70
     1
102
RTVSPost2010Prop55
280
     0
102
RTVSPost2010PropOp55
 70
     1
102
RTVSPost2010Prop56
140
1.0
102
RTVSPost2010PropOp56
 70
     1
102
RTVSPost2010Prop57
140
1.0
102
RTVSPost2010PropOp57
 70
     1
  0
XRECORD
  5
3BDF
102
{ACAD_REACTORS
330
3BDE
102
}
330
3BDE
100
AcDbXrecord
280
     1
102
RTVSPost2010Prop28
280
     0
102
RTVSPost2010PropOp28
 70
     1
102
RTVSPost2010Prop29
280
     1
102
RTVSPost2010PropOp29
 70
     1
102
RTVSPost2010Prop30
280
     1
102
RTVSPost2010PropOp30
 70
     1
102
RTVSPost2010Prop31
280
     0
102
RTVSPost2010PropOp31
 70
     1
102
RTVSPost2010Prop32
280
     0
102
RTVSPost2010PropOp32
 70
     1
102
RTVSPost2010Prop33
280
     0
102
RTVSPost2010PropOp33
 70
     1
102
RTVSPost2010Prop34
280
     0
102
RTVSPost2010PropOp34
 70
     1
102
RTVSPost2010Prop35
280
     0
102
RTVSPost2010PropOp35
 70
     1
102
RTVSPost2010Prop36
280
     0
102
RTVSPost2010PropOp36
 70
     1
102
RTVSPost2010Prop37
 90
       50
102
RTVSPost2010PropOp37
 70
     1
102
RTVSPost2010Prop38
140
0.0
102
RTVSPost2010PropOp38
 70
     1
102
RTVSPost2010Prop39
140
1.0
102
RTVSPost2010PropOp39
 70
     1
102
RTVSPost2010Prop40
 90
        0
102
RTVSPost2010PropOp40
 70
     1
102
RTVSPost2010Prop41ColorIndex
 90
       18
102
RTVSPost2010Prop41ColorRGB
 90
        0
102
RTVSPost2010PropOp41
 70
     1
102
RTVSPost2010Prop42
 90
       50
102
RTVSPost2010PropOp42
 70
     1
102
RTVSPost2010Prop43
 90
        3
102
RTVSPost2010PropOp43
 70
     1
102
RTVSPost2010Prop44ColorIndex
 90
        5
102
RTVSPost2010Prop44ColorRGB
 90
      255
102
RTVSPost2010PropOp44
 70
     1
102
RTVSPost2010Prop45
280
     0
102
RTVSPost2010PropOp45
 70
     1
102
RTVSPost2010Prop46
 90
       50
102
RTVSPost2010PropOp46
 70
     1
102
RTVSPost2010Prop47
 90
       50
102
RTVSPost2010PropOp47
 70
     1
102
RTVSPost2010Prop48
 90
       50
102
RTVSPost2010PropOp48
 70
     1
102
RTVSPost2010Prop49
280
     0
102
RTVSPost2010PropOp49
 70
     1
102
RTVSPost2010Prop50
 90
       50
102
RTVSPost2010PropOp50
 70
     1
102
RTVSPost2010Prop51ColorIndex
 90
      256
102
RTVSPost2010Prop51ColorRGB
 90
-16777216
102
RTVSPost2010PropOp51
 70
     0
102
RTVSPost2010Prop52
140
1.0
102
RTVSPost2010PropOp52
 70
     0
102
RTVSPost2010Prop53
 90
        2
102
RTVSPost2010PropOp53
 70
     1
102
RTVSPost2010Prop54
  1
strokes_ogs.tif
102
RTVSPost2010PropOp54
 70
     1
102
RTVSPost2010Prop55
280
     0
102
RTVSPost2010PropOp55
 70
     1
102
RTVSPost2010Prop56
140
1.0
102
RTVSPost2010PropOp56
 70
     1
102
RTVSPost2010Prop57
140
1.0
102
RTVSPost2010PropOp57
 70
     1
  0
XRECORD
  5
3BD5
102
{ACAD_REACTORS
330
3BD4
102
}
330
3BD4
100
AcDbXrecord
280
     1
102
RTVSPost2010Prop28
280
     0
102
RTVSPost2010PropOp28
 70
     1
102
RTVSPost2010Prop29
280
     1
102
RTVSPost2010PropOp29
 70
     1
102
RTVSPost2010Prop30
280
     1
102
RTVSPost2010PropOp30
 70
     1
102
RTVSPost2010Prop31
280
     0
102
RTVSPost2010PropOp31
 70
     1
102
RTVSPost2010Prop32
280
     0
102
RTVSPost2010PropOp32
 70
     1
102
RTVSPost2010Prop33
280
     0
102
RTVSPost2010PropOp33
 70
     1
102
RTVSPost2010Prop34
280
     0
102
RTVSPost2010PropOp34
 70
     1
102
RTVSPost2010Prop35
280
     0
102
RTVSPost2010PropOp35
 70
     1
102
RTVSPost2010Prop36
280
     0
102
RTVSPost2010PropOp36
 70
     1
102
RTVSPost2010Prop37
 90
       50
102
RTVSPost2010PropOp37
 70
     1
102
RTVSPost2010Prop38
140
0.0
102
RTVSPost2010PropOp38
 70
     1
102
RTVSPost2010Prop39
140
1.0
102
RTVSPost2010PropOp39
 70
     1
102
RTVSPost2010Prop40
 90
        0
102
RTVSPost2010PropOp40
 70
     1
102
RTVSPost2010Prop41ColorIndex
 90
       18
102
RTVSPost2010Prop41ColorRGB
 90
        0
102
RTVSPost2010PropOp41
 70
     1
102
RTVSPost2010Prop42
 90
       50
102
RTVSPost2010PropOp42
 70
     1
102
RTVSPost2010Prop43
 90
        3
102
RTVSPost2010PropOp43
 70
     1
102
RTVSPost2010Prop44ColorIndex
 90
        5
102
RTVSPost2010Prop44ColorRGB
 90
      255
102
RTVSPost2010PropOp44
 70
     1
102
RTVSPost2010Prop45
280
     0
102
RTVSPost2010PropOp45
 70
     1
102
RTVSPost2010Prop46
 90
       50
102
RTVSPost2010PropOp46
 70
     1
102
RTVSPost2010Prop47
 90
       50
102
RTVSPost2010PropOp47
 70
     1
102
RTVSPost2010Prop48
 90
       50
102
RTVSPost2010PropOp48
 70
     1
102
RTVSPost2010Prop49
280
     0
102
RTVSPost2010PropOp49
 70
     1
102
RTVSPost2010Prop50
 90
       50
102
RTVSPost2010PropOp50
 70
     1
102
RTVSPost2010Prop51ColorIndex
 90
      256
102
RTVSPost2010Prop51ColorRGB
 90
-16777216
102
RTVSPost2010PropOp51
 70
     0
102
RTVSPost2010Prop52
140
1.0
102
RTVSPost2010PropOp52
 70
     0
102
RTVSPost2010Prop53
 90
        2
102
RTVSPost2010PropOp53
 70
     1
102
RTVSPost2010Prop54
  1
strokes_ogs.tif
102
RTVSPost2010PropOp54
 70
     1
102
RTVSPost2010Prop55
280
     0
102
RTVSPost2010PropOp55
 70
     1
102
RTVSPost2010Prop56
140
1.0
102
RTVSPost2010PropOp56
 70
     1
102
RTVSPost2010Prop57
140
1.0
102
RTVSPost2010PropOp57
 70
     1
  0
XRECORD
  5
3BC9
102
{ACAD_REACTORS
330
3BC8
102
}
330
3BC8
100
AcDbXrecord
280
     1
102
RTVSPost2010Prop28
280
     0
102
RTVSPost2010PropOp28
 70
     1
102
RTVSPost2010Prop29
280
     1
102
RTVSPost2010PropOp29
 70
     1
102
RTVSPost2010Prop30
280
     1
102
RTVSPost2010PropOp30
 70
     1
102
RTVSPost2010Prop31
280
     0
102
RTVSPost2010PropOp31
 70
     1
102
RTVSPost2010Prop32
280
     0
102
RTVSPost2010PropOp32
 70
     1
102
RTVSPost2010Prop33
280
     0
102
RTVSPost2010PropOp33
 70
     1
102
RTVSPost2010Prop34
280
     0
102
RTVSPost2010PropOp34
 70
     1
102
RTVSPost2010Prop35
280
     0
102
RTVSPost2010PropOp35
 70
     1
102
RTVSPost2010Prop36
280
     0
102
RTVSPost2010PropOp36
 70
     1
102
RTVSPost2010Prop37
 90
       50
102
RTVSPost2010PropOp37
 70
     1
102
RTVSPost2010Prop38
140
0.0
102
RTVSPost2010PropOp38
 70
     1
102
RTVSPost2010Prop39
140
1.0
102
RTVSPost2010PropOp39
 70
     1
102
RTVSPost2010Prop40
 90
        0
102
RTVSPost2010PropOp40
 70
     1
102
RTVSPost2010Prop41ColorIndex
 90
       18
102
RTVSPost2010Prop41ColorRGB
 90
        0
102
RTVSPost2010PropOp41
 70
     1
102
RTVSPost2010Prop42
 90
       50
102
RTVSPost2010PropOp42
 70
     1
102
RTVSPost2010Prop43
 90
        3
102
RTVSPost2010PropOp43
 70
     1
102
RTVSPost2010Prop44ColorIndex
 90
        5
102
RTVSPost2010Prop44ColorRGB
 90
      255
102
RTVSPost2010PropOp44
 70
     1
102
RTVSPost2010Prop45
280
     0
102
RTVSPost2010PropOp45
 70
     1
102
RTVSPost2010Prop46
 90
       50
102
RTVSPost2010PropOp46
 70
     1
102
RTVSPost2010Prop47
 90
       50
102
RTVSPost2010PropOp47
 70
     1
102
RTVSPost2010Prop48
 90
       50
102
RTVSPost2010PropOp48
 70
     1
102
RTVSPost2010Prop49
280
     0
102
RTVSPost2010PropOp49
 70
     1
102
RTVSPost2010Prop50
 90
       50
102
RTVSPost2010PropOp50
 70
     1
102
RTVSPost2010Prop51ColorIndex
 90
      256
102
RTVSPost2010Prop51ColorRGB
 90
-16777216
102
RTVSPost2010PropOp51
 70
     0
102
RTVSPost2010Prop52
140
1.0
102
RTVSPost2010PropOp52
 70
     0
102
RTVSPost2010Prop53
 90
        2
102
RTVSPost2010PropOp53
 70
     1
102
RTVSPost2010Prop54
  1
strokes_ogs.tif
102
RTVSPost2010PropOp54
 70
     1
102
RTVSPost2010Prop55
280
     0
102
RTVSPost2010PropOp55
 70
     1
102
RTVSPost2010Prop56
140
1.0
102
RTVSPost2010PropOp56
 70
     1
102
RTVSPost2010Prop57
140
1.0
102
RTVSPost2010PropOp57
 70
     1
  0
XRECORD
  5
3BE1
102
{ACAD_REACTORS
330
3BE0
102
}
330
3BE0
100
AcDbXrecord
280
     1
102
RTVSPost2010Prop28
280
     0
102
RTVSPost2010PropOp28
 70
     1
102
RTVSPost2010Prop29
280
     1
102
RTVSPost2010PropOp29
 70
     1
102
RTVSPost2010Prop30
280
     1
102
RTVSPost2010PropOp30
 70
     1
102
RTVSPost2010Prop31
280
     0
102
RTVSPost2010PropOp31
 70
     1
102
RTVSPost2010Prop32
280
     0
102
RTVSPost2010PropOp32
 70
     1
102
RTVSPost2010Prop33
280
     0
102
RTVSPost2010PropOp33
 70
     1
102
RTVSPost2010Prop34
280
     0
102
RTVSPost2010PropOp34
 70
     1
102
RTVSPost2010Prop35
280
     0
102
RTVSPost2010PropOp35
 70
     1
102
RTVSPost2010Prop36
280
     0
102
RTVSPost2010PropOp36
 70
     1
102
RTVSPost2010Prop37
 90
       50
102
RTVSPost2010PropOp37
 70
     1
102
RTVSPost2010Prop38
140
0.0
102
RTVSPost2010PropOp38
 70
     1
102
RTVSPost2010Prop39
140
1.0
102
RTVSPost2010PropOp39
 70
     1
102
RTVSPost2010Prop40
 90
        0
102
RTVSPost2010PropOp40
 70
     1
102
RTVSPost2010Prop41ColorIndex
 90
       18
102
RTVSPost2010Prop41ColorRGB
 90
        0
102
RTVSPost2010PropOp41
 70
     1
102
RTVSPost2010Prop42
 90
       50
102
RTVSPost2010PropOp42
 70
     1
102
RTVSPost2010Prop43
 90
        3
102
RTVSPost2010PropOp43
 70
     1
102
RTVSPost2010Prop44ColorIndex
 90
        5
102
RTVSPost2010Prop44ColorRGB
 90
      255
102
RTVSPost2010PropOp44
 70
     1
102
RTVSPost2010Prop45
280
     0
102
RTVSPost2010PropOp45
 70
     1
102
RTVSPost2010Prop46
 90
       50
102
RTVSPost2010PropOp46
 70
     1
102
RTVSPost2010Prop47
 90
       50
102
RTVSPost2010PropOp47
 70
     1
102
RTVSPost2010Prop48
 90
       50
102
RTVSPost2010PropOp48
 70
     1
102
RTVSPost2010Prop49
280
     0
102
RTVSPost2010PropOp49
 70
     1
102
RTVSPost2010Prop50
 90
       50
102
RTVSPost2010PropOp50
 70
     1
102
RTVSPost2010Prop51ColorIndex
 90
      256
102
RTVSPost2010Prop51ColorRGB
 90
-16777216
102
RTVSPost2010PropOp51
 70
     0
102
RTVSPost2010Prop52
140
1.0
102
RTVSPost2010PropOp52
 70
     0
102
RTVSPost2010Prop53
 90
        2
102
RTVSPost2010PropOp53
 70
     1
102
RTVSPost2010Prop54
  1
strokes_ogs.tif
102
RTVSPost2010PropOp54
 70
     1
102
RTVSPost2010Prop55
280
     0
102
RTVSPost2010PropOp55
 70
     1
102
RTVSPost2010Prop56
140
1.0
102
RTVSPost2010PropOp56
 70
     1
102
RTVSPost2010Prop57
140
1.0
102
RTVSPost2010PropOp57
 70
     1
  0
ENDSEC
  0
EOF
